method,anomaly_type,pipeline_size,trial,true_root_cause,target_node,rank,top1,top3,top5,reciprocal_rank,false_rc_rate_k5,elapsed_ms,convergence_iters
APA-RCA (Full),A1_source_corruption,medium,0,SRC_STOCK_5_PRICE,REPORT_LIMIT,3,0,1,1,0.3333333333333333,0.8,0.6587505340576172,9
w/o Transform Weight,A1_source_corruption,medium,0,SRC_STOCK_5_PRICE,REPORT_LIMIT,1,1,1,1,1.0,0.8,0.6558895111083984,9
w/o Attenuation,A1_source_corruption,medium,0,SRC_STOCK_5_PRICE,REPORT_LIMIT,3,0,1,1,0.3333333333333333,0.8,0.6248950958251953,9
w/o Anomaly Score,A1_source_corruption,medium,0,SRC_STOCK_5_PRICE,REPORT_LIMIT,23,0,0,0,0.043478260869565216,1.0,0.6248950958251953,9
APA-RCA v2 (Full),A1_source_corruption,medium,0,SRC_STOCK_5_PRICE,REPORT_LIMIT,1,1,1,1,1.0,0.8,0.6299018859863281,9
v2 w/o Adaptive Weight,A1_source_corruption,medium,0,SRC_STOCK_5_PRICE,REPORT_LIMIT,3,0,1,1,0.3333333333333333,0.8,0.6227493286132812,9
v2 w/o Score-inv Beta,A1_source_corruption,medium,0,SRC_STOCK_5_PRICE,REPORT_LIMIT,1,1,1,1,1.0,0.8,0.6191730499267578,9
v2 w/o Ancestor Const,A1_source_corruption,medium,0,SRC_STOCK_5_PRICE,REPORT_LIMIT,1,1,1,1,1.0,0.8,0.5998611450195312,9
Schema-Constraint,A1_source_corruption,medium,0,SRC_STOCK_5_PRICE,REPORT_LIMIT,5,0,0,1,0.2,0.8,0.0,0
APA-RCA (Full),A1_source_corruption,medium,1,SRC_STOCK_3_PRICE,REPORT_DASHBOARD,2,0,1,1,0.5,0.8,0.6868839263916016,9
w/o Transform Weight,A1_source_corruption,medium,1,SRC_STOCK_3_PRICE,REPORT_DASHBOARD,1,1,1,1,1.0,0.8,0.640869140625,9
w/o Attenuation,A1_source_corruption,medium,1,SRC_STOCK_3_PRICE,REPORT_DASHBOARD,2,0,1,1,0.5,0.8,0.6263256072998047,9
w/o Anomaly Score,A1_source_corruption,medium,1,SRC_STOCK_3_PRICE,REPORT_DASHBOARD,11,0,0,0,0.09090909090909091,1.0,0.6210803985595703,9
APA-RCA v2 (Full),A1_source_corruption,medium,1,SRC_STOCK_3_PRICE,REPORT_DASHBOARD,1,1,1,1,1.0,0.8,0.60272216796875,9
v2 w/o Adaptive Weight,A1_source_corruption,medium,1,SRC_STOCK_3_PRICE,REPORT_DASHBOARD,2,0,1,1,0.5,0.8,0.6008148193359375,9
v2 w/o Score-inv Beta,A1_source_corruption,medium,1,SRC_STOCK_3_PRICE,REPORT_DASHBOARD,1,1,1,1,1.0,0.8,0.6299018859863281,9
v2 w/o Ancestor Const,A1_source_corruption,medium,1,SRC_STOCK_3_PRICE,REPORT_DASHBOARD,1,1,1,1,1.0,0.8,0.61798095703125,9
Schema-Constraint,A1_source_corruption,medium,1,SRC_STOCK_3_PRICE,REPORT_DASHBOARD,3,0,1,1,0.3333333333333333,0.8,0.0,0
APA-RCA (Full),A1_source_corruption,medium,2,SRC_STOCK_5_PRICE,REPORT_LIMIT,3,0,1,1,0.3333333333333333,0.8,0.6241798400878906,9
w/o Transform Weight,A1_source_corruption,medium,2,SRC_STOCK_5_PRICE,REPORT_LIMIT,1,1,1,1,1.0,0.8,1.1448860168457031,9
w/o Attenuation,A1_source_corruption,medium,2,SRC_STOCK_5_PRICE,REPORT_LIMIT,5,0,0,1,0.2,0.8,0.6270408630371094,9
w/o Anomaly Score,A1_source_corruption,medium,2,SRC_STOCK_5_PRICE,REPORT_LIMIT,23,0,0,0,0.043478260869565216,1.0,0.6031990051269531,9
APA-RCA v2 (Full),A1_source_corruption,medium,2,SRC_STOCK_5_PRICE,REPORT_LIMIT,1,1,1,1,1.0,0.8,0.6060600280761719,9
v2 w/o Adaptive Weight,A1_source_corruption,medium,2,SRC_STOCK_5_PRICE,REPORT_LIMIT,3,0,1,1,0.3333333333333333,0.8,0.6039142608642578,9
v2 w/o Score-inv Beta,A1_source_corruption,medium,2,SRC_STOCK_5_PRICE,REPORT_LIMIT,1,1,1,1,1.0,0.8,0.5807876586914062,9
v2 w/o Ancestor Const,A1_source_corruption,medium,2,SRC_STOCK_5_PRICE,REPORT_LIMIT,1,1,1,1,1.0,0.8,0.6279945373535156,9
Schema-Constraint,A1_source_corruption,medium,2,SRC_STOCK_5_PRICE,REPORT_LIMIT,5,0,0,1,0.2,0.8,0.0,0
APA-RCA (Full),A1_source_corruption,medium,3,SRC_STOCK_5_PRICE,REPORT_LIMIT,2,0,1,1,0.5,0.8,0.6382465362548828,9
w/o Transform Weight,A1_source_corruption,medium,3,SRC_STOCK_5_PRICE,REPORT_LIMIT,1,1,1,1,1.0,0.8,0.6449222564697266,9
w/o Attenuation,A1_source_corruption,medium,3,SRC_STOCK_5_PRICE,REPORT_LIMIT,3,0,1,1,0.3333333333333333,0.8,0.6160736083984375,9
w/o Anomaly Score,A1_source_corruption,medium,3,SRC_STOCK_5_PRICE,REPORT_LIMIT,23,0,0,0,0.043478260869565216,1.0,1.1267662048339844,9
APA-RCA v2 (Full),A1_source_corruption,medium,3,SRC_STOCK_5_PRICE,REPORT_LIMIT,1,1,1,1,1.0,0.8,0.6241798400878906,9
v2 w/o Adaptive Weight,A1_source_corruption,medium,3,SRC_STOCK_5_PRICE,REPORT_LIMIT,2,0,1,1,0.5,0.8,0.5860328674316406,9
v2 w/o Score-inv Beta,A1_source_corruption,medium,3,SRC_STOCK_5_PRICE,REPORT_LIMIT,1,1,1,1,1.0,0.8,0.5869865417480469,9
v2 w/o Ancestor Const,A1_source_corruption,medium,3,SRC_STOCK_5_PRICE,REPORT_LIMIT,1,1,1,1,1.0,0.8,0.6198883056640625,9
Schema-Constraint,A1_source_corruption,medium,3,SRC_STOCK_5_PRICE,REPORT_LIMIT,5,0,0,1,0.2,0.8,0.0,0
APA-RCA (Full),A1_source_corruption,medium,4,SRC_STOCK_4_PRICE,REPORT_LIMIT,1,1,1,1,1.0,0.8,0.6480216979980469,9
w/o Transform Weight,A1_source_corruption,medium,4,SRC_STOCK_4_PRICE,REPORT_LIMIT,1,1,1,1,1.0,0.8,0.6489753723144531,9
w/o Attenuation,A1_source_corruption,medium,4,SRC_STOCK_4_PRICE,REPORT_LIMIT,1,1,1,1,1.0,0.8,0.6439685821533203,9
w/o Anomaly Score,A1_source_corruption,medium,4,SRC_STOCK_4_PRICE,REPORT_LIMIT,22,0,0,0,0.045454545454545456,1.0,0.6189346313476562,9
APA-RCA v2 (Full),A1_source_corruption,medium,4,SRC_STOCK_4_PRICE,REPORT_LIMIT,1,1,1,1,1.0,0.8,0.61798095703125,9
v2 w/o Adaptive Weight,A1_source_corruption,medium,4,SRC_STOCK_4_PRICE,REPORT_LIMIT,1,1,1,1,1.0,0.8,1.2080669403076172,9
v2 w/o Score-inv Beta,A1_source_corruption,medium,4,SRC_STOCK_4_PRICE,REPORT_LIMIT,1,1,1,1,1.0,0.8,0.5891323089599609,9
v2 w/o Ancestor Const,A1_source_corruption,medium,4,SRC_STOCK_4_PRICE,REPORT_LIMIT,1,1,1,1,1.0,0.8,0.6210803985595703,9
Schema-Constraint,A1_source_corruption,medium,4,SRC_STOCK_4_PRICE,REPORT_LIMIT,4,0,0,1,0.25,0.8,0.0,0
APA-RCA (Full),A1_source_corruption,medium,5,SRC_STOCK_4_PRICE,REPORT_DASHBOARD,2,0,1,1,0.5,0.8,0.6229877471923828,9
w/o Transform Weight,A1_source_corruption,medium,5,SRC_STOCK_4_PRICE,REPORT_DASHBOARD,1,1,1,1,1.0,0.8,0.6520748138427734,9
w/o Attenuation,A1_source_corruption,medium,5,SRC_STOCK_4_PRICE,REPORT_DASHBOARD,2,0,1,1,0.5,0.8,0.6120204925537109,9
w/o Anomaly Score,A1_source_corruption,medium,5,SRC_STOCK_4_PRICE,REPORT_DASHBOARD,12,0,0,0,0.08333333333333333,1.0,0.6089210510253906,9
APA-RCA v2 (Full),A1_source_corruption,medium,5,SRC_STOCK_4_PRICE,REPORT_DASHBOARD,1,1,1,1,1.0,0.8,0.6229877471923828,9
v2 w/o Adaptive Weight,A1_source_corruption,medium,5,SRC_STOCK_4_PRICE,REPORT_DASHBOARD,2,0,1,1,0.5,0.8,0.6327629089355469,9
v2 w/o Score-inv Beta,A1_source_corruption,medium,5,SRC_STOCK_4_PRICE,REPORT_DASHBOARD,1,1,1,1,1.0,0.8,0.5979537963867188,9
v2 w/o Ancestor Const,A1_source_corruption,medium,5,SRC_STOCK_4_PRICE,REPORT_DASHBOARD,1,1,1,1,1.0,0.8,0.6201267242431641,9
Schema-Constraint,A1_source_corruption,medium,5,SRC_STOCK_4_PRICE,REPORT_DASHBOARD,4,0,0,1,0.25,0.8,0.0,0
APA-RCA (Full),A1_source_corruption,medium,6,SRC_STOCK_3_PRICE,REPORT_LIMIT,2,0,1,1,0.5,0.8,0.6699562072753906,9
w/o Transform Weight,A1_source_corruption,medium,6,SRC_STOCK_3_PRICE,REPORT_LIMIT,1,1,1,1,1.0,0.8,0.6527900695800781,9
w/o Attenuation,A1_source_corruption,medium,6,SRC_STOCK_3_PRICE,REPORT_LIMIT,3,0,1,1,0.3333333333333333,0.8,0.6151199340820312,9
w/o Anomaly Score,A1_source_corruption,medium,6,SRC_STOCK_3_PRICE,REPORT_LIMIT,21,0,0,0,0.047619047619047616,1.0,0.614166259765625,9
APA-RCA v2 (Full),A1_source_corruption,medium,6,SRC_STOCK_3_PRICE,REPORT_LIMIT,1,1,1,1,1.0,0.8,0.6279945373535156,9
v2 w/o Adaptive Weight,A1_source_corruption,medium,6,SRC_STOCK_3_PRICE,REPORT_LIMIT,2,0,1,1,0.5,0.8,0.6010532379150391,9
v2 w/o Score-inv Beta,A1_source_corruption,medium,6,SRC_STOCK_3_PRICE,REPORT_LIMIT,1,1,1,1,1.0,0.8,0.5929470062255859,9
v2 w/o Ancestor Const,A1_source_corruption,medium,6,SRC_STOCK_3_PRICE,REPORT_LIMIT,1,1,1,1,1.0,0.8,0.6372928619384766,9
Schema-Constraint,A1_source_corruption,medium,6,SRC_STOCK_3_PRICE,REPORT_LIMIT,3,0,1,1,0.3333333333333333,0.8,0.0,0
APA-RCA (Full),A1_source_corruption,medium,7,SRC_STOCK_5_PRICE,REPORT_LIMIT,1,1,1,1,1.0,0.8,0.6501674652099609,9
w/o Transform Weight,A1_source_corruption,medium,7,SRC_STOCK_5_PRICE,REPORT_LIMIT,1,1,1,1,1.0,0.8,0.6270408630371094,9
w/o Attenuation,A1_source_corruption,medium,7,SRC_STOCK_5_PRICE,REPORT_LIMIT,1,1,1,1,1.0,0.8,0.6139278411865234,9
w/o Anomaly Score,A1_source_corruption,medium,7,SRC_STOCK_5_PRICE,REPORT_LIMIT,23,0,0,0,0.043478260869565216,1.0,0.6279945373535156,9
APA-RCA v2 (Full),A1_source_corruption,medium,7,SRC_STOCK_5_PRICE,REPORT_LIMIT,1,1,1,1,1.0,0.8,0.6239414215087891,9
v2 w/o Adaptive Weight,A1_source_corruption,medium,7,SRC_STOCK_5_PRICE,REPORT_LIMIT,1,1,1,1,1.0,0.8,0.5939006805419922,9
v2 w/o Score-inv Beta,A1_source_corruption,medium,7,SRC_STOCK_5_PRICE,REPORT_LIMIT,1,1,1,1,1.0,0.8,0.6279945373535156,9
v2 w/o Ancestor Const,A1_source_corruption,medium,7,SRC_STOCK_5_PRICE,REPORT_LIMIT,1,1,1,1,1.0,0.8,0.6132125854492188,9
Schema-Constraint,A1_source_corruption,medium,7,SRC_STOCK_5_PRICE,REPORT_LIMIT,5,0,0,1,0.2,0.8,0.0,0
APA-RCA (Full),A1_source_corruption,medium,8,SRC_STOCK_4_PRICE,REPORT_LIMIT,3,0,1,1,0.3333333333333333,0.8,0.6148815155029297,9
w/o Transform Weight,A1_source_corruption,medium,8,SRC_STOCK_4_PRICE,REPORT_LIMIT,1,1,1,1,1.0,0.8,1.199960708618164,9
w/o Attenuation,A1_source_corruption,medium,8,SRC_STOCK_4_PRICE,REPORT_LIMIT,3,0,1,1,0.3333333333333333,0.8,0.6139278411865234,9
w/o Anomaly Score,A1_source_corruption,medium,8,SRC_STOCK_4_PRICE,REPORT_LIMIT,22,0,0,0,0.045454545454545456,1.0,0.6089210510253906,9
APA-RCA v2 (Full),A1_source_corruption,medium,8,SRC_STOCK_4_PRICE,REPORT_LIMIT,1,1,1,1,1.0,0.8,0.6079673767089844,9
v2 w/o Adaptive Weight,A1_source_corruption,medium,8,SRC_STOCK_4_PRICE,REPORT_LIMIT,3,0,1,1,0.3333333333333333,0.8,0.6110668182373047,9
v2 w/o Score-inv Beta,A1_source_corruption,medium,8,SRC_STOCK_4_PRICE,REPORT_LIMIT,1,1,1,1,1.0,0.8,0.5838871002197266,9
v2 w/o Ancestor Const,A1_source_corruption,medium,8,SRC_STOCK_4_PRICE,REPORT_LIMIT,1,1,1,1,1.0,0.8,0.6239414215087891,9
Schema-Constraint,A1_source_corruption,medium,8,SRC_STOCK_4_PRICE,REPORT_LIMIT,4,0,0,1,0.25,0.8,0.0,0
APA-RCA (Full),A1_source_corruption,medium,9,SRC_STOCK_3_PRICE,REPORT_LIMIT,3,0,1,1,0.3333333333333333,0.8,0.6380081176757812,9
w/o Transform Weight,A1_source_corruption,medium,9,SRC_STOCK_3_PRICE,REPORT_LIMIT,1,1,1,1,1.0,0.8,0.6518363952636719,9
w/o Attenuation,A1_source_corruption,medium,9,SRC_STOCK_3_PRICE,REPORT_LIMIT,3,0,1,1,0.3333333333333333,0.8,0.6229877471923828,9
w/o Anomaly Score,A1_source_corruption,medium,9,SRC_STOCK_3_PRICE,REPORT_LIMIT,21,0,0,0,0.047619047619047616,1.0,1.15203857421875,9
APA-RCA v2 (Full),A1_source_corruption,medium,9,SRC_STOCK_3_PRICE,REPORT_LIMIT,1,1,1,1,1.0,0.8,0.6299018859863281,9
v2 w/o Adaptive Weight,A1_source_corruption,medium,9,SRC_STOCK_3_PRICE,REPORT_LIMIT,3,0,1,1,0.3333333333333333,0.8,0.5838871002197266,9
v2 w/o Score-inv Beta,A1_source_corruption,medium,9,SRC_STOCK_3_PRICE,REPORT_LIMIT,1,1,1,1,1.0,0.8,0.5939006805419922,9
v2 w/o Ancestor Const,A1_source_corruption,medium,9,SRC_STOCK_3_PRICE,REPORT_LIMIT,1,1,1,1,1.0,0.8,0.6239414215087891,9
Schema-Constraint,A1_source_corruption,medium,9,SRC_STOCK_3_PRICE,REPORT_LIMIT,3,0,1,1,0.3333333333333333,0.8,0.0,0
APA-RCA (Full),A1_source_corruption,medium,10,SRC_STOCK_4_PRICE,REPORT_LIMIT,1,1,1,1,1.0,0.8,0.61798095703125,9
w/o Transform Weight,A1_source_corruption,medium,10,SRC_STOCK_4_PRICE,REPORT_LIMIT,1,1,1,1,1.0,0.8,0.6601810455322266,9
w/o Attenuation,A1_source_corruption,medium,10,SRC_STOCK_4_PRICE,REPORT_LIMIT,1,1,1,1,1.0,0.8,0.6170272827148438,9
w/o Anomaly Score,A1_source_corruption,medium,10,SRC_STOCK_4_PRICE,REPORT_LIMIT,22,0,0,0,0.045454545454545456,1.0,0.6132125854492188,9
APA-RCA v2 (Full),A1_source_corruption,medium,10,SRC_STOCK_4_PRICE,REPORT_LIMIT,1,1,1,1,1.0,0.8,0.6110668182373047,9
v2 w/o Adaptive Weight,A1_source_corruption,medium,10,SRC_STOCK_4_PRICE,REPORT_LIMIT,1,1,1,1,1.0,0.8,1.1892318725585938,9
v2 w/o Score-inv Beta,A1_source_corruption,medium,10,SRC_STOCK_4_PRICE,REPORT_LIMIT,1,1,1,1,1.0,0.8,0.5891323089599609,9
v2 w/o Ancestor Const,A1_source_corruption,medium,10,SRC_STOCK_4_PRICE,REPORT_LIMIT,1,1,1,1,1.0,0.8,0.6189346313476562,9
Schema-Constraint,A1_source_corruption,medium,10,SRC_STOCK_4_PRICE,REPORT_LIMIT,4,0,0,1,0.25,0.8,0.0,0
APA-RCA (Full),A1_source_corruption,medium,11,SRC_STOCK_1_PRICE,REPORT_LIMIT,3,0,1,1,0.3333333333333333,0.8,0.6468296051025391,9
w/o Transform Weight,A1_source_corruption,medium,11,SRC_STOCK_1_PRICE,REPORT_LIMIT,1,1,1,1,1.0,0.8,0.6420612335205078,9
w/o Attenuation,A1_source_corruption,medium,11,SRC_STOCK_1_PRICE,REPORT_LIMIT,3,0,1,1,0.3333333333333333,0.8,0.6189346313476562,9
w/o Anomaly Score,A1_source_corruption,medium,11,SRC_STOCK_1_PRICE,REPORT_LIMIT,19,0,0,0,0.05263157894736842,1.0,0.6191730499267578,9
APA-RCA v2 (Full),A1_source_corruption,medium,11,SRC_STOCK_1_PRICE,REPORT_LIMIT,1,1,1,1,1.0,0.8,0.6248950958251953,9
v2 w/o Adaptive Weight,A1_source_corruption,medium,11,SRC_STOCK_1_PRICE,REPORT_LIMIT,3,0,1,1,0.3333333333333333,0.8,0.6117820739746094,9
v2 w/o Score-inv Beta,A1_source_corruption,medium,11,SRC_STOCK_1_PRICE,REPORT_LIMIT,1,1,1,1,1.0,0.8,0.5979537963867188,9
v2 w/o Ancestor Const,A1_source_corruption,medium,11,SRC_STOCK_1_PRICE,REPORT_LIMIT,1,1,1,1,1.0,0.8,0.6158351898193359,9
Schema-Constraint,A1_source_corruption,medium,11,SRC_STOCK_1_PRICE,REPORT_LIMIT,1,1,1,1,1.0,0.8,0.0,0
APA-RCA (Full),A1_source_corruption,medium,12,SRC_STOCK_4_PRICE,REPORT_LIMIT,3,0,1,1,0.3333333333333333,0.8,0.6449222564697266,9
w/o Transform Weight,A1_source_corruption,medium,12,SRC_STOCK_4_PRICE,REPORT_LIMIT,1,1,1,1,1.0,0.8,0.6480216979980469,9
w/o Attenuation,A1_source_corruption,medium,12,SRC_STOCK_4_PRICE,REPORT_LIMIT,4,0,0,1,0.25,0.8,0.6279945373535156,9
w/o Anomaly Score,A1_source_corruption,medium,12,SRC_STOCK_4_PRICE,REPORT_LIMIT,22,0,0,0,0.045454545454545456,1.0,0.6198883056640625,9
APA-RCA v2 (Full),A1_source_corruption,medium,12,SRC_STOCK_4_PRICE,REPORT_LIMIT,1,1,1,1,1.0,0.8,0.6220340728759766,9
v2 w/o Adaptive Weight,A1_source_corruption,medium,12,SRC_STOCK_4_PRICE,REPORT_LIMIT,3,0,1,1,0.3333333333333333,0.8,0.6101131439208984,9
v2 w/o Score-inv Beta,A1_source_corruption,medium,12,SRC_STOCK_4_PRICE,REPORT_LIMIT,1,1,1,1,1.0,0.8,0.5910396575927734,9
v2 w/o Ancestor Const,A1_source_corruption,medium,12,SRC_STOCK_4_PRICE,REPORT_LIMIT,1,1,1,1,1.0,0.8,0.6167888641357422,9
Schema-Constraint,A1_source_corruption,medium,12,SRC_STOCK_4_PRICE,REPORT_LIMIT,4,0,0,1,0.25,0.8,0.0,0
APA-RCA (Full),A1_source_corruption,medium,13,SRC_STOCK_5_PRICE,REPORT_LIMIT,2,0,1,1,0.5,0.8,21.8198299407959,9
w/o Transform Weight,A1_source_corruption,medium,13,SRC_STOCK_5_PRICE,REPORT_LIMIT,1,1,1,1,1.0,0.8,0.5879402160644531,9
w/o Attenuation,A1_source_corruption,medium,13,SRC_STOCK_5_PRICE,REPORT_LIMIT,2,0,1,1,0.5,0.8,0.5781650543212891,9
w/o Anomaly Score,A1_source_corruption,medium,13,SRC_STOCK_5_PRICE,REPORT_LIMIT,23,0,0,0,0.043478260869565216,1.0,0.6058216094970703,9
APA-RCA v2 (Full),A1_source_corruption,medium,13,SRC_STOCK_5_PRICE,REPORT_LIMIT,1,1,1,1,1.0,0.8,0.6158351898193359,9
v2 w/o Adaptive Weight,A1_source_corruption,medium,13,SRC_STOCK_5_PRICE,REPORT_LIMIT,2,0,1,1,0.5,0.8,0.6270408630371094,9
v2 w/o Score-inv Beta,A1_source_corruption,medium,13,SRC_STOCK_5_PRICE,REPORT_LIMIT,1,1,1,1,1.0,0.8,0.5908012390136719,9
v2 w/o Ancestor Const,A1_source_corruption,medium,13,SRC_STOCK_5_PRICE,REPORT_LIMIT,1,1,1,1,1.0,0.8,0.6251335144042969,9
Schema-Constraint,A1_source_corruption,medium,13,SRC_STOCK_5_PRICE,REPORT_LIMIT,5,0,0,1,0.2,0.8,0.0,0
APA-RCA (Full),A1_source_corruption,medium,14,SRC_STOCK_1_PRICE,REPORT_LIMIT,3,0,1,1,0.3333333333333333,0.8,0.6771087646484375,9
w/o Transform Weight,A1_source_corruption,medium,14,SRC_STOCK_1_PRICE,REPORT_LIMIT,1,1,1,1,1.0,0.8,0.6000995635986328,9
w/o Attenuation,A1_source_corruption,medium,14,SRC_STOCK_1_PRICE,REPORT_LIMIT,4,0,0,1,0.25,0.8,1.1620521545410156,9
w/o Anomaly Score,A1_source_corruption,medium,14,SRC_STOCK_1_PRICE,REPORT_LIMIT,19,0,0,0,0.05263157894736842,1.0,0.6210803985595703,9
APA-RCA v2 (Full),A1_source_corruption,medium,14,SRC_STOCK_1_PRICE,REPORT_LIMIT,1,1,1,1,1.0,0.8,0.6232261657714844,9
v2 w/o Adaptive Weight,A1_source_corruption,medium,14,SRC_STOCK_1_PRICE,REPORT_LIMIT,3,0,1,1,0.3333333333333333,0.8,0.6029605865478516,9
v2 w/o Score-inv Beta,A1_source_corruption,medium,14,SRC_STOCK_1_PRICE,REPORT_LIMIT,1,1,1,1,1.0,0.8,0.6017684936523438,9
v2 w/o Ancestor Const,A1_source_corruption,medium,14,SRC_STOCK_1_PRICE,REPORT_LIMIT,1,1,1,1,1.0,0.8,0.5879402160644531,9
Schema-Constraint,A1_source_corruption,medium,14,SRC_STOCK_1_PRICE,REPORT_LIMIT,1,1,1,1,1.0,0.8,0.0,0
APA-RCA (Full),A1_source_corruption,medium,15,SRC_STOCK_5_PRICE,REPORT_LIMIT,2,0,1,1,0.5,0.8,0.6310939788818359,9
w/o Transform Weight,A1_source_corruption,medium,15,SRC_STOCK_5_PRICE,REPORT_LIMIT,1,1,1,1,1.0,0.8,0.6389617919921875,9
w/o Attenuation,A1_source_corruption,medium,15,SRC_STOCK_5_PRICE,REPORT_LIMIT,2,0,1,1,0.5,0.8,0.6139278411865234,9
w/o Anomaly Score,A1_source_corruption,medium,15,SRC_STOCK_5_PRICE,REPORT_LIMIT,23,0,0,0,0.043478260869565216,1.0,1.1107921600341797,9
APA-RCA v2 (Full),A1_source_corruption,medium,15,SRC_STOCK_5_PRICE,REPORT_LIMIT,1,1,1,1,1.0,0.8,0.6151199340820312,9
v2 w/o Adaptive Weight,A1_source_corruption,medium,15,SRC_STOCK_5_PRICE,REPORT_LIMIT,2,0,1,1,0.5,0.8,0.6110668182373047,9
v2 w/o Score-inv Beta,A1_source_corruption,medium,15,SRC_STOCK_5_PRICE,REPORT_LIMIT,1,1,1,1,1.0,0.8,0.5881786346435547,9
v2 w/o Ancestor Const,A1_source_corruption,medium,15,SRC_STOCK_5_PRICE,REPORT_LIMIT,1,1,1,1,1.0,0.8,0.6167888641357422,9
Schema-Constraint,A1_source_corruption,medium,15,SRC_STOCK_5_PRICE,REPORT_LIMIT,5,0,0,1,0.2,0.8,0.0,0
APA-RCA (Full),A1_source_corruption,medium,16,SRC_STOCK_3_PRICE,REPORT_LIMIT,1,1,1,1,1.0,0.8,0.6372928619384766,9
w/o Transform Weight,A1_source_corruption,medium,16,SRC_STOCK_3_PRICE,REPORT_LIMIT,1,1,1,1,1.0,0.8,0.6451606750488281,9
w/o Attenuation,A1_source_corruption,medium,16,SRC_STOCK_3_PRICE,REPORT_LIMIT,1,1,1,1,1.0,0.8,0.6232261657714844,9
w/o Anomaly Score,A1_source_corruption,medium,16,SRC_STOCK_3_PRICE,REPORT_LIMIT,21,0,0,0,0.047619047619047616,1.0,0.6101131439208984,9
APA-RCA v2 (Full),A1_source_corruption,medium,16,SRC_STOCK_3_PRICE,REPORT_LIMIT,1,1,1,1,1.0,0.8,0.6148815155029297,9
v2 w/o Adaptive Weight,A1_source_corruption,medium,16,SRC_STOCK_3_PRICE,REPORT_LIMIT,1,1,1,1,1.0,0.8,1.1219978332519531,9
v2 w/o Score-inv Beta,A1_source_corruption,medium,16,SRC_STOCK_3_PRICE,REPORT_LIMIT,1,1,1,1,1.0,0.8,0.5898475646972656,9
v2 w/o Ancestor Const,A1_source_corruption,medium,16,SRC_STOCK_3_PRICE,REPORT_LIMIT,1,1,1,1,1.0,0.8,0.6268024444580078,9
Schema-Constraint,A1_source_corruption,medium,16,SRC_STOCK_3_PRICE,REPORT_LIMIT,3,0,1,1,0.3333333333333333,0.8,0.0,0
APA-RCA (Full),A1_source_corruption,medium,17,SRC_STOCK_4_PRICE,REPORT_LIMIT,3,0,1,1,0.3333333333333333,0.8,0.6470680236816406,9
w/o Transform Weight,A1_source_corruption,medium,17,SRC_STOCK_4_PRICE,REPORT_LIMIT,1,1,1,1,1.0,0.8,0.6442070007324219,9
w/o Attenuation,A1_source_corruption,medium,17,SRC_STOCK_4_PRICE,REPORT_LIMIT,4,0,0,1,0.25,0.8,0.6079673767089844,9
w/o Anomaly Score,A1_source_corruption,medium,17,SRC_STOCK_4_PRICE,REPORT_LIMIT,22,0,0,0,0.045454545454545456,1.0,0.6031990051269531,9
APA-RCA v2 (Full),A1_source_corruption,medium,17,SRC_STOCK_4_PRICE,REPORT_LIMIT,1,1,1,1,1.0,0.8,0.6151199340820312,9
v2 w/o Adaptive Weight,A1_source_corruption,medium,17,SRC_STOCK_4_PRICE,REPORT_LIMIT,3,0,1,1,0.3333333333333333,0.8,0.6158351898193359,9
v2 w/o Score-inv Beta,A1_source_corruption,medium,17,SRC_STOCK_4_PRICE,REPORT_LIMIT,1,1,1,1,1.0,0.8,0.6110668182373047,9
v2 w/o Ancestor Const,A1_source_corruption,medium,17,SRC_STOCK_4_PRICE,REPORT_LIMIT,1,1,1,1,1.0,0.8,0.5862712860107422,9
Schema-Constraint,A1_source_corruption,medium,17,SRC_STOCK_4_PRICE,REPORT_LIMIT,4,0,0,1,0.25,0.8,0.0,0
APA-RCA (Full),A1_source_corruption,medium,18,SRC_STOCK_5_PRICE,REPORT_LIMIT,1,1,1,1,1.0,0.8,0.6208419799804688,9
w/o Transform Weight,A1_source_corruption,medium,18,SRC_STOCK_5_PRICE,REPORT_LIMIT,1,1,1,1,1.0,0.8,0.6439685821533203,9
w/o Attenuation,A1_source_corruption,medium,18,SRC_STOCK_5_PRICE,REPORT_LIMIT,1,1,1,1,1.0,0.8,0.6079673767089844,9
w/o Anomaly Score,A1_source_corruption,medium,18,SRC_STOCK_5_PRICE,REPORT_LIMIT,23,0,0,0,0.043478260869565216,1.0,0.6079673767089844,9
APA-RCA v2 (Full),A1_source_corruption,medium,18,SRC_STOCK_5_PRICE,REPORT_LIMIT,1,1,1,1,1.0,0.8,0.6091594696044922,9
v2 w/o Adaptive Weight,A1_source_corruption,medium,18,SRC_STOCK_5_PRICE,REPORT_LIMIT,1,1,1,1,1.0,0.8,0.6172657012939453,9
v2 w/o Score-inv Beta,A1_source_corruption,medium,18,SRC_STOCK_5_PRICE,REPORT_LIMIT,1,1,1,1,1.0,0.8,0.5927085876464844,9
v2 w/o Ancestor Const,A1_source_corruption,medium,18,SRC_STOCK_5_PRICE,REPORT_LIMIT,1,1,1,1,1.0,0.8,0.6220340728759766,9
Schema-Constraint,A1_source_corruption,medium,18,SRC_STOCK_5_PRICE,REPORT_LIMIT,5,0,0,1,0.2,0.8,0.0,0
APA-RCA (Full),A1_source_corruption,medium,19,SRC_STOCK_3_PRICE,REPORT_LIMIT,3,0,1,1,0.3333333333333333,0.8,0.6573200225830078,9
w/o Transform Weight,A1_source_corruption,medium,19,SRC_STOCK_3_PRICE,REPORT_LIMIT,1,1,1,1,1.0,0.8,0.6489753723144531,9
w/o Attenuation,A1_source_corruption,medium,19,SRC_STOCK_3_PRICE,REPORT_LIMIT,4,0,0,1,0.25,0.8,0.6229877471923828,9
w/o Anomaly Score,A1_source_corruption,medium,19,SRC_STOCK_3_PRICE,REPORT_LIMIT,21,0,0,0,0.047619047619047616,1.0,0.6101131439208984,9
APA-RCA v2 (Full),A1_source_corruption,medium,19,SRC_STOCK_3_PRICE,REPORT_LIMIT,1,1,1,1,1.0,0.8,0.6227493286132812,9
v2 w/o Adaptive Weight,A1_source_corruption,medium,19,SRC_STOCK_3_PRICE,REPORT_LIMIT,3,0,1,1,0.3333333333333333,0.8,0.5970001220703125,9
v2 w/o Score-inv Beta,A1_source_corruption,medium,19,SRC_STOCK_3_PRICE,REPORT_LIMIT,1,1,1,1,1.0,0.8,0.5931854248046875,9
v2 w/o Ancestor Const,A1_source_corruption,medium,19,SRC_STOCK_3_PRICE,REPORT_LIMIT,1,1,1,1,1.0,0.8,0.6198883056640625,9
Schema-Constraint,A1_source_corruption,medium,19,SRC_STOCK_3_PRICE,REPORT_LIMIT,3,0,1,1,0.3333333333333333,0.8,0.0,0
APA-RCA (Full),A1_source_corruption,medium,20,SRC_STOCK_5_PRICE,REPORT_LIMIT,1,1,1,1,1.0,0.8,0.6458759307861328,9
w/o Transform Weight,A1_source_corruption,medium,20,SRC_STOCK_5_PRICE,REPORT_LIMIT,1,1,1,1,1.0,0.8,1.1310577392578125,9
w/o Attenuation,A1_source_corruption,medium,20,SRC_STOCK_5_PRICE,REPORT_LIMIT,1,1,1,1,1.0,0.8,0.6129741668701172,9
w/o Anomaly Score,A1_source_corruption,medium,20,SRC_STOCK_5_PRICE,REPORT_LIMIT,23,0,0,0,0.043478260869565216,1.0,0.6041526794433594,9
APA-RCA v2 (Full),A1_source_corruption,medium,20,SRC_STOCK_5_PRICE,REPORT_LIMIT,1,1,1,1,1.0,0.8,0.6110668182373047,9
v2 w/o Adaptive Weight,A1_source_corruption,medium,20,SRC_STOCK_5_PRICE,REPORT_LIMIT,1,1,1,1,1.0,0.8,0.6091594696044922,9
v2 w/o Score-inv Beta,A1_source_corruption,medium,20,SRC_STOCK_5_PRICE,REPORT_LIMIT,1,1,1,1,1.0,0.8,0.6120204925537109,9
v2 w/o Ancestor Const,A1_source_corruption,medium,20,SRC_STOCK_5_PRICE,REPORT_LIMIT,1,1,1,1,1.0,0.8,0.5860328674316406,9
Schema-Constraint,A1_source_corruption,medium,20,SRC_STOCK_5_PRICE,REPORT_LIMIT,5,0,0,1,0.2,0.8,0.0,0
APA-RCA (Full),A1_source_corruption,medium,21,SRC_STOCK_2_PRICE,REPORT_LIMIT,2,0,1,1,0.5,0.8,0.6089210510253906,9
w/o Transform Weight,A1_source_corruption,medium,21,SRC_STOCK_2_PRICE,REPORT_LIMIT,1,1,1,1,1.0,0.8,0.637054443359375,9
w/o Attenuation,A1_source_corruption,medium,21,SRC_STOCK_2_PRICE,REPORT_LIMIT,3,0,1,1,0.3333333333333333,0.8,0.6098747253417969,9
w/o Anomaly Score,A1_source_corruption,medium,21,SRC_STOCK_2_PRICE,REPORT_LIMIT,20,0,0,0,0.05,1.0,1.1310577392578125,9
APA-RCA v2 (Full),A1_source_corruption,medium,21,SRC_STOCK_2_PRICE,REPORT_LIMIT,1,1,1,1,1.0,0.8,0.6148815155029297,9
v2 w/o Adaptive Weight,A1_source_corruption,medium,21,SRC_STOCK_2_PRICE,REPORT_LIMIT,2,0,1,1,0.5,0.8,0.5860328674316406,9
v2 w/o Score-inv Beta,A1_source_corruption,medium,21,SRC_STOCK_2_PRICE,REPORT_LIMIT,1,1,1,1,1.0,0.8,0.5848407745361328,9
v2 w/o Ancestor Const,A1_source_corruption,medium,21,SRC_STOCK_2_PRICE,REPORT_LIMIT,1,1,1,1,1.0,0.8,0.6239414215087891,9
Schema-Constraint,A1_source_corruption,medium,21,SRC_STOCK_2_PRICE,REPORT_LIMIT,2,0,1,1,0.5,0.8,0.0,0
APA-RCA (Full),A1_source_corruption,medium,22,SRC_STOCK_4_PRICE,REPORT_DASHBOARD,2,0,1,1,0.5,0.8,0.6279945373535156,9
w/o Transform Weight,A1_source_corruption,medium,22,SRC_STOCK_4_PRICE,REPORT_DASHBOARD,1,1,1,1,1.0,0.8,0.6420612335205078,9
w/o Attenuation,A1_source_corruption,medium,22,SRC_STOCK_4_PRICE,REPORT_DASHBOARD,3,0,1,1,0.3333333333333333,0.8,0.6117820739746094,9
w/o Anomaly Score,A1_source_corruption,medium,22,SRC_STOCK_4_PRICE,REPORT_DASHBOARD,12,0,0,0,0.08333333333333333,1.0,0.6039142608642578,9
APA-RCA v2 (Full),A1_source_corruption,medium,22,SRC_STOCK_4_PRICE,REPORT_DASHBOARD,1,1,1,1,1.0,0.8,0.6101131439208984,9
v2 w/o Adaptive Weight,A1_source_corruption,medium,22,SRC_STOCK_4_PRICE,REPORT_DASHBOARD,2,0,1,1,0.5,0.8,1.1262893676757812,9
v2 w/o Score-inv Beta,A1_source_corruption,medium,22,SRC_STOCK_4_PRICE,REPORT_DASHBOARD,1,1,1,1,1.0,0.8,0.5822181701660156,9
v2 w/o Ancestor Const,A1_source_corruption,medium,22,SRC_STOCK_4_PRICE,REPORT_DASHBOARD,1,1,1,1,1.0,0.8,0.6189346313476562,9
Schema-Constraint,A1_source_corruption,medium,22,SRC_STOCK_4_PRICE,REPORT_DASHBOARD,4,0,0,1,0.25,0.8,0.0,0
APA-RCA (Full),A1_source_corruption,medium,23,SRC_STOCK_1_PRICE,REPORT_LIMIT,2,0,1,1,0.5,0.8,0.6198883056640625,9
w/o Transform Weight,A1_source_corruption,medium,23,SRC_STOCK_1_PRICE,REPORT_LIMIT,1,1,1,1,1.0,0.8,0.6432533264160156,9
w/o Attenuation,A1_source_corruption,medium,23,SRC_STOCK_1_PRICE,REPORT_LIMIT,2,0,1,1,0.5,0.8,0.6241798400878906,9
w/o Anomaly Score,A1_source_corruption,medium,23,SRC_STOCK_1_PRICE,REPORT_LIMIT,19,0,0,0,0.05263157894736842,1.0,0.6122589111328125,9
APA-RCA v2 (Full),A1_source_corruption,medium,23,SRC_STOCK_1_PRICE,REPORT_LIMIT,1,1,1,1,1.0,0.8,0.6089210510253906,9
v2 w/o Adaptive Weight,A1_source_corruption,medium,23,SRC_STOCK_1_PRICE,REPORT_LIMIT,2,0,1,1,0.5,0.8,0.6151199340820312,9
v2 w/o Score-inv Beta,A1_source_corruption,medium,23,SRC_STOCK_1_PRICE,REPORT_LIMIT,1,1,1,1,1.0,0.8,0.5931854248046875,9
v2 w/o Ancestor Const,A1_source_corruption,medium,23,SRC_STOCK_1_PRICE,REPORT_LIMIT,1,1,1,1,1.0,0.8,0.6158351898193359,9
Schema-Constraint,A1_source_corruption,medium,23,SRC_STOCK_1_PRICE,REPORT_LIMIT,1,1,1,1,1.0,0.8,0.0,0
APA-RCA (Full),A1_source_corruption,medium,24,SRC_STOCK_2_PRICE,REPORT_LIMIT,4,0,0,1,0.25,0.8,0.6220340728759766,9
w/o Transform Weight,A1_source_corruption,medium,24,SRC_STOCK_2_PRICE,REPORT_LIMIT,1,1,1,1,1.0,0.8,0.6458759307861328,9
w/o Attenuation,A1_source_corruption,medium,24,SRC_STOCK_2_PRICE,REPORT_LIMIT,4,0,0,1,0.25,0.8,0.6170272827148438,9
w/o Anomaly Score,A1_source_corruption,medium,24,SRC_STOCK_2_PRICE,REPORT_LIMIT,20,0,0,0,0.05,1.0,0.6089210510253906,9
APA-RCA v2 (Full),A1_source_corruption,medium,24,SRC_STOCK_2_PRICE,REPORT_LIMIT,1,1,1,1,1.0,0.8,0.6089210510253906,9
v2 w/o Adaptive Weight,A1_source_corruption,medium,24,SRC_STOCK_2_PRICE,REPORT_LIMIT,4,0,0,1,0.25,0.8,0.5888938903808594,9
v2 w/o Score-inv Beta,A1_source_corruption,medium,24,SRC_STOCK_2_PRICE,REPORT_LIMIT,1,1,1,1,1.0,0.8,0.5917549133300781,9
v2 w/o Ancestor Const,A1_source_corruption,medium,24,SRC_STOCK_2_PRICE,REPORT_LIMIT,1,1,1,1,1.0,0.8,0.6198883056640625,9
Schema-Constraint,A1_source_corruption,medium,24,SRC_STOCK_2_PRICE,REPORT_LIMIT,2,0,1,1,0.5,0.8,0.0,0
APA-RCA (Full),A1_source_corruption,medium,25,SRC_STOCK_3_PRICE,REPORT_STRESS,1,1,1,1,1.0,0.8,0.6577968597412109,9
w/o Transform Weight,A1_source_corruption,medium,25,SRC_STOCK_3_PRICE,REPORT_STRESS,1,1,1,1,1.0,0.8,0.6368160247802734,9
w/o Attenuation,A1_source_corruption,medium,25,SRC_STOCK_3_PRICE,REPORT_STRESS,1,1,1,1,1.0,0.8,0.6170272827148438,9
w/o Anomaly Score,A1_source_corruption,medium,25,SRC_STOCK_3_PRICE,REPORT_STRESS,3,0,1,1,0.3333333333333333,0.8,0.6268024444580078,9
APA-RCA v2 (Full),A1_source_corruption,medium,25,SRC_STOCK_3_PRICE,REPORT_STRESS,1,1,1,1,1.0,0.8,0.6220340728759766,9
v2 w/o Adaptive Weight,A1_source_corruption,medium,25,SRC_STOCK_3_PRICE,REPORT_STRESS,1,1,1,1,1.0,0.8,0.5948543548583984,9
v2 w/o Score-inv Beta,A1_source_corruption,medium,25,SRC_STOCK_3_PRICE,REPORT_STRESS,1,1,1,1,1.0,0.8,0.6232261657714844,9
v2 w/o Ancestor Const,A1_source_corruption,medium,25,SRC_STOCK_3_PRICE,REPORT_STRESS,1,1,1,1,1.0,0.8,0.6060600280761719,9
Schema-Constraint,A1_source_corruption,medium,25,SRC_STOCK_3_PRICE,REPORT_STRESS,3,0,1,1,0.3333333333333333,0.8,0.0,0
APA-RCA (Full),A1_source_corruption,medium,26,SRC_STOCK_5_PRICE,REPORT_DASHBOARD,2,0,1,1,0.5,0.8,0.6730556488037109,9
w/o Transform Weight,A1_source_corruption,medium,26,SRC_STOCK_5_PRICE,REPORT_DASHBOARD,1,1,1,1,1.0,0.8,1.4410018920898438,9
w/o Attenuation,A1_source_corruption,medium,26,SRC_STOCK_5_PRICE,REPORT_DASHBOARD,2,0,1,1,0.5,0.8,0.6861686706542969,9
w/o Anomaly Score,A1_source_corruption,medium,26,SRC_STOCK_5_PRICE,REPORT_DASHBOARD,13,0,0,0,0.07692307692307693,1.0,0.6411075592041016,9
APA-RCA v2 (Full),A1_source_corruption,medium,26,SRC_STOCK_5_PRICE,REPORT_DASHBOARD,1,1,1,1,1.0,0.8,0.6532669067382812,9
v2 w/o Adaptive Weight,A1_source_corruption,medium,26,SRC_STOCK_5_PRICE,REPORT_DASHBOARD,2,0,1,1,0.5,0.8,0.6508827209472656,9
v2 w/o Score-inv Beta,A1_source_corruption,medium,26,SRC_STOCK_5_PRICE,REPORT_DASHBOARD,1,1,1,1,1.0,0.8,0.6029605865478516,9
v2 w/o Ancestor Const,A1_source_corruption,medium,26,SRC_STOCK_5_PRICE,REPORT_DASHBOARD,1,1,1,1,1.0,0.8,0.6592273712158203,9
Schema-Constraint,A1_source_corruption,medium,26,SRC_STOCK_5_PRICE,REPORT_DASHBOARD,5,0,0,1,0.2,0.8,0.0,0
APA-RCA (Full),A1_source_corruption,medium,27,SRC_STOCK_1_PRICE,REPORT_LIMIT,2,0,1,1,0.5,0.8,0.6449222564697266,9
w/o Transform Weight,A1_source_corruption,medium,27,SRC_STOCK_1_PRICE,REPORT_LIMIT,1,1,1,1,1.0,0.8,0.6439685821533203,9
w/o Attenuation,A1_source_corruption,medium,27,SRC_STOCK_1_PRICE,REPORT_LIMIT,2,0,1,1,0.5,0.8,0.6163120269775391,9
w/o Anomaly Score,A1_source_corruption,medium,27,SRC_STOCK_1_PRICE,REPORT_LIMIT,19,0,0,0,0.05263157894736842,1.0,1.1510848999023438,9
APA-RCA v2 (Full),A1_source_corruption,medium,27,SRC_STOCK_1_PRICE,REPORT_LIMIT,1,1,1,1,1.0,0.8,0.6110668182373047,9
v2 w/o Adaptive Weight,A1_source_corruption,medium,27,SRC_STOCK_1_PRICE,REPORT_LIMIT,2,0,1,1,0.5,0.8,0.5919933319091797,9
v2 w/o Score-inv Beta,A1_source_corruption,medium,27,SRC_STOCK_1_PRICE,REPORT_LIMIT,1,1,1,1,1.0,0.8,0.5879402160644531,9
v2 w/o Ancestor Const,A1_source_corruption,medium,27,SRC_STOCK_1_PRICE,REPORT_LIMIT,1,1,1,1,1.0,0.8,0.6251335144042969,9
Schema-Constraint,A1_source_corruption,medium,27,SRC_STOCK_1_PRICE,REPORT_LIMIT,1,1,1,1,1.0,0.8,0.0,0
APA-RCA (Full),A1_source_corruption,medium,28,SRC_STOCK_4_PRICE,REPORT_LIMIT,2,0,1,1,0.5,0.8,0.6463527679443359,9
w/o Transform Weight,A1_source_corruption,medium,28,SRC_STOCK_4_PRICE,REPORT_LIMIT,1,1,1,1,1.0,0.8,0.6442070007324219,9
w/o Attenuation,A1_source_corruption,medium,28,SRC_STOCK_4_PRICE,REPORT_LIMIT,2,0,1,1,0.5,0.8,0.6098747253417969,9
w/o Anomaly Score,A1_source_corruption,medium,28,SRC_STOCK_4_PRICE,REPORT_LIMIT,22,0,0,0,0.045454545454545456,1.0,0.6070137023925781,9
APA-RCA v2 (Full),A1_source_corruption,medium,28,SRC_STOCK_4_PRICE,REPORT_LIMIT,1,1,1,1,1.0,0.8,0.6117820739746094,9
v2 w/o Adaptive Weight,A1_source_corruption,medium,28,SRC_STOCK_4_PRICE,REPORT_LIMIT,2,0,1,1,0.5,0.8,1.1608600616455078,9
v2 w/o Score-inv Beta,A1_source_corruption,medium,28,SRC_STOCK_4_PRICE,REPORT_LIMIT,1,1,1,1,1.0,0.8,0.5860328674316406,9
v2 w/o Ancestor Const,A1_source_corruption,medium,28,SRC_STOCK_4_PRICE,REPORT_LIMIT,1,1,1,1,1.0,0.8,0.61798095703125,9
Schema-Constraint,A1_source_corruption,medium,28,SRC_STOCK_4_PRICE,REPORT_LIMIT,4,0,0,1,0.25,0.8,0.0,0
APA-RCA (Full),A1_source_corruption,medium,29,SRC_STOCK_5_PRICE,REPORT_LIMIT,2,0,1,1,0.5,0.8,0.6420612335205078,9
w/o Transform Weight,A1_source_corruption,medium,29,SRC_STOCK_5_PRICE,REPORT_LIMIT,1,1,1,1,1.0,0.8,0.6589889526367188,9
w/o Attenuation,A1_source_corruption,medium,29,SRC_STOCK_5_PRICE,REPORT_LIMIT,2,0,1,1,0.5,0.8,0.61798095703125,9
w/o Anomaly Score,A1_source_corruption,medium,29,SRC_STOCK_5_PRICE,REPORT_LIMIT,23,0,0,0,0.043478260869565216,1.0,0.6210803985595703,9
APA-RCA v2 (Full),A1_source_corruption,medium,29,SRC_STOCK_5_PRICE,REPORT_LIMIT,1,1,1,1,1.0,0.8,0.6222724914550781,9
v2 w/o Adaptive Weight,A1_source_corruption,medium,29,SRC_STOCK_5_PRICE,REPORT_LIMIT,2,0,1,1,0.5,0.8,0.6160736083984375,9
v2 w/o Score-inv Beta,A1_source_corruption,medium,29,SRC_STOCK_5_PRICE,REPORT_LIMIT,1,1,1,1,1.0,0.8,0.5891323089599609,9
v2 w/o Ancestor Const,A1_source_corruption,medium,29,SRC_STOCK_5_PRICE,REPORT_LIMIT,1,1,1,1,1.0,0.8,0.6160736083984375,9
Schema-Constraint,A1_source_corruption,medium,29,SRC_STOCK_5_PRICE,REPORT_LIMIT,5,0,0,1,0.2,0.8,0.0,0
APA-RCA (Full),A2_etl_logic_error,medium,0,ETL_FX_STOCK_5_PRICE,REPORT_LIMIT,2,0,1,1,0.5,0.8,0.675201416015625,9
w/o Transform Weight,A2_etl_logic_error,medium,0,ETL_FX_STOCK_5_PRICE,REPORT_LIMIT,2,0,1,1,0.5,0.8,0.7069110870361328,9
w/o Attenuation,A2_etl_logic_error,medium,0,ETL_FX_STOCK_5_PRICE,REPORT_LIMIT,2,0,1,1,0.5,0.8,0.6499290466308594,9
w/o Anomaly Score,A2_etl_logic_error,medium,0,ETL_FX_STOCK_5_PRICE,REPORT_LIMIT,17,0,0,0,0.058823529411764705,1.0,0.6608963012695312,9
APA-RCA v2 (Full),A2_etl_logic_error,medium,0,ETL_FX_STOCK_5_PRICE,REPORT_LIMIT,1,1,1,1,1.0,0.8,0.6232261657714844,9
v2 w/o Adaptive Weight,A2_etl_logic_error,medium,0,ETL_FX_STOCK_5_PRICE,REPORT_LIMIT,2,0,1,1,0.5,0.8,0.5960464477539062,9
v2 w/o Score-inv Beta,A2_etl_logic_error,medium,0,ETL_FX_STOCK_5_PRICE,REPORT_LIMIT,1,1,1,1,1.0,0.8,0.5879402160644531,9
v2 w/o Ancestor Const,A2_etl_logic_error,medium,0,ETL_FX_STOCK_5_PRICE,REPORT_LIMIT,1,1,1,1,1.0,0.8,0.6809234619140625,9
Schema-Constraint,A2_etl_logic_error,medium,0,ETL_FX_STOCK_5_PRICE,REPORT_LIMIT,30,0,0,0,0.03333333333333333,1.0,0.0,0
APA-RCA (Full),A2_etl_logic_error,medium,1,ETL_FX_STOCK_3_PRICE,REPORT_LIMIT,3,0,1,1,0.3333333333333333,0.8,0.6511211395263672,9
w/o Transform Weight,A2_etl_logic_error,medium,1,ETL_FX_STOCK_3_PRICE,REPORT_LIMIT,3,0,1,1,0.3333333333333333,0.8,0.6380081176757812,9
w/o Attenuation,A2_etl_logic_error,medium,1,ETL_FX_STOCK_3_PRICE,REPORT_LIMIT,3,0,1,1,0.3333333333333333,0.8,0.6158351898193359,9
w/o Anomaly Score,A2_etl_logic_error,medium,1,ETL_FX_STOCK_3_PRICE,REPORT_LIMIT,15,0,0,0,0.06666666666666667,1.0,0.6120204925537109,9
APA-RCA v2 (Full),A2_etl_logic_error,medium,1,ETL_FX_STOCK_3_PRICE,REPORT_LIMIT,1,1,1,1,1.0,0.8,0.5986690521240234,9
v2 w/o Adaptive Weight,A2_etl_logic_error,medium,1,ETL_FX_STOCK_3_PRICE,REPORT_LIMIT,3,0,1,1,0.3333333333333333,0.8,0.5891323089599609,9
v2 w/o Score-inv Beta,A2_etl_logic_error,medium,1,ETL_FX_STOCK_3_PRICE,REPORT_LIMIT,1,1,1,1,1.0,0.8,0.6427764892578125,9
v2 w/o Ancestor Const,A2_etl_logic_error,medium,1,ETL_FX_STOCK_3_PRICE,REPORT_LIMIT,1,1,1,1,1.0,0.8,0.6110668182373047,9
Schema-Constraint,A2_etl_logic_error,medium,1,ETL_FX_STOCK_3_PRICE,REPORT_LIMIT,28,0,0,0,0.03571428571428571,1.0,0.0,0
APA-RCA (Full),A2_etl_logic_error,medium,2,ETL_FX_STOCK_5_PRICE,REPORT_LIMIT,2,0,1,1,0.5,0.8,0.6039142608642578,9
w/o Transform Weight,A2_etl_logic_error,medium,2,ETL_FX_STOCK_5_PRICE,REPORT_LIMIT,2,0,1,1,0.5,0.8,1.252889633178711,9
w/o Attenuation,A2_etl_logic_error,medium,2,ETL_FX_STOCK_5_PRICE,REPORT_LIMIT,2,0,1,1,0.5,0.8,0.60272216796875,9
w/o Anomaly Score,A2_etl_logic_error,medium,2,ETL_FX_STOCK_5_PRICE,REPORT_LIMIT,17,0,0,0,0.058823529411764705,1.0,0.6048679351806641,9
APA-RCA v2 (Full),A2_etl_logic_error,medium,2,ETL_FX_STOCK_5_PRICE,REPORT_LIMIT,1,1,1,1,1.0,0.8,0.6108283996582031,9
v2 w/o Adaptive Weight,A2_etl_logic_error,medium,2,ETL_FX_STOCK_5_PRICE,REPORT_LIMIT,2,0,1,1,0.5,0.8,0.6117820739746094,9
v2 w/o Score-inv Beta,A2_etl_logic_error,medium,2,ETL_FX_STOCK_5_PRICE,REPORT_LIMIT,1,1,1,1,1.0,0.8,0.5979537963867188,9
v2 w/o Ancestor Const,A2_etl_logic_error,medium,2,ETL_FX_STOCK_5_PRICE,REPORT_LIMIT,1,1,1,1,1.0,0.8,0.6268024444580078,9
Schema-Constraint,A2_etl_logic_error,medium,2,ETL_FX_STOCK_5_PRICE,REPORT_LIMIT,30,0,0,0,0.03333333333333333,1.0,0.0,0
APA-RCA (Full),A2_etl_logic_error,medium,3,ETL_FX_STOCK_5_PRICE,REPORT_LIMIT,2,0,1,1,0.5,0.8,0.6289482116699219,9
w/o Transform Weight,A2_etl_logic_error,medium,3,ETL_FX_STOCK_5_PRICE,REPORT_LIMIT,2,0,1,1,0.5,0.8,0.6480216979980469,9
w/o Attenuation,A2_etl_logic_error,medium,3,ETL_FX_STOCK_5_PRICE,REPORT_LIMIT,3,0,1,1,0.3333333333333333,0.8,0.6110668182373047,9
w/o Anomaly Score,A2_etl_logic_error,medium,3,ETL_FX_STOCK_5_PRICE,REPORT_LIMIT,17,0,0,0,0.058823529411764705,1.0,1.1227130889892578,9
APA-RCA v2 (Full),A2_etl_logic_error,medium,3,ETL_FX_STOCK_5_PRICE,REPORT_LIMIT,2,0,1,1,0.5,0.8,0.6158351898193359,9
v2 w/o Adaptive Weight,A2_etl_logic_error,medium,3,ETL_FX_STOCK_5_PRICE,REPORT_LIMIT,2,0,1,1,0.5,0.8,0.6079673767089844,9
v2 w/o Score-inv Beta,A2_etl_logic_error,medium,3,ETL_FX_STOCK_5_PRICE,REPORT_LIMIT,1,1,1,1,1.0,0.8,0.6279945373535156,9
v2 w/o Ancestor Const,A2_etl_logic_error,medium,3,ETL_FX_STOCK_5_PRICE,REPORT_LIMIT,2,0,1,1,0.5,0.8,0.6070137023925781,9
Schema-Constraint,A2_etl_logic_error,medium,3,ETL_FX_STOCK_5_PRICE,REPORT_LIMIT,30,0,0,0,0.03333333333333333,1.0,0.0,0
APA-RCA (Full),A2_etl_logic_error,medium,4,ETL_FX_STOCK_4_PRICE,REPORT_LIMIT,2,0,1,1,0.5,0.8,0.6330013275146484,9
w/o Transform Weight,A2_etl_logic_error,medium,4,ETL_FX_STOCK_4_PRICE,REPORT_LIMIT,3,0,1,1,0.3333333333333333,0.8,0.6489753723144531,9
w/o Attenuation,A2_etl_logic_error,medium,4,ETL_FX_STOCK_4_PRICE,REPORT_LIMIT,2,0,1,1,0.5,0.8,0.6098747253417969,9
w/o Anomaly Score,A2_etl_logic_error,medium,4,ETL_FX_STOCK_4_PRICE,REPORT_LIMIT,16,0,0,0,0.0625,1.0,0.6232261657714844,9
APA-RCA v2 (Full),A2_etl_logic_error,medium,4,ETL_FX_STOCK_4_PRICE,REPORT_LIMIT,3,0,1,1,0.3333333333333333,0.8,0.6279945373535156,9
v2 w/o Adaptive Weight,A2_etl_logic_error,medium,4,ETL_FX_STOCK_4_PRICE,REPORT_LIMIT,2,0,1,1,0.5,0.8,1.107931137084961,9
v2 w/o Score-inv Beta,A2_etl_logic_error,medium,4,ETL_FX_STOCK_4_PRICE,REPORT_LIMIT,2,0,1,1,0.5,0.8,0.5707740783691406,9
v2 w/o Ancestor Const,A2_etl_logic_error,medium,4,ETL_FX_STOCK_4_PRICE,REPORT_LIMIT,3,0,1,1,0.3333333333333333,0.8,0.6229877471923828,9
Schema-Constraint,A2_etl_logic_error,medium,4,ETL_FX_STOCK_4_PRICE,REPORT_LIMIT,29,0,0,0,0.034482758620689655,1.0,0.0,0
APA-RCA (Full),A2_etl_logic_error,medium,5,ETL_FX_STOCK_4_PRICE,REPORT_LIMIT,3,0,1,1,0.3333333333333333,0.8,0.6530284881591797,9
w/o Transform Weight,A2_etl_logic_error,medium,5,ETL_FX_STOCK_4_PRICE,REPORT_LIMIT,3,0,1,1,0.3333333333333333,0.8,0.6542205810546875,9
w/o Attenuation,A2_etl_logic_error,medium,5,ETL_FX_STOCK_4_PRICE,REPORT_LIMIT,3,0,1,1,0.3333333333333333,0.8,0.6139278411865234,9
w/o Anomaly Score,A2_etl_logic_error,medium,5,ETL_FX_STOCK_4_PRICE,REPORT_LIMIT,16,0,0,0,0.0625,1.0,0.6070137023925781,9
APA-RCA v2 (Full),A2_etl_logic_error,medium,5,ETL_FX_STOCK_4_PRICE,REPORT_LIMIT,2,0,1,1,0.5,0.8,0.6117820739746094,9
v2 w/o Adaptive Weight,A2_etl_logic_error,medium,5,ETL_FX_STOCK_4_PRICE,REPORT_LIMIT,3,0,1,1,0.3333333333333333,0.8,0.6098747253417969,9
v2 w/o Score-inv Beta,A2_etl_logic_error,medium,5,ETL_FX_STOCK_4_PRICE,REPORT_LIMIT,3,0,1,1,0.3333333333333333,0.8,0.5919933319091797,9
v2 w/o Ancestor Const,A2_etl_logic_error,medium,5,ETL_FX_STOCK_4_PRICE,REPORT_LIMIT,2,0,1,1,0.5,0.8,0.6210803985595703,9
Schema-Constraint,A2_etl_logic_error,medium,5,ETL_FX_STOCK_4_PRICE,REPORT_LIMIT,29,0,0,0,0.034482758620689655,1.0,0.0,0
APA-RCA (Full),A2_etl_logic_error,medium,6,ETL_FX_STOCK_3_PRICE,REPORT_LIMIT,3,0,1,1,0.3333333333333333,0.8,0.6248950958251953,9
w/o Transform Weight,A2_etl_logic_error,medium,6,ETL_FX_STOCK_3_PRICE,REPORT_LIMIT,3,0,1,1,0.3333333333333333,0.8,0.6508827209472656,9
w/o Attenuation,A2_etl_logic_error,medium,6,ETL_FX_STOCK_3_PRICE,REPORT_LIMIT,3,0,1,1,0.3333333333333333,0.8,0.6160736083984375,9
w/o Anomaly Score,A2_etl_logic_error,medium,6,ETL_FX_STOCK_3_PRICE,REPORT_LIMIT,15,0,0,0,0.06666666666666667,1.0,0.6120204925537109,9
APA-RCA v2 (Full),A2_etl_logic_error,medium,6,ETL_FX_STOCK_3_PRICE,REPORT_LIMIT,3,0,1,1,0.3333333333333333,0.8,0.6279945373535156,9
v2 w/o Adaptive Weight,A2_etl_logic_error,medium,6,ETL_FX_STOCK_3_PRICE,REPORT_LIMIT,3,0,1,1,0.3333333333333333,0.8,0.6000995635986328,9
v2 w/o Score-inv Beta,A2_etl_logic_error,medium,6,ETL_FX_STOCK_3_PRICE,REPORT_LIMIT,2,0,1,1,0.5,0.8,0.5888938903808594,9
v2 w/o Ancestor Const,A2_etl_logic_error,medium,6,ETL_FX_STOCK_3_PRICE,REPORT_LIMIT,3,0,1,1,0.3333333333333333,0.8,0.61798095703125,9
Schema-Constraint,A2_etl_logic_error,medium,6,ETL_FX_STOCK_3_PRICE,REPORT_LIMIT,28,0,0,0,0.03571428571428571,1.0,0.0,0
APA-RCA (Full),A2_etl_logic_error,medium,7,ETL_FX_STOCK_5_PRICE,REPORT_LIMIT,2,0,1,1,0.5,0.8,22.496700286865234,9
w/o Transform Weight,A2_etl_logic_error,medium,7,ETL_FX_STOCK_5_PRICE,REPORT_LIMIT,2,0,1,1,0.5,0.8,0.6122589111328125,9
w/o Attenuation,A2_etl_logic_error,medium,7,ETL_FX_STOCK_5_PRICE,REPORT_LIMIT,2,0,1,1,0.5,0.8,0.5791187286376953,9
w/o Anomaly Score,A2_etl_logic_error,medium,7,ETL_FX_STOCK_5_PRICE,REPORT_LIMIT,17,0,0,0,0.058823529411764705,1.0,0.5848407745361328,9
APA-RCA v2 (Full),A2_etl_logic_error,medium,7,ETL_FX_STOCK_5_PRICE,REPORT_LIMIT,2,0,1,1,0.5,0.8,0.6232261657714844,9
v2 w/o Adaptive Weight,A2_etl_logic_error,medium,7,ETL_FX_STOCK_5_PRICE,REPORT_LIMIT,2,0,1,1,0.5,0.8,0.6113052368164062,9
v2 w/o Score-inv Beta,A2_etl_logic_error,medium,7,ETL_FX_STOCK_5_PRICE,REPORT_LIMIT,1,1,1,1,1.0,0.8,0.5929470062255859,9
v2 w/o Ancestor Const,A2_etl_logic_error,medium,7,ETL_FX_STOCK_5_PRICE,REPORT_LIMIT,2,0,1,1,0.5,0.8,0.6189346313476562,9
Schema-Constraint,A2_etl_logic_error,medium,7,ETL_FX_STOCK_5_PRICE,REPORT_LIMIT,30,0,0,0,0.03333333333333333,1.0,0.0,0
APA-RCA (Full),A2_etl_logic_error,medium,8,ETL_FX_STOCK_4_PRICE,REPORT_LIMIT,3,0,1,1,0.3333333333333333,0.8,0.6520748138427734,9
w/o Transform Weight,A2_etl_logic_error,medium,8,ETL_FX_STOCK_4_PRICE,REPORT_LIMIT,5,0,0,1,0.2,0.8,0.6010532379150391,9
w/o Attenuation,A2_etl_logic_error,medium,8,ETL_FX_STOCK_4_PRICE,REPORT_LIMIT,3,0,1,1,0.3333333333333333,0.8,1.148223876953125,9
w/o Anomaly Score,A2_etl_logic_error,medium,8,ETL_FX_STOCK_4_PRICE,REPORT_LIMIT,16,0,0,0,0.0625,1.0,0.6000995635986328,9
APA-RCA v2 (Full),A2_etl_logic_error,medium,8,ETL_FX_STOCK_4_PRICE,REPORT_LIMIT,3,0,1,1,0.3333333333333333,0.8,0.6108283996582031,9
v2 w/o Adaptive Weight,A2_etl_logic_error,medium,8,ETL_FX_STOCK_4_PRICE,REPORT_LIMIT,3,0,1,1,0.3333333333333333,0.8,0.6129741668701172,9
v2 w/o Score-inv Beta,A2_etl_logic_error,medium,8,ETL_FX_STOCK_4_PRICE,REPORT_LIMIT,2,0,1,1,0.5,0.8,0.6308555603027344,9
v2 w/o Ancestor Const,A2_etl_logic_error,medium,8,ETL_FX_STOCK_4_PRICE,REPORT_LIMIT,3,0,1,1,0.3333333333333333,0.8,0.5810260772705078,9
Schema-Constraint,A2_etl_logic_error,medium,8,ETL_FX_STOCK_4_PRICE,REPORT_LIMIT,29,0,0,0,0.034482758620689655,1.0,0.0,0
APA-RCA (Full),A2_etl_logic_error,medium,9,ETL_FX_STOCK_3_PRICE,REPORT_LIMIT,3,0,1,1,0.3333333333333333,0.8,0.6530284881591797,9
w/o Transform Weight,A2_etl_logic_error,medium,9,ETL_FX_STOCK_3_PRICE,REPORT_LIMIT,4,0,0,1,0.25,0.8,0.6482601165771484,9
w/o Attenuation,A2_etl_logic_error,medium,9,ETL_FX_STOCK_3_PRICE,REPORT_LIMIT,3,0,1,1,0.3333333333333333,0.8,0.6060600280761719,9
w/o Anomaly Score,A2_etl_logic_error,medium,9,ETL_FX_STOCK_3_PRICE,REPORT_LIMIT,15,0,0,0,0.06666666666666667,1.0,1.1157989501953125,9
APA-RCA v2 (Full),A2_etl_logic_error,medium,9,ETL_FX_STOCK_3_PRICE,REPORT_LIMIT,3,0,1,1,0.3333333333333333,0.8,0.6270408630371094,9
v2 w/o Adaptive Weight,A2_etl_logic_error,medium,9,ETL_FX_STOCK_3_PRICE,REPORT_LIMIT,3,0,1,1,0.3333333333333333,0.8,0.6117820739746094,9
v2 w/o Score-inv Beta,A2_etl_logic_error,medium,9,ETL_FX_STOCK_3_PRICE,REPORT_LIMIT,3,0,1,1,0.3333333333333333,0.8,0.5908012390136719,9
v2 w/o Ancestor Const,A2_etl_logic_error,medium,9,ETL_FX_STOCK_3_PRICE,REPORT_LIMIT,3,0,1,1,0.3333333333333333,0.8,0.6279945373535156,9
Schema-Constraint,A2_etl_logic_error,medium,9,ETL_FX_STOCK_3_PRICE,REPORT_LIMIT,28,0,0,0,0.03571428571428571,1.0,0.0,0
APA-RCA (Full),A2_etl_logic_error,medium,10,ETL_FX_STOCK_4_PRICE,REPORT_LIMIT,2,0,1,1,0.5,0.8,0.6389617919921875,9
w/o Transform Weight,A2_etl_logic_error,medium,10,ETL_FX_STOCK_4_PRICE,REPORT_LIMIT,4,0,0,1,0.25,0.8,0.6480216979980469,9
w/o Attenuation,A2_etl_logic_error,medium,10,ETL_FX_STOCK_4_PRICE,REPORT_LIMIT,2,0,1,1,0.5,0.8,0.6101131439208984,9
w/o Anomaly Score,A2_etl_logic_error,medium,10,ETL_FX_STOCK_4_PRICE,REPORT_LIMIT,16,0,0,0,0.0625,1.0,0.6108283996582031,9
APA-RCA v2 (Full),A2_etl_logic_error,medium,10,ETL_FX_STOCK_4_PRICE,REPORT_LIMIT,2,0,1,1,0.5,0.8,0.6110668182373047,9
v2 w/o Adaptive Weight,A2_etl_logic_error,medium,10,ETL_FX_STOCK_4_PRICE,REPORT_LIMIT,2,0,1,1,0.5,0.8,1.1031627655029297,9
v2 w/o Score-inv Beta,A2_etl_logic_error,medium,10,ETL_FX_STOCK_4_PRICE,REPORT_LIMIT,1,1,1,1,1.0,0.8,0.57220458984375,9
v2 w/o Ancestor Const,A2_etl_logic_error,medium,10,ETL_FX_STOCK_4_PRICE,REPORT_LIMIT,2,0,1,1,0.5,0.8,0.6229877471923828,9
Schema-Constraint,A2_etl_logic_error,medium,10,ETL_FX_STOCK_4_PRICE,REPORT_LIMIT,29,0,0,0,0.034482758620689655,1.0,0.0,0
APA-RCA (Full),A2_etl_logic_error,medium,11,ETL_FX_STOCK_1_PRICE,REPORT_LIMIT,2,0,1,1,0.5,0.8,0.6568431854248047,9
w/o Transform Weight,A2_etl_logic_error,medium,11,ETL_FX_STOCK_1_PRICE,REPORT_LIMIT,3,0,1,1,0.3333333333333333,0.8,0.6427764892578125,9
w/o Attenuation,A2_etl_logic_error,medium,11,ETL_FX_STOCK_1_PRICE,REPORT_LIMIT,2,0,1,1,0.5,0.8,0.6079673767089844,9
w/o Anomaly Score,A2_etl_logic_error,medium,11,ETL_FX_STOCK_1_PRICE,REPORT_LIMIT,13,0,0,0,0.07692307692307693,1.0,0.6070137023925781,9
APA-RCA v2 (Full),A2_etl_logic_error,medium,11,ETL_FX_STOCK_1_PRICE,REPORT_LIMIT,1,1,1,1,1.0,0.8,0.6158351898193359,9
v2 w/o Adaptive Weight,A2_etl_logic_error,medium,11,ETL_FX_STOCK_1_PRICE,REPORT_LIMIT,2,0,1,1,0.5,0.8,0.61798095703125,9
v2 w/o Score-inv Beta,A2_etl_logic_error,medium,11,ETL_FX_STOCK_1_PRICE,REPORT_LIMIT,1,1,1,1,1.0,0.8,0.6129741668701172,9
v2 w/o Ancestor Const,A2_etl_logic_error,medium,11,ETL_FX_STOCK_1_PRICE,REPORT_LIMIT,1,1,1,1,1.0,0.8,0.5831718444824219,9
Schema-Constraint,A2_etl_logic_error,medium,11,ETL_FX_STOCK_1_PRICE,REPORT_LIMIT,26,0,0,0,0.038461538461538464,1.0,0.0,0
APA-RCA (Full),A2_etl_logic_error,medium,12,ETL_FX_STOCK_4_PRICE,REPORT_LIMIT,3,0,1,1,0.3333333333333333,0.8,0.6296634674072266,9
w/o Transform Weight,A2_etl_logic_error,medium,12,ETL_FX_STOCK_4_PRICE,REPORT_LIMIT,3,0,1,1,0.3333333333333333,0.8,0.6458759307861328,9
w/o Attenuation,A2_etl_logic_error,medium,12,ETL_FX_STOCK_4_PRICE,REPORT_LIMIT,3,0,1,1,0.3333333333333333,0.8,0.6091594696044922,9
w/o Anomaly Score,A2_etl_logic_error,medium,12,ETL_FX_STOCK_4_PRICE,REPORT_LIMIT,16,0,0,0,0.0625,1.0,0.6117820739746094,9
APA-RCA v2 (Full),A2_etl_logic_error,medium,12,ETL_FX_STOCK_4_PRICE,REPORT_LIMIT,2,0,1,1,0.5,0.8,0.6139278411865234,9
v2 w/o Adaptive Weight,A2_etl_logic_error,medium,12,ETL_FX_STOCK_4_PRICE,REPORT_LIMIT,3,0,1,1,0.3333333333333333,0.8,0.6091594696044922,9
v2 w/o Score-inv Beta,A2_etl_logic_error,medium,12,ETL_FX_STOCK_4_PRICE,REPORT_LIMIT,2,0,1,1,0.5,0.8,0.5931854248046875,9
v2 w/o Ancestor Const,A2_etl_logic_error,medium,12,ETL_FX_STOCK_4_PRICE,REPORT_LIMIT,2,0,1,1,0.5,0.8,0.6182193756103516,9
Schema-Constraint,A2_etl_logic_error,medium,12,ETL_FX_STOCK_4_PRICE,REPORT_LIMIT,29,0,0,0,0.034482758620689655,1.0,0.0,0
APA-RCA (Full),A2_etl_logic_error,medium,13,ETL_FX_STOCK_5_PRICE,REPORT_LIMIT,3,0,1,1,0.3333333333333333,0.8,0.6389617919921875,9
w/o Transform Weight,A2_etl_logic_error,medium,13,ETL_FX_STOCK_5_PRICE,REPORT_LIMIT,2,0,1,1,0.5,0.8,0.6508827209472656,9
w/o Attenuation,A2_etl_logic_error,medium,13,ETL_FX_STOCK_5_PRICE,REPORT_LIMIT,3,0,1,1,0.3333333333333333,0.8,0.6117820739746094,9
w/o Anomaly Score,A2_etl_logic_error,medium,13,ETL_FX_STOCK_5_PRICE,REPORT_LIMIT,17,0,0,0,0.058823529411764705,1.0,0.6339550018310547,9
APA-RCA v2 (Full),A2_etl_logic_error,medium,13,ETL_FX_STOCK_5_PRICE,REPORT_LIMIT,2,0,1,1,0.5,0.8,0.6201267242431641,9
v2 w/o Adaptive Weight,A2_etl_logic_error,medium,13,ETL_FX_STOCK_5_PRICE,REPORT_LIMIT,3,0,1,1,0.3333333333333333,0.8,0.5927085876464844,9
v2 w/o Score-inv Beta,A2_etl_logic_error,medium,13,ETL_FX_STOCK_5_PRICE,REPORT_LIMIT,3,0,1,1,0.3333333333333333,0.8,0.5929470062255859,9
v2 w/o Ancestor Const,A2_etl_logic_error,medium,13,ETL_FX_STOCK_5_PRICE,REPORT_LIMIT,2,0,1,1,0.5,0.8,0.6208419799804688,9
Schema-Constraint,A2_etl_logic_error,medium,13,ETL_FX_STOCK_5_PRICE,REPORT_LIMIT,30,0,0,0,0.03333333333333333,1.0,0.0,0
APA-RCA (Full),A2_etl_logic_error,medium,14,ETL_FX_STOCK_1_PRICE,REPORT_LIMIT,2,0,1,1,0.5,0.8,0.5979537963867188,9
w/o Transform Weight,A2_etl_logic_error,medium,14,ETL_FX_STOCK_1_PRICE,REPORT_LIMIT,4,0,0,1,0.25,0.8,1.112222671508789,9
w/o Attenuation,A2_etl_logic_error,medium,14,ETL_FX_STOCK_1_PRICE,REPORT_LIMIT,2,0,1,1,0.5,0.8,0.6170272827148438,9
w/o Anomaly Score,A2_etl_logic_error,medium,14,ETL_FX_STOCK_1_PRICE,REPORT_LIMIT,13,0,0,0,0.07692307692307693,1.0,0.6010532379150391,9
APA-RCA v2 (Full),A2_etl_logic_error,medium,14,ETL_FX_STOCK_1_PRICE,REPORT_LIMIT,2,0,1,1,0.5,0.8,0.6418228149414062,9
v2 w/o Adaptive Weight,A2_etl_logic_error,medium,14,ETL_FX_STOCK_1_PRICE,REPORT_LIMIT,2,0,1,1,0.5,0.8,0.6189346313476562,9
v2 w/o Score-inv Beta,A2_etl_logic_error,medium,14,ETL_FX_STOCK_1_PRICE,REPORT_LIMIT,1,1,1,1,1.0,0.8,0.6148815155029297,9
v2 w/o Ancestor Const,A2_etl_logic_error,medium,14,ETL_FX_STOCK_1_PRICE,REPORT_LIMIT,2,0,1,1,0.5,0.8,0.5910396575927734,9
Schema-Constraint,A2_etl_logic_error,medium,14,ETL_FX_STOCK_1_PRICE,REPORT_LIMIT,26,0,0,0,0.038461538461538464,1.0,0.0,0
APA-RCA (Full),A2_etl_logic_error,medium,15,ETL_FX_STOCK_5_PRICE,REPORT_LIMIT,3,0,1,1,0.3333333333333333,0.8,0.6439685821533203,9
w/o Transform Weight,A2_etl_logic_error,medium,15,ETL_FX_STOCK_5_PRICE,REPORT_LIMIT,4,0,0,1,0.25,0.8,0.637054443359375,9
w/o Attenuation,A2_etl_logic_error,medium,15,ETL_FX_STOCK_5_PRICE,REPORT_LIMIT,3,0,1,1,0.3333333333333333,0.8,0.6039142608642578,9
w/o Anomaly Score,A2_etl_logic_error,medium,15,ETL_FX_STOCK_5_PRICE,REPORT_LIMIT,17,0,0,0,0.058823529411764705,1.0,1.180887222290039,9
APA-RCA v2 (Full),A2_etl_logic_error,medium,15,ETL_FX_STOCK_5_PRICE,REPORT_LIMIT,3,0,1,1,0.3333333333333333,0.8,0.61798095703125,9
v2 w/o Adaptive Weight,A2_etl_logic_error,medium,15,ETL_FX_STOCK_5_PRICE,REPORT_LIMIT,3,0,1,1,0.3333333333333333,0.8,0.5829334259033203,9
v2 w/o Score-inv Beta,A2_etl_logic_error,medium,15,ETL_FX_STOCK_5_PRICE,REPORT_LIMIT,2,0,1,1,0.5,0.8,0.6411075592041016,9
v2 w/o Ancestor Const,A2_etl_logic_error,medium,15,ETL_FX_STOCK_5_PRICE,REPORT_LIMIT,3,0,1,1,0.3333333333333333,0.8,0.6098747253417969,9
Schema-Constraint,A2_etl_logic_error,medium,15,ETL_FX_STOCK_5_PRICE,REPORT_LIMIT,30,0,0,0,0.03333333333333333,1.0,0.0,0
APA-RCA (Full),A2_etl_logic_error,medium,16,ETL_FX_STOCK_3_PRICE,REPORT_LIMIT,2,0,1,1,0.5,0.8,0.6511211395263672,9
w/o Transform Weight,A2_etl_logic_error,medium,16,ETL_FX_STOCK_3_PRICE,REPORT_LIMIT,3,0,1,1,0.3333333333333333,0.8,0.6489753723144531,9
w/o Attenuation,A2_etl_logic_error,medium,16,ETL_FX_STOCK_3_PRICE,REPORT_LIMIT,2,0,1,1,0.5,0.8,0.6139278411865234,9
w/o Anomaly Score,A2_etl_logic_error,medium,16,ETL_FX_STOCK_3_PRICE,REPORT_LIMIT,15,0,0,0,0.06666666666666667,1.0,0.6189346313476562,9
APA-RCA v2 (Full),A2_etl_logic_error,medium,16,ETL_FX_STOCK_3_PRICE,REPORT_LIMIT,1,1,1,1,1.0,0.8,0.6158351898193359,9
v2 w/o Adaptive Weight,A2_etl_logic_error,medium,16,ETL_FX_STOCK_3_PRICE,REPORT_LIMIT,2,0,1,1,0.5,0.8,1.1248588562011719,9
v2 w/o Score-inv Beta,A2_etl_logic_error,medium,16,ETL_FX_STOCK_3_PRICE,REPORT_LIMIT,1,1,1,1,1.0,0.8,0.5860328674316406,9
v2 w/o Ancestor Const,A2_etl_logic_error,medium,16,ETL_FX_STOCK_3_PRICE,REPORT_LIMIT,1,1,1,1,1.0,0.8,0.6210803985595703,9
Schema-Constraint,A2_etl_logic_error,medium,16,ETL_FX_STOCK_3_PRICE,REPORT_LIMIT,28,0,0,0,0.03571428571428571,1.0,0.0,0
APA-RCA (Full),A2_etl_logic_error,medium,17,ETL_FX_STOCK_4_PRICE,REPORT_LIMIT,2,0,1,1,0.5,0.8,0.6620883941650391,9
w/o Transform Weight,A2_etl_logic_error,medium,17,ETL_FX_STOCK_4_PRICE,REPORT_LIMIT,3,0,1,1,0.3333333333333333,0.8,0.6537437438964844,9
w/o Attenuation,A2_etl_logic_error,medium,17,ETL_FX_STOCK_4_PRICE,REPORT_LIMIT,3,0,1,1,0.3333333333333333,0.8,0.6196498870849609,9
w/o Anomaly Score,A2_etl_logic_error,medium,17,ETL_FX_STOCK_4_PRICE,REPORT_LIMIT,16,0,0,0,0.0625,1.0,0.6191730499267578,9
APA-RCA v2 (Full),A2_etl_logic_error,medium,17,ETL_FX_STOCK_4_PRICE,REPORT_LIMIT,2,0,1,1,0.5,0.8,0.6160736083984375,9
v2 w/o Adaptive Weight,A2_etl_logic_error,medium,17,ETL_FX_STOCK_4_PRICE,REPORT_LIMIT,2,0,1,1,0.5,0.8,0.61798095703125,9
v2 w/o Score-inv Beta,A2_etl_logic_error,medium,17,ETL_FX_STOCK_4_PRICE,REPORT_LIMIT,2,0,1,1,0.5,0.8,0.591278076171875,9
v2 w/o Ancestor Const,A2_etl_logic_error,medium,17,ETL_FX_STOCK_4_PRICE,REPORT_LIMIT,2,0,1,1,0.5,0.8,0.6201267242431641,9
Schema-Constraint,A2_etl_logic_error,medium,17,ETL_FX_STOCK_4_PRICE,REPORT_LIMIT,29,0,0,0,0.034482758620689655,1.0,0.0,0
APA-RCA (Full),A2_etl_logic_error,medium,18,ETL_FX_STOCK_5_PRICE,REPORT_LIMIT,2,0,1,1,0.5,0.8,0.621795654296875,9
w/o Transform Weight,A2_etl_logic_error,medium,18,ETL_FX_STOCK_5_PRICE,REPORT_LIMIT,3,0,1,1,0.3333333333333333,0.8,0.6480216979980469,9
w/o Attenuation,A2_etl_logic_error,medium,18,ETL_FX_STOCK_5_PRICE,REPORT_LIMIT,2,0,1,1,0.5,0.8,0.6198883056640625,9
w/o Anomaly Score,A2_etl_logic_error,medium,18,ETL_FX_STOCK_5_PRICE,REPORT_LIMIT,17,0,0,0,0.058823529411764705,1.0,0.6148815155029297,9
APA-RCA v2 (Full),A2_etl_logic_error,medium,18,ETL_FX_STOCK_5_PRICE,REPORT_LIMIT,2,0,1,1,0.5,0.8,0.6151199340820312,9
v2 w/o Adaptive Weight,A2_etl_logic_error,medium,18,ETL_FX_STOCK_5_PRICE,REPORT_LIMIT,2,0,1,1,0.5,0.8,0.6058216094970703,9
v2 w/o Score-inv Beta,A2_etl_logic_error,medium,18,ETL_FX_STOCK_5_PRICE,REPORT_LIMIT,2,0,1,1,0.5,0.8,0.5841255187988281,9
v2 w/o Ancestor Const,A2_etl_logic_error,medium,18,ETL_FX_STOCK_5_PRICE,REPORT_LIMIT,2,0,1,1,0.5,0.8,0.6208419799804688,9
Schema-Constraint,A2_etl_logic_error,medium,18,ETL_FX_STOCK_5_PRICE,REPORT_LIMIT,30,0,0,0,0.03333333333333333,1.0,0.0,0
APA-RCA (Full),A2_etl_logic_error,medium,19,ETL_FX_STOCK_3_PRICE,REPORT_LIMIT,3,0,1,1,0.3333333333333333,0.8,0.6437301635742188,9
w/o Transform Weight,A2_etl_logic_error,medium,19,ETL_FX_STOCK_3_PRICE,REPORT_LIMIT,3,0,1,1,0.3333333333333333,0.8,0.6268024444580078,9
w/o Attenuation,A2_etl_logic_error,medium,19,ETL_FX_STOCK_3_PRICE,REPORT_LIMIT,3,0,1,1,0.3333333333333333,0.8,0.6148815155029297,9
w/o Anomaly Score,A2_etl_logic_error,medium,19,ETL_FX_STOCK_3_PRICE,REPORT_LIMIT,15,0,0,0,0.06666666666666667,1.0,0.6160736083984375,9
APA-RCA v2 (Full),A2_etl_logic_error,medium,19,ETL_FX_STOCK_3_PRICE,REPORT_LIMIT,2,0,1,1,0.5,0.8,0.5879402160644531,9
v2 w/o Adaptive Weight,A2_etl_logic_error,medium,19,ETL_FX_STOCK_3_PRICE,REPORT_LIMIT,3,0,1,1,0.3333333333333333,0.8,0.5881786346435547,9
v2 w/o Score-inv Beta,A2_etl_logic_error,medium,19,ETL_FX_STOCK_3_PRICE,REPORT_LIMIT,2,0,1,1,0.5,0.8,0.61798095703125,9
v2 w/o Ancestor Const,A2_etl_logic_error,medium,19,ETL_FX_STOCK_3_PRICE,REPORT_LIMIT,2,0,1,1,0.5,0.8,0.6062984466552734,9
Schema-Constraint,A2_etl_logic_error,medium,19,ETL_FX_STOCK_3_PRICE,REPORT_LIMIT,28,0,0,0,0.03571428571428571,1.0,0.0,0
APA-RCA (Full),A2_etl_logic_error,medium,20,ETL_FX_STOCK_5_PRICE,REPORT_LIMIT,2,0,1,1,0.5,0.8,0.6411075592041016,9
w/o Transform Weight,A2_etl_logic_error,medium,20,ETL_FX_STOCK_5_PRICE,REPORT_LIMIT,4,0,0,1,0.25,0.8,1.1668205261230469,9
w/o Attenuation,A2_etl_logic_error,medium,20,ETL_FX_STOCK_5_PRICE,REPORT_LIMIT,2,0,1,1,0.5,0.8,0.6041526794433594,9
w/o Anomaly Score,A2_etl_logic_error,medium,20,ETL_FX_STOCK_5_PRICE,REPORT_LIMIT,17,0,0,0,0.058823529411764705,1.0,0.6101131439208984,9
APA-RCA v2 (Full),A2_etl_logic_error,medium,20,ETL_FX_STOCK_5_PRICE,REPORT_LIMIT,2,0,1,1,0.5,0.8,0.6070137023925781,9
v2 w/o Adaptive Weight,A2_etl_logic_error,medium,20,ETL_FX_STOCK_5_PRICE,REPORT_LIMIT,2,0,1,1,0.5,0.8,0.6139278411865234,9
v2 w/o Score-inv Beta,A2_etl_logic_error,medium,20,ETL_FX_STOCK_5_PRICE,REPORT_LIMIT,2,0,1,1,0.5,0.8,0.5879402160644531,9
v2 w/o Ancestor Const,A2_etl_logic_error,medium,20,ETL_FX_STOCK_5_PRICE,REPORT_LIMIT,2,0,1,1,0.5,0.8,0.6237030029296875,9
Schema-Constraint,A2_etl_logic_error,medium,20,ETL_FX_STOCK_5_PRICE,REPORT_LIMIT,30,0,0,0,0.03333333333333333,1.0,0.0,0
APA-RCA (Full),A2_etl_logic_error,medium,21,ETL_FX_STOCK_2_PRICE,REPORT_LIMIT,2,0,1,1,0.5,0.8,0.6427764892578125,9
w/o Transform Weight,A2_etl_logic_error,medium,21,ETL_FX_STOCK_2_PRICE,REPORT_LIMIT,4,0,0,1,0.25,0.8,0.6399154663085938,9
w/o Attenuation,A2_etl_logic_error,medium,21,ETL_FX_STOCK_2_PRICE,REPORT_LIMIT,2,0,1,1,0.5,0.8,0.6110668182373047,9
w/o Anomaly Score,A2_etl_logic_error,medium,21,ETL_FX_STOCK_2_PRICE,REPORT_LIMIT,14,0,0,0,0.07142857142857142,1.0,1.1851787567138672,9
APA-RCA v2 (Full),A2_etl_logic_error,medium,21,ETL_FX_STOCK_2_PRICE,REPORT_LIMIT,2,0,1,1,0.5,0.8,0.6079673767089844,9
v2 w/o Adaptive Weight,A2_etl_logic_error,medium,21,ETL_FX_STOCK_2_PRICE,REPORT_LIMIT,2,0,1,1,0.5,0.8,0.5929470062255859,9
v2 w/o Score-inv Beta,A2_etl_logic_error,medium,21,ETL_FX_STOCK_2_PRICE,REPORT_LIMIT,2,0,1,1,0.5,0.8,0.6279945373535156,9
v2 w/o Ancestor Const,A2_etl_logic_error,medium,21,ETL_FX_STOCK_2_PRICE,REPORT_LIMIT,2,0,1,1,0.5,0.8,0.6091594696044922,9
Schema-Constraint,A2_etl_logic_error,medium,21,ETL_FX_STOCK_2_PRICE,REPORT_LIMIT,27,0,0,0,0.037037037037037035,1.0,0.0,0
APA-RCA (Full),A2_etl_logic_error,medium,22,ETL_FX_STOCK_4_PRICE,REPORT_LIMIT,2,0,1,1,0.5,0.8,0.61798095703125,9
w/o Transform Weight,A2_etl_logic_error,medium,22,ETL_FX_STOCK_4_PRICE,REPORT_LIMIT,2,0,1,1,0.5,0.8,0.6420612335205078,9
w/o Attenuation,A2_etl_logic_error,medium,22,ETL_FX_STOCK_4_PRICE,REPORT_LIMIT,2,0,1,1,0.5,0.8,0.6167888641357422,9
w/o Anomaly Score,A2_etl_logic_error,medium,22,ETL_FX_STOCK_4_PRICE,REPORT_LIMIT,16,0,0,0,0.0625,1.0,0.61798095703125,9
APA-RCA v2 (Full),A2_etl_logic_error,medium,22,ETL_FX_STOCK_4_PRICE,REPORT_LIMIT,2,0,1,1,0.5,0.8,0.6151199340820312,9
v2 w/o Adaptive Weight,A2_etl_logic_error,medium,22,ETL_FX_STOCK_4_PRICE,REPORT_LIMIT,2,0,1,1,0.5,0.8,1.1360645294189453,9
v2 w/o Score-inv Beta,A2_etl_logic_error,medium,22,ETL_FX_STOCK_4_PRICE,REPORT_LIMIT,2,0,1,1,0.5,0.8,0.57220458984375,9
v2 w/o Ancestor Const,A2_etl_logic_error,medium,22,ETL_FX_STOCK_4_PRICE,REPORT_LIMIT,2,0,1,1,0.5,0.8,0.6191730499267578,9
Schema-Constraint,A2_etl_logic_error,medium,22,ETL_FX_STOCK_4_PRICE,REPORT_LIMIT,29,0,0,0,0.034482758620689655,1.0,0.0,0
APA-RCA (Full),A2_etl_logic_error,medium,23,ETL_FX_STOCK_1_PRICE,REPORT_LIMIT,3,0,1,1,0.3333333333333333,0.8,0.6279945373535156,9
w/o Transform Weight,A2_etl_logic_error,medium,23,ETL_FX_STOCK_1_PRICE,REPORT_LIMIT,3,0,1,1,0.3333333333333333,0.8,0.6499290466308594,9
w/o Attenuation,A2_etl_logic_error,medium,23,ETL_FX_STOCK_1_PRICE,REPORT_LIMIT,3,0,1,1,0.3333333333333333,0.8,0.6120204925537109,9
w/o Anomaly Score,A2_etl_logic_error,medium,23,ETL_FX_STOCK_1_PRICE,REPORT_LIMIT,13,0,0,0,0.07692307692307693,1.0,0.6158351898193359,9
APA-RCA v2 (Full),A2_etl_logic_error,medium,23,ETL_FX_STOCK_1_PRICE,REPORT_LIMIT,2,0,1,1,0.5,0.8,0.6139278411865234,9
v2 w/o Adaptive Weight,A2_etl_logic_error,medium,23,ETL_FX_STOCK_1_PRICE,REPORT_LIMIT,3,0,1,1,0.3333333333333333,0.8,0.6151199340820312,9
v2 w/o Score-inv Beta,A2_etl_logic_error,medium,23,ETL_FX_STOCK_1_PRICE,REPORT_LIMIT,2,0,1,1,0.5,0.8,0.5941390991210938,9
v2 w/o Ancestor Const,A2_etl_logic_error,medium,23,ETL_FX_STOCK_1_PRICE,REPORT_LIMIT,2,0,1,1,0.5,0.8,0.6148815155029297,9
Schema-Constraint,A2_etl_logic_error,medium,23,ETL_FX_STOCK_1_PRICE,REPORT_LIMIT,26,0,0,0,0.038461538461538464,1.0,0.0,0
APA-RCA (Full),A2_etl_logic_error,medium,24,ETL_FX_STOCK_2_PRICE,REPORT_LIMIT,2,0,1,1,0.5,0.8,0.6351470947265625,9
w/o Transform Weight,A2_etl_logic_error,medium,24,ETL_FX_STOCK_2_PRICE,REPORT_LIMIT,3,0,1,1,0.3333333333333333,0.8,0.6539821624755859,9
w/o Attenuation,A2_etl_logic_error,medium,24,ETL_FX_STOCK_2_PRICE,REPORT_LIMIT,2,0,1,1,0.5,0.8,0.61798095703125,9
w/o Anomaly Score,A2_etl_logic_error,medium,24,ETL_FX_STOCK_2_PRICE,REPORT_LIMIT,14,0,0,0,0.07142857142857142,1.0,0.61798095703125,9
APA-RCA v2 (Full),A2_etl_logic_error,medium,24,ETL_FX_STOCK_2_PRICE,REPORT_LIMIT,2,0,1,1,0.5,0.8,0.621795654296875,9
v2 w/o Adaptive Weight,A2_etl_logic_error,medium,24,ETL_FX_STOCK_2_PRICE,REPORT_LIMIT,2,0,1,1,0.5,0.8,0.5886554718017578,9
v2 w/o Score-inv Beta,A2_etl_logic_error,medium,24,ETL_FX_STOCK_2_PRICE,REPORT_LIMIT,1,1,1,1,1.0,0.8,0.5960464477539062,9
v2 w/o Ancestor Const,A2_etl_logic_error,medium,24,ETL_FX_STOCK_2_PRICE,REPORT_LIMIT,2,0,1,1,0.5,0.8,0.6237030029296875,9
Schema-Constraint,A2_etl_logic_error,medium,24,ETL_FX_STOCK_2_PRICE,REPORT_LIMIT,27,0,0,0,0.037037037037037035,1.0,0.0,0
APA-RCA (Full),A2_etl_logic_error,medium,25,ETL_FX_STOCK_3_PRICE,REPORT_LIMIT,2,0,1,1,0.5,0.8,0.6682872772216797,9
w/o Transform Weight,A2_etl_logic_error,medium,25,ETL_FX_STOCK_3_PRICE,REPORT_LIMIT,4,0,0,1,0.25,0.8,0.6258487701416016,9
w/o Attenuation,A2_etl_logic_error,medium,25,ETL_FX_STOCK_3_PRICE,REPORT_LIMIT,2,0,1,1,0.5,0.8,0.6382465362548828,9
w/o Anomaly Score,A2_etl_logic_error,medium,25,ETL_FX_STOCK_3_PRICE,REPORT_LIMIT,15,0,0,0,0.06666666666666667,1.0,0.6201267242431641,9
APA-RCA v2 (Full),A2_etl_logic_error,medium,25,ETL_FX_STOCK_3_PRICE,REPORT_LIMIT,2,0,1,1,0.5,0.8,0.6089210510253906,9
v2 w/o Adaptive Weight,A2_etl_logic_error,medium,25,ETL_FX_STOCK_3_PRICE,REPORT_LIMIT,2,0,1,1,0.5,0.8,0.5929470062255859,9
v2 w/o Score-inv Beta,A2_etl_logic_error,medium,25,ETL_FX_STOCK_3_PRICE,REPORT_LIMIT,2,0,1,1,0.5,0.8,0.6308555603027344,9
v2 w/o Ancestor Const,A2_etl_logic_error,medium,25,ETL_FX_STOCK_3_PRICE,REPORT_LIMIT,2,0,1,1,0.5,0.8,0.614166259765625,9
Schema-Constraint,A2_etl_logic_error,medium,25,ETL_FX_STOCK_3_PRICE,REPORT_LIMIT,28,0,0,0,0.03571428571428571,1.0,0.0,0
APA-RCA (Full),A2_etl_logic_error,medium,26,ETL_FX_STOCK_5_PRICE,REPORT_LIMIT,2,0,1,1,0.5,0.8,0.6258487701416016,9
w/o Transform Weight,A2_etl_logic_error,medium,26,ETL_FX_STOCK_5_PRICE,REPORT_LIMIT,3,0,1,1,0.3333333333333333,0.8,1.15203857421875,9
w/o Attenuation,A2_etl_logic_error,medium,26,ETL_FX_STOCK_5_PRICE,REPORT_LIMIT,2,0,1,1,0.5,0.8,0.6139278411865234,9
w/o Anomaly Score,A2_etl_logic_error,medium,26,ETL_FX_STOCK_5_PRICE,REPORT_LIMIT,17,0,0,0,0.058823529411764705,1.0,0.6208419799804688,9
APA-RCA v2 (Full),A2_etl_logic_error,medium,26,ETL_FX_STOCK_5_PRICE,REPORT_LIMIT,2,0,1,1,0.5,0.8,0.6208419799804688,9
v2 w/o Adaptive Weight,A2_etl_logic_error,medium,26,ETL_FX_STOCK_5_PRICE,REPORT_LIMIT,2,0,1,1,0.5,0.8,0.6070137023925781,9
v2 w/o Score-inv Beta,A2_etl_logic_error,medium,26,ETL_FX_STOCK_5_PRICE,REPORT_LIMIT,2,0,1,1,0.5,0.8,0.5850791931152344,9
v2 w/o Ancestor Const,A2_etl_logic_error,medium,26,ETL_FX_STOCK_5_PRICE,REPORT_LIMIT,2,0,1,1,0.5,0.8,0.6232261657714844,9
Schema-Constraint,A2_etl_logic_error,medium,26,ETL_FX_STOCK_5_PRICE,REPORT_LIMIT,30,0,0,0,0.03333333333333333,1.0,0.0,0
APA-RCA (Full),A2_etl_logic_error,medium,27,ETL_FX_STOCK_1_PRICE,REPORT_LIMIT,3,0,1,1,0.3333333333333333,0.8,0.621795654296875,9
w/o Transform Weight,A2_etl_logic_error,medium,27,ETL_FX_STOCK_1_PRICE,REPORT_LIMIT,4,0,0,1,0.25,0.8,0.6511211395263672,9
w/o Attenuation,A2_etl_logic_error,medium,27,ETL_FX_STOCK_1_PRICE,REPORT_LIMIT,3,0,1,1,0.3333333333333333,0.8,0.6051063537597656,9
w/o Anomaly Score,A2_etl_logic_error,medium,27,ETL_FX_STOCK_1_PRICE,REPORT_LIMIT,13,0,0,0,0.07692307692307693,1.0,1.1098384857177734,9
APA-RCA v2 (Full),A2_etl_logic_error,medium,27,ETL_FX_STOCK_1_PRICE,REPORT_LIMIT,3,0,1,1,0.3333333333333333,0.8,0.6172657012939453,9
v2 w/o Adaptive Weight,A2_etl_logic_error,medium,27,ETL_FX_STOCK_1_PRICE,REPORT_LIMIT,3,0,1,1,0.3333333333333333,0.8,0.5869865417480469,9
v2 w/o Score-inv Beta,A2_etl_logic_error,medium,27,ETL_FX_STOCK_1_PRICE,REPORT_LIMIT,2,0,1,1,0.5,0.8,0.6279945373535156,9
v2 w/o Ancestor Const,A2_etl_logic_error,medium,27,ETL_FX_STOCK_1_PRICE,REPORT_LIMIT,3,0,1,1,0.3333333333333333,0.8,0.6089210510253906,9
Schema-Constraint,A2_etl_logic_error,medium,27,ETL_FX_STOCK_1_PRICE,REPORT_LIMIT,26,0,0,0,0.038461538461538464,1.0,0.0,0
APA-RCA (Full),A2_etl_logic_error,medium,28,ETL_FX_STOCK_4_PRICE,REPORT_LIMIT,2,0,1,1,0.5,0.8,0.6489753723144531,9
w/o Transform Weight,A2_etl_logic_error,medium,28,ETL_FX_STOCK_4_PRICE,REPORT_LIMIT,2,0,1,1,0.5,0.8,0.6461143493652344,9
w/o Attenuation,A2_etl_logic_error,medium,28,ETL_FX_STOCK_4_PRICE,REPORT_LIMIT,2,0,1,1,0.5,0.8,0.6210803985595703,9
w/o Anomaly Score,A2_etl_logic_error,medium,28,ETL_FX_STOCK_4_PRICE,REPORT_LIMIT,16,0,0,0,0.0625,1.0,0.6241798400878906,9
APA-RCA v2 (Full),A2_etl_logic_error,medium,28,ETL_FX_STOCK_4_PRICE,REPORT_LIMIT,2,0,1,1,0.5,0.8,0.6139278411865234,9
v2 w/o Adaptive Weight,A2_etl_logic_error,medium,28,ETL_FX_STOCK_4_PRICE,REPORT_LIMIT,2,0,1,1,0.5,0.8,1.1501312255859375,9
v2 w/o Score-inv Beta,A2_etl_logic_error,medium,28,ETL_FX_STOCK_4_PRICE,REPORT_LIMIT,1,1,1,1,1.0,0.8,0.5869865417480469,9
v2 w/o Ancestor Const,A2_etl_logic_error,medium,28,ETL_FX_STOCK_4_PRICE,REPORT_LIMIT,2,0,1,1,0.5,0.8,0.6239414215087891,9
Schema-Constraint,A2_etl_logic_error,medium,28,ETL_FX_STOCK_4_PRICE,REPORT_LIMIT,29,0,0,0,0.034482758620689655,1.0,0.0,0
APA-RCA (Full),A2_etl_logic_error,medium,29,ETL_FX_STOCK_5_PRICE,REPORT_LIMIT,2,0,1,1,0.5,0.8,0.6120204925537109,9
w/o Transform Weight,A2_etl_logic_error,medium,29,ETL_FX_STOCK_5_PRICE,REPORT_LIMIT,2,0,1,1,0.5,0.8,0.6608963012695312,9
w/o Attenuation,A2_etl_logic_error,medium,29,ETL_FX_STOCK_5_PRICE,REPORT_LIMIT,2,0,1,1,0.5,0.8,0.6251335144042969,9
w/o Anomaly Score,A2_etl_logic_error,medium,29,ETL_FX_STOCK_5_PRICE,REPORT_LIMIT,17,0,0,0,0.058823529411764705,1.0,0.6191730499267578,9
APA-RCA v2 (Full),A2_etl_logic_error,medium,29,ETL_FX_STOCK_5_PRICE,REPORT_LIMIT,2,0,1,1,0.5,0.8,0.6096363067626953,9
v2 w/o Adaptive Weight,A2_etl_logic_error,medium,29,ETL_FX_STOCK_5_PRICE,REPORT_LIMIT,2,0,1,1,0.5,0.8,0.6136894226074219,9
v2 w/o Score-inv Beta,A2_etl_logic_error,medium,29,ETL_FX_STOCK_5_PRICE,REPORT_LIMIT,1,1,1,1,1.0,0.8,0.5910396575927734,9
v2 w/o Ancestor Const,A2_etl_logic_error,medium,29,ETL_FX_STOCK_5_PRICE,REPORT_LIMIT,2,0,1,1,0.5,0.8,0.6158351898193359,9
Schema-Constraint,A2_etl_logic_error,medium,29,ETL_FX_STOCK_5_PRICE,REPORT_LIMIT,30,0,0,0,0.03333333333333333,1.0,0.0,0
APA-RCA (Full),A3_feature_calc_error,medium,0,FEAT_VOL20_STOCK_5_PRICE,REPORT_LIMIT,1,1,1,1,1.0,0.8,0.6289482116699219,9
w/o Transform Weight,A3_feature_calc_error,medium,0,FEAT_VOL20_STOCK_5_PRICE,REPORT_LIMIT,1,1,1,1,1.0,0.8,0.6499290466308594,9
w/o Attenuation,A3_feature_calc_error,medium,0,FEAT_VOL20_STOCK_5_PRICE,REPORT_LIMIT,1,1,1,1,1.0,0.8,0.6210803985595703,9
w/o Anomaly Score,A3_feature_calc_error,medium,0,FEAT_VOL20_STOCK_5_PRICE,REPORT_LIMIT,5,0,0,1,0.2,0.8,0.6158351898193359,9
APA-RCA v2 (Full),A3_feature_calc_error,medium,0,FEAT_VOL20_STOCK_5_PRICE,REPORT_LIMIT,1,1,1,1,1.0,0.8,0.61798095703125,9
v2 w/o Adaptive Weight,A3_feature_calc_error,medium,0,FEAT_VOL20_STOCK_5_PRICE,REPORT_LIMIT,1,1,1,1,1.0,0.8,0.5881786346435547,9
v2 w/o Score-inv Beta,A3_feature_calc_error,medium,0,FEAT_VOL20_STOCK_5_PRICE,REPORT_LIMIT,1,1,1,1,1.0,0.8,0.5829334259033203,9
v2 w/o Ancestor Const,A3_feature_calc_error,medium,0,FEAT_VOL20_STOCK_5_PRICE,REPORT_LIMIT,1,1,1,1,1.0,0.8,0.6129741668701172,9
Schema-Constraint,A3_feature_calc_error,medium,0,FEAT_VOL20_STOCK_5_PRICE,REPORT_LIMIT,45,0,0,0,0.022222222222222223,1.0,0.0,0
APA-RCA (Full),A3_feature_calc_error,medium,1,FEAT_VOL20_STOCK_3_PRICE,REPORT_LIMIT,1,1,1,1,1.0,0.8,22.02582359313965,9
w/o Transform Weight,A3_feature_calc_error,medium,1,FEAT_VOL20_STOCK_3_PRICE,REPORT_LIMIT,4,0,0,1,0.25,0.8,0.5927085876464844,9
w/o Attenuation,A3_feature_calc_error,medium,1,FEAT_VOL20_STOCK_3_PRICE,REPORT_LIMIT,1,1,1,1,1.0,0.8,0.5640983581542969,9
w/o Anomaly Score,A3_feature_calc_error,medium,1,FEAT_VOL20_STOCK_3_PRICE,REPORT_LIMIT,3,0,1,1,0.3333333333333333,0.8,0.5998611450195312,9
APA-RCA v2 (Full),A3_feature_calc_error,medium,1,FEAT_VOL20_STOCK_3_PRICE,REPORT_LIMIT,1,1,1,1,1.0,0.8,0.6017684936523438,9
v2 w/o Adaptive Weight,A3_feature_calc_error,medium,1,FEAT_VOL20_STOCK_3_PRICE,REPORT_LIMIT,1,1,1,1,1.0,0.8,0.6058216094970703,9
v2 w/o Score-inv Beta,A3_feature_calc_error,medium,1,FEAT_VOL20_STOCK_3_PRICE,REPORT_LIMIT,1,1,1,1,1.0,0.8,0.5860328674316406,9
v2 w/o Ancestor Const,A3_feature_calc_error,medium,1,FEAT_VOL20_STOCK_3_PRICE,REPORT_LIMIT,1,1,1,1,1.0,0.8,0.6167888641357422,9
Schema-Constraint,A3_feature_calc_error,medium,1,FEAT_VOL20_STOCK_3_PRICE,REPORT_LIMIT,43,0,0,0,0.023255813953488372,1.0,0.0,0
APA-RCA (Full),A3_feature_calc_error,medium,2,FEAT_VOL20_STOCK_5_PRICE,REPORT_LIMIT,1,1,1,1,1.0,0.8,0.6341934204101562,9
w/o Transform Weight,A3_feature_calc_error,medium,2,FEAT_VOL20_STOCK_5_PRICE,REPORT_LIMIT,1,1,1,1,1.0,0.8,0.6151199340820312,9
w/o Attenuation,A3_feature_calc_error,medium,2,FEAT_VOL20_STOCK_5_PRICE,REPORT_LIMIT,1,1,1,1,1.0,0.8,1.1639595031738281,9
w/o Anomaly Score,A3_feature_calc_error,medium,2,FEAT_VOL20_STOCK_5_PRICE,REPORT_LIMIT,5,0,0,1,0.2,0.8,0.6010532379150391,9
APA-RCA v2 (Full),A3_feature_calc_error,medium,2,FEAT_VOL20_STOCK_5_PRICE,REPORT_LIMIT,1,1,1,1,1.0,0.8,0.6079673767089844,9
v2 w/o Adaptive Weight,A3_feature_calc_error,medium,2,FEAT_VOL20_STOCK_5_PRICE,REPORT_LIMIT,1,1,1,1,1.0,0.8,0.6070137023925781,9
v2 w/o Score-inv Beta,A3_feature_calc_error,medium,2,FEAT_VOL20_STOCK_5_PRICE,REPORT_LIMIT,1,1,1,1,1.0,0.8,0.6070137023925781,9
v2 w/o Ancestor Const,A3_feature_calc_error,medium,2,FEAT_VOL20_STOCK_5_PRICE,REPORT_LIMIT,1,1,1,1,1.0,0.8,0.5819797515869141,9
Schema-Constraint,A3_feature_calc_error,medium,2,FEAT_VOL20_STOCK_5_PRICE,REPORT_LIMIT,45,0,0,0,0.022222222222222223,1.0,0.0,0
APA-RCA (Full),A3_feature_calc_error,medium,3,FEAT_VOL20_STOCK_5_PRICE,REPORT_LIMIT,1,1,1,1,1.0,0.8,0.6330013275146484,9
w/o Transform Weight,A3_feature_calc_error,medium,3,FEAT_VOL20_STOCK_5_PRICE,REPORT_LIMIT,1,1,1,1,1.0,0.8,0.6451606750488281,9
w/o Attenuation,A3_feature_calc_error,medium,3,FEAT_VOL20_STOCK_5_PRICE,REPORT_LIMIT,1,1,1,1,1.0,0.8,0.6089210510253906,9
w/o Anomaly Score,A3_feature_calc_error,medium,3,FEAT_VOL20_STOCK_5_PRICE,REPORT_LIMIT,5,0,0,1,0.2,0.8,1.10626220703125,9
APA-RCA v2 (Full),A3_feature_calc_error,medium,3,FEAT_VOL20_STOCK_5_PRICE,REPORT_LIMIT,2,0,1,1,0.5,0.8,0.6189346313476562,9
v2 w/o Adaptive Weight,A3_feature_calc_error,medium,3,FEAT_VOL20_STOCK_5_PRICE,REPORT_LIMIT,1,1,1,1,1.0,0.8,0.6151199340820312,9
v2 w/o Score-inv Beta,A3_feature_calc_error,medium,3,FEAT_VOL20_STOCK_5_PRICE,REPORT_LIMIT,1,1,1,1,1.0,0.8,0.5879402160644531,9
v2 w/o Ancestor Const,A3_feature_calc_error,medium,3,FEAT_VOL20_STOCK_5_PRICE,REPORT_LIMIT,2,0,1,1,0.5,0.8,0.6270408630371094,9
Schema-Constraint,A3_feature_calc_error,medium,3,FEAT_VOL20_STOCK_5_PRICE,REPORT_LIMIT,45,0,0,0,0.022222222222222223,1.0,0.0,0
APA-RCA (Full),A3_feature_calc_error,medium,4,FEAT_VOL20_STOCK_4_PRICE,REPORT_LIMIT,1,1,1,1,1.0,0.8,0.6740093231201172,9
w/o Transform Weight,A3_feature_calc_error,medium,4,FEAT_VOL20_STOCK_4_PRICE,REPORT_LIMIT,3,0,1,1,0.3333333333333333,0.8,0.6520748138427734,9
w/o Attenuation,A3_feature_calc_error,medium,4,FEAT_VOL20_STOCK_4_PRICE,REPORT_LIMIT,1,1,1,1,1.0,0.8,0.6511211395263672,9
w/o Anomaly Score,A3_feature_calc_error,medium,4,FEAT_VOL20_STOCK_4_PRICE,REPORT_LIMIT,4,0,0,1,0.25,0.8,0.6148815155029297,9
APA-RCA v2 (Full),A3_feature_calc_error,medium,4,FEAT_VOL20_STOCK_4_PRICE,REPORT_LIMIT,3,0,1,1,0.3333333333333333,0.8,0.6158351898193359,9
v2 w/o Adaptive Weight,A3_feature_calc_error,medium,4,FEAT_VOL20_STOCK_4_PRICE,REPORT_LIMIT,1,1,1,1,1.0,0.8,1.1868476867675781,9
v2 w/o Score-inv Beta,A3_feature_calc_error,medium,4,FEAT_VOL20_STOCK_4_PRICE,REPORT_LIMIT,2,0,1,1,0.5,0.8,0.5891323089599609,9
v2 w/o Ancestor Const,A3_feature_calc_error,medium,4,FEAT_VOL20_STOCK_4_PRICE,REPORT_LIMIT,3,0,1,1,0.3333333333333333,0.8,0.6270408630371094,9
Schema-Constraint,A3_feature_calc_error,medium,4,FEAT_VOL20_STOCK_4_PRICE,REPORT_LIMIT,44,0,0,0,0.022727272727272728,1.0,0.0,0
APA-RCA (Full),A3_feature_calc_error,medium,5,FEAT_VOL20_STOCK_4_PRICE,REPORT_LIMIT,1,1,1,1,1.0,0.8,0.6868839263916016,9
w/o Transform Weight,A3_feature_calc_error,medium,5,FEAT_VOL20_STOCK_4_PRICE,REPORT_LIMIT,2,0,1,1,0.5,0.8,0.6608963012695312,9
w/o Attenuation,A3_feature_calc_error,medium,5,FEAT_VOL20_STOCK_4_PRICE,REPORT_LIMIT,1,1,1,1,1.0,0.8,0.6101131439208984,9
w/o Anomaly Score,A3_feature_calc_error,medium,5,FEAT_VOL20_STOCK_4_PRICE,REPORT_LIMIT,4,0,0,1,0.25,0.8,0.5991458892822266,9
APA-RCA v2 (Full),A3_feature_calc_error,medium,5,FEAT_VOL20_STOCK_4_PRICE,REPORT_LIMIT,2,0,1,1,0.5,0.8,0.6167888641357422,9
v2 w/o Adaptive Weight,A3_feature_calc_error,medium,5,FEAT_VOL20_STOCK_4_PRICE,REPORT_LIMIT,1,1,1,1,1.0,0.8,0.6151199340820312,9
v2 w/o Score-inv Beta,A3_feature_calc_error,medium,5,FEAT_VOL20_STOCK_4_PRICE,REPORT_LIMIT,1,1,1,1,1.0,0.8,0.6189346313476562,9
v2 w/o Ancestor Const,A3_feature_calc_error,medium,5,FEAT_VOL20_STOCK_4_PRICE,REPORT_LIMIT,2,0,1,1,0.5,0.8,0.5810260772705078,9
Schema-Constraint,A3_feature_calc_error,medium,5,FEAT_VOL20_STOCK_4_PRICE,REPORT_LIMIT,44,0,0,0,0.022727272727272728,1.0,0.0,0
APA-RCA (Full),A3_feature_calc_error,medium,6,FEAT_VOL20_STOCK_3_PRICE,REPORT_LIMIT,1,1,1,1,1.0,0.8,0.6210803985595703,9
w/o Transform Weight,A3_feature_calc_error,medium,6,FEAT_VOL20_STOCK_3_PRICE,REPORT_LIMIT,2,0,1,1,0.5,0.8,0.6458759307861328,9
w/o Attenuation,A3_feature_calc_error,medium,6,FEAT_VOL20_STOCK_3_PRICE,REPORT_LIMIT,1,1,1,1,1.0,0.8,0.6120204925537109,9
w/o Anomaly Score,A3_feature_calc_error,medium,6,FEAT_VOL20_STOCK_3_PRICE,REPORT_LIMIT,3,0,1,1,0.3333333333333333,0.8,0.6039142608642578,9
APA-RCA v2 (Full),A3_feature_calc_error,medium,6,FEAT_VOL20_STOCK_3_PRICE,REPORT_LIMIT,3,0,1,1,0.3333333333333333,0.8,0.6189346313476562,9
v2 w/o Adaptive Weight,A3_feature_calc_error,medium,6,FEAT_VOL20_STOCK_3_PRICE,REPORT_LIMIT,1,1,1,1,1.0,0.8,0.6091594696044922,9
v2 w/o Score-inv Beta,A3_feature_calc_error,medium,6,FEAT_VOL20_STOCK_3_PRICE,REPORT_LIMIT,1,1,1,1,1.0,0.8,0.5939006805419922,9
v2 w/o Ancestor Const,A3_feature_calc_error,medium,6,FEAT_VOL20_STOCK_3_PRICE,REPORT_LIMIT,3,0,1,1,0.3333333333333333,0.8,0.6241798400878906,9
Schema-Constraint,A3_feature_calc_error,medium,6,FEAT_VOL20_STOCK_3_PRICE,REPORT_LIMIT,43,0,0,0,0.023255813953488372,1.0,0.0,0
APA-RCA (Full),A3_feature_calc_error,medium,7,FEAT_VOL20_STOCK_5_PRICE,REPORT_DASHBOARD,1,1,1,1,1.0,0.8,0.6320476531982422,9
w/o Transform Weight,A3_feature_calc_error,medium,7,FEAT_VOL20_STOCK_5_PRICE,REPORT_DASHBOARD,3,0,1,1,0.3333333333333333,0.8,0.6458759307861328,9
w/o Attenuation,A3_feature_calc_error,medium,7,FEAT_VOL20_STOCK_5_PRICE,REPORT_DASHBOARD,1,1,1,1,1.0,0.8,0.6129741668701172,9
w/o Anomaly Score,A3_feature_calc_error,medium,7,FEAT_VOL20_STOCK_5_PRICE,REPORT_DASHBOARD,5,0,0,1,0.2,0.8,0.6022453308105469,9
APA-RCA v2 (Full),A3_feature_calc_error,medium,7,FEAT_VOL20_STOCK_5_PRICE,REPORT_DASHBOARD,2,0,1,1,0.5,0.8,0.6082057952880859,9
v2 w/o Adaptive Weight,A3_feature_calc_error,medium,7,FEAT_VOL20_STOCK_5_PRICE,REPORT_DASHBOARD,1,1,1,1,1.0,0.8,0.6208419799804688,9
v2 w/o Score-inv Beta,A3_feature_calc_error,medium,7,FEAT_VOL20_STOCK_5_PRICE,REPORT_DASHBOARD,1,1,1,1,1.0,0.8,0.6279945373535156,9
v2 w/o Ancestor Const,A3_feature_calc_error,medium,7,FEAT_VOL20_STOCK_5_PRICE,REPORT_DASHBOARD,2,0,1,1,0.5,0.8,0.6480216979980469,9
Schema-Constraint,A3_feature_calc_error,medium,7,FEAT_VOL20_STOCK_5_PRICE,REPORT_DASHBOARD,45,0,0,0,0.022222222222222223,1.0,0.0,0
APA-RCA (Full),A3_feature_calc_error,medium,8,FEAT_VOL20_STOCK_4_PRICE,REPORT_LIMIT,1,1,1,1,1.0,0.8,0.6382465362548828,9
w/o Transform Weight,A3_feature_calc_error,medium,8,FEAT_VOL20_STOCK_4_PRICE,REPORT_LIMIT,3,0,1,1,0.3333333333333333,0.8,1.1599063873291016,9
w/o Attenuation,A3_feature_calc_error,medium,8,FEAT_VOL20_STOCK_4_PRICE,REPORT_LIMIT,1,1,1,1,1.0,0.8,0.6098747253417969,9
w/o Anomaly Score,A3_feature_calc_error,medium,8,FEAT_VOL20_STOCK_4_PRICE,REPORT_LIMIT,4,0,0,1,0.25,0.8,0.6129741668701172,9
APA-RCA v2 (Full),A3_feature_calc_error,medium,8,FEAT_VOL20_STOCK_4_PRICE,REPORT_LIMIT,2,0,1,1,0.5,0.8,0.6070137023925781,9
v2 w/o Adaptive Weight,A3_feature_calc_error,medium,8,FEAT_VOL20_STOCK_4_PRICE,REPORT_LIMIT,1,1,1,1,1.0,0.8,0.6151199340820312,9
v2 w/o Score-inv Beta,A3_feature_calc_error,medium,8,FEAT_VOL20_STOCK_4_PRICE,REPORT_LIMIT,1,1,1,1,1.0,0.8,0.614166259765625,9
v2 w/o Ancestor Const,A3_feature_calc_error,medium,8,FEAT_VOL20_STOCK_4_PRICE,REPORT_LIMIT,2,0,1,1,0.5,0.8,0.5908012390136719,9
Schema-Constraint,A3_feature_calc_error,medium,8,FEAT_VOL20_STOCK_4_PRICE,REPORT_LIMIT,44,0,0,0,0.022727272727272728,1.0,0.0,0
APA-RCA (Full),A3_feature_calc_error,medium,9,FEAT_VOL20_STOCK_3_PRICE,REPORT_LIMIT,1,1,1,1,1.0,0.8,1.8661022186279297,9
w/o Transform Weight,A3_feature_calc_error,medium,9,FEAT_VOL20_STOCK_3_PRICE,REPORT_LIMIT,3,0,1,1,0.3333333333333333,0.8,2.5599002838134766,9
w/o Attenuation,A3_feature_calc_error,medium,9,FEAT_VOL20_STOCK_3_PRICE,REPORT_LIMIT,1,1,1,1,1.0,0.8,1.4677047729492188,9
w/o Anomaly Score,A3_feature_calc_error,medium,9,FEAT_VOL20_STOCK_3_PRICE,REPORT_LIMIT,3,0,1,1,0.3333333333333333,0.8,3.2320022583007812,9
APA-RCA v2 (Full),A3_feature_calc_error,medium,9,FEAT_VOL20_STOCK_3_PRICE,REPORT_LIMIT,3,0,1,1,0.3333333333333333,0.8,1.4791488647460938,9
v2 w/o Adaptive Weight,A3_feature_calc_error,medium,9,FEAT_VOL20_STOCK_3_PRICE,REPORT_LIMIT,1,1,1,1,1.0,0.8,1.1720657348632812,9
v2 w/o Score-inv Beta,A3_feature_calc_error,medium,9,FEAT_VOL20_STOCK_3_PRICE,REPORT_LIMIT,2,0,1,1,0.5,0.8,0.9849071502685547,9
v2 w/o Ancestor Const,A3_feature_calc_error,medium,9,FEAT_VOL20_STOCK_3_PRICE,REPORT_LIMIT,3,0,1,1,0.3333333333333333,0.8,1.1410713195800781,9
Schema-Constraint,A3_feature_calc_error,medium,9,FEAT_VOL20_STOCK_3_PRICE,REPORT_LIMIT,43,0,0,0,0.023255813953488372,1.0,0.0,0
APA-RCA (Full),A3_feature_calc_error,medium,10,FEAT_VOL20_STOCK_4_PRICE,REPORT_LIMIT,1,1,1,1,1.0,0.8,0.6699562072753906,9
w/o Transform Weight,A3_feature_calc_error,medium,10,FEAT_VOL20_STOCK_4_PRICE,REPORT_LIMIT,4,0,0,1,0.25,0.8,0.6430149078369141,9
w/o Attenuation,A3_feature_calc_error,medium,10,FEAT_VOL20_STOCK_4_PRICE,REPORT_LIMIT,1,1,1,1,1.0,0.8,0.6239414215087891,9
w/o Anomaly Score,A3_feature_calc_error,medium,10,FEAT_VOL20_STOCK_4_PRICE,REPORT_LIMIT,4,0,0,1,0.25,0.8,0.6108283996582031,9
APA-RCA v2 (Full),A3_feature_calc_error,medium,10,FEAT_VOL20_STOCK_4_PRICE,REPORT_LIMIT,1,1,1,1,1.0,0.8,0.6079673767089844,9
v2 w/o Adaptive Weight,A3_feature_calc_error,medium,10,FEAT_VOL20_STOCK_4_PRICE,REPORT_LIMIT,1,1,1,1,1.0,0.8,1.1699199676513672,9
v2 w/o Score-inv Beta,A3_feature_calc_error,medium,10,FEAT_VOL20_STOCK_4_PRICE,REPORT_LIMIT,1,1,1,1,1.0,0.8,0.598907470703125,9
v2 w/o Ancestor Const,A3_feature_calc_error,medium,10,FEAT_VOL20_STOCK_4_PRICE,REPORT_LIMIT,1,1,1,1,1.0,0.8,0.614166259765625,9
Schema-Constraint,A3_feature_calc_error,medium,10,FEAT_VOL20_STOCK_4_PRICE,REPORT_LIMIT,44,0,0,0,0.022727272727272728,1.0,0.0,0
APA-RCA (Full),A3_feature_calc_error,medium,11,FEAT_VOL20_STOCK_1_PRICE,REPORT_LIMIT,1,1,1,1,1.0,0.8,0.6651878356933594,9
w/o Transform Weight,A3_feature_calc_error,medium,11,FEAT_VOL20_STOCK_1_PRICE,REPORT_LIMIT,2,0,1,1,0.5,0.8,0.6439685821533203,9
w/o Attenuation,A3_feature_calc_error,medium,11,FEAT_VOL20_STOCK_1_PRICE,REPORT_LIMIT,1,1,1,1,1.0,0.8,0.6079673767089844,9
w/o Anomaly Score,A3_feature_calc_error,medium,11,FEAT_VOL20_STOCK_1_PRICE,REPORT_LIMIT,1,1,1,1,1.0,0.8,0.6127357482910156,9
APA-RCA v2 (Full),A3_feature_calc_error,medium,11,FEAT_VOL20_STOCK_1_PRICE,REPORT_LIMIT,1,1,1,1,1.0,0.8,0.6117820739746094,9
v2 w/o Adaptive Weight,A3_feature_calc_error,medium,11,FEAT_VOL20_STOCK_1_PRICE,REPORT_LIMIT,1,1,1,1,1.0,0.8,0.6079673767089844,9
v2 w/o Score-inv Beta,A3_feature_calc_error,medium,11,FEAT_VOL20_STOCK_1_PRICE,REPORT_LIMIT,1,1,1,1,1.0,0.8,0.5857944488525391,9
v2 w/o Ancestor Const,A3_feature_calc_error,medium,11,FEAT_VOL20_STOCK_1_PRICE,REPORT_LIMIT,1,1,1,1,1.0,0.8,0.6241798400878906,9
Schema-Constraint,A3_feature_calc_error,medium,11,FEAT_VOL20_STOCK_1_PRICE,REPORT_LIMIT,41,0,0,0,0.024390243902439025,1.0,0.0,0
APA-RCA (Full),A3_feature_calc_error,medium,12,FEAT_VOL20_STOCK_4_PRICE,REPORT_LIMIT,1,1,1,1,1.0,0.8,0.6628036499023438,9
w/o Transform Weight,A3_feature_calc_error,medium,12,FEAT_VOL20_STOCK_4_PRICE,REPORT_LIMIT,4,0,0,1,0.25,0.8,0.6518363952636719,9
w/o Attenuation,A3_feature_calc_error,medium,12,FEAT_VOL20_STOCK_4_PRICE,REPORT_LIMIT,1,1,1,1,1.0,0.8,0.6220340728759766,9
w/o Anomaly Score,A3_feature_calc_error,medium,12,FEAT_VOL20_STOCK_4_PRICE,REPORT_LIMIT,4,0,0,1,0.25,0.8,0.6270408630371094,9
APA-RCA v2 (Full),A3_feature_calc_error,medium,12,FEAT_VOL20_STOCK_4_PRICE,REPORT_LIMIT,2,0,1,1,0.5,0.8,0.6158351898193359,9
v2 w/o Adaptive Weight,A3_feature_calc_error,medium,12,FEAT_VOL20_STOCK_4_PRICE,REPORT_LIMIT,1,1,1,1,1.0,0.8,0.5900859832763672,9
v2 w/o Score-inv Beta,A3_feature_calc_error,medium,12,FEAT_VOL20_STOCK_4_PRICE,REPORT_LIMIT,2,0,1,1,0.5,0.8,0.5948543548583984,9
v2 w/o Ancestor Const,A3_feature_calc_error,medium,12,FEAT_VOL20_STOCK_4_PRICE,REPORT_LIMIT,2,0,1,1,0.5,0.8,0.6139278411865234,9
Schema-Constraint,A3_feature_calc_error,medium,12,FEAT_VOL20_STOCK_4_PRICE,REPORT_LIMIT,44,0,0,0,0.022727272727272728,1.0,0.0,0
APA-RCA (Full),A3_feature_calc_error,medium,13,FEAT_VOL20_STOCK_5_PRICE,REPORT_LIMIT,1,1,1,1,1.0,0.8,0.6847381591796875,9
w/o Transform Weight,A3_feature_calc_error,medium,13,FEAT_VOL20_STOCK_5_PRICE,REPORT_LIMIT,1,1,1,1,1.0,0.8,0.6449222564697266,9
w/o Attenuation,A3_feature_calc_error,medium,13,FEAT_VOL20_STOCK_5_PRICE,REPORT_LIMIT,1,1,1,1,1.0,0.8,0.6170272827148438,9
w/o Anomaly Score,A3_feature_calc_error,medium,13,FEAT_VOL20_STOCK_5_PRICE,REPORT_LIMIT,5,0,0,1,0.2,0.8,0.6270408630371094,9
APA-RCA v2 (Full),A3_feature_calc_error,medium,13,FEAT_VOL20_STOCK_5_PRICE,REPORT_LIMIT,2,0,1,1,0.5,0.8,0.5970001220703125,9
v2 w/o Adaptive Weight,A3_feature_calc_error,medium,13,FEAT_VOL20_STOCK_5_PRICE,REPORT_LIMIT,1,1,1,1,1.0,0.8,0.5950927734375,9
v2 w/o Score-inv Beta,A3_feature_calc_error,medium,13,FEAT_VOL20_STOCK_5_PRICE,REPORT_LIMIT,2,0,1,1,0.5,0.8,0.6198883056640625,9
v2 w/o Ancestor Const,A3_feature_calc_error,medium,13,FEAT_VOL20_STOCK_5_PRICE,REPORT_LIMIT,2,0,1,1,0.5,0.8,0.6060600280761719,9
Schema-Constraint,A3_feature_calc_error,medium,13,FEAT_VOL20_STOCK_5_PRICE,REPORT_LIMIT,45,0,0,0,0.022222222222222223,1.0,0.0,0
APA-RCA (Full),A3_feature_calc_error,medium,14,FEAT_VOL20_STOCK_1_PRICE,REPORT_LIMIT,1,1,1,1,1.0,0.8,0.6871223449707031,9
w/o Transform Weight,A3_feature_calc_error,medium,14,FEAT_VOL20_STOCK_1_PRICE,REPORT_LIMIT,3,0,1,1,0.3333333333333333,0.8,1.2810230255126953,9
w/o Attenuation,A3_feature_calc_error,medium,14,FEAT_VOL20_STOCK_1_PRICE,REPORT_LIMIT,1,1,1,1,1.0,0.8,0.6132125854492188,9
w/o Anomaly Score,A3_feature_calc_error,medium,14,FEAT_VOL20_STOCK_1_PRICE,REPORT_LIMIT,1,1,1,1,1.0,0.8,0.61798095703125,9
APA-RCA v2 (Full),A3_feature_calc_error,medium,14,FEAT_VOL20_STOCK_1_PRICE,REPORT_LIMIT,2,0,1,1,0.5,0.8,0.6310939788818359,9
v2 w/o Adaptive Weight,A3_feature_calc_error,medium,14,FEAT_VOL20_STOCK_1_PRICE,REPORT_LIMIT,1,1,1,1,1.0,0.8,0.6463527679443359,9
v2 w/o Score-inv Beta,A3_feature_calc_error,medium,14,FEAT_VOL20_STOCK_1_PRICE,REPORT_LIMIT,1,1,1,1,1.0,0.8,0.61798095703125,9
v2 w/o Ancestor Const,A3_feature_calc_error,medium,14,FEAT_VOL20_STOCK_1_PRICE,REPORT_LIMIT,2,0,1,1,0.5,0.8,0.6439685821533203,9
Schema-Constraint,A3_feature_calc_error,medium,14,FEAT_VOL20_STOCK_1_PRICE,REPORT_LIMIT,41,0,0,0,0.024390243902439025,1.0,0.0,0
APA-RCA (Full),A3_feature_calc_error,medium,15,FEAT_VOL20_STOCK_5_PRICE,REPORT_LIMIT,1,1,1,1,1.0,0.8,0.6709098815917969,9
w/o Transform Weight,A3_feature_calc_error,medium,15,FEAT_VOL20_STOCK_5_PRICE,REPORT_LIMIT,3,0,1,1,0.3333333333333333,0.8,0.6937980651855469,9
w/o Attenuation,A3_feature_calc_error,medium,15,FEAT_VOL20_STOCK_5_PRICE,REPORT_LIMIT,1,1,1,1,1.0,0.8,0.6299018859863281,9
w/o Anomaly Score,A3_feature_calc_error,medium,15,FEAT_VOL20_STOCK_5_PRICE,REPORT_LIMIT,5,0,0,1,0.2,0.8,1.2459754943847656,9
APA-RCA v2 (Full),A3_feature_calc_error,medium,15,FEAT_VOL20_STOCK_5_PRICE,REPORT_LIMIT,2,0,1,1,0.5,0.8,0.6372928619384766,9
v2 w/o Adaptive Weight,A3_feature_calc_error,medium,15,FEAT_VOL20_STOCK_5_PRICE,REPORT_LIMIT,1,1,1,1,1.0,0.8,0.6132125854492188,9
v2 w/o Score-inv Beta,A3_feature_calc_error,medium,15,FEAT_VOL20_STOCK_5_PRICE,REPORT_LIMIT,2,0,1,1,0.5,0.8,0.6399154663085938,9
v2 w/o Ancestor Const,A3_feature_calc_error,medium,15,FEAT_VOL20_STOCK_5_PRICE,REPORT_LIMIT,2,0,1,1,0.5,0.8,0.6127357482910156,9
Schema-Constraint,A3_feature_calc_error,medium,15,FEAT_VOL20_STOCK_5_PRICE,REPORT_LIMIT,45,0,0,0,0.022222222222222223,1.0,0.0,0
APA-RCA (Full),A3_feature_calc_error,medium,16,FEAT_VOL20_STOCK_3_PRICE,REPORT_LIMIT,1,1,1,1,1.0,0.8,0.6830692291259766,9
w/o Transform Weight,A3_feature_calc_error,medium,16,FEAT_VOL20_STOCK_3_PRICE,REPORT_LIMIT,2,0,1,1,0.5,0.8,0.6568431854248047,9
w/o Attenuation,A3_feature_calc_error,medium,16,FEAT_VOL20_STOCK_3_PRICE,REPORT_LIMIT,1,1,1,1,1.0,0.8,0.6339550018310547,9
w/o Anomaly Score,A3_feature_calc_error,medium,16,FEAT_VOL20_STOCK_3_PRICE,REPORT_LIMIT,3,0,1,1,0.3333333333333333,0.8,0.6277561187744141,9
APA-RCA v2 (Full),A3_feature_calc_error,medium,16,FEAT_VOL20_STOCK_3_PRICE,REPORT_LIMIT,1,1,1,1,1.0,0.8,0.6129741668701172,9
v2 w/o Adaptive Weight,A3_feature_calc_error,medium,16,FEAT_VOL20_STOCK_3_PRICE,REPORT_LIMIT,1,1,1,1,1.0,0.8,1.1849403381347656,9
v2 w/o Score-inv Beta,A3_feature_calc_error,medium,16,FEAT_VOL20_STOCK_3_PRICE,REPORT_LIMIT,1,1,1,1,1.0,0.8,0.5700588226318359,9
v2 w/o Ancestor Const,A3_feature_calc_error,medium,16,FEAT_VOL20_STOCK_3_PRICE,REPORT_LIMIT,1,1,1,1,1.0,0.8,0.621795654296875,9
Schema-Constraint,A3_feature_calc_error,medium,16,FEAT_VOL20_STOCK_3_PRICE,REPORT_LIMIT,43,0,0,0,0.023255813953488372,1.0,0.0,0
APA-RCA (Full),A3_feature_calc_error,medium,17,FEAT_VOL20_STOCK_4_PRICE,REPORT_LIMIT,1,1,1,1,1.0,0.8,0.6508827209472656,9
w/o Transform Weight,A3_feature_calc_error,medium,17,FEAT_VOL20_STOCK_4_PRICE,REPORT_LIMIT,2,0,1,1,0.5,0.8,0.6511211395263672,9
w/o Attenuation,A3_feature_calc_error,medium,17,FEAT_VOL20_STOCK_4_PRICE,REPORT_LIMIT,1,1,1,1,1.0,0.8,0.6361007690429688,9
w/o Anomaly Score,A3_feature_calc_error,medium,17,FEAT_VOL20_STOCK_4_PRICE,REPORT_LIMIT,4,0,0,1,0.25,0.8,0.6132125854492188,9
APA-RCA v2 (Full),A3_feature_calc_error,medium,17,FEAT_VOL20_STOCK_4_PRICE,REPORT_LIMIT,2,0,1,1,0.5,0.8,0.6091594696044922,9
v2 w/o Adaptive Weight,A3_feature_calc_error,medium,17,FEAT_VOL20_STOCK_4_PRICE,REPORT_LIMIT,1,1,1,1,1.0,0.8,0.6117820739746094,9
v2 w/o Score-inv Beta,A3_feature_calc_error,medium,17,FEAT_VOL20_STOCK_4_PRICE,REPORT_LIMIT,2,0,1,1,0.5,0.8,1.8088817596435547,9
v2 w/o Ancestor Const,A3_feature_calc_error,medium,17,FEAT_VOL20_STOCK_4_PRICE,REPORT_LIMIT,2,0,1,1,0.5,0.8,0.5869865417480469,9
Schema-Constraint,A3_feature_calc_error,medium,17,FEAT_VOL20_STOCK_4_PRICE,REPORT_LIMIT,44,0,0,0,0.022727272727272728,1.0,0.0,0
APA-RCA (Full),A3_feature_calc_error,medium,18,FEAT_VOL20_STOCK_5_PRICE,REPORT_LIMIT,1,1,1,1,1.0,0.8,0.659942626953125,9
w/o Transform Weight,A3_feature_calc_error,medium,18,FEAT_VOL20_STOCK_5_PRICE,REPORT_LIMIT,3,0,1,1,0.3333333333333333,0.8,0.6661415100097656,9
w/o Attenuation,A3_feature_calc_error,medium,18,FEAT_VOL20_STOCK_5_PRICE,REPORT_LIMIT,1,1,1,1,1.0,0.8,0.6310939788818359,9
w/o Anomaly Score,A3_feature_calc_error,medium,18,FEAT_VOL20_STOCK_5_PRICE,REPORT_LIMIT,5,0,0,1,0.2,0.8,0.6241798400878906,9
APA-RCA v2 (Full),A3_feature_calc_error,medium,18,FEAT_VOL20_STOCK_5_PRICE,REPORT_LIMIT,2,0,1,1,0.5,0.8,0.6289482116699219,9
v2 w/o Adaptive Weight,A3_feature_calc_error,medium,18,FEAT_VOL20_STOCK_5_PRICE,REPORT_LIMIT,1,1,1,1,1.0,0.8,0.6022453308105469,9
v2 w/o Score-inv Beta,A3_feature_calc_error,medium,18,FEAT_VOL20_STOCK_5_PRICE,REPORT_LIMIT,2,0,1,1,0.5,0.8,0.5970001220703125,9
v2 w/o Ancestor Const,A3_feature_calc_error,medium,18,FEAT_VOL20_STOCK_5_PRICE,REPORT_LIMIT,2,0,1,1,0.5,0.8,0.6299018859863281,9
Schema-Constraint,A3_feature_calc_error,medium,18,FEAT_VOL20_STOCK_5_PRICE,REPORT_LIMIT,45,0,0,0,0.022222222222222223,1.0,0.0,0
APA-RCA (Full),A3_feature_calc_error,medium,19,FEAT_VOL20_STOCK_3_PRICE,REPORT_LIMIT,1,1,1,1,1.0,0.8,0.6859302520751953,9
w/o Transform Weight,A3_feature_calc_error,medium,19,FEAT_VOL20_STOCK_3_PRICE,REPORT_LIMIT,4,0,0,1,0.25,0.8,0.6451606750488281,9
w/o Attenuation,A3_feature_calc_error,medium,19,FEAT_VOL20_STOCK_3_PRICE,REPORT_LIMIT,1,1,1,1,1.0,0.8,0.6310939788818359,9
w/o Anomaly Score,A3_feature_calc_error,medium,19,FEAT_VOL20_STOCK_3_PRICE,REPORT_LIMIT,3,0,1,1,0.3333333333333333,0.8,0.6277561187744141,9
APA-RCA v2 (Full),A3_feature_calc_error,medium,19,FEAT_VOL20_STOCK_3_PRICE,REPORT_LIMIT,2,0,1,1,0.5,0.8,0.6070137023925781,9
v2 w/o Adaptive Weight,A3_feature_calc_error,medium,19,FEAT_VOL20_STOCK_3_PRICE,REPORT_LIMIT,1,1,1,1,1.0,0.8,0.6029605865478516,9
v2 w/o Score-inv Beta,A3_feature_calc_error,medium,19,FEAT_VOL20_STOCK_3_PRICE,REPORT_LIMIT,1,1,1,1,1.0,0.8,0.6473064422607422,9
v2 w/o Ancestor Const,A3_feature_calc_error,medium,19,FEAT_VOL20_STOCK_3_PRICE,REPORT_LIMIT,2,0,1,1,0.5,0.8,0.6196498870849609,9
Schema-Constraint,A3_feature_calc_error,medium,19,FEAT_VOL20_STOCK_3_PRICE,REPORT_LIMIT,43,0,0,0,0.023255813953488372,1.0,0.0,0
APA-RCA (Full),A3_feature_calc_error,medium,20,FEAT_VOL20_STOCK_5_PRICE,REPORT_LIMIT,1,1,1,1,1.0,0.8,0.6561279296875,9
w/o Transform Weight,A3_feature_calc_error,medium,20,FEAT_VOL20_STOCK_5_PRICE,REPORT_LIMIT,5,0,0,1,0.2,0.8,1.3339519500732422,9
w/o Attenuation,A3_feature_calc_error,medium,20,FEAT_VOL20_STOCK_5_PRICE,REPORT_LIMIT,1,1,1,1,1.0,0.8,0.6239414215087891,9
w/o Anomaly Score,A3_feature_calc_error,medium,20,FEAT_VOL20_STOCK_5_PRICE,REPORT_LIMIT,5,0,0,1,0.2,0.8,0.6189346313476562,9
APA-RCA v2 (Full),A3_feature_calc_error,medium,20,FEAT_VOL20_STOCK_5_PRICE,REPORT_LIMIT,2,0,1,1,0.5,0.8,0.6220340728759766,9
v2 w/o Adaptive Weight,A3_feature_calc_error,medium,20,FEAT_VOL20_STOCK_5_PRICE,REPORT_LIMIT,1,1,1,1,1.0,0.8,0.6229877471923828,9
v2 w/o Score-inv Beta,A3_feature_calc_error,medium,20,FEAT_VOL20_STOCK_5_PRICE,REPORT_LIMIT,2,0,1,1,0.5,0.8,0.5958080291748047,9
v2 w/o Ancestor Const,A3_feature_calc_error,medium,20,FEAT_VOL20_STOCK_5_PRICE,REPORT_LIMIT,2,0,1,1,0.5,0.8,0.6310939788818359,9
Schema-Constraint,A3_feature_calc_error,medium,20,FEAT_VOL20_STOCK_5_PRICE,REPORT_LIMIT,45,0,0,0,0.022222222222222223,1.0,0.0,0
APA-RCA (Full),A3_feature_calc_error,medium,21,FEAT_VOL20_STOCK_2_PRICE,REPORT_LIMIT,4,0,0,1,0.25,0.8,0.6809234619140625,9
w/o Transform Weight,A3_feature_calc_error,medium,21,FEAT_VOL20_STOCK_2_PRICE,REPORT_LIMIT,10,0,0,0,0.1,1.0,0.6639957427978516,9
w/o Attenuation,A3_feature_calc_error,medium,21,FEAT_VOL20_STOCK_2_PRICE,REPORT_LIMIT,2,0,1,1,0.5,0.8,0.6351470947265625,9
w/o Anomaly Score,A3_feature_calc_error,medium,21,FEAT_VOL20_STOCK_2_PRICE,REPORT_LIMIT,2,0,1,1,0.5,0.8,1.2669563293457031,9
APA-RCA v2 (Full),A3_feature_calc_error,medium,21,FEAT_VOL20_STOCK_2_PRICE,REPORT_LIMIT,5,0,0,1,0.2,0.8,0.6308555603027344,9
v2 w/o Adaptive Weight,A3_feature_calc_error,medium,21,FEAT_VOL20_STOCK_2_PRICE,REPORT_LIMIT,4,0,0,1,0.25,0.8,0.5948543548583984,9
v2 w/o Score-inv Beta,A3_feature_calc_error,medium,21,FEAT_VOL20_STOCK_2_PRICE,REPORT_LIMIT,6,0,0,0,0.16666666666666666,1.0,0.6351470947265625,9
v2 w/o Ancestor Const,A3_feature_calc_error,medium,21,FEAT_VOL20_STOCK_2_PRICE,REPORT_LIMIT,5,0,0,1,0.2,0.8,0.6229877471923828,9
Schema-Constraint,A3_feature_calc_error,medium,21,FEAT_VOL20_STOCK_2_PRICE,REPORT_LIMIT,42,0,0,0,0.023809523809523808,1.0,0.0,0
APA-RCA (Full),A3_feature_calc_error,medium,22,FEAT_VOL20_STOCK_4_PRICE,REPORT_LIMIT,10,0,0,0,0.1,1.0,0.6699562072753906,9
w/o Transform Weight,A3_feature_calc_error,medium,22,FEAT_VOL20_STOCK_4_PRICE,REPORT_LIMIT,16,0,0,0,0.0625,1.0,0.6582736968994141,9
w/o Attenuation,A3_feature_calc_error,medium,22,FEAT_VOL20_STOCK_4_PRICE,REPORT_LIMIT,7,0,0,0,0.14285714285714285,1.0,0.6237030029296875,9
w/o Anomaly Score,A3_feature_calc_error,medium,22,FEAT_VOL20_STOCK_4_PRICE,REPORT_LIMIT,4,0,0,1,0.25,0.8,0.621795654296875,9
APA-RCA v2 (Full),A3_feature_calc_error,medium,22,FEAT_VOL20_STOCK_4_PRICE,REPORT_LIMIT,13,0,0,0,0.07692307692307693,1.0,0.6468296051025391,9
v2 w/o Adaptive Weight,A3_feature_calc_error,medium,22,FEAT_VOL20_STOCK_4_PRICE,REPORT_LIMIT,10,0,0,0,0.1,1.0,1.2149810791015625,9
v2 w/o Score-inv Beta,A3_feature_calc_error,medium,22,FEAT_VOL20_STOCK_4_PRICE,REPORT_LIMIT,12,0,0,0,0.08333333333333333,1.0,0.60272216796875,9
v2 w/o Ancestor Const,A3_feature_calc_error,medium,22,FEAT_VOL20_STOCK_4_PRICE,REPORT_LIMIT,13,0,0,0,0.07692307692307693,1.0,0.637054443359375,9
Schema-Constraint,A3_feature_calc_error,medium,22,FEAT_VOL20_STOCK_4_PRICE,REPORT_LIMIT,44,0,0,0,0.022727272727272728,1.0,0.0,0
APA-RCA (Full),A3_feature_calc_error,medium,23,FEAT_VOL20_STOCK_1_PRICE,REPORT_LIMIT,1,1,1,1,1.0,0.8,0.6589889526367188,9
w/o Transform Weight,A3_feature_calc_error,medium,23,FEAT_VOL20_STOCK_1_PRICE,REPORT_LIMIT,2,0,1,1,0.5,0.8,0.6611347198486328,9
w/o Attenuation,A3_feature_calc_error,medium,23,FEAT_VOL20_STOCK_1_PRICE,REPORT_LIMIT,1,1,1,1,1.0,0.8,0.6301403045654297,9
w/o Anomaly Score,A3_feature_calc_error,medium,23,FEAT_VOL20_STOCK_1_PRICE,REPORT_LIMIT,1,1,1,1,1.0,0.8,0.6260871887207031,9
APA-RCA v2 (Full),A3_feature_calc_error,medium,23,FEAT_VOL20_STOCK_1_PRICE,REPORT_LIMIT,2,0,1,1,0.5,0.8,0.6389617919921875,9
v2 w/o Adaptive Weight,A3_feature_calc_error,medium,23,FEAT_VOL20_STOCK_1_PRICE,REPORT_LIMIT,1,1,1,1,1.0,0.8,0.6232261657714844,9
v2 w/o Score-inv Beta,A3_feature_calc_error,medium,23,FEAT_VOL20_STOCK_1_PRICE,REPORT_LIMIT,2,0,1,1,0.5,0.8,0.6263256072998047,9
v2 w/o Ancestor Const,A3_feature_calc_error,medium,23,FEAT_VOL20_STOCK_1_PRICE,REPORT_LIMIT,2,0,1,1,0.5,0.8,0.6260871887207031,9
Schema-Constraint,A3_feature_calc_error,medium,23,FEAT_VOL20_STOCK_1_PRICE,REPORT_LIMIT,41,0,0,0,0.024390243902439025,1.0,0.0,0
APA-RCA (Full),A3_feature_calc_error,medium,24,FEAT_VOL20_STOCK_2_PRICE,REPORT_LIMIT,5,0,0,1,0.2,0.8,0.6711483001708984,9
w/o Transform Weight,A3_feature_calc_error,medium,24,FEAT_VOL20_STOCK_2_PRICE,REPORT_LIMIT,13,0,0,0,0.07692307692307693,1.0,0.6668567657470703,9
w/o Attenuation,A3_feature_calc_error,medium,24,FEAT_VOL20_STOCK_2_PRICE,REPORT_LIMIT,4,0,0,1,0.25,0.8,0.6389617919921875,9
w/o Anomaly Score,A3_feature_calc_error,medium,24,FEAT_VOL20_STOCK_2_PRICE,REPORT_LIMIT,2,0,1,1,0.5,0.8,0.6339550018310547,9
APA-RCA v2 (Full),A3_feature_calc_error,medium,24,FEAT_VOL20_STOCK_2_PRICE,REPORT_LIMIT,8,0,0,0,0.125,1.0,0.6320476531982422,9
v2 w/o Adaptive Weight,A3_feature_calc_error,medium,24,FEAT_VOL20_STOCK_2_PRICE,REPORT_LIMIT,5,0,0,1,0.2,0.8,0.6098747253417969,9
v2 w/o Score-inv Beta,A3_feature_calc_error,medium,24,FEAT_VOL20_STOCK_2_PRICE,REPORT_LIMIT,12,0,0,0,0.08333333333333333,1.0,0.6058216094970703,9
v2 w/o Ancestor Const,A3_feature_calc_error,medium,24,FEAT_VOL20_STOCK_2_PRICE,REPORT_LIMIT,8,0,0,0,0.125,1.0,0.6830692291259766,9
Schema-Constraint,A3_feature_calc_error,medium,24,FEAT_VOL20_STOCK_2_PRICE,REPORT_LIMIT,42,0,0,0,0.023809523809523808,1.0,0.0,0
APA-RCA (Full),A3_feature_calc_error,medium,25,FEAT_VOL20_STOCK_3_PRICE,REPORT_DASHBOARD,1,1,1,1,1.0,0.8,23.323774337768555,9
w/o Transform Weight,A3_feature_calc_error,medium,25,FEAT_VOL20_STOCK_3_PRICE,REPORT_DASHBOARD,5,0,0,1,0.2,0.8,0.6358623504638672,9
w/o Attenuation,A3_feature_calc_error,medium,25,FEAT_VOL20_STOCK_3_PRICE,REPORT_DASHBOARD,1,1,1,1,1.0,0.8,0.6031990051269531,9
w/o Anomaly Score,A3_feature_calc_error,medium,25,FEAT_VOL20_STOCK_3_PRICE,REPORT_DASHBOARD,3,0,1,1,0.3333333333333333,0.8,0.6089210510253906,9
APA-RCA v2 (Full),A3_feature_calc_error,medium,25,FEAT_VOL20_STOCK_3_PRICE,REPORT_DASHBOARD,2,0,1,1,0.5,0.8,0.6132125854492188,9
v2 w/o Adaptive Weight,A3_feature_calc_error,medium,25,FEAT_VOL20_STOCK_3_PRICE,REPORT_DASHBOARD,1,1,1,1,1.0,0.8,0.61798095703125,9
v2 w/o Score-inv Beta,A3_feature_calc_error,medium,25,FEAT_VOL20_STOCK_3_PRICE,REPORT_DASHBOARD,2,0,1,1,0.5,0.8,0.5843639373779297,9
v2 w/o Ancestor Const,A3_feature_calc_error,medium,25,FEAT_VOL20_STOCK_3_PRICE,REPORT_DASHBOARD,2,0,1,1,0.5,0.8,0.6163120269775391,9
Schema-Constraint,A3_feature_calc_error,medium,25,FEAT_VOL20_STOCK_3_PRICE,REPORT_DASHBOARD,43,0,0,0,0.023255813953488372,1.0,0.0,0
APA-RCA (Full),A3_feature_calc_error,medium,26,FEAT_VOL20_STOCK_5_PRICE,REPORT_LIMIT,1,1,1,1,1.0,0.8,0.6439685821533203,9
w/o Transform Weight,A3_feature_calc_error,medium,26,FEAT_VOL20_STOCK_5_PRICE,REPORT_LIMIT,7,0,0,0,0.14285714285714285,1.0,0.6017684936523438,9
w/o Attenuation,A3_feature_calc_error,medium,26,FEAT_VOL20_STOCK_5_PRICE,REPORT_LIMIT,1,1,1,1,1.0,0.8,1.1680126190185547,9
w/o Anomaly Score,A3_feature_calc_error,medium,26,FEAT_VOL20_STOCK_5_PRICE,REPORT_LIMIT,5,0,0,1,0.2,0.8,0.6029605865478516,9
APA-RCA v2 (Full),A3_feature_calc_error,medium,26,FEAT_VOL20_STOCK_5_PRICE,REPORT_LIMIT,2,0,1,1,0.5,0.8,0.6091594696044922,9
v2 w/o Adaptive Weight,A3_feature_calc_error,medium,26,FEAT_VOL20_STOCK_5_PRICE,REPORT_LIMIT,1,1,1,1,1.0,0.8,0.6070137023925781,9
v2 w/o Score-inv Beta,A3_feature_calc_error,medium,26,FEAT_VOL20_STOCK_5_PRICE,REPORT_LIMIT,2,0,1,1,0.5,0.8,0.6101131439208984,9
v2 w/o Ancestor Const,A3_feature_calc_error,medium,26,FEAT_VOL20_STOCK_5_PRICE,REPORT_LIMIT,2,0,1,1,0.5,0.8,0.5891323089599609,9
Schema-Constraint,A3_feature_calc_error,medium,26,FEAT_VOL20_STOCK_5_PRICE,REPORT_LIMIT,45,0,0,0,0.022222222222222223,1.0,0.0,0
APA-RCA (Full),A3_feature_calc_error,medium,27,FEAT_VOL20_STOCK_1_PRICE,REPORT_LIMIT,1,1,1,1,1.0,0.8,0.6461143493652344,9
w/o Transform Weight,A3_feature_calc_error,medium,27,FEAT_VOL20_STOCK_1_PRICE,REPORT_LIMIT,3,0,1,1,0.3333333333333333,0.8,0.6430149078369141,9
w/o Attenuation,A3_feature_calc_error,medium,27,FEAT_VOL20_STOCK_1_PRICE,REPORT_LIMIT,1,1,1,1,1.0,0.8,0.6120204925537109,9
w/o Anomaly Score,A3_feature_calc_error,medium,27,FEAT_VOL20_STOCK_1_PRICE,REPORT_LIMIT,1,1,1,1,1.0,0.8,1.1491775512695312,9
APA-RCA v2 (Full),A3_feature_calc_error,medium,27,FEAT_VOL20_STOCK_1_PRICE,REPORT_LIMIT,3,0,1,1,0.3333333333333333,0.8,0.6129741668701172,9
v2 w/o Adaptive Weight,A3_feature_calc_error,medium,27,FEAT_VOL20_STOCK_1_PRICE,REPORT_LIMIT,1,1,1,1,1.0,0.8,0.6148815155029297,9
v2 w/o Score-inv Beta,A3_feature_calc_error,medium,27,FEAT_VOL20_STOCK_1_PRICE,REPORT_LIMIT,2,0,1,1,0.5,0.8,0.5829334259033203,9
v2 w/o Ancestor Const,A3_feature_calc_error,medium,27,FEAT_VOL20_STOCK_1_PRICE,REPORT_LIMIT,3,0,1,1,0.3333333333333333,0.8,0.6239414215087891,9
Schema-Constraint,A3_feature_calc_error,medium,27,FEAT_VOL20_STOCK_1_PRICE,REPORT_LIMIT,41,0,0,0,0.024390243902439025,1.0,0.0,0
APA-RCA (Full),A3_feature_calc_error,medium,28,FEAT_VOL20_STOCK_4_PRICE,REPORT_LIMIT,2,0,1,1,0.5,0.8,0.640869140625,9
w/o Transform Weight,A3_feature_calc_error,medium,28,FEAT_VOL20_STOCK_4_PRICE,REPORT_LIMIT,7,0,0,0,0.14285714285714285,1.0,0.6468296051025391,9
w/o Attenuation,A3_feature_calc_error,medium,28,FEAT_VOL20_STOCK_4_PRICE,REPORT_LIMIT,1,1,1,1,1.0,0.8,0.61798095703125,9
w/o Anomaly Score,A3_feature_calc_error,medium,28,FEAT_VOL20_STOCK_4_PRICE,REPORT_LIMIT,4,0,0,1,0.25,0.8,0.6048679351806641,9
APA-RCA v2 (Full),A3_feature_calc_error,medium,28,FEAT_VOL20_STOCK_4_PRICE,REPORT_LIMIT,4,0,0,1,0.25,0.8,0.6110668182373047,9
v2 w/o Adaptive Weight,A3_feature_calc_error,medium,28,FEAT_VOL20_STOCK_4_PRICE,REPORT_LIMIT,2,0,1,1,0.5,0.8,1.1250972747802734,9
v2 w/o Score-inv Beta,A3_feature_calc_error,medium,28,FEAT_VOL20_STOCK_4_PRICE,REPORT_LIMIT,5,0,0,1,0.2,0.8,0.5860328674316406,9
v2 w/o Ancestor Const,A3_feature_calc_error,medium,28,FEAT_VOL20_STOCK_4_PRICE,REPORT_LIMIT,4,0,0,1,0.25,0.8,0.6208419799804688,9
Schema-Constraint,A3_feature_calc_error,medium,28,FEAT_VOL20_STOCK_4_PRICE,REPORT_LIMIT,44,0,0,0,0.022727272727272728,1.0,0.0,0
APA-RCA (Full),A3_feature_calc_error,medium,29,FEAT_VOL20_STOCK_5_PRICE,REPORT_LIMIT,38,0,0,0,0.02631578947368421,1.0,0.6330013275146484,9
w/o Transform Weight,A3_feature_calc_error,medium,29,FEAT_VOL20_STOCK_5_PRICE,REPORT_LIMIT,38,0,0,0,0.02631578947368421,1.0,0.6473064422607422,9
w/o Attenuation,A3_feature_calc_error,medium,29,FEAT_VOL20_STOCK_5_PRICE,REPORT_LIMIT,37,0,0,0,0.02702702702702703,1.0,0.6210803985595703,9
w/o Anomaly Score,A3_feature_calc_error,medium,29,FEAT_VOL20_STOCK_5_PRICE,REPORT_LIMIT,5,0,0,1,0.2,0.8,0.6079673767089844,9
APA-RCA v2 (Full),A3_feature_calc_error,medium,29,FEAT_VOL20_STOCK_5_PRICE,REPORT_LIMIT,38,0,0,0,0.02631578947368421,1.0,0.6291866302490234,9
v2 w/o Adaptive Weight,A3_feature_calc_error,medium,29,FEAT_VOL20_STOCK_5_PRICE,REPORT_LIMIT,38,0,0,0,0.02631578947368421,1.0,0.6160736083984375,9
v2 w/o Score-inv Beta,A3_feature_calc_error,medium,29,FEAT_VOL20_STOCK_5_PRICE,REPORT_LIMIT,38,0,0,0,0.02631578947368421,1.0,0.6108283996582031,9
v2 w/o Ancestor Const,A3_feature_calc_error,medium,29,FEAT_VOL20_STOCK_5_PRICE,REPORT_LIMIT,44,0,0,0,0.022727272727272728,1.0,0.5922317504882812,9
Schema-Constraint,A3_feature_calc_error,medium,29,FEAT_VOL20_STOCK_5_PRICE,REPORT_LIMIT,45,0,0,0,0.022222222222222223,1.0,0.0,0
APA-RCA (Full),A4_aggregation_error,medium,0,FEAT_SECTOR_B,REPORT_LIMIT,45,0,0,0,0.022222222222222223,1.0,0.6291866302490234,9
w/o Transform Weight,A4_aggregation_error,medium,0,FEAT_SECTOR_B,REPORT_LIMIT,45,0,0,0,0.022222222222222223,1.0,0.6439685821533203,9
w/o Attenuation,A4_aggregation_error,medium,0,FEAT_SECTOR_B,REPORT_LIMIT,45,0,0,0,0.022222222222222223,1.0,0.6220340728759766,9
w/o Anomaly Score,A4_aggregation_error,medium,0,FEAT_SECTOR_B,REPORT_LIMIT,51,0,0,0,0.0196078431372549,1.0,0.6101131439208984,9
APA-RCA v2 (Full),A4_aggregation_error,medium,0,FEAT_SECTOR_B,REPORT_LIMIT,45,0,0,0,0.022222222222222223,1.0,0.6120204925537109,9
v2 w/o Adaptive Weight,A4_aggregation_error,medium,0,FEAT_SECTOR_B,REPORT_LIMIT,45,0,0,0,0.022222222222222223,1.0,0.6158351898193359,9
v2 w/o Score-inv Beta,A4_aggregation_error,medium,0,FEAT_SECTOR_B,REPORT_LIMIT,45,0,0,0,0.022222222222222223,1.0,0.5850791931152344,9
v2 w/o Ancestor Const,A4_aggregation_error,medium,0,FEAT_SECTOR_B,REPORT_LIMIT,9,0,0,0,0.1111111111111111,1.0,0.6139278411865234,9
Schema-Constraint,A4_aggregation_error,medium,0,FEAT_SECTOR_B,REPORT_LIMIT,1,1,1,1,1.0,0.8,0.0016689300537109375,1
APA-RCA (Full),A4_aggregation_error,medium,1,FEAT_SECTOR_A,REPORT_LIMIT,59,0,0,0,0.01694915254237288,1.0,0.6587505340576172,9
w/o Transform Weight,A4_aggregation_error,medium,1,FEAT_SECTOR_A,REPORT_LIMIT,59,0,0,0,0.01694915254237288,1.0,0.6482601165771484,9
w/o Attenuation,A4_aggregation_error,medium,1,FEAT_SECTOR_A,REPORT_LIMIT,59,0,0,0,0.01694915254237288,1.0,0.6198883056640625,9
w/o Anomaly Score,A4_aggregation_error,medium,1,FEAT_SECTOR_A,REPORT_LIMIT,50,0,0,0,0.02,1.0,0.6160736083984375,9
APA-RCA v2 (Full),A4_aggregation_error,medium,1,FEAT_SECTOR_A,REPORT_LIMIT,58,0,0,0,0.017241379310344827,1.0,0.6220340728759766,9
v2 w/o Adaptive Weight,A4_aggregation_error,medium,1,FEAT_SECTOR_A,REPORT_LIMIT,59,0,0,0,0.01694915254237288,1.0,0.5927085876464844,9
v2 w/o Score-inv Beta,A4_aggregation_error,medium,1,FEAT_SECTOR_A,REPORT_LIMIT,59,0,0,0,0.01694915254237288,1.0,0.5877017974853516,9
v2 w/o Ancestor Const,A4_aggregation_error,medium,1,FEAT_SECTOR_A,REPORT_LIMIT,58,0,0,0,0.017241379310344827,1.0,0.6341934204101562,9
Schema-Constraint,A4_aggregation_error,medium,1,FEAT_SECTOR_A,REPORT_LIMIT,1,1,1,1,1.0,0.8,0.0030994415283203125,1
APA-RCA (Full),A4_aggregation_error,medium,2,FEAT_SECTOR_B,REPORT_LIMIT,46,0,0,0,0.021739130434782608,1.0,0.6289482116699219,9
w/o Transform Weight,A4_aggregation_error,medium,2,FEAT_SECTOR_B,REPORT_LIMIT,48,0,0,0,0.020833333333333332,1.0,1.1639595031738281,9
w/o Attenuation,A4_aggregation_error,medium,2,FEAT_SECTOR_B,REPORT_LIMIT,46,0,0,0,0.021739130434782608,1.0,0.6091594696044922,9
w/o Anomaly Score,A4_aggregation_error,medium,2,FEAT_SECTOR_B,REPORT_LIMIT,51,0,0,0,0.0196078431372549,1.0,0.6031990051269531,9
APA-RCA v2 (Full),A4_aggregation_error,medium,2,FEAT_SECTOR_B,REPORT_LIMIT,46,0,0,0,0.021739130434782608,1.0,0.6151199340820312,9
v2 w/o Adaptive Weight,A4_aggregation_error,medium,2,FEAT_SECTOR_B,REPORT_LIMIT,46,0,0,0,0.021739130434782608,1.0,0.61798095703125,9
v2 w/o Score-inv Beta,A4_aggregation_error,medium,2,FEAT_SECTOR_B,REPORT_LIMIT,46,0,0,0,0.021739130434782608,1.0,0.6060600280761719,9
v2 w/o Ancestor Const,A4_aggregation_error,medium,2,FEAT_SECTOR_B,REPORT_LIMIT,27,0,0,0,0.037037037037037035,1.0,0.5841255187988281,9
Schema-Constraint,A4_aggregation_error,medium,2,FEAT_SECTOR_B,REPORT_LIMIT,1,1,1,1,1.0,0.8,0.0019073486328125,1
APA-RCA (Full),A4_aggregation_error,medium,3,FEAT_SECTOR_B,REPORT_LIMIT,51,0,0,0,0.0196078431372549,1.0,0.6678104400634766,9
w/o Transform Weight,A4_aggregation_error,medium,3,FEAT_SECTOR_B,REPORT_LIMIT,52,0,0,0,0.019230769230769232,1.0,0.6439685821533203,9
w/o Attenuation,A4_aggregation_error,medium,3,FEAT_SECTOR_B,REPORT_LIMIT,49,0,0,0,0.02040816326530612,1.0,0.6120204925537109,9
w/o Anomaly Score,A4_aggregation_error,medium,3,FEAT_SECTOR_B,REPORT_LIMIT,51,0,0,0,0.0196078431372549,1.0,1.196146011352539,9
APA-RCA v2 (Full),A4_aggregation_error,medium,3,FEAT_SECTOR_B,REPORT_LIMIT,51,0,0,0,0.0196078431372549,1.0,0.6101131439208984,9
v2 w/o Adaptive Weight,A4_aggregation_error,medium,3,FEAT_SECTOR_B,REPORT_LIMIT,51,0,0,0,0.0196078431372549,1.0,0.5838871002197266,9
v2 w/o Score-inv Beta,A4_aggregation_error,medium,3,FEAT_SECTOR_B,REPORT_LIMIT,51,0,0,0,0.0196078431372549,1.0,0.6237030029296875,9
v2 w/o Ancestor Const,A4_aggregation_error,medium,3,FEAT_SECTOR_B,REPORT_LIMIT,45,0,0,0,0.022222222222222223,1.0,0.6089210510253906,9
Schema-Constraint,A4_aggregation_error,medium,3,FEAT_SECTOR_B,REPORT_LIMIT,1,1,1,1,1.0,0.8,0.00286102294921875,1
APA-RCA (Full),A4_aggregation_error,medium,4,FEAT_SECTOR_B,REPORT_LIMIT,60,0,0,0,0.016666666666666666,1.0,0.63323974609375,9
w/o Transform Weight,A4_aggregation_error,medium,4,FEAT_SECTOR_B,REPORT_LIMIT,60,0,0,0,0.016666666666666666,1.0,0.6461143493652344,9
w/o Attenuation,A4_aggregation_error,medium,4,FEAT_SECTOR_B,REPORT_LIMIT,60,0,0,0,0.016666666666666666,1.0,0.6129741668701172,9
w/o Anomaly Score,A4_aggregation_error,medium,4,FEAT_SECTOR_B,REPORT_LIMIT,51,0,0,0,0.0196078431372549,1.0,0.614166259765625,9
APA-RCA v2 (Full),A4_aggregation_error,medium,4,FEAT_SECTOR_B,REPORT_LIMIT,60,0,0,0,0.016666666666666666,1.0,0.6163120269775391,9
v2 w/o Adaptive Weight,A4_aggregation_error,medium,4,FEAT_SECTOR_B,REPORT_LIMIT,60,0,0,0,0.016666666666666666,1.0,1.1358261108398438,9
v2 w/o Score-inv Beta,A4_aggregation_error,medium,4,FEAT_SECTOR_B,REPORT_LIMIT,60,0,0,0,0.016666666666666666,1.0,0.576019287109375,9
v2 w/o Ancestor Const,A4_aggregation_error,medium,4,FEAT_SECTOR_B,REPORT_LIMIT,60,0,0,0,0.016666666666666666,1.0,0.6310939788818359,9
Schema-Constraint,A4_aggregation_error,medium,4,FEAT_SECTOR_B,REPORT_LIMIT,1,1,1,1,1.0,0.8,0.0019073486328125,1
APA-RCA (Full),A4_aggregation_error,medium,5,FEAT_SECTOR_B,REPORT_LIMIT,60,0,0,0,0.016666666666666666,1.0,0.6682872772216797,9
w/o Transform Weight,A4_aggregation_error,medium,5,FEAT_SECTOR_B,REPORT_LIMIT,60,0,0,0,0.016666666666666666,1.0,0.6730556488037109,9
w/o Attenuation,A4_aggregation_error,medium,5,FEAT_SECTOR_B,REPORT_LIMIT,60,0,0,0,0.016666666666666666,1.0,0.6427764892578125,9
w/o Anomaly Score,A4_aggregation_error,medium,5,FEAT_SECTOR_B,REPORT_LIMIT,51,0,0,0,0.0196078431372549,1.0,0.6372928619384766,9
APA-RCA v2 (Full),A4_aggregation_error,medium,5,FEAT_SECTOR_B,REPORT_LIMIT,59,0,0,0,0.01694915254237288,1.0,0.6427764892578125,9
v2 w/o Adaptive Weight,A4_aggregation_error,medium,5,FEAT_SECTOR_B,REPORT_LIMIT,60,0,0,0,0.016666666666666666,1.0,0.6301403045654297,9
v2 w/o Score-inv Beta,A4_aggregation_error,medium,5,FEAT_SECTOR_B,REPORT_LIMIT,60,0,0,0,0.016666666666666666,1.0,0.6120204925537109,9
v2 w/o Ancestor Const,A4_aggregation_error,medium,5,FEAT_SECTOR_B,REPORT_LIMIT,59,0,0,0,0.01694915254237288,1.0,0.6361007690429688,9
Schema-Constraint,A4_aggregation_error,medium,5,FEAT_SECTOR_B,REPORT_LIMIT,1,1,1,1,1.0,0.8,0.0050067901611328125,1
APA-RCA (Full),A4_aggregation_error,medium,6,FEAT_SECTOR_A,REPORT_LIMIT,50,0,0,0,0.02,1.0,0.6470680236816406,9
w/o Transform Weight,A4_aggregation_error,medium,6,FEAT_SECTOR_A,REPORT_LIMIT,52,0,0,0,0.019230769230769232,1.0,0.6580352783203125,9
w/o Attenuation,A4_aggregation_error,medium,6,FEAT_SECTOR_A,REPORT_LIMIT,50,0,0,0,0.02,1.0,0.6148815155029297,9
w/o Anomaly Score,A4_aggregation_error,medium,6,FEAT_SECTOR_A,REPORT_LIMIT,50,0,0,0,0.02,1.0,0.614166259765625,9
APA-RCA v2 (Full),A4_aggregation_error,medium,6,FEAT_SECTOR_A,REPORT_LIMIT,50,0,0,0,0.02,1.0,0.61798095703125,9
v2 w/o Adaptive Weight,A4_aggregation_error,medium,6,FEAT_SECTOR_A,REPORT_LIMIT,50,0,0,0,0.02,1.0,0.5886554718017578,9
v2 w/o Score-inv Beta,A4_aggregation_error,medium,6,FEAT_SECTOR_A,REPORT_LIMIT,50,0,0,0,0.02,1.0,0.5917549133300781,9
v2 w/o Ancestor Const,A4_aggregation_error,medium,6,FEAT_SECTOR_A,REPORT_LIMIT,40,0,0,0,0.025,1.0,0.61798095703125,9
Schema-Constraint,A4_aggregation_error,medium,6,FEAT_SECTOR_A,REPORT_LIMIT,1,1,1,1,1.0,0.8,0.0030994415283203125,1
APA-RCA (Full),A4_aggregation_error,medium,7,FEAT_SECTOR_B,REPORT_LIMIT,59,0,0,0,0.01694915254237288,1.0,0.6718635559082031,9
w/o Transform Weight,A4_aggregation_error,medium,7,FEAT_SECTOR_B,REPORT_LIMIT,59,0,0,0,0.01694915254237288,1.0,0.6341934204101562,9
w/o Attenuation,A4_aggregation_error,medium,7,FEAT_SECTOR_B,REPORT_LIMIT,60,0,0,0,0.016666666666666666,1.0,0.6227493286132812,9
w/o Anomaly Score,A4_aggregation_error,medium,7,FEAT_SECTOR_B,REPORT_LIMIT,51,0,0,0,0.0196078431372549,1.0,0.6101131439208984,9
APA-RCA v2 (Full),A4_aggregation_error,medium,7,FEAT_SECTOR_B,REPORT_LIMIT,59,0,0,0,0.01694915254237288,1.0,0.5910396575927734,9
v2 w/o Adaptive Weight,A4_aggregation_error,medium,7,FEAT_SECTOR_B,REPORT_LIMIT,59,0,0,0,0.01694915254237288,1.0,0.5908012390136719,9
v2 w/o Score-inv Beta,A4_aggregation_error,medium,7,FEAT_SECTOR_B,REPORT_LIMIT,59,0,0,0,0.01694915254237288,1.0,0.6206035614013672,9
v2 w/o Ancestor Const,A4_aggregation_error,medium,7,FEAT_SECTOR_B,REPORT_LIMIT,59,0,0,0,0.01694915254237288,1.0,0.6110668182373047,9
Schema-Constraint,A4_aggregation_error,medium,7,FEAT_SECTOR_B,REPORT_LIMIT,1,1,1,1,1.0,0.8,0.0019073486328125,1
APA-RCA (Full),A4_aggregation_error,medium,8,FEAT_SECTOR_B,REPORT_LIMIT,55,0,0,0,0.01818181818181818,1.0,0.6551742553710938,9
w/o Transform Weight,A4_aggregation_error,medium,8,FEAT_SECTOR_B,REPORT_LIMIT,55,0,0,0,0.01818181818181818,1.0,1.207113265991211,9
w/o Attenuation,A4_aggregation_error,medium,8,FEAT_SECTOR_B,REPORT_LIMIT,56,0,0,0,0.017857142857142856,1.0,0.6031990051269531,9
w/o Anomaly Score,A4_aggregation_error,medium,8,FEAT_SECTOR_B,REPORT_LIMIT,51,0,0,0,0.0196078431372549,1.0,0.6039142608642578,9
APA-RCA v2 (Full),A4_aggregation_error,medium,8,FEAT_SECTOR_B,REPORT_LIMIT,55,0,0,0,0.01818181818181818,1.0,0.6060600280761719,9
v2 w/o Adaptive Weight,A4_aggregation_error,medium,8,FEAT_SECTOR_B,REPORT_LIMIT,55,0,0,0,0.01818181818181818,1.0,0.6067752838134766,9
v2 w/o Score-inv Beta,A4_aggregation_error,medium,8,FEAT_SECTOR_B,REPORT_LIMIT,55,0,0,0,0.01818181818181818,1.0,0.5807876586914062,9
v2 w/o Ancestor Const,A4_aggregation_error,medium,8,FEAT_SECTOR_B,REPORT_LIMIT,55,0,0,0,0.01818181818181818,1.0,0.6232261657714844,9
Schema-Constraint,A4_aggregation_error,medium,8,FEAT_SECTOR_B,REPORT_LIMIT,1,1,1,1,1.0,0.8,0.0021457672119140625,1
APA-RCA (Full),A4_aggregation_error,medium,9,FEAT_SECTOR_A,REPORT_LIMIT,49,0,0,0,0.02040816326530612,1.0,0.6489753723144531,9
w/o Transform Weight,A4_aggregation_error,medium,9,FEAT_SECTOR_A,REPORT_LIMIT,52,0,0,0,0.019230769230769232,1.0,0.6520748138427734,9
w/o Attenuation,A4_aggregation_error,medium,9,FEAT_SECTOR_A,REPORT_LIMIT,49,0,0,0,0.02040816326530612,1.0,0.6170272827148438,9
w/o Anomaly Score,A4_aggregation_error,medium,9,FEAT_SECTOR_A,REPORT_LIMIT,50,0,0,0,0.02,1.0,1.1532306671142578,9
APA-RCA v2 (Full),A4_aggregation_error,medium,9,FEAT_SECTOR_A,REPORT_LIMIT,49,0,0,0,0.02040816326530612,1.0,0.6117820739746094,9
v2 w/o Adaptive Weight,A4_aggregation_error,medium,9,FEAT_SECTOR_A,REPORT_LIMIT,49,0,0,0,0.02040816326530612,1.0,0.5939006805419922,9
v2 w/o Score-inv Beta,A4_aggregation_error,medium,9,FEAT_SECTOR_A,REPORT_LIMIT,49,0,0,0,0.02040816326530612,1.0,0.6299018859863281,9
v2 w/o Ancestor Const,A4_aggregation_error,medium,9,FEAT_SECTOR_A,REPORT_LIMIT,39,0,0,0,0.02564102564102564,1.0,0.6108283996582031,9
Schema-Constraint,A4_aggregation_error,medium,9,FEAT_SECTOR_A,REPORT_LIMIT,1,1,1,1,1.0,0.8,0.0021457672119140625,1
APA-RCA (Full),A4_aggregation_error,medium,10,FEAT_SECTOR_B,REPORT_LIMIT,45,0,0,0,0.022222222222222223,1.0,0.6351470947265625,9
w/o Transform Weight,A4_aggregation_error,medium,10,FEAT_SECTOR_B,REPORT_LIMIT,45,0,0,0,0.022222222222222223,1.0,0.6480216979980469,9
w/o Attenuation,A4_aggregation_error,medium,10,FEAT_SECTOR_B,REPORT_LIMIT,45,0,0,0,0.022222222222222223,1.0,0.6136894226074219,9
w/o Anomaly Score,A4_aggregation_error,medium,10,FEAT_SECTOR_B,REPORT_LIMIT,51,0,0,0,0.0196078431372549,1.0,0.6129741668701172,9
APA-RCA v2 (Full),A4_aggregation_error,medium,10,FEAT_SECTOR_B,REPORT_LIMIT,45,0,0,0,0.022222222222222223,1.0,0.6120204925537109,9
v2 w/o Adaptive Weight,A4_aggregation_error,medium,10,FEAT_SECTOR_B,REPORT_LIMIT,45,0,0,0,0.022222222222222223,1.0,1.1439323425292969,9
v2 w/o Score-inv Beta,A4_aggregation_error,medium,10,FEAT_SECTOR_B,REPORT_LIMIT,45,0,0,0,0.022222222222222223,1.0,0.5838871002197266,9
v2 w/o Ancestor Const,A4_aggregation_error,medium,10,FEAT_SECTOR_B,REPORT_LIMIT,9,0,0,0,0.1111111111111111,1.0,0.6210803985595703,9
Schema-Constraint,A4_aggregation_error,medium,10,FEAT_SECTOR_B,REPORT_LIMIT,1,1,1,1,1.0,0.8,0.0030994415283203125,1
APA-RCA (Full),A4_aggregation_error,medium,11,FEAT_SECTOR_A,REPORT_LIMIT,47,0,0,0,0.02127659574468085,1.0,0.6301403045654297,9
w/o Transform Weight,A4_aggregation_error,medium,11,FEAT_SECTOR_A,REPORT_LIMIT,49,0,0,0,0.02040816326530612,1.0,0.6480216979980469,9
w/o Attenuation,A4_aggregation_error,medium,11,FEAT_SECTOR_A,REPORT_LIMIT,46,0,0,0,0.021739130434782608,1.0,0.6189346313476562,9
w/o Anomaly Score,A4_aggregation_error,medium,11,FEAT_SECTOR_A,REPORT_LIMIT,50,0,0,0,0.02,1.0,0.6160736083984375,9
APA-RCA v2 (Full),A4_aggregation_error,medium,11,FEAT_SECTOR_A,REPORT_LIMIT,47,0,0,0,0.02127659574468085,1.0,0.6198883056640625,9
v2 w/o Adaptive Weight,A4_aggregation_error,medium,11,FEAT_SECTOR_A,REPORT_LIMIT,47,0,0,0,0.02127659574468085,1.0,0.6110668182373047,9
v2 w/o Score-inv Beta,A4_aggregation_error,medium,11,FEAT_SECTOR_A,REPORT_LIMIT,47,0,0,0,0.02127659574468085,1.0,0.5891323089599609,9
v2 w/o Ancestor Const,A4_aggregation_error,medium,11,FEAT_SECTOR_A,REPORT_LIMIT,37,0,0,0,0.02702702702702703,1.0,0.6167888641357422,9
Schema-Constraint,A4_aggregation_error,medium,11,FEAT_SECTOR_A,REPORT_LIMIT,1,1,1,1,1.0,0.8,0.0021457672119140625,1
APA-RCA (Full),A4_aggregation_error,medium,12,FEAT_SECTOR_B,REPORT_LIMIT,47,0,0,0,0.02127659574468085,1.0,0.6372928619384766,9
w/o Transform Weight,A4_aggregation_error,medium,12,FEAT_SECTOR_B,REPORT_LIMIT,48,0,0,0,0.020833333333333332,1.0,0.6477832794189453,9
w/o Attenuation,A4_aggregation_error,medium,12,FEAT_SECTOR_B,REPORT_LIMIT,47,0,0,0,0.02127659574468085,1.0,0.6129741668701172,9
w/o Anomaly Score,A4_aggregation_error,medium,12,FEAT_SECTOR_B,REPORT_LIMIT,51,0,0,0,0.0196078431372549,1.0,0.6148815155029297,9
APA-RCA v2 (Full),A4_aggregation_error,medium,12,FEAT_SECTOR_B,REPORT_LIMIT,47,0,0,0,0.02127659574468085,1.0,0.6220340728759766,9
v2 w/o Adaptive Weight,A4_aggregation_error,medium,12,FEAT_SECTOR_B,REPORT_LIMIT,47,0,0,0,0.02127659574468085,1.0,0.5879402160644531,9
v2 w/o Score-inv Beta,A4_aggregation_error,medium,12,FEAT_SECTOR_B,REPORT_LIMIT,47,0,0,0,0.02127659574468085,1.0,0.5881786346435547,9
v2 w/o Ancestor Const,A4_aggregation_error,medium,12,FEAT_SECTOR_B,REPORT_LIMIT,35,0,0,0,0.02857142857142857,1.0,0.6139278411865234,9
Schema-Constraint,A4_aggregation_error,medium,12,FEAT_SECTOR_B,REPORT_LIMIT,1,1,1,1,1.0,0.8,0.0021457672119140625,1
APA-RCA (Full),A4_aggregation_error,medium,13,FEAT_SECTOR_B,REPORT_LIMIT,47,0,0,0,0.02127659574468085,1.0,0.6489753723144531,9
w/o Transform Weight,A4_aggregation_error,medium,13,FEAT_SECTOR_B,REPORT_LIMIT,49,0,0,0,0.02040816326530612,1.0,0.6272792816162109,9
w/o Attenuation,A4_aggregation_error,medium,13,FEAT_SECTOR_B,REPORT_LIMIT,47,0,0,0,0.02127659574468085,1.0,0.6158351898193359,9
w/o Anomaly Score,A4_aggregation_error,medium,13,FEAT_SECTOR_B,REPORT_LIMIT,51,0,0,0,0.0196078431372549,1.0,0.6101131439208984,9
APA-RCA v2 (Full),A4_aggregation_error,medium,13,FEAT_SECTOR_B,REPORT_LIMIT,47,0,0,0,0.02127659574468085,1.0,0.5929470062255859,9
v2 w/o Adaptive Weight,A4_aggregation_error,medium,13,FEAT_SECTOR_B,REPORT_LIMIT,47,0,0,0,0.02127659574468085,1.0,0.5857944488525391,9
v2 w/o Score-inv Beta,A4_aggregation_error,medium,13,FEAT_SECTOR_B,REPORT_LIMIT,47,0,0,0,0.02127659574468085,1.0,0.6301403045654297,9
v2 w/o Ancestor Const,A4_aggregation_error,medium,13,FEAT_SECTOR_B,REPORT_LIMIT,31,0,0,0,0.03225806451612903,1.0,0.6079673767089844,9
Schema-Constraint,A4_aggregation_error,medium,13,FEAT_SECTOR_B,REPORT_LIMIT,1,1,1,1,1.0,0.8,0.0019073486328125,1
APA-RCA (Full),A4_aggregation_error,medium,14,FEAT_SECTOR_A,REPORT_LIMIT,47,0,0,0,0.02127659574468085,1.0,0.6258487701416016,9
w/o Transform Weight,A4_aggregation_error,medium,14,FEAT_SECTOR_A,REPORT_LIMIT,50,0,0,0,0.02,1.0,1.165151596069336,9
w/o Attenuation,A4_aggregation_error,medium,14,FEAT_SECTOR_A,REPORT_LIMIT,47,0,0,0,0.02127659574468085,1.0,0.614166259765625,9
w/o Anomaly Score,A4_aggregation_error,medium,14,FEAT_SECTOR_A,REPORT_LIMIT,50,0,0,0,0.02,1.0,0.6098747253417969,9
APA-RCA v2 (Full),A4_aggregation_error,medium,14,FEAT_SECTOR_A,REPORT_LIMIT,47,0,0,0,0.02127659574468085,1.0,0.6167888641357422,9
v2 w/o Adaptive Weight,A4_aggregation_error,medium,14,FEAT_SECTOR_A,REPORT_LIMIT,47,0,0,0,0.02127659574468085,1.0,0.6148815155029297,9
v2 w/o Score-inv Beta,A4_aggregation_error,medium,14,FEAT_SECTOR_A,REPORT_LIMIT,47,0,0,0,0.02127659574468085,1.0,0.5886554718017578,9
v2 w/o Ancestor Const,A4_aggregation_error,medium,14,FEAT_SECTOR_A,REPORT_LIMIT,34,0,0,0,0.029411764705882353,1.0,0.6210803985595703,9
Schema-Constraint,A4_aggregation_error,medium,14,FEAT_SECTOR_A,REPORT_LIMIT,1,1,1,1,1.0,0.8,0.0021457672119140625,1
APA-RCA (Full),A4_aggregation_error,medium,15,FEAT_SECTOR_B,REPORT_LIMIT,48,0,0,0,0.020833333333333332,1.0,0.6551742553710938,9
w/o Transform Weight,A4_aggregation_error,medium,15,FEAT_SECTOR_B,REPORT_LIMIT,51,0,0,0,0.0196078431372549,1.0,0.6482601165771484,9
w/o Attenuation,A4_aggregation_error,medium,15,FEAT_SECTOR_B,REPORT_LIMIT,48,0,0,0,0.020833333333333332,1.0,0.6127357482910156,9
w/o Anomaly Score,A4_aggregation_error,medium,15,FEAT_SECTOR_B,REPORT_LIMIT,51,0,0,0,0.0196078431372549,1.0,1.2328624725341797,9
APA-RCA v2 (Full),A4_aggregation_error,medium,15,FEAT_SECTOR_B,REPORT_LIMIT,48,0,0,0,0.020833333333333332,1.0,0.614166259765625,9
v2 w/o Adaptive Weight,A4_aggregation_error,medium,15,FEAT_SECTOR_B,REPORT_LIMIT,48,0,0,0,0.020833333333333332,1.0,0.5848407745361328,9
v2 w/o Score-inv Beta,A4_aggregation_error,medium,15,FEAT_SECTOR_B,REPORT_LIMIT,48,0,0,0,0.020833333333333332,1.0,0.6227493286132812,9
v2 w/o Ancestor Const,A4_aggregation_error,medium,15,FEAT_SECTOR_B,REPORT_LIMIT,36,0,0,0,0.027777777777777776,1.0,0.6110668182373047,9
Schema-Constraint,A4_aggregation_error,medium,15,FEAT_SECTOR_B,REPORT_LIMIT,1,1,1,1,1.0,0.8,0.0021457672119140625,1
APA-RCA (Full),A4_aggregation_error,medium,16,FEAT_SECTOR_B,REPORT_LIMIT,57,0,0,0,0.017543859649122806,1.0,0.6310939788818359,9
w/o Transform Weight,A4_aggregation_error,medium,16,FEAT_SECTOR_B,REPORT_LIMIT,58,0,0,0,0.017241379310344827,1.0,0.6508827209472656,9
w/o Attenuation,A4_aggregation_error,medium,16,FEAT_SECTOR_B,REPORT_LIMIT,58,0,0,0,0.017241379310344827,1.0,0.6110668182373047,9
w/o Anomaly Score,A4_aggregation_error,medium,16,FEAT_SECTOR_B,REPORT_LIMIT,51,0,0,0,0.0196078431372549,1.0,0.614166259765625,9
APA-RCA v2 (Full),A4_aggregation_error,medium,16,FEAT_SECTOR_B,REPORT_LIMIT,57,0,0,0,0.017543859649122806,1.0,0.6070137023925781,9
v2 w/o Adaptive Weight,A4_aggregation_error,medium,16,FEAT_SECTOR_B,REPORT_LIMIT,57,0,0,0,0.017543859649122806,1.0,1.1093616485595703,9
v2 w/o Score-inv Beta,A4_aggregation_error,medium,16,FEAT_SECTOR_B,REPORT_LIMIT,57,0,0,0,0.017543859649122806,1.0,0.5729198455810547,9
v2 w/o Ancestor Const,A4_aggregation_error,medium,16,FEAT_SECTOR_B,REPORT_LIMIT,57,0,0,0,0.017543859649122806,1.0,0.6220340728759766,9
Schema-Constraint,A4_aggregation_error,medium,16,FEAT_SECTOR_B,REPORT_LIMIT,1,1,1,1,1.0,0.8,0.0021457672119140625,1
APA-RCA (Full),A4_aggregation_error,medium,17,FEAT_SECTOR_B,REPORT_LIMIT,48,0,0,0,0.020833333333333332,1.0,0.6330013275146484,9
w/o Transform Weight,A4_aggregation_error,medium,17,FEAT_SECTOR_B,REPORT_LIMIT,52,0,0,0,0.019230769230769232,1.0,0.7500648498535156,9
w/o Attenuation,A4_aggregation_error,medium,17,FEAT_SECTOR_B,REPORT_LIMIT,48,0,0,0,0.020833333333333332,1.0,0.5950927734375,9
w/o Anomaly Score,A4_aggregation_error,medium,17,FEAT_SECTOR_B,REPORT_LIMIT,51,0,0,0,0.0196078431372549,1.0,0.5748271942138672,9
APA-RCA v2 (Full),A4_aggregation_error,medium,17,FEAT_SECTOR_B,REPORT_LIMIT,48,0,0,0,0.020833333333333332,1.0,0.5750656127929688,9
v2 w/o Adaptive Weight,A4_aggregation_error,medium,17,FEAT_SECTOR_B,REPORT_LIMIT,48,0,0,0,0.020833333333333332,1.0,0.6070137023925781,9
v2 w/o Score-inv Beta,A4_aggregation_error,medium,17,FEAT_SECTOR_B,REPORT_LIMIT,48,0,0,0,0.020833333333333332,1.0,0.5960464477539062,9
v2 w/o Ancestor Const,A4_aggregation_error,medium,17,FEAT_SECTOR_B,REPORT_LIMIT,37,0,0,0,0.02702702702702703,1.0,0.6239414215087891,9
Schema-Constraint,A4_aggregation_error,medium,17,FEAT_SECTOR_B,REPORT_LIMIT,1,1,1,1,1.0,0.8,0.00286102294921875,1
APA-RCA (Full),A4_aggregation_error,medium,18,FEAT_SECTOR_B,REPORT_LIMIT,59,0,0,0,0.01694915254237288,1.0,0.6840229034423828,9
w/o Transform Weight,A4_aggregation_error,medium,18,FEAT_SECTOR_B,REPORT_LIMIT,59,0,0,0,0.01694915254237288,1.0,0.6501674652099609,9
w/o Attenuation,A4_aggregation_error,medium,18,FEAT_SECTOR_B,REPORT_LIMIT,60,0,0,0,0.016666666666666666,1.0,0.6208419799804688,9
w/o Anomaly Score,A4_aggregation_error,medium,18,FEAT_SECTOR_B,REPORT_LIMIT,51,0,0,0,0.0196078431372549,1.0,0.6229877471923828,9
APA-RCA v2 (Full),A4_aggregation_error,medium,18,FEAT_SECTOR_B,REPORT_LIMIT,58,0,0,0,0.017241379310344827,1.0,0.6229877471923828,9
v2 w/o Adaptive Weight,A4_aggregation_error,medium,18,FEAT_SECTOR_B,REPORT_LIMIT,59,0,0,0,0.01694915254237288,1.0,0.591278076171875,9
v2 w/o Score-inv Beta,A4_aggregation_error,medium,18,FEAT_SECTOR_B,REPORT_LIMIT,59,0,0,0,0.01694915254237288,1.0,0.5900859832763672,9
v2 w/o Ancestor Const,A4_aggregation_error,medium,18,FEAT_SECTOR_B,REPORT_LIMIT,58,0,0,0,0.017241379310344827,1.0,0.6251335144042969,9
Schema-Constraint,A4_aggregation_error,medium,18,FEAT_SECTOR_B,REPORT_LIMIT,1,1,1,1,1.0,0.8,0.00286102294921875,1
APA-RCA (Full),A4_aggregation_error,medium,19,FEAT_SECTOR_B,REPORT_LIMIT,59,0,0,0,0.01694915254237288,1.0,22.326946258544922,9
w/o Transform Weight,A4_aggregation_error,medium,19,FEAT_SECTOR_B,REPORT_LIMIT,60,0,0,0,0.016666666666666666,1.0,0.5900859832763672,9
w/o Attenuation,A4_aggregation_error,medium,19,FEAT_SECTOR_B,REPORT_LIMIT,60,0,0,0,0.016666666666666666,1.0,0.576019287109375,9
w/o Anomaly Score,A4_aggregation_error,medium,19,FEAT_SECTOR_B,REPORT_LIMIT,51,0,0,0,0.0196078431372549,1.0,0.6120204925537109,9
APA-RCA v2 (Full),A4_aggregation_error,medium,19,FEAT_SECTOR_B,REPORT_LIMIT,59,0,0,0,0.01694915254237288,1.0,0.6153583526611328,9
v2 w/o Adaptive Weight,A4_aggregation_error,medium,19,FEAT_SECTOR_B,REPORT_LIMIT,59,0,0,0,0.01694915254237288,1.0,0.6091594696044922,9
v2 w/o Score-inv Beta,A4_aggregation_error,medium,19,FEAT_SECTOR_B,REPORT_LIMIT,59,0,0,0,0.01694915254237288,1.0,0.5848407745361328,9
v2 w/o Ancestor Const,A4_aggregation_error,medium,19,FEAT_SECTOR_B,REPORT_LIMIT,59,0,0,0,0.01694915254237288,1.0,0.6120204925537109,9
Schema-Constraint,A4_aggregation_error,medium,19,FEAT_SECTOR_B,REPORT_LIMIT,1,1,1,1,1.0,0.8,0.006198883056640625,1
APA-RCA (Full),A4_aggregation_error,medium,20,FEAT_SECTOR_B,REPORT_LIMIT,58,0,0,0,0.017241379310344827,1.0,0.6499290466308594,9
w/o Transform Weight,A4_aggregation_error,medium,20,FEAT_SECTOR_B,REPORT_LIMIT,58,0,0,0,0.017241379310344827,1.0,0.6120204925537109,9
w/o Attenuation,A4_aggregation_error,medium,20,FEAT_SECTOR_B,REPORT_LIMIT,59,0,0,0,0.01694915254237288,1.0,1.1501312255859375,9
w/o Anomaly Score,A4_aggregation_error,medium,20,FEAT_SECTOR_B,REPORT_LIMIT,51,0,0,0,0.0196078431372549,1.0,0.6010532379150391,9
APA-RCA v2 (Full),A4_aggregation_error,medium,20,FEAT_SECTOR_B,REPORT_LIMIT,58,0,0,0,0.017241379310344827,1.0,0.6051063537597656,9
v2 w/o Adaptive Weight,A4_aggregation_error,medium,20,FEAT_SECTOR_B,REPORT_LIMIT,58,0,0,0,0.017241379310344827,1.0,0.6039142608642578,9
v2 w/o Score-inv Beta,A4_aggregation_error,medium,20,FEAT_SECTOR_B,REPORT_LIMIT,58,0,0,0,0.017241379310344827,1.0,0.6008148193359375,9
v2 w/o Ancestor Const,A4_aggregation_error,medium,20,FEAT_SECTOR_B,REPORT_LIMIT,58,0,0,0,0.017241379310344827,1.0,0.5800724029541016,9
Schema-Constraint,A4_aggregation_error,medium,20,FEAT_SECTOR_B,REPORT_LIMIT,1,1,1,1,1.0,0.8,0.0019073486328125,1
APA-RCA (Full),A4_aggregation_error,medium,21,FEAT_SECTOR_A,REPORT_LIMIT,48,0,0,0,0.020833333333333332,1.0,0.6480216979980469,9
w/o Transform Weight,A4_aggregation_error,medium,21,FEAT_SECTOR_A,REPORT_LIMIT,51,0,0,0,0.0196078431372549,1.0,0.6442070007324219,9
w/o Attenuation,A4_aggregation_error,medium,21,FEAT_SECTOR_A,REPORT_LIMIT,48,0,0,0,0.020833333333333332,1.0,0.6098747253417969,9
w/o Anomaly Score,A4_aggregation_error,medium,21,FEAT_SECTOR_A,REPORT_LIMIT,50,0,0,0,0.02,1.0,1.1210441589355469,9
APA-RCA v2 (Full),A4_aggregation_error,medium,21,FEAT_SECTOR_A,REPORT_LIMIT,47,0,0,0,0.02127659574468085,1.0,0.6110668182373047,9
v2 w/o Adaptive Weight,A4_aggregation_error,medium,21,FEAT_SECTOR_A,REPORT_LIMIT,48,0,0,0,0.020833333333333332,1.0,0.6051063537597656,9
v2 w/o Score-inv Beta,A4_aggregation_error,medium,21,FEAT_SECTOR_A,REPORT_LIMIT,48,0,0,0,0.020833333333333332,1.0,0.5791187286376953,9
v2 w/o Ancestor Const,A4_aggregation_error,medium,21,FEAT_SECTOR_A,REPORT_LIMIT,35,0,0,0,0.02857142857142857,1.0,0.637054443359375,9
Schema-Constraint,A4_aggregation_error,medium,21,FEAT_SECTOR_A,REPORT_LIMIT,1,1,1,1,1.0,0.8,0.0021457672119140625,1
APA-RCA (Full),A4_aggregation_error,medium,22,FEAT_SECTOR_B,REPORT_LIMIT,54,0,0,0,0.018518518518518517,1.0,0.6339550018310547,9
w/o Transform Weight,A4_aggregation_error,medium,22,FEAT_SECTOR_B,REPORT_LIMIT,55,0,0,0,0.01818181818181818,1.0,0.6473064422607422,9
w/o Attenuation,A4_aggregation_error,medium,22,FEAT_SECTOR_B,REPORT_LIMIT,51,0,0,0,0.0196078431372549,1.0,0.6127357482910156,9
w/o Anomaly Score,A4_aggregation_error,medium,22,FEAT_SECTOR_B,REPORT_LIMIT,51,0,0,0,0.0196078431372549,1.0,0.6070137023925781,9
APA-RCA v2 (Full),A4_aggregation_error,medium,22,FEAT_SECTOR_B,REPORT_LIMIT,54,0,0,0,0.018518518518518517,1.0,0.6079673767089844,9
v2 w/o Adaptive Weight,A4_aggregation_error,medium,22,FEAT_SECTOR_B,REPORT_LIMIT,54,0,0,0,0.018518518518518517,1.0,1.1470317840576172,9
v2 w/o Score-inv Beta,A4_aggregation_error,medium,22,FEAT_SECTOR_B,REPORT_LIMIT,54,0,0,0,0.018518518518518517,1.0,0.5826950073242188,9
v2 w/o Ancestor Const,A4_aggregation_error,medium,22,FEAT_SECTOR_B,REPORT_LIMIT,48,0,0,0,0.020833333333333332,1.0,0.6260871887207031,9
Schema-Constraint,A4_aggregation_error,medium,22,FEAT_SECTOR_B,REPORT_LIMIT,1,1,1,1,1.0,0.8,0.0019073486328125,1
APA-RCA (Full),A4_aggregation_error,medium,23,FEAT_SECTOR_A,REPORT_LIMIT,61,0,0,0,0.01639344262295082,1.0,0.6248950958251953,9
w/o Transform Weight,A4_aggregation_error,medium,23,FEAT_SECTOR_A,REPORT_LIMIT,61,0,0,0,0.01639344262295082,1.0,0.644683837890625,9
w/o Attenuation,A4_aggregation_error,medium,23,FEAT_SECTOR_A,REPORT_LIMIT,61,0,0,0,0.01639344262295082,1.0,0.6082057952880859,9
w/o Anomaly Score,A4_aggregation_error,medium,23,FEAT_SECTOR_A,REPORT_LIMIT,50,0,0,0,0.02,1.0,0.60272216796875,9
APA-RCA v2 (Full),A4_aggregation_error,medium,23,FEAT_SECTOR_A,REPORT_LIMIT,61,0,0,0,0.01639344262295082,1.0,0.6139278411865234,9
v2 w/o Adaptive Weight,A4_aggregation_error,medium,23,FEAT_SECTOR_A,REPORT_LIMIT,61,0,0,0,0.01639344262295082,1.0,0.6210803985595703,9
v2 w/o Score-inv Beta,A4_aggregation_error,medium,23,FEAT_SECTOR_A,REPORT_LIMIT,61,0,0,0,0.01639344262295082,1.0,0.6268024444580078,9
v2 w/o Ancestor Const,A4_aggregation_error,medium,23,FEAT_SECTOR_A,REPORT_LIMIT,61,0,0,0,0.01639344262295082,1.0,0.6120204925537109,9
Schema-Constraint,A4_aggregation_error,medium,23,FEAT_SECTOR_A,REPORT_LIMIT,1,1,1,1,1.0,0.8,0.0019073486328125,1
APA-RCA (Full),A4_aggregation_error,medium,24,FEAT_SECTOR_A,REPORT_LIMIT,45,0,0,0,0.022222222222222223,1.0,0.7202625274658203,9
w/o Transform Weight,A4_aggregation_error,medium,24,FEAT_SECTOR_A,REPORT_LIMIT,45,0,0,0,0.022222222222222223,1.0,0.7021427154541016,9
w/o Attenuation,A4_aggregation_error,medium,24,FEAT_SECTOR_A,REPORT_LIMIT,45,0,0,0,0.022222222222222223,1.0,0.6983280181884766,9
w/o Anomaly Score,A4_aggregation_error,medium,24,FEAT_SECTOR_A,REPORT_LIMIT,50,0,0,0,0.02,1.0,0.7100105285644531,9
APA-RCA v2 (Full),A4_aggregation_error,medium,24,FEAT_SECTOR_A,REPORT_LIMIT,45,0,0,0,0.022222222222222223,1.0,0.7131099700927734,9
v2 w/o Adaptive Weight,A4_aggregation_error,medium,24,FEAT_SECTOR_A,REPORT_LIMIT,45,0,0,0,0.022222222222222223,1.0,0.6840229034423828,9
v2 w/o Score-inv Beta,A4_aggregation_error,medium,24,FEAT_SECTOR_A,REPORT_LIMIT,45,0,0,0,0.022222222222222223,1.0,0.6258487701416016,9
v2 w/o Ancestor Const,A4_aggregation_error,medium,24,FEAT_SECTOR_A,REPORT_LIMIT,19,0,0,0,0.05263157894736842,1.0,0.6320476531982422,9
Schema-Constraint,A4_aggregation_error,medium,24,FEAT_SECTOR_A,REPORT_LIMIT,1,1,1,1,1.0,0.8,0.0040531158447265625,1
APA-RCA (Full),A4_aggregation_error,medium,25,FEAT_SECTOR_B,REPORT_LIMIT,57,0,0,0,0.017543859649122806,1.0,0.6830692291259766,9
w/o Transform Weight,A4_aggregation_error,medium,25,FEAT_SECTOR_B,REPORT_LIMIT,58,0,0,0,0.017241379310344827,1.0,0.659942626953125,9
w/o Attenuation,A4_aggregation_error,medium,25,FEAT_SECTOR_B,REPORT_LIMIT,58,0,0,0,0.017241379310344827,1.0,0.6220340728759766,9
w/o Anomaly Score,A4_aggregation_error,medium,25,FEAT_SECTOR_B,REPORT_LIMIT,51,0,0,0,0.0196078431372549,1.0,0.6167888641357422,9
APA-RCA v2 (Full),A4_aggregation_error,medium,25,FEAT_SECTOR_B,REPORT_LIMIT,57,0,0,0,0.017543859649122806,1.0,0.6148815155029297,9
v2 w/o Adaptive Weight,A4_aggregation_error,medium,25,FEAT_SECTOR_B,REPORT_LIMIT,57,0,0,0,0.017543859649122806,1.0,0.5991458892822266,9
v2 w/o Score-inv Beta,A4_aggregation_error,medium,25,FEAT_SECTOR_B,REPORT_LIMIT,57,0,0,0,0.017543859649122806,1.0,0.6041526794433594,9
v2 w/o Ancestor Const,A4_aggregation_error,medium,25,FEAT_SECTOR_B,REPORT_LIMIT,57,0,0,0,0.017543859649122806,1.0,0.6239414215087891,9
Schema-Constraint,A4_aggregation_error,medium,25,FEAT_SECTOR_B,REPORT_LIMIT,1,1,1,1,1.0,0.8,0.0026226043701171875,1
APA-RCA (Full),A4_aggregation_error,medium,26,FEAT_SECTOR_B,REPORT_LIMIT,44,0,0,0,0.022727272727272728,1.0,0.6380081176757812,9
w/o Transform Weight,A4_aggregation_error,medium,26,FEAT_SECTOR_B,REPORT_LIMIT,45,0,0,0,0.022222222222222223,1.0,1.1420249938964844,9
w/o Attenuation,A4_aggregation_error,medium,26,FEAT_SECTOR_B,REPORT_LIMIT,44,0,0,0,0.022727272727272728,1.0,0.6108283996582031,9
w/o Anomaly Score,A4_aggregation_error,medium,26,FEAT_SECTOR_B,REPORT_LIMIT,51,0,0,0,0.0196078431372549,1.0,0.6058216094970703,9
APA-RCA v2 (Full),A4_aggregation_error,medium,26,FEAT_SECTOR_B,REPORT_LIMIT,45,0,0,0,0.022222222222222223,1.0,0.6079673767089844,9
v2 w/o Adaptive Weight,A4_aggregation_error,medium,26,FEAT_SECTOR_B,REPORT_LIMIT,44,0,0,0,0.022727272727272728,1.0,0.6108283996582031,9
v2 w/o Score-inv Beta,A4_aggregation_error,medium,26,FEAT_SECTOR_B,REPORT_LIMIT,45,0,0,0,0.022222222222222223,1.0,0.6108283996582031,9
v2 w/o Ancestor Const,A4_aggregation_error,medium,26,FEAT_SECTOR_B,REPORT_LIMIT,11,0,0,0,0.09090909090909091,1.0,0.5970001220703125,9
Schema-Constraint,A4_aggregation_error,medium,26,FEAT_SECTOR_B,REPORT_LIMIT,1,1,1,1,1.0,0.8,0.0021457672119140625,1
APA-RCA (Full),A4_aggregation_error,medium,27,FEAT_SECTOR_A,REPORT_LIMIT,48,0,0,0,0.020833333333333332,1.0,0.6361007690429688,9
w/o Transform Weight,A4_aggregation_error,medium,27,FEAT_SECTOR_A,REPORT_LIMIT,49,0,0,0,0.02040816326530612,1.0,0.6470680236816406,9
w/o Attenuation,A4_aggregation_error,medium,27,FEAT_SECTOR_A,REPORT_LIMIT,48,0,0,0,0.020833333333333332,1.0,0.6079673767089844,9
w/o Anomaly Score,A4_aggregation_error,medium,27,FEAT_SECTOR_A,REPORT_LIMIT,50,0,0,0,0.02,1.0,1.154184341430664,9
APA-RCA v2 (Full),A4_aggregation_error,medium,27,FEAT_SECTOR_A,REPORT_LIMIT,48,0,0,0,0.020833333333333332,1.0,0.6110668182373047,9
v2 w/o Adaptive Weight,A4_aggregation_error,medium,27,FEAT_SECTOR_A,REPORT_LIMIT,48,0,0,0,0.020833333333333332,1.0,0.5970001220703125,9
v2 w/o Score-inv Beta,A4_aggregation_error,medium,27,FEAT_SECTOR_A,REPORT_LIMIT,48,0,0,0,0.020833333333333332,1.0,0.6260871887207031,9
v2 w/o Ancestor Const,A4_aggregation_error,medium,27,FEAT_SECTOR_A,REPORT_LIMIT,29,0,0,0,0.034482758620689655,1.0,0.6108283996582031,9
Schema-Constraint,A4_aggregation_error,medium,27,FEAT_SECTOR_A,REPORT_LIMIT,1,1,1,1,1.0,0.8,0.0021457672119140625,1
APA-RCA (Full),A4_aggregation_error,medium,28,FEAT_SECTOR_B,REPORT_LIMIT,49,0,0,0,0.02040816326530612,1.0,0.6339550018310547,9
w/o Transform Weight,A4_aggregation_error,medium,28,FEAT_SECTOR_B,REPORT_LIMIT,51,0,0,0,0.0196078431372549,1.0,0.6439685821533203,9
w/o Attenuation,A4_aggregation_error,medium,28,FEAT_SECTOR_B,REPORT_LIMIT,48,0,0,0,0.020833333333333332,1.0,0.6232261657714844,9
w/o Anomaly Score,A4_aggregation_error,medium,28,FEAT_SECTOR_B,REPORT_LIMIT,51,0,0,0,0.0196078431372549,1.0,0.6139278411865234,9
APA-RCA v2 (Full),A4_aggregation_error,medium,28,FEAT_SECTOR_B,REPORT_LIMIT,49,0,0,0,0.02040816326530612,1.0,0.6139278411865234,9
v2 w/o Adaptive Weight,A4_aggregation_error,medium,28,FEAT_SECTOR_B,REPORT_LIMIT,49,0,0,0,0.02040816326530612,1.0,1.1441707611083984,9
v2 w/o Score-inv Beta,A4_aggregation_error,medium,28,FEAT_SECTOR_B,REPORT_LIMIT,49,0,0,0,0.02040816326530612,1.0,0.5862712860107422,9
v2 w/o Ancestor Const,A4_aggregation_error,medium,28,FEAT_SECTOR_B,REPORT_LIMIT,44,0,0,0,0.022727272727272728,1.0,0.6361007690429688,9
Schema-Constraint,A4_aggregation_error,medium,28,FEAT_SECTOR_B,REPORT_LIMIT,1,1,1,1,1.0,0.8,0.0021457672119140625,1
APA-RCA (Full),A4_aggregation_error,medium,29,FEAT_SECTOR_B,REPORT_LIMIT,45,0,0,0,0.022222222222222223,1.0,0.6442070007324219,9
w/o Transform Weight,A4_aggregation_error,medium,29,FEAT_SECTOR_B,REPORT_LIMIT,46,0,0,0,0.021739130434782608,1.0,0.6489753723144531,9
w/o Attenuation,A4_aggregation_error,medium,29,FEAT_SECTOR_B,REPORT_LIMIT,45,0,0,0,0.022222222222222223,1.0,0.6170272827148438,9
w/o Anomaly Score,A4_aggregation_error,medium,29,FEAT_SECTOR_B,REPORT_LIMIT,51,0,0,0,0.0196078431372549,1.0,0.6127357482910156,9
APA-RCA v2 (Full),A4_aggregation_error,medium,29,FEAT_SECTOR_B,REPORT_LIMIT,45,0,0,0,0.022222222222222223,1.0,0.6160736083984375,9
v2 w/o Adaptive Weight,A4_aggregation_error,medium,29,FEAT_SECTOR_B,REPORT_LIMIT,45,0,0,0,0.022222222222222223,1.0,0.6153583526611328,9
v2 w/o Score-inv Beta,A4_aggregation_error,medium,29,FEAT_SECTOR_B,REPORT_LIMIT,45,0,0,0,0.022222222222222223,1.0,0.5998611450195312,9
v2 w/o Ancestor Const,A4_aggregation_error,medium,29,FEAT_SECTOR_B,REPORT_LIMIT,9,0,0,0,0.1111111111111111,1.0,0.6196498870849609,9
Schema-Constraint,A4_aggregation_error,medium,29,FEAT_SECTOR_B,REPORT_LIMIT,1,1,1,1,1.0,0.8,0.0021457672119140625,1
APA-RCA (Full),A5_downstream_masking,medium,0,SRC_STOCK_5_PRICE,REPORT_LIMIT,4,0,0,1,0.25,0.8,0.6310939788818359,9
w/o Transform Weight,A5_downstream_masking,medium,0,SRC_STOCK_5_PRICE,REPORT_LIMIT,2,0,1,1,0.5,0.8,0.6620883941650391,9
w/o Attenuation,A5_downstream_masking,medium,0,SRC_STOCK_5_PRICE,REPORT_LIMIT,4,0,0,1,0.25,0.8,0.6237030029296875,9
w/o Anomaly Score,A5_downstream_masking,medium,0,SRC_STOCK_5_PRICE,REPORT_LIMIT,23,0,0,0,0.043478260869565216,1.0,0.6248950958251953,9
APA-RCA v2 (Full),A5_downstream_masking,medium,0,SRC_STOCK_5_PRICE,REPORT_LIMIT,1,1,1,1,1.0,0.8,0.61798095703125,9
v2 w/o Adaptive Weight,A5_downstream_masking,medium,0,SRC_STOCK_5_PRICE,REPORT_LIMIT,4,0,0,1,0.25,0.8,0.5900859832763672,9
v2 w/o Score-inv Beta,A5_downstream_masking,medium,0,SRC_STOCK_5_PRICE,REPORT_LIMIT,2,0,1,1,0.5,0.8,0.5869865417480469,9
v2 w/o Ancestor Const,A5_downstream_masking,medium,0,SRC_STOCK_5_PRICE,REPORT_LIMIT,1,1,1,1,1.0,0.8,0.6277561187744141,9
Schema-Constraint,A5_downstream_masking,medium,0,SRC_STOCK_5_PRICE,REPORT_LIMIT,5,0,0,1,0.2,0.8,0.0,0
APA-RCA (Full),A5_downstream_masking,medium,1,SRC_STOCK_3_PRICE,REPORT_LIMIT,11,0,0,0,0.09090909090909091,1.0,0.6480216979980469,9
w/o Transform Weight,A5_downstream_masking,medium,1,SRC_STOCK_3_PRICE,REPORT_LIMIT,7,0,0,0,0.14285714285714285,1.0,0.6229877471923828,9
w/o Attenuation,A5_downstream_masking,medium,1,SRC_STOCK_3_PRICE,REPORT_LIMIT,13,0,0,0,0.07692307692307693,1.0,0.61798095703125,9
w/o Anomaly Score,A5_downstream_masking,medium,1,SRC_STOCK_3_PRICE,REPORT_LIMIT,21,0,0,0,0.047619047619047616,1.0,0.6258487701416016,9
APA-RCA v2 (Full),A5_downstream_masking,medium,1,SRC_STOCK_3_PRICE,REPORT_LIMIT,3,0,1,1,0.3333333333333333,0.8,0.6260871887207031,9
v2 w/o Adaptive Weight,A5_downstream_masking,medium,1,SRC_STOCK_3_PRICE,REPORT_LIMIT,11,0,0,0,0.09090909090909091,1.0,0.5948543548583984,9
v2 w/o Score-inv Beta,A5_downstream_masking,medium,1,SRC_STOCK_3_PRICE,REPORT_LIMIT,6,0,0,0,0.16666666666666666,1.0,0.6268024444580078,9
v2 w/o Ancestor Const,A5_downstream_masking,medium,1,SRC_STOCK_3_PRICE,REPORT_LIMIT,3,0,1,1,0.3333333333333333,0.8,0.6089210510253906,9
Schema-Constraint,A5_downstream_masking,medium,1,SRC_STOCK_3_PRICE,REPORT_LIMIT,3,0,1,1,0.3333333333333333,0.8,0.0,0
APA-RCA (Full),A5_downstream_masking,medium,2,SRC_STOCK_5_PRICE,REPORT_LIMIT,9,0,0,0,0.1111111111111111,1.0,0.6482601165771484,9
w/o Transform Weight,A5_downstream_masking,medium,2,SRC_STOCK_5_PRICE,REPORT_LIMIT,8,0,0,0,0.125,1.0,1.1949539184570312,9
w/o Attenuation,A5_downstream_masking,medium,2,SRC_STOCK_5_PRICE,REPORT_LIMIT,10,0,0,0,0.1,1.0,0.6158351898193359,9
w/o Anomaly Score,A5_downstream_masking,medium,2,SRC_STOCK_5_PRICE,REPORT_LIMIT,23,0,0,0,0.043478260869565216,1.0,0.6110668182373047,9
APA-RCA v2 (Full),A5_downstream_masking,medium,2,SRC_STOCK_5_PRICE,REPORT_LIMIT,2,0,1,1,0.5,0.8,0.614166259765625,9
v2 w/o Adaptive Weight,A5_downstream_masking,medium,2,SRC_STOCK_5_PRICE,REPORT_LIMIT,9,0,0,0,0.1111111111111111,1.0,0.6139278411865234,9
v2 w/o Score-inv Beta,A5_downstream_masking,medium,2,SRC_STOCK_5_PRICE,REPORT_LIMIT,5,0,0,1,0.2,0.8,0.5857944488525391,9
v2 w/o Ancestor Const,A5_downstream_masking,medium,2,SRC_STOCK_5_PRICE,REPORT_LIMIT,2,0,1,1,0.5,0.8,0.6279945373535156,9
Schema-Constraint,A5_downstream_masking,medium,2,SRC_STOCK_5_PRICE,REPORT_LIMIT,5,0,0,1,0.2,0.8,0.0,0
APA-RCA (Full),A5_downstream_masking,medium,3,SRC_STOCK_5_PRICE,REPORT_LIMIT,7,0,0,0,0.14285714285714285,1.0,0.6608963012695312,9
w/o Transform Weight,A5_downstream_masking,medium,3,SRC_STOCK_5_PRICE,REPORT_LIMIT,8,0,0,0,0.125,1.0,0.6539821624755859,9
w/o Attenuation,A5_downstream_masking,medium,3,SRC_STOCK_5_PRICE,REPORT_LIMIT,7,0,0,0,0.14285714285714285,1.0,0.6229877471923828,9
w/o Anomaly Score,A5_downstream_masking,medium,3,SRC_STOCK_5_PRICE,REPORT_LIMIT,23,0,0,0,0.043478260869565216,1.0,1.1887550354003906,9
APA-RCA v2 (Full),A5_downstream_masking,medium,3,SRC_STOCK_5_PRICE,REPORT_LIMIT,4,0,0,1,0.25,0.8,0.6160736083984375,9
v2 w/o Adaptive Weight,A5_downstream_masking,medium,3,SRC_STOCK_5_PRICE,REPORT_LIMIT,7,0,0,0,0.14285714285714285,1.0,0.5891323089599609,9
v2 w/o Score-inv Beta,A5_downstream_masking,medium,3,SRC_STOCK_5_PRICE,REPORT_LIMIT,5,0,0,1,0.2,0.8,0.5848407745361328,9
v2 w/o Ancestor Const,A5_downstream_masking,medium,3,SRC_STOCK_5_PRICE,REPORT_LIMIT,4,0,0,1,0.25,0.8,0.6239414215087891,9
Schema-Constraint,A5_downstream_masking,medium,3,SRC_STOCK_5_PRICE,REPORT_LIMIT,5,0,0,1,0.2,0.8,0.0,0
APA-RCA (Full),A5_downstream_masking,medium,4,SRC_STOCK_4_PRICE,REPORT_LIMIT,10,0,0,0,0.1,1.0,0.6320476531982422,9
w/o Transform Weight,A5_downstream_masking,medium,4,SRC_STOCK_4_PRICE,REPORT_LIMIT,8,0,0,0,0.125,1.0,0.6527900695800781,9
w/o Attenuation,A5_downstream_masking,medium,4,SRC_STOCK_4_PRICE,REPORT_LIMIT,10,0,0,0,0.1,1.0,0.6208419799804688,9
w/o Anomaly Score,A5_downstream_masking,medium,4,SRC_STOCK_4_PRICE,REPORT_LIMIT,22,0,0,0,0.045454545454545456,1.0,0.6089210510253906,9
APA-RCA v2 (Full),A5_downstream_masking,medium,4,SRC_STOCK_4_PRICE,REPORT_LIMIT,3,0,1,1,0.3333333333333333,0.8,0.6160736083984375,9
v2 w/o Adaptive Weight,A5_downstream_masking,medium,4,SRC_STOCK_4_PRICE,REPORT_LIMIT,10,0,0,0,0.1,1.0,1.1410713195800781,9
v2 w/o Score-inv Beta,A5_downstream_masking,medium,4,SRC_STOCK_4_PRICE,REPORT_LIMIT,3,0,1,1,0.3333333333333333,0.8,0.5900859832763672,9
v2 w/o Ancestor Const,A5_downstream_masking,medium,4,SRC_STOCK_4_PRICE,REPORT_LIMIT,3,0,1,1,0.3333333333333333,0.8,0.6251335144042969,9
Schema-Constraint,A5_downstream_masking,medium,4,SRC_STOCK_4_PRICE,REPORT_LIMIT,4,0,0,1,0.25,0.8,0.0,0
APA-RCA (Full),A5_downstream_masking,medium,5,SRC_STOCK_4_PRICE,REPORT_LIMIT,6,0,0,0,0.16666666666666666,1.0,0.6573200225830078,9
w/o Transform Weight,A5_downstream_masking,medium,5,SRC_STOCK_4_PRICE,REPORT_LIMIT,7,0,0,0,0.14285714285714285,1.0,0.659942626953125,9
w/o Attenuation,A5_downstream_masking,medium,5,SRC_STOCK_4_PRICE,REPORT_LIMIT,6,0,0,0,0.16666666666666666,1.0,0.6189346313476562,9
w/o Anomaly Score,A5_downstream_masking,medium,5,SRC_STOCK_4_PRICE,REPORT_LIMIT,22,0,0,0,0.045454545454545456,1.0,0.6189346313476562,9
APA-RCA v2 (Full),A5_downstream_masking,medium,5,SRC_STOCK_4_PRICE,REPORT_LIMIT,2,0,1,1,0.5,0.8,0.6222724914550781,9
v2 w/o Adaptive Weight,A5_downstream_masking,medium,5,SRC_STOCK_4_PRICE,REPORT_LIMIT,6,0,0,0,0.16666666666666666,1.0,0.6170272827148438,9
v2 w/o Score-inv Beta,A5_downstream_masking,medium,5,SRC_STOCK_4_PRICE,REPORT_LIMIT,3,0,1,1,0.3333333333333333,0.8,0.5939006805419922,9
v2 w/o Ancestor Const,A5_downstream_masking,medium,5,SRC_STOCK_4_PRICE,REPORT_LIMIT,2,0,1,1,0.5,0.8,0.6167888641357422,9
Schema-Constraint,A5_downstream_masking,medium,5,SRC_STOCK_4_PRICE,REPORT_LIMIT,4,0,0,1,0.25,0.8,0.0,0
APA-RCA (Full),A5_downstream_masking,medium,6,SRC_STOCK_3_PRICE,REPORT_LIMIT,5,0,0,1,0.2,0.8,0.63323974609375,9
w/o Transform Weight,A5_downstream_masking,medium,6,SRC_STOCK_3_PRICE,REPORT_LIMIT,4,0,0,1,0.25,0.8,0.6511211395263672,9
w/o Attenuation,A5_downstream_masking,medium,6,SRC_STOCK_3_PRICE,REPORT_LIMIT,6,0,0,0,0.16666666666666666,1.0,0.6208419799804688,9
w/o Anomaly Score,A5_downstream_masking,medium,6,SRC_STOCK_3_PRICE,REPORT_LIMIT,21,0,0,0,0.047619047619047616,1.0,0.6120204925537109,9
APA-RCA v2 (Full),A5_downstream_masking,medium,6,SRC_STOCK_3_PRICE,REPORT_LIMIT,1,1,1,1,1.0,0.8,0.6198883056640625,9
v2 w/o Adaptive Weight,A5_downstream_masking,medium,6,SRC_STOCK_3_PRICE,REPORT_LIMIT,5,0,0,1,0.2,0.8,0.5948543548583984,9
v2 w/o Score-inv Beta,A5_downstream_masking,medium,6,SRC_STOCK_3_PRICE,REPORT_LIMIT,2,0,1,1,0.5,0.8,0.5869865417480469,9
v2 w/o Ancestor Const,A5_downstream_masking,medium,6,SRC_STOCK_3_PRICE,REPORT_LIMIT,1,1,1,1,1.0,0.8,0.6160736083984375,9
Schema-Constraint,A5_downstream_masking,medium,6,SRC_STOCK_3_PRICE,REPORT_LIMIT,3,0,1,1,0.3333333333333333,0.8,0.0,0
APA-RCA (Full),A5_downstream_masking,medium,7,SRC_STOCK_5_PRICE,REPORT_LIMIT,4,0,0,1,0.25,0.8,0.6618499755859375,9
w/o Transform Weight,A5_downstream_masking,medium,7,SRC_STOCK_5_PRICE,REPORT_LIMIT,3,0,1,1,0.3333333333333333,0.8,0.6432533264160156,9
w/o Attenuation,A5_downstream_masking,medium,7,SRC_STOCK_5_PRICE,REPORT_LIMIT,6,0,0,0,0.16666666666666666,1.0,0.6148815155029297,9
w/o Anomaly Score,A5_downstream_masking,medium,7,SRC_STOCK_5_PRICE,REPORT_LIMIT,23,0,0,0,0.043478260869565216,1.0,0.61798095703125,9
APA-RCA v2 (Full),A5_downstream_masking,medium,7,SRC_STOCK_5_PRICE,REPORT_LIMIT,1,1,1,1,1.0,0.8,0.6151199340820312,9
v2 w/o Adaptive Weight,A5_downstream_masking,medium,7,SRC_STOCK_5_PRICE,REPORT_LIMIT,4,0,0,1,0.25,0.8,0.5908012390136719,9
v2 w/o Score-inv Beta,A5_downstream_masking,medium,7,SRC_STOCK_5_PRICE,REPORT_LIMIT,1,1,1,1,1.0,0.8,0.6389617919921875,9
v2 w/o Ancestor Const,A5_downstream_masking,medium,7,SRC_STOCK_5_PRICE,REPORT_LIMIT,1,1,1,1,1.0,0.8,0.6239414215087891,9
Schema-Constraint,A5_downstream_masking,medium,7,SRC_STOCK_5_PRICE,REPORT_LIMIT,5,0,0,1,0.2,0.8,0.0,0
APA-RCA (Full),A5_downstream_masking,medium,8,SRC_STOCK_4_PRICE,REPORT_LIMIT,5,0,0,1,0.2,0.8,0.6690025329589844,9
w/o Transform Weight,A5_downstream_masking,medium,8,SRC_STOCK_4_PRICE,REPORT_LIMIT,6,0,0,0,0.16666666666666666,1.0,1.2748241424560547,9
w/o Attenuation,A5_downstream_masking,medium,8,SRC_STOCK_4_PRICE,REPORT_LIMIT,6,0,0,0,0.16666666666666666,1.0,0.6067752838134766,9
w/o Anomaly Score,A5_downstream_masking,medium,8,SRC_STOCK_4_PRICE,REPORT_LIMIT,22,0,0,0,0.045454545454545456,1.0,0.6210803985595703,9
APA-RCA v2 (Full),A5_downstream_masking,medium,8,SRC_STOCK_4_PRICE,REPORT_LIMIT,1,1,1,1,1.0,0.8,0.6151199340820312,9
v2 w/o Adaptive Weight,A5_downstream_masking,medium,8,SRC_STOCK_4_PRICE,REPORT_LIMIT,5,0,0,1,0.2,0.8,0.61798095703125,9
v2 w/o Score-inv Beta,A5_downstream_masking,medium,8,SRC_STOCK_4_PRICE,REPORT_LIMIT,2,0,1,1,0.5,0.8,0.5860328674316406,9
v2 w/o Ancestor Const,A5_downstream_masking,medium,8,SRC_STOCK_4_PRICE,REPORT_LIMIT,1,1,1,1,1.0,0.8,0.6289482116699219,9
Schema-Constraint,A5_downstream_masking,medium,8,SRC_STOCK_4_PRICE,REPORT_LIMIT,4,0,0,1,0.25,0.8,0.0,0
APA-RCA (Full),A5_downstream_masking,medium,9,SRC_STOCK_3_PRICE,REPORT_LIMIT,9,0,0,0,0.1111111111111111,1.0,0.6258487701416016,9
w/o Transform Weight,A5_downstream_masking,medium,9,SRC_STOCK_3_PRICE,REPORT_LIMIT,9,0,0,0,0.1111111111111111,1.0,0.6480216979980469,9
w/o Attenuation,A5_downstream_masking,medium,9,SRC_STOCK_3_PRICE,REPORT_LIMIT,9,0,0,0,0.1111111111111111,1.0,0.6232261657714844,9
w/o Anomaly Score,A5_downstream_masking,medium,9,SRC_STOCK_3_PRICE,REPORT_LIMIT,21,0,0,0,0.047619047619047616,1.0,1.1649131774902344,9
APA-RCA v2 (Full),A5_downstream_masking,medium,9,SRC_STOCK_3_PRICE,REPORT_LIMIT,3,0,1,1,0.3333333333333333,0.8,0.6198883056640625,9
v2 w/o Adaptive Weight,A5_downstream_masking,medium,9,SRC_STOCK_3_PRICE,REPORT_LIMIT,9,0,0,0,0.1111111111111111,1.0,0.5991458892822266,9
v2 w/o Score-inv Beta,A5_downstream_masking,medium,9,SRC_STOCK_3_PRICE,REPORT_LIMIT,7,0,0,0,0.14285714285714285,1.0,0.5900859832763672,9
v2 w/o Ancestor Const,A5_downstream_masking,medium,9,SRC_STOCK_3_PRICE,REPORT_LIMIT,3,0,1,1,0.3333333333333333,0.8,0.6239414215087891,9
Schema-Constraint,A5_downstream_masking,medium,9,SRC_STOCK_3_PRICE,REPORT_LIMIT,3,0,1,1,0.3333333333333333,0.8,0.0,0
APA-RCA (Full),A5_downstream_masking,medium,10,SRC_STOCK_4_PRICE,REPORT_LIMIT,6,0,0,0,0.16666666666666666,1.0,0.6351470947265625,9
w/o Transform Weight,A5_downstream_masking,medium,10,SRC_STOCK_4_PRICE,REPORT_LIMIT,4,0,0,1,0.25,0.8,0.6520748138427734,9
w/o Attenuation,A5_downstream_masking,medium,10,SRC_STOCK_4_PRICE,REPORT_LIMIT,8,0,0,0,0.125,1.0,0.6248950958251953,9
w/o Anomaly Score,A5_downstream_masking,medium,10,SRC_STOCK_4_PRICE,REPORT_LIMIT,22,0,0,0,0.045454545454545456,1.0,0.6163120269775391,9
APA-RCA v2 (Full),A5_downstream_masking,medium,10,SRC_STOCK_4_PRICE,REPORT_LIMIT,1,1,1,1,1.0,0.8,0.6198883056640625,9
v2 w/o Adaptive Weight,A5_downstream_masking,medium,10,SRC_STOCK_4_PRICE,REPORT_LIMIT,6,0,0,0,0.16666666666666666,1.0,1.1510848999023438,9
v2 w/o Score-inv Beta,A5_downstream_masking,medium,10,SRC_STOCK_4_PRICE,REPORT_LIMIT,1,1,1,1,1.0,0.8,0.5929470062255859,9
v2 w/o Ancestor Const,A5_downstream_masking,medium,10,SRC_STOCK_4_PRICE,REPORT_LIMIT,1,1,1,1,1.0,0.8,0.6330013275146484,9
Schema-Constraint,A5_downstream_masking,medium,10,SRC_STOCK_4_PRICE,REPORT_LIMIT,4,0,0,1,0.25,0.8,0.0,0
APA-RCA (Full),A5_downstream_masking,medium,11,SRC_STOCK_1_PRICE,REPORT_LIMIT,8,0,0,0,0.125,1.0,0.6279945373535156,9
w/o Transform Weight,A5_downstream_masking,medium,11,SRC_STOCK_1_PRICE,REPORT_LIMIT,8,0,0,0,0.125,1.0,0.6539821624755859,9
w/o Attenuation,A5_downstream_masking,medium,11,SRC_STOCK_1_PRICE,REPORT_LIMIT,11,0,0,0,0.09090909090909091,1.0,0.6210803985595703,9
w/o Anomaly Score,A5_downstream_masking,medium,11,SRC_STOCK_1_PRICE,REPORT_LIMIT,19,0,0,0,0.05263157894736842,1.0,0.6151199340820312,9
APA-RCA v2 (Full),A5_downstream_masking,medium,11,SRC_STOCK_1_PRICE,REPORT_LIMIT,4,0,0,1,0.25,0.8,0.6189346313476562,9
v2 w/o Adaptive Weight,A5_downstream_masking,medium,11,SRC_STOCK_1_PRICE,REPORT_LIMIT,8,0,0,0,0.125,1.0,0.6308555603027344,9
v2 w/o Score-inv Beta,A5_downstream_masking,medium,11,SRC_STOCK_1_PRICE,REPORT_LIMIT,6,0,0,0,0.16666666666666666,1.0,0.6067752838134766,9
v2 w/o Ancestor Const,A5_downstream_masking,medium,11,SRC_STOCK_1_PRICE,REPORT_LIMIT,4,0,0,1,0.25,0.8,0.6172657012939453,9
Schema-Constraint,A5_downstream_masking,medium,11,SRC_STOCK_1_PRICE,REPORT_LIMIT,1,1,1,1,1.0,0.8,0.0,0
APA-RCA (Full),A5_downstream_masking,medium,12,SRC_STOCK_4_PRICE,REPORT_LIMIT,7,0,0,0,0.14285714285714285,1.0,0.6668567657470703,9
w/o Transform Weight,A5_downstream_masking,medium,12,SRC_STOCK_4_PRICE,REPORT_LIMIT,8,0,0,0,0.125,1.0,0.6589889526367188,9
w/o Attenuation,A5_downstream_masking,medium,12,SRC_STOCK_4_PRICE,REPORT_LIMIT,8,0,0,0,0.125,1.0,0.6320476531982422,9
w/o Anomaly Score,A5_downstream_masking,medium,12,SRC_STOCK_4_PRICE,REPORT_LIMIT,22,0,0,0,0.045454545454545456,1.0,0.6258487701416016,9
APA-RCA v2 (Full),A5_downstream_masking,medium,12,SRC_STOCK_4_PRICE,REPORT_LIMIT,1,1,1,1,1.0,0.8,0.6289482116699219,9
v2 w/o Adaptive Weight,A5_downstream_masking,medium,12,SRC_STOCK_4_PRICE,REPORT_LIMIT,7,0,0,0,0.14285714285714285,1.0,0.5948543548583984,9
v2 w/o Score-inv Beta,A5_downstream_masking,medium,12,SRC_STOCK_4_PRICE,REPORT_LIMIT,2,0,1,1,0.5,0.8,0.5929470062255859,9
v2 w/o Ancestor Const,A5_downstream_masking,medium,12,SRC_STOCK_4_PRICE,REPORT_LIMIT,1,1,1,1,1.0,0.8,0.6349086761474609,9
Schema-Constraint,A5_downstream_masking,medium,12,SRC_STOCK_4_PRICE,REPORT_LIMIT,4,0,0,1,0.25,0.8,0.0,0
APA-RCA (Full),A5_downstream_masking,medium,13,SRC_STOCK_5_PRICE,REPORT_LIMIT,7,0,0,0,0.14285714285714285,1.0,22.562026977539062,9
w/o Transform Weight,A5_downstream_masking,medium,13,SRC_STOCK_5_PRICE,REPORT_LIMIT,7,0,0,0,0.14285714285714285,1.0,0.6389617919921875,9
w/o Attenuation,A5_downstream_masking,medium,13,SRC_STOCK_5_PRICE,REPORT_LIMIT,8,0,0,0,0.125,1.0,0.6089210510253906,9
w/o Anomaly Score,A5_downstream_masking,medium,13,SRC_STOCK_5_PRICE,REPORT_LIMIT,23,0,0,0,0.043478260869565216,1.0,0.6062984466552734,9
APA-RCA v2 (Full),A5_downstream_masking,medium,13,SRC_STOCK_5_PRICE,REPORT_LIMIT,3,0,1,1,0.3333333333333333,0.8,0.6089210510253906,9
v2 w/o Adaptive Weight,A5_downstream_masking,medium,13,SRC_STOCK_5_PRICE,REPORT_LIMIT,7,0,0,0,0.14285714285714285,1.0,0.6201267242431641,9
v2 w/o Score-inv Beta,A5_downstream_masking,medium,13,SRC_STOCK_5_PRICE,REPORT_LIMIT,4,0,0,1,0.25,0.8,0.5879402160644531,9
v2 w/o Ancestor Const,A5_downstream_masking,medium,13,SRC_STOCK_5_PRICE,REPORT_LIMIT,3,0,1,1,0.3333333333333333,0.8,0.6191730499267578,9
Schema-Constraint,A5_downstream_masking,medium,13,SRC_STOCK_5_PRICE,REPORT_LIMIT,5,0,0,1,0.2,0.8,0.0,0
APA-RCA (Full),A5_downstream_masking,medium,14,SRC_STOCK_1_PRICE,REPORT_LIMIT,22,0,0,0,0.045454545454545456,1.0,0.6520748138427734,9
w/o Transform Weight,A5_downstream_masking,medium,14,SRC_STOCK_1_PRICE,REPORT_LIMIT,20,0,0,0,0.05,1.0,0.6070137023925781,9
w/o Attenuation,A5_downstream_masking,medium,14,SRC_STOCK_1_PRICE,REPORT_LIMIT,25,0,0,0,0.04,1.0,1.1870861053466797,9
w/o Anomaly Score,A5_downstream_masking,medium,14,SRC_STOCK_1_PRICE,REPORT_LIMIT,19,0,0,0,0.05263157894736842,1.0,0.6020069122314453,9
APA-RCA v2 (Full),A5_downstream_masking,medium,14,SRC_STOCK_1_PRICE,REPORT_LIMIT,15,0,0,0,0.06666666666666667,1.0,0.6079673767089844,9
v2 w/o Adaptive Weight,A5_downstream_masking,medium,14,SRC_STOCK_1_PRICE,REPORT_LIMIT,22,0,0,0,0.045454545454545456,1.0,0.6089210510253906,9
v2 w/o Score-inv Beta,A5_downstream_masking,medium,14,SRC_STOCK_1_PRICE,REPORT_LIMIT,16,0,0,0,0.0625,1.0,0.6160736083984375,9
v2 w/o Ancestor Const,A5_downstream_masking,medium,14,SRC_STOCK_1_PRICE,REPORT_LIMIT,16,0,0,0,0.0625,1.0,0.5879402160644531,9
Schema-Constraint,A5_downstream_masking,medium,14,SRC_STOCK_1_PRICE,REPORT_LIMIT,1,1,1,1,1.0,0.8,0.0,0
APA-RCA (Full),A5_downstream_masking,medium,15,SRC_STOCK_5_PRICE,REPORT_LIMIT,2,0,1,1,0.5,0.8,0.6489753723144531,9
w/o Transform Weight,A5_downstream_masking,medium,15,SRC_STOCK_5_PRICE,REPORT_LIMIT,1,1,1,1,1.0,0.8,0.6432533264160156,9
w/o Attenuation,A5_downstream_masking,medium,15,SRC_STOCK_5_PRICE,REPORT_LIMIT,2,0,1,1,0.5,0.8,0.6239414215087891,9
w/o Anomaly Score,A5_downstream_masking,medium,15,SRC_STOCK_5_PRICE,REPORT_LIMIT,23,0,0,0,0.043478260869565216,1.0,1.1620521545410156,9
APA-RCA v2 (Full),A5_downstream_masking,medium,15,SRC_STOCK_5_PRICE,REPORT_LIMIT,1,1,1,1,1.0,0.8,0.6158351898193359,9
v2 w/o Adaptive Weight,A5_downstream_masking,medium,15,SRC_STOCK_5_PRICE,REPORT_LIMIT,2,0,1,1,0.5,0.8,0.6127357482910156,9
v2 w/o Score-inv Beta,A5_downstream_masking,medium,15,SRC_STOCK_5_PRICE,REPORT_LIMIT,1,1,1,1,1.0,0.8,0.5891323089599609,9
v2 w/o Ancestor Const,A5_downstream_masking,medium,15,SRC_STOCK_5_PRICE,REPORT_LIMIT,1,1,1,1,1.0,0.8,0.6232261657714844,9
Schema-Constraint,A5_downstream_masking,medium,15,SRC_STOCK_5_PRICE,REPORT_LIMIT,5,0,0,1,0.2,0.8,0.0,0
APA-RCA (Full),A5_downstream_masking,medium,16,SRC_STOCK_3_PRICE,REPORT_LIMIT,5,0,0,1,0.2,0.8,0.6330013275146484,9
w/o Transform Weight,A5_downstream_masking,medium,16,SRC_STOCK_3_PRICE,REPORT_LIMIT,6,0,0,0,0.16666666666666666,1.0,0.6589889526367188,9
w/o Attenuation,A5_downstream_masking,medium,16,SRC_STOCK_3_PRICE,REPORT_LIMIT,5,0,0,1,0.2,0.8,0.6220340728759766,9
w/o Anomaly Score,A5_downstream_masking,medium,16,SRC_STOCK_3_PRICE,REPORT_LIMIT,21,0,0,0,0.047619047619047616,1.0,0.6079673767089844,9
APA-RCA v2 (Full),A5_downstream_masking,medium,16,SRC_STOCK_3_PRICE,REPORT_LIMIT,1,1,1,1,1.0,0.8,0.6148815155029297,9
v2 w/o Adaptive Weight,A5_downstream_masking,medium,16,SRC_STOCK_3_PRICE,REPORT_LIMIT,5,0,0,1,0.2,0.8,1.1348724365234375,9
v2 w/o Score-inv Beta,A5_downstream_masking,medium,16,SRC_STOCK_3_PRICE,REPORT_LIMIT,2,0,1,1,0.5,0.8,0.5919933319091797,9
v2 w/o Ancestor Const,A5_downstream_masking,medium,16,SRC_STOCK_3_PRICE,REPORT_LIMIT,1,1,1,1,1.0,0.8,0.6270408630371094,9
Schema-Constraint,A5_downstream_masking,medium,16,SRC_STOCK_3_PRICE,REPORT_LIMIT,3,0,1,1,0.3333333333333333,0.8,0.0,0
APA-RCA (Full),A5_downstream_masking,medium,17,SRC_STOCK_4_PRICE,REPORT_LIMIT,11,0,0,0,0.09090909090909091,1.0,0.6458759307861328,9
w/o Transform Weight,A5_downstream_masking,medium,17,SRC_STOCK_4_PRICE,REPORT_LIMIT,9,0,0,0,0.1111111111111111,1.0,0.6418228149414062,9
w/o Attenuation,A5_downstream_masking,medium,17,SRC_STOCK_4_PRICE,REPORT_LIMIT,11,0,0,0,0.09090909090909091,1.0,0.6108283996582031,9
w/o Anomaly Score,A5_downstream_masking,medium,17,SRC_STOCK_4_PRICE,REPORT_LIMIT,22,0,0,0,0.045454545454545456,1.0,0.6079673767089844,9
APA-RCA v2 (Full),A5_downstream_masking,medium,17,SRC_STOCK_4_PRICE,REPORT_LIMIT,4,0,0,1,0.25,0.8,0.6301403045654297,9
v2 w/o Adaptive Weight,A5_downstream_masking,medium,17,SRC_STOCK_4_PRICE,REPORT_LIMIT,11,0,0,0,0.09090909090909091,1.0,0.6163120269775391,9
v2 w/o Score-inv Beta,A5_downstream_masking,medium,17,SRC_STOCK_4_PRICE,REPORT_LIMIT,7,0,0,0,0.14285714285714285,1.0,0.6132125854492188,9
v2 w/o Ancestor Const,A5_downstream_masking,medium,17,SRC_STOCK_4_PRICE,REPORT_LIMIT,4,0,0,1,0.25,0.8,0.5838871002197266,9
Schema-Constraint,A5_downstream_masking,medium,17,SRC_STOCK_4_PRICE,REPORT_LIMIT,4,0,0,1,0.25,0.8,0.0,0
APA-RCA (Full),A5_downstream_masking,medium,18,SRC_STOCK_5_PRICE,REPORT_LIMIT,5,0,0,1,0.2,0.8,0.6659030914306641,9
w/o Transform Weight,A5_downstream_masking,medium,18,SRC_STOCK_5_PRICE,REPORT_LIMIT,5,0,0,1,0.2,0.8,0.6372928619384766,9
w/o Attenuation,A5_downstream_masking,medium,18,SRC_STOCK_5_PRICE,REPORT_LIMIT,5,0,0,1,0.2,0.8,0.6110668182373047,9
w/o Anomaly Score,A5_downstream_masking,medium,18,SRC_STOCK_5_PRICE,REPORT_LIMIT,23,0,0,0,0.043478260869565216,1.0,0.6129741668701172,9
APA-RCA v2 (Full),A5_downstream_masking,medium,18,SRC_STOCK_5_PRICE,REPORT_LIMIT,1,1,1,1,1.0,0.8,0.6082057952880859,9
v2 w/o Adaptive Weight,A5_downstream_masking,medium,18,SRC_STOCK_5_PRICE,REPORT_LIMIT,5,0,0,1,0.2,0.8,0.6272792816162109,9
v2 w/o Score-inv Beta,A5_downstream_masking,medium,18,SRC_STOCK_5_PRICE,REPORT_LIMIT,1,1,1,1,1.0,0.8,0.5869865417480469,9
v2 w/o Ancestor Const,A5_downstream_masking,medium,18,SRC_STOCK_5_PRICE,REPORT_LIMIT,1,1,1,1,1.0,0.8,0.61798095703125,9
Schema-Constraint,A5_downstream_masking,medium,18,SRC_STOCK_5_PRICE,REPORT_LIMIT,5,0,0,1,0.2,0.8,0.0,0
APA-RCA (Full),A5_downstream_masking,medium,19,SRC_STOCK_3_PRICE,REPORT_LIMIT,13,0,0,0,0.07692307692307693,1.0,0.6678104400634766,9
w/o Transform Weight,A5_downstream_masking,medium,19,SRC_STOCK_3_PRICE,REPORT_LIMIT,11,0,0,0,0.09090909090909091,1.0,0.6439685821533203,9
w/o Attenuation,A5_downstream_masking,medium,19,SRC_STOCK_3_PRICE,REPORT_LIMIT,13,0,0,0,0.07692307692307693,1.0,0.6132125854492188,9
w/o Anomaly Score,A5_downstream_masking,medium,19,SRC_STOCK_3_PRICE,REPORT_LIMIT,21,0,0,0,0.047619047619047616,1.0,0.6122589111328125,9
APA-RCA v2 (Full),A5_downstream_masking,medium,19,SRC_STOCK_3_PRICE,REPORT_LIMIT,6,0,0,0,0.16666666666666666,1.0,0.6113052368164062,9
v2 w/o Adaptive Weight,A5_downstream_masking,medium,19,SRC_STOCK_3_PRICE,REPORT_LIMIT,13,0,0,0,0.07692307692307693,1.0,0.5941390991210938,9
v2 w/o Score-inv Beta,A5_downstream_masking,medium,19,SRC_STOCK_3_PRICE,REPORT_LIMIT,7,0,0,0,0.14285714285714285,1.0,0.5998611450195312,9
v2 w/o Ancestor Const,A5_downstream_masking,medium,19,SRC_STOCK_3_PRICE,REPORT_LIMIT,6,0,0,0,0.16666666666666666,1.0,0.6208419799804688,9
Schema-Constraint,A5_downstream_masking,medium,19,SRC_STOCK_3_PRICE,REPORT_LIMIT,3,0,1,1,0.3333333333333333,0.8,0.0,0
APA-RCA (Full),A5_downstream_masking,medium,20,SRC_STOCK_5_PRICE,REPORT_LIMIT,7,0,0,0,0.14285714285714285,1.0,0.6480216979980469,9
w/o Transform Weight,A5_downstream_masking,medium,20,SRC_STOCK_5_PRICE,REPORT_LIMIT,6,0,0,0,0.16666666666666666,1.0,1.1200904846191406,9
w/o Attenuation,A5_downstream_masking,medium,20,SRC_STOCK_5_PRICE,REPORT_LIMIT,10,0,0,0,0.1,1.0,0.6079673767089844,9
w/o Anomaly Score,A5_downstream_masking,medium,20,SRC_STOCK_5_PRICE,REPORT_LIMIT,23,0,0,0,0.043478260869565216,1.0,0.6070137023925781,9
APA-RCA v2 (Full),A5_downstream_masking,medium,20,SRC_STOCK_5_PRICE,REPORT_LIMIT,1,1,1,1,1.0,0.8,0.6170272827148438,9
v2 w/o Adaptive Weight,A5_downstream_masking,medium,20,SRC_STOCK_5_PRICE,REPORT_LIMIT,7,0,0,0,0.14285714285714285,1.0,0.6191730499267578,9
v2 w/o Score-inv Beta,A5_downstream_masking,medium,20,SRC_STOCK_5_PRICE,REPORT_LIMIT,4,0,0,1,0.25,0.8,0.6232261657714844,9
v2 w/o Ancestor Const,A5_downstream_masking,medium,20,SRC_STOCK_5_PRICE,REPORT_LIMIT,1,1,1,1,1.0,0.8,0.5919933319091797,9
Schema-Constraint,A5_downstream_masking,medium,20,SRC_STOCK_5_PRICE,REPORT_LIMIT,5,0,0,1,0.2,0.8,0.0,0
APA-RCA (Full),A5_downstream_masking,medium,21,SRC_STOCK_2_PRICE,REPORT_LIMIT,10,0,0,0,0.1,1.0,0.6389617919921875,9
w/o Transform Weight,A5_downstream_masking,medium,21,SRC_STOCK_2_PRICE,REPORT_LIMIT,8,0,0,0,0.125,1.0,0.6430149078369141,9
w/o Attenuation,A5_downstream_masking,medium,21,SRC_STOCK_2_PRICE,REPORT_LIMIT,13,0,0,0,0.07692307692307693,1.0,0.6079673767089844,9
w/o Anomaly Score,A5_downstream_masking,medium,21,SRC_STOCK_2_PRICE,REPORT_LIMIT,20,0,0,0,0.05,1.0,1.1188983917236328,9
APA-RCA v2 (Full),A5_downstream_masking,medium,21,SRC_STOCK_2_PRICE,REPORT_LIMIT,2,0,1,1,0.5,0.8,0.6110668182373047,9
v2 w/o Adaptive Weight,A5_downstream_masking,medium,21,SRC_STOCK_2_PRICE,REPORT_LIMIT,10,0,0,0,0.1,1.0,0.6010532379150391,9
v2 w/o Score-inv Beta,A5_downstream_masking,medium,21,SRC_STOCK_2_PRICE,REPORT_LIMIT,6,0,0,0,0.16666666666666666,1.0,0.5900859832763672,9
v2 w/o Ancestor Const,A5_downstream_masking,medium,21,SRC_STOCK_2_PRICE,REPORT_LIMIT,2,0,1,1,0.5,0.8,0.6198883056640625,9
Schema-Constraint,A5_downstream_masking,medium,21,SRC_STOCK_2_PRICE,REPORT_LIMIT,2,0,1,1,0.5,0.8,0.0,0
APA-RCA (Full),A5_downstream_masking,medium,22,SRC_STOCK_4_PRICE,REPORT_LIMIT,12,0,0,0,0.08333333333333333,1.0,0.6399154663085938,9
w/o Transform Weight,A5_downstream_masking,medium,22,SRC_STOCK_4_PRICE,REPORT_LIMIT,11,0,0,0,0.09090909090909091,1.0,0.6442070007324219,9
w/o Attenuation,A5_downstream_masking,medium,22,SRC_STOCK_4_PRICE,REPORT_LIMIT,14,0,0,0,0.07142857142857142,1.0,0.6299018859863281,9
w/o Anomaly Score,A5_downstream_masking,medium,22,SRC_STOCK_4_PRICE,REPORT_LIMIT,22,0,0,0,0.045454545454545456,1.0,0.6189346313476562,9
APA-RCA v2 (Full),A5_downstream_masking,medium,22,SRC_STOCK_4_PRICE,REPORT_LIMIT,4,0,0,1,0.25,0.8,0.6220340728759766,9
v2 w/o Adaptive Weight,A5_downstream_masking,medium,22,SRC_STOCK_4_PRICE,REPORT_LIMIT,12,0,0,0,0.08333333333333333,1.0,1.1410713195800781,9
v2 w/o Score-inv Beta,A5_downstream_masking,medium,22,SRC_STOCK_4_PRICE,REPORT_LIMIT,5,0,0,1,0.2,0.8,0.5879402160644531,9
v2 w/o Ancestor Const,A5_downstream_masking,medium,22,SRC_STOCK_4_PRICE,REPORT_LIMIT,4,0,0,1,0.25,0.8,0.6301403045654297,9
Schema-Constraint,A5_downstream_masking,medium,22,SRC_STOCK_4_PRICE,REPORT_LIMIT,4,0,0,1,0.25,0.8,0.0,0
APA-RCA (Full),A5_downstream_masking,medium,23,SRC_STOCK_1_PRICE,REPORT_LIMIT,9,0,0,0,0.1111111111111111,1.0,0.6401538848876953,9
w/o Transform Weight,A5_downstream_masking,medium,23,SRC_STOCK_1_PRICE,REPORT_LIMIT,9,0,0,0,0.1111111111111111,1.0,0.6501674652099609,9
w/o Attenuation,A5_downstream_masking,medium,23,SRC_STOCK_1_PRICE,REPORT_LIMIT,13,0,0,0,0.07692307692307693,1.0,0.6210803985595703,9
w/o Anomaly Score,A5_downstream_masking,medium,23,SRC_STOCK_1_PRICE,REPORT_LIMIT,19,0,0,0,0.05263157894736842,1.0,0.6330013275146484,9
APA-RCA v2 (Full),A5_downstream_masking,medium,23,SRC_STOCK_1_PRICE,REPORT_LIMIT,4,0,0,1,0.25,0.8,0.6160736083984375,9
v2 w/o Adaptive Weight,A5_downstream_masking,medium,23,SRC_STOCK_1_PRICE,REPORT_LIMIT,9,0,0,0,0.1111111111111111,1.0,0.6158351898193359,9
v2 w/o Score-inv Beta,A5_downstream_masking,medium,23,SRC_STOCK_1_PRICE,REPORT_LIMIT,7,0,0,0,0.14285714285714285,1.0,0.5931854248046875,9
v2 w/o Ancestor Const,A5_downstream_masking,medium,23,SRC_STOCK_1_PRICE,REPORT_LIMIT,4,0,0,1,0.25,0.8,0.61798095703125,9
Schema-Constraint,A5_downstream_masking,medium,23,SRC_STOCK_1_PRICE,REPORT_LIMIT,1,1,1,1,1.0,0.8,0.0,0
APA-RCA (Full),A5_downstream_masking,medium,24,SRC_STOCK_2_PRICE,REPORT_LIMIT,17,0,0,0,0.058823529411764705,1.0,0.6349086761474609,9
w/o Transform Weight,A5_downstream_masking,medium,24,SRC_STOCK_2_PRICE,REPORT_LIMIT,17,0,0,0,0.058823529411764705,1.0,0.66375732421875,9
w/o Attenuation,A5_downstream_masking,medium,24,SRC_STOCK_2_PRICE,REPORT_LIMIT,18,0,0,0,0.05555555555555555,1.0,0.6160736083984375,9
w/o Anomaly Score,A5_downstream_masking,medium,24,SRC_STOCK_2_PRICE,REPORT_LIMIT,20,0,0,0,0.05,1.0,0.6091594696044922,9
APA-RCA v2 (Full),A5_downstream_masking,medium,24,SRC_STOCK_2_PRICE,REPORT_LIMIT,8,0,0,0,0.125,1.0,0.6170272827148438,9
v2 w/o Adaptive Weight,A5_downstream_masking,medium,24,SRC_STOCK_2_PRICE,REPORT_LIMIT,17,0,0,0,0.058823529411764705,1.0,0.6000995635986328,9
v2 w/o Score-inv Beta,A5_downstream_masking,medium,24,SRC_STOCK_2_PRICE,REPORT_LIMIT,14,0,0,0,0.07142857142857142,1.0,0.5922317504882812,9
v2 w/o Ancestor Const,A5_downstream_masking,medium,24,SRC_STOCK_2_PRICE,REPORT_LIMIT,8,0,0,0,0.125,1.0,0.621795654296875,9
Schema-Constraint,A5_downstream_masking,medium,24,SRC_STOCK_2_PRICE,REPORT_LIMIT,2,0,1,1,0.5,0.8,0.0,0
APA-RCA (Full),A5_downstream_masking,medium,25,SRC_STOCK_3_PRICE,REPORT_LIMIT,13,0,0,0,0.07692307692307693,1.0,0.7040500640869141,9
w/o Transform Weight,A5_downstream_masking,medium,25,SRC_STOCK_3_PRICE,REPORT_LIMIT,13,0,0,0,0.07692307692307693,1.0,0.6339550018310547,9
w/o Attenuation,A5_downstream_masking,medium,25,SRC_STOCK_3_PRICE,REPORT_LIMIT,17,0,0,0,0.058823529411764705,1.0,0.6079673767089844,9
w/o Anomaly Score,A5_downstream_masking,medium,25,SRC_STOCK_3_PRICE,REPORT_LIMIT,21,0,0,0,0.047619047619047616,1.0,0.6110668182373047,9
APA-RCA v2 (Full),A5_downstream_masking,medium,25,SRC_STOCK_3_PRICE,REPORT_LIMIT,4,0,0,1,0.25,0.8,0.6380081176757812,9
v2 w/o Adaptive Weight,A5_downstream_masking,medium,25,SRC_STOCK_3_PRICE,REPORT_LIMIT,13,0,0,0,0.07692307692307693,1.0,0.5977153778076172,9
v2 w/o Score-inv Beta,A5_downstream_masking,medium,25,SRC_STOCK_3_PRICE,REPORT_LIMIT,11,0,0,0,0.09090909090909091,1.0,0.6349086761474609,9
v2 w/o Ancestor Const,A5_downstream_masking,medium,25,SRC_STOCK_3_PRICE,REPORT_LIMIT,4,0,0,1,0.25,0.8,0.6160736083984375,9
Schema-Constraint,A5_downstream_masking,medium,25,SRC_STOCK_3_PRICE,REPORT_LIMIT,3,0,1,1,0.3333333333333333,0.8,0.0,0
APA-RCA (Full),A5_downstream_masking,medium,26,SRC_STOCK_5_PRICE,REPORT_DASHBOARD,9,0,0,0,0.1111111111111111,1.0,0.6227493286132812,9
w/o Transform Weight,A5_downstream_masking,medium,26,SRC_STOCK_5_PRICE,REPORT_DASHBOARD,6,0,0,0,0.16666666666666666,1.0,1.1599063873291016,9
w/o Attenuation,A5_downstream_masking,medium,26,SRC_STOCK_5_PRICE,REPORT_DASHBOARD,9,0,0,0,0.1111111111111111,1.0,0.6039142608642578,9
w/o Anomaly Score,A5_downstream_masking,medium,26,SRC_STOCK_5_PRICE,REPORT_DASHBOARD,13,0,0,0,0.07692307692307693,1.0,0.6058216094970703,9
APA-RCA v2 (Full),A5_downstream_masking,medium,26,SRC_STOCK_5_PRICE,REPORT_DASHBOARD,3,0,1,1,0.3333333333333333,0.8,0.6070137023925781,9
v2 w/o Adaptive Weight,A5_downstream_masking,medium,26,SRC_STOCK_5_PRICE,REPORT_DASHBOARD,9,0,0,0,0.1111111111111111,1.0,0.6127357482910156,9
v2 w/o Score-inv Beta,A5_downstream_masking,medium,26,SRC_STOCK_5_PRICE,REPORT_DASHBOARD,6,0,0,0,0.16666666666666666,1.0,0.5829334259033203,9
v2 w/o Ancestor Const,A5_downstream_masking,medium,26,SRC_STOCK_5_PRICE,REPORT_DASHBOARD,3,0,1,1,0.3333333333333333,0.8,0.6258487701416016,9
Schema-Constraint,A5_downstream_masking,medium,26,SRC_STOCK_5_PRICE,REPORT_DASHBOARD,5,0,0,1,0.2,0.8,0.0,0
APA-RCA (Full),A5_downstream_masking,medium,27,SRC_STOCK_1_PRICE,REPORT_LIMIT,17,0,0,0,0.058823529411764705,1.0,0.6341934204101562,9
w/o Transform Weight,A5_downstream_masking,medium,27,SRC_STOCK_1_PRICE,REPORT_LIMIT,12,0,0,0,0.08333333333333333,1.0,0.6399154663085938,9
w/o Attenuation,A5_downstream_masking,medium,27,SRC_STOCK_1_PRICE,REPORT_LIMIT,20,0,0,0,0.05,1.0,0.6079673767089844,9
w/o Anomaly Score,A5_downstream_masking,medium,27,SRC_STOCK_1_PRICE,REPORT_LIMIT,19,0,0,0,0.05263157894736842,1.0,1.149892807006836,9
APA-RCA v2 (Full),A5_downstream_masking,medium,27,SRC_STOCK_1_PRICE,REPORT_LIMIT,8,0,0,0,0.125,1.0,0.61798095703125,9
v2 w/o Adaptive Weight,A5_downstream_masking,medium,27,SRC_STOCK_1_PRICE,REPORT_LIMIT,17,0,0,0,0.058823529411764705,1.0,0.5841255187988281,9
v2 w/o Score-inv Beta,A5_downstream_masking,medium,27,SRC_STOCK_1_PRICE,REPORT_LIMIT,9,0,0,0,0.1111111111111111,1.0,0.5829334259033203,9
v2 w/o Ancestor Const,A5_downstream_masking,medium,27,SRC_STOCK_1_PRICE,REPORT_LIMIT,8,0,0,0,0.125,1.0,0.6251335144042969,9
Schema-Constraint,A5_downstream_masking,medium,27,SRC_STOCK_1_PRICE,REPORT_LIMIT,1,1,1,1,1.0,0.8,0.0,0
APA-RCA (Full),A5_downstream_masking,medium,28,SRC_STOCK_4_PRICE,REPORT_LIMIT,11,0,0,0,0.09090909090909091,1.0,0.6520748138427734,9
w/o Transform Weight,A5_downstream_masking,medium,28,SRC_STOCK_4_PRICE,REPORT_LIMIT,10,0,0,0,0.1,1.0,0.6673336029052734,9
w/o Attenuation,A5_downstream_masking,medium,28,SRC_STOCK_4_PRICE,REPORT_LIMIT,12,0,0,0,0.08333333333333333,1.0,0.61798095703125,9
w/o Anomaly Score,A5_downstream_masking,medium,28,SRC_STOCK_4_PRICE,REPORT_LIMIT,22,0,0,0,0.045454545454545456,1.0,0.6120204925537109,9
APA-RCA v2 (Full),A5_downstream_masking,medium,28,SRC_STOCK_4_PRICE,REPORT_LIMIT,4,0,0,1,0.25,0.8,0.6120204925537109,9
v2 w/o Adaptive Weight,A5_downstream_masking,medium,28,SRC_STOCK_4_PRICE,REPORT_LIMIT,11,0,0,0,0.09090909090909091,1.0,1.194000244140625,9
v2 w/o Score-inv Beta,A5_downstream_masking,medium,28,SRC_STOCK_4_PRICE,REPORT_LIMIT,6,0,0,0,0.16666666666666666,1.0,0.5710124969482422,9
v2 w/o Ancestor Const,A5_downstream_masking,medium,28,SRC_STOCK_4_PRICE,REPORT_LIMIT,4,0,0,1,0.25,0.8,0.6248950958251953,9
Schema-Constraint,A5_downstream_masking,medium,28,SRC_STOCK_4_PRICE,REPORT_LIMIT,4,0,0,1,0.25,0.8,0.0,0
APA-RCA (Full),A5_downstream_masking,medium,29,SRC_STOCK_5_PRICE,REPORT_LIMIT,4,0,0,1,0.25,0.8,0.6546974182128906,9
w/o Transform Weight,A5_downstream_masking,medium,29,SRC_STOCK_5_PRICE,REPORT_LIMIT,4,0,0,1,0.25,0.8,0.6499290466308594,9
w/o Attenuation,A5_downstream_masking,medium,29,SRC_STOCK_5_PRICE,REPORT_LIMIT,5,0,0,1,0.2,0.8,0.6248950958251953,9
w/o Anomaly Score,A5_downstream_masking,medium,29,SRC_STOCK_5_PRICE,REPORT_LIMIT,23,0,0,0,0.043478260869565216,1.0,0.6170272827148438,9
APA-RCA v2 (Full),A5_downstream_masking,medium,29,SRC_STOCK_5_PRICE,REPORT_LIMIT,1,1,1,1,1.0,0.8,0.6227493286132812,9
v2 w/o Adaptive Weight,A5_downstream_masking,medium,29,SRC_STOCK_5_PRICE,REPORT_LIMIT,4,0,0,1,0.25,0.8,0.6170272827148438,9
v2 w/o Score-inv Beta,A5_downstream_masking,medium,29,SRC_STOCK_5_PRICE,REPORT_LIMIT,1,1,1,1,1.0,0.8,0.5891323089599609,9
v2 w/o Ancestor Const,A5_downstream_masking,medium,29,SRC_STOCK_5_PRICE,REPORT_LIMIT,1,1,1,1,1.0,0.8,0.6167888641357422,9
Schema-Constraint,A5_downstream_masking,medium,29,SRC_STOCK_5_PRICE,REPORT_LIMIT,5,0,0,1,0.2,0.8,0.0,0
APA-RCA (Full),A6_multi_source,medium,0,SRC_STOCK_4_PRICE,REPORT_LIMIT,2,0,1,1,0.5,0.8,0.6489753723144531,9
w/o Transform Weight,A6_multi_source,medium,0,SRC_STOCK_4_PRICE,REPORT_LIMIT,2,0,1,1,0.5,0.8,0.6527900695800781,9
w/o Attenuation,A6_multi_source,medium,0,SRC_STOCK_4_PRICE,REPORT_LIMIT,4,0,0,1,0.25,0.8,0.6158351898193359,9
w/o Anomaly Score,A6_multi_source,medium,0,SRC_STOCK_4_PRICE,REPORT_LIMIT,22,0,0,0,0.045454545454545456,1.0,0.6070137023925781,9
APA-RCA v2 (Full),A6_multi_source,medium,0,SRC_STOCK_4_PRICE,REPORT_LIMIT,2,0,1,1,0.5,0.8,0.6139278411865234,9
v2 w/o Adaptive Weight,A6_multi_source,medium,0,SRC_STOCK_4_PRICE,REPORT_LIMIT,2,0,1,1,0.5,0.8,0.6163120269775391,9
v2 w/o Score-inv Beta,A6_multi_source,medium,0,SRC_STOCK_4_PRICE,REPORT_LIMIT,2,0,1,1,0.5,0.8,0.5970001220703125,9
v2 w/o Ancestor Const,A6_multi_source,medium,0,SRC_STOCK_4_PRICE,REPORT_LIMIT,2,0,1,1,0.5,0.8,0.6227493286132812,9
Schema-Constraint,A6_multi_source,medium,0,SRC_STOCK_4_PRICE,REPORT_LIMIT,4,0,0,1,0.25,0.8,0.0,0
APA-RCA (Full),A6_multi_source,medium,1,SRC_STOCK_3_PRICE,REPORT_STRESS,1,1,1,1,1.0,0.8,0.6489753723144531,9
w/o Transform Weight,A6_multi_source,medium,1,SRC_STOCK_3_PRICE,REPORT_STRESS,1,1,1,1,1.0,0.8,0.6201267242431641,9
w/o Attenuation,A6_multi_source,medium,1,SRC_STOCK_3_PRICE,REPORT_STRESS,1,1,1,1,1.0,0.8,0.6136894226074219,9
w/o Anomaly Score,A6_multi_source,medium,1,SRC_STOCK_3_PRICE,REPORT_STRESS,3,0,1,1,0.3333333333333333,0.8,0.6031990051269531,9
APA-RCA v2 (Full),A6_multi_source,medium,1,SRC_STOCK_3_PRICE,REPORT_STRESS,1,1,1,1,1.0,0.8,0.6098747253417969,9
v2 w/o Adaptive Weight,A6_multi_source,medium,1,SRC_STOCK_3_PRICE,REPORT_STRESS,1,1,1,1,1.0,0.8,0.5881786346435547,9
v2 w/o Score-inv Beta,A6_multi_source,medium,1,SRC_STOCK_3_PRICE,REPORT_STRESS,1,1,1,1,1.0,0.8,0.6248950958251953,9
v2 w/o Ancestor Const,A6_multi_source,medium,1,SRC_STOCK_3_PRICE,REPORT_STRESS,1,1,1,1,1.0,0.8,0.6012916564941406,9
Schema-Constraint,A6_multi_source,medium,1,SRC_STOCK_3_PRICE,REPORT_STRESS,3,0,1,1,0.3333333333333333,0.8,0.0,0
APA-RCA (Full),A6_multi_source,medium,2,SRC_STOCK_2_PRICE,REPORT_LIMIT,4,0,0,1,0.25,0.8,0.6582736968994141,9
w/o Transform Weight,A6_multi_source,medium,2,SRC_STOCK_2_PRICE,REPORT_LIMIT,2,0,1,1,0.5,0.8,1.2240409851074219,9
w/o Attenuation,A6_multi_source,medium,2,SRC_STOCK_2_PRICE,REPORT_LIMIT,5,0,0,1,0.2,0.8,0.6079673767089844,9
w/o Anomaly Score,A6_multi_source,medium,2,SRC_STOCK_2_PRICE,REPORT_LIMIT,20,0,0,0,0.05,1.0,0.6048679351806641,9
APA-RCA v2 (Full),A6_multi_source,medium,2,SRC_STOCK_2_PRICE,REPORT_LIMIT,2,0,1,1,0.5,0.8,0.6117820739746094,9
v2 w/o Adaptive Weight,A6_multi_source,medium,2,SRC_STOCK_2_PRICE,REPORT_LIMIT,4,0,0,1,0.25,0.8,0.6117820739746094,9
v2 w/o Score-inv Beta,A6_multi_source,medium,2,SRC_STOCK_2_PRICE,REPORT_LIMIT,2,0,1,1,0.5,0.8,0.5869865417480469,9
v2 w/o Ancestor Const,A6_multi_source,medium,2,SRC_STOCK_2_PRICE,REPORT_LIMIT,2,0,1,1,0.5,0.8,0.5900859832763672,9
Schema-Constraint,A6_multi_source,medium,2,SRC_STOCK_2_PRICE,REPORT_LIMIT,2,0,1,1,0.5,0.8,0.0,0
APA-RCA (Full),A6_multi_source,medium,3,SRC_STOCK_1_PRICE,REPORT_LIMIT,1,1,1,1,1.0,0.8,0.6361007690429688,9
w/o Transform Weight,A6_multi_source,medium,3,SRC_STOCK_1_PRICE,REPORT_LIMIT,1,1,1,1,1.0,0.8,0.6561279296875,9
w/o Attenuation,A6_multi_source,medium,3,SRC_STOCK_1_PRICE,REPORT_LIMIT,4,0,0,1,0.25,0.8,0.6101131439208984,9
w/o Anomaly Score,A6_multi_source,medium,3,SRC_STOCK_1_PRICE,REPORT_LIMIT,19,0,0,0,0.05263157894736842,1.0,1.1472702026367188,9
APA-RCA v2 (Full),A6_multi_source,medium,3,SRC_STOCK_1_PRICE,REPORT_LIMIT,1,1,1,1,1.0,0.8,0.6139278411865234,9
v2 w/o Adaptive Weight,A6_multi_source,medium,3,SRC_STOCK_1_PRICE,REPORT_LIMIT,1,1,1,1,1.0,0.8,0.5838871002197266,9
v2 w/o Score-inv Beta,A6_multi_source,medium,3,SRC_STOCK_1_PRICE,REPORT_LIMIT,1,1,1,1,1.0,0.8,0.6241798400878906,9
v2 w/o Ancestor Const,A6_multi_source,medium,3,SRC_STOCK_1_PRICE,REPORT_LIMIT,1,1,1,1,1.0,0.8,0.6122589111328125,9
Schema-Constraint,A6_multi_source,medium,3,SRC_STOCK_1_PRICE,REPORT_LIMIT,1,1,1,1,1.0,0.8,0.0,0
APA-RCA (Full),A6_multi_source,medium,4,SRC_STOCK_3_PRICE,REPORT_DASHBOARD,3,0,1,1,0.3333333333333333,0.8,0.6361007690429688,9
w/o Transform Weight,A6_multi_source,medium,4,SRC_STOCK_3_PRICE,REPORT_DASHBOARD,2,0,1,1,0.5,0.8,0.6561279296875,9
w/o Attenuation,A6_multi_source,medium,4,SRC_STOCK_3_PRICE,REPORT_DASHBOARD,3,0,1,1,0.3333333333333333,0.8,0.6160736083984375,9
w/o Anomaly Score,A6_multi_source,medium,4,SRC_STOCK_3_PRICE,REPORT_DASHBOARD,11,0,0,0,0.09090909090909091,1.0,0.6101131439208984,9
APA-RCA v2 (Full),A6_multi_source,medium,4,SRC_STOCK_3_PRICE,REPORT_DASHBOARD,2,0,1,1,0.5,0.8,0.6151199340820312,9
v2 w/o Adaptive Weight,A6_multi_source,medium,4,SRC_STOCK_3_PRICE,REPORT_DASHBOARD,3,0,1,1,0.3333333333333333,0.8,1.1289119720458984,9
v2 w/o Score-inv Beta,A6_multi_source,medium,4,SRC_STOCK_3_PRICE,REPORT_DASHBOARD,2,0,1,1,0.5,0.8,0.5910396575927734,9
v2 w/o Ancestor Const,A6_multi_source,medium,4,SRC_STOCK_3_PRICE,REPORT_DASHBOARD,2,0,1,1,0.5,0.8,0.6210803985595703,9
Schema-Constraint,A6_multi_source,medium,4,SRC_STOCK_3_PRICE,REPORT_DASHBOARD,3,0,1,1,0.3333333333333333,0.8,0.0,0
APA-RCA (Full),A6_multi_source,medium,5,SRC_STOCK_4_PRICE,REPORT_LIMIT,2,0,1,1,0.5,0.8,0.6368160247802734,9
w/o Transform Weight,A6_multi_source,medium,5,SRC_STOCK_4_PRICE,REPORT_LIMIT,1,1,1,1,1.0,0.8,0.6589889526367188,9
w/o Attenuation,A6_multi_source,medium,5,SRC_STOCK_4_PRICE,REPORT_LIMIT,2,0,1,1,0.5,0.8,0.6239414215087891,9
w/o Anomaly Score,A6_multi_source,medium,5,SRC_STOCK_4_PRICE,REPORT_LIMIT,22,0,0,0,0.045454545454545456,1.0,0.6170272827148438,9
APA-RCA v2 (Full),A6_multi_source,medium,5,SRC_STOCK_4_PRICE,REPORT_LIMIT,1,1,1,1,1.0,0.8,0.6260871887207031,9
v2 w/o Adaptive Weight,A6_multi_source,medium,5,SRC_STOCK_4_PRICE,REPORT_LIMIT,2,0,1,1,0.5,0.8,0.6222724914550781,9
v2 w/o Score-inv Beta,A6_multi_source,medium,5,SRC_STOCK_4_PRICE,REPORT_LIMIT,1,1,1,1,1.0,0.8,0.6158351898193359,9
v2 w/o Ancestor Const,A6_multi_source,medium,5,SRC_STOCK_4_PRICE,REPORT_LIMIT,1,1,1,1,1.0,0.8,0.6079673767089844,9
Schema-Constraint,A6_multi_source,medium,5,SRC_STOCK_4_PRICE,REPORT_LIMIT,4,0,0,1,0.25,0.8,0.0,0
APA-RCA (Full),A6_multi_source,medium,6,SRC_STOCK_2_PRICE,REPORT_LIMIT,1,1,1,1,1.0,0.8,0.6520748138427734,9
w/o Transform Weight,A6_multi_source,medium,6,SRC_STOCK_2_PRICE,REPORT_LIMIT,1,1,1,1,1.0,0.8,0.6537437438964844,9
w/o Attenuation,A6_multi_source,medium,6,SRC_STOCK_2_PRICE,REPORT_LIMIT,2,0,1,1,0.5,0.8,0.6170272827148438,9
w/o Anomaly Score,A6_multi_source,medium,6,SRC_STOCK_2_PRICE,REPORT_LIMIT,20,0,0,0,0.05,1.0,0.6241798400878906,9
APA-RCA v2 (Full),A6_multi_source,medium,6,SRC_STOCK_2_PRICE,REPORT_LIMIT,1,1,1,1,1.0,0.8,0.6189346313476562,9
v2 w/o Adaptive Weight,A6_multi_source,medium,6,SRC_STOCK_2_PRICE,REPORT_LIMIT,1,1,1,1,1.0,0.8,0.6220340728759766,9
v2 w/o Score-inv Beta,A6_multi_source,medium,6,SRC_STOCK_2_PRICE,REPORT_LIMIT,1,1,1,1,1.0,0.8,0.5950927734375,9
v2 w/o Ancestor Const,A6_multi_source,medium,6,SRC_STOCK_2_PRICE,REPORT_LIMIT,1,1,1,1,1.0,0.8,0.6229877471923828,9
Schema-Constraint,A6_multi_source,medium,6,SRC_STOCK_2_PRICE,REPORT_LIMIT,2,0,1,1,0.5,0.8,0.0,0
APA-RCA (Full),A6_multi_source,medium,7,SRC_STOCK_3_PRICE,REPORT_STRESS,2,0,1,1,0.5,0.8,22.372007369995117,9
w/o Transform Weight,A6_multi_source,medium,7,SRC_STOCK_3_PRICE,REPORT_STRESS,2,0,1,1,0.5,0.8,0.5939006805419922,9
w/o Attenuation,A6_multi_source,medium,7,SRC_STOCK_3_PRICE,REPORT_STRESS,2,0,1,1,0.5,0.8,0.5640983581542969,9
w/o Anomaly Score,A6_multi_source,medium,7,SRC_STOCK_3_PRICE,REPORT_STRESS,3,0,1,1,0.3333333333333333,0.8,0.6060600280761719,9
APA-RCA v2 (Full),A6_multi_source,medium,7,SRC_STOCK_3_PRICE,REPORT_STRESS,2,0,1,1,0.5,0.8,0.6079673767089844,9
v2 w/o Adaptive Weight,A6_multi_source,medium,7,SRC_STOCK_3_PRICE,REPORT_STRESS,2,0,1,1,0.5,0.8,0.6039142608642578,9
v2 w/o Score-inv Beta,A6_multi_source,medium,7,SRC_STOCK_3_PRICE,REPORT_STRESS,2,0,1,1,0.5,0.8,0.5891323089599609,9
v2 w/o Ancestor Const,A6_multi_source,medium,7,SRC_STOCK_3_PRICE,REPORT_STRESS,2,0,1,1,0.5,0.8,0.6268024444580078,9
Schema-Constraint,A6_multi_source,medium,7,SRC_STOCK_3_PRICE,REPORT_STRESS,3,0,1,1,0.3333333333333333,0.8,0.0,0
APA-RCA (Full),A6_multi_source,medium,8,SRC_STOCK_2_PRICE,REPORT_LIMIT,4,0,0,1,0.25,0.8,0.6678104400634766,9
w/o Transform Weight,A6_multi_source,medium,8,SRC_STOCK_2_PRICE,REPORT_LIMIT,2,0,1,1,0.5,0.8,0.6008148193359375,9
w/o Attenuation,A6_multi_source,medium,8,SRC_STOCK_2_PRICE,REPORT_LIMIT,4,0,0,1,0.25,0.8,1.1746883392333984,9
w/o Anomaly Score,A6_multi_source,medium,8,SRC_STOCK_2_PRICE,REPORT_LIMIT,20,0,0,0,0.05,1.0,0.6020069122314453,9
APA-RCA v2 (Full),A6_multi_source,medium,8,SRC_STOCK_2_PRICE,REPORT_LIMIT,2,0,1,1,0.5,0.8,0.6089210510253906,9
v2 w/o Adaptive Weight,A6_multi_source,medium,8,SRC_STOCK_2_PRICE,REPORT_LIMIT,4,0,0,1,0.25,0.8,0.6210803985595703,9
v2 w/o Score-inv Beta,A6_multi_source,medium,8,SRC_STOCK_2_PRICE,REPORT_LIMIT,2,0,1,1,0.5,0.8,0.6089210510253906,9
v2 w/o Ancestor Const,A6_multi_source,medium,8,SRC_STOCK_2_PRICE,REPORT_LIMIT,2,0,1,1,0.5,0.8,0.6101131439208984,9
Schema-Constraint,A6_multi_source,medium,8,SRC_STOCK_2_PRICE,REPORT_LIMIT,2,0,1,1,0.5,0.8,0.0,0
APA-RCA (Full),A6_multi_source,medium,9,SRC_STOCK_4_PRICE,REPORT_LIMIT,3,0,1,1,0.3333333333333333,0.8,0.6511211395263672,9
w/o Transform Weight,A6_multi_source,medium,9,SRC_STOCK_4_PRICE,REPORT_LIMIT,1,1,1,1,1.0,0.8,0.6051063537597656,9
w/o Attenuation,A6_multi_source,medium,9,SRC_STOCK_4_PRICE,REPORT_LIMIT,3,0,1,1,0.3333333333333333,0.8,0.6279945373535156,9
w/o Anomaly Score,A6_multi_source,medium,9,SRC_STOCK_4_PRICE,REPORT_LIMIT,22,0,0,0,0.045454545454545456,1.0,1.1348724365234375,9
APA-RCA v2 (Full),A6_multi_source,medium,9,SRC_STOCK_4_PRICE,REPORT_LIMIT,1,1,1,1,1.0,0.8,0.6108283996582031,9
v2 w/o Adaptive Weight,A6_multi_source,medium,9,SRC_STOCK_4_PRICE,REPORT_LIMIT,3,0,1,1,0.3333333333333333,0.8,0.6167888641357422,9
v2 w/o Score-inv Beta,A6_multi_source,medium,9,SRC_STOCK_4_PRICE,REPORT_LIMIT,1,1,1,1,1.0,0.8,0.5872249603271484,9
v2 w/o Ancestor Const,A6_multi_source,medium,9,SRC_STOCK_4_PRICE,REPORT_LIMIT,1,1,1,1,1.0,0.8,0.5850791931152344,9
Schema-Constraint,A6_multi_source,medium,9,SRC_STOCK_4_PRICE,REPORT_LIMIT,4,0,0,1,0.25,0.8,0.0,0
APA-RCA (Full),A6_multi_source,medium,10,SRC_STOCK_2_PRICE,REPORT_LIMIT,2,0,1,1,0.5,0.8,0.6380081176757812,9
w/o Transform Weight,A6_multi_source,medium,10,SRC_STOCK_2_PRICE,REPORT_LIMIT,1,1,1,1,1.0,0.8,0.6468296051025391,9
w/o Attenuation,A6_multi_source,medium,10,SRC_STOCK_2_PRICE,REPORT_LIMIT,3,0,1,1,0.3333333333333333,0.8,0.6310939788818359,9
w/o Anomaly Score,A6_multi_source,medium,10,SRC_STOCK_2_PRICE,REPORT_LIMIT,20,0,0,0,0.05,1.0,0.6089210510253906,9
APA-RCA v2 (Full),A6_multi_source,medium,10,SRC_STOCK_2_PRICE,REPORT_LIMIT,1,1,1,1,1.0,0.8,0.6270408630371094,9
v2 w/o Adaptive Weight,A6_multi_source,medium,10,SRC_STOCK_2_PRICE,REPORT_LIMIT,2,0,1,1,0.5,0.8,1.1510848999023438,9
v2 w/o Score-inv Beta,A6_multi_source,medium,10,SRC_STOCK_2_PRICE,REPORT_LIMIT,1,1,1,1,1.0,0.8,0.5869865417480469,9
v2 w/o Ancestor Const,A6_multi_source,medium,10,SRC_STOCK_2_PRICE,REPORT_LIMIT,1,1,1,1,1.0,0.8,0.6318092346191406,9
Schema-Constraint,A6_multi_source,medium,10,SRC_STOCK_2_PRICE,REPORT_LIMIT,2,0,1,1,0.5,0.8,0.0,0
APA-RCA (Full),A6_multi_source,medium,11,SRC_STOCK_1_PRICE,REPORT_LIMIT,2,0,1,1,0.5,0.8,0.6680488586425781,9
w/o Transform Weight,A6_multi_source,medium,11,SRC_STOCK_1_PRICE,REPORT_LIMIT,1,1,1,1,1.0,0.8,0.6110668182373047,9
w/o Attenuation,A6_multi_source,medium,11,SRC_STOCK_1_PRICE,REPORT_LIMIT,3,0,1,1,0.3333333333333333,0.8,0.6241798400878906,9
w/o Anomaly Score,A6_multi_source,medium,11,SRC_STOCK_1_PRICE,REPORT_LIMIT,19,0,0,0,0.05263157894736842,1.0,0.6120204925537109,9
APA-RCA v2 (Full),A6_multi_source,medium,11,SRC_STOCK_1_PRICE,REPORT_LIMIT,1,1,1,1,1.0,0.8,0.6151199340820312,9
v2 w/o Adaptive Weight,A6_multi_source,medium,11,SRC_STOCK_1_PRICE,REPORT_LIMIT,2,0,1,1,0.5,0.8,0.6170272827148438,9
v2 w/o Score-inv Beta,A6_multi_source,medium,11,SRC_STOCK_1_PRICE,REPORT_LIMIT,1,1,1,1,1.0,0.8,0.6220340728759766,9
v2 w/o Ancestor Const,A6_multi_source,medium,11,SRC_STOCK_1_PRICE,REPORT_LIMIT,1,1,1,1,1.0,0.8,0.5950927734375,9
Schema-Constraint,A6_multi_source,medium,11,SRC_STOCK_1_PRICE,REPORT_LIMIT,1,1,1,1,1.0,0.8,0.0,0
APA-RCA (Full),A6_multi_source,medium,12,SRC_STOCK_4_PRICE,REPORT_LIMIT,3,0,1,1,0.3333333333333333,0.8,0.6248950958251953,9
w/o Transform Weight,A6_multi_source,medium,12,SRC_STOCK_4_PRICE,REPORT_LIMIT,1,1,1,1,1.0,0.8,0.6017684936523438,9
w/o Attenuation,A6_multi_source,medium,12,SRC_STOCK_4_PRICE,REPORT_LIMIT,4,0,0,1,0.25,0.8,0.6220340728759766,9
w/o Anomaly Score,A6_multi_source,medium,12,SRC_STOCK_4_PRICE,REPORT_LIMIT,22,0,0,0,0.045454545454545456,1.0,0.6108283996582031,9
APA-RCA v2 (Full),A6_multi_source,medium,12,SRC_STOCK_4_PRICE,REPORT_LIMIT,1,1,1,1,1.0,0.8,0.6201267242431641,9
v2 w/o Adaptive Weight,A6_multi_source,medium,12,SRC_STOCK_4_PRICE,REPORT_LIMIT,3,0,1,1,0.3333333333333333,0.8,0.6210803985595703,9
v2 w/o Score-inv Beta,A6_multi_source,medium,12,SRC_STOCK_4_PRICE,REPORT_LIMIT,1,1,1,1,1.0,0.8,0.6079673767089844,9
v2 w/o Ancestor Const,A6_multi_source,medium,12,SRC_STOCK_4_PRICE,REPORT_LIMIT,1,1,1,1,1.0,0.8,0.5838871002197266,9
Schema-Constraint,A6_multi_source,medium,12,SRC_STOCK_4_PRICE,REPORT_LIMIT,4,0,0,1,0.25,0.8,0.0,0
APA-RCA (Full),A6_multi_source,medium,13,SRC_STOCK_4_PRICE,REPORT_STRESS,1,1,1,1,1.0,0.8,0.6268024444580078,9
w/o Transform Weight,A6_multi_source,medium,13,SRC_STOCK_4_PRICE,REPORT_STRESS,1,1,1,1,1.0,0.8,0.6477832794189453,9
w/o Attenuation,A6_multi_source,medium,13,SRC_STOCK_4_PRICE,REPORT_STRESS,1,1,1,1,1.0,0.8,0.6110668182373047,9
w/o Anomaly Score,A6_multi_source,medium,13,SRC_STOCK_4_PRICE,REPORT_STRESS,4,0,0,1,0.25,0.8,0.6067752838134766,9
APA-RCA v2 (Full),A6_multi_source,medium,13,SRC_STOCK_4_PRICE,REPORT_STRESS,1,1,1,1,1.0,0.8,0.6120204925537109,9
v2 w/o Adaptive Weight,A6_multi_source,medium,13,SRC_STOCK_4_PRICE,REPORT_STRESS,1,1,1,1,1.0,0.8,0.6070137023925781,9
v2 w/o Score-inv Beta,A6_multi_source,medium,13,SRC_STOCK_4_PRICE,REPORT_STRESS,1,1,1,1,1.0,0.8,0.5891323089599609,9
v2 w/o Ancestor Const,A6_multi_source,medium,13,SRC_STOCK_4_PRICE,REPORT_STRESS,1,1,1,1,1.0,0.8,0.6208419799804688,9
Schema-Constraint,A6_multi_source,medium,13,SRC_STOCK_4_PRICE,REPORT_STRESS,4,0,0,1,0.25,0.8,0.0,0
APA-RCA (Full),A6_multi_source,medium,14,SRC_STOCK_5_PRICE,REPORT_STRESS,2,0,1,1,0.5,0.8,0.6310939788818359,9
w/o Transform Weight,A6_multi_source,medium,14,SRC_STOCK_5_PRICE,REPORT_STRESS,2,0,1,1,0.5,0.8,0.6418228149414062,9
w/o Attenuation,A6_multi_source,medium,14,SRC_STOCK_5_PRICE,REPORT_STRESS,2,0,1,1,0.5,0.8,0.6058216094970703,9
w/o Anomaly Score,A6_multi_source,medium,14,SRC_STOCK_5_PRICE,REPORT_STRESS,5,0,0,1,0.2,0.8,0.6151199340820312,9
APA-RCA v2 (Full),A6_multi_source,medium,14,SRC_STOCK_5_PRICE,REPORT_STRESS,2,0,1,1,0.5,0.8,0.6139278411865234,9
v2 w/o Adaptive Weight,A6_multi_source,medium,14,SRC_STOCK_5_PRICE,REPORT_STRESS,2,0,1,1,0.5,0.8,0.6201267242431641,9
v2 w/o Score-inv Beta,A6_multi_source,medium,14,SRC_STOCK_5_PRICE,REPORT_STRESS,2,0,1,1,0.5,0.8,0.5891323089599609,9
v2 w/o Ancestor Const,A6_multi_source,medium,14,SRC_STOCK_5_PRICE,REPORT_STRESS,2,0,1,1,0.5,0.8,0.6239414215087891,9
Schema-Constraint,A6_multi_source,medium,14,SRC_STOCK_5_PRICE,REPORT_STRESS,5,0,0,1,0.2,0.8,0.0,0
APA-RCA (Full),A6_multi_source,medium,15,SRC_STOCK_4_PRICE,REPORT_LIMIT,1,1,1,1,1.0,0.8,0.6341934204101562,9
w/o Transform Weight,A6_multi_source,medium,15,SRC_STOCK_4_PRICE,REPORT_LIMIT,1,1,1,1,1.0,0.8,0.6062984466552734,9
w/o Attenuation,A6_multi_source,medium,15,SRC_STOCK_4_PRICE,REPORT_LIMIT,1,1,1,1,1.0,0.8,0.6611347198486328,9
w/o Anomaly Score,A6_multi_source,medium,15,SRC_STOCK_4_PRICE,REPORT_LIMIT,22,0,0,0,0.045454545454545456,1.0,0.6251335144042969,9
APA-RCA v2 (Full),A6_multi_source,medium,15,SRC_STOCK_4_PRICE,REPORT_LIMIT,1,1,1,1,1.0,0.8,0.614166259765625,9
v2 w/o Adaptive Weight,A6_multi_source,medium,15,SRC_STOCK_4_PRICE,REPORT_LIMIT,1,1,1,1,1.0,0.8,0.6108283996582031,9
v2 w/o Score-inv Beta,A6_multi_source,medium,15,SRC_STOCK_4_PRICE,REPORT_LIMIT,1,1,1,1,1.0,0.8,0.5879402160644531,9
v2 w/o Ancestor Const,A6_multi_source,medium,15,SRC_STOCK_4_PRICE,REPORT_LIMIT,1,1,1,1,1.0,0.8,0.5848407745361328,9
Schema-Constraint,A6_multi_source,medium,15,SRC_STOCK_4_PRICE,REPORT_LIMIT,4,0,0,1,0.25,0.8,0.0,0
APA-RCA (Full),A6_multi_source,medium,16,SRC_STOCK_2_PRICE,REPORT_DASHBOARD,3,0,1,1,0.3333333333333333,0.8,0.6489753723144531,9
w/o Transform Weight,A6_multi_source,medium,16,SRC_STOCK_2_PRICE,REPORT_DASHBOARD,2,0,1,1,0.5,0.8,0.6668567657470703,9
w/o Attenuation,A6_multi_source,medium,16,SRC_STOCK_2_PRICE,REPORT_DASHBOARD,3,0,1,1,0.3333333333333333,0.8,0.6129741668701172,9
w/o Anomaly Score,A6_multi_source,medium,16,SRC_STOCK_2_PRICE,REPORT_DASHBOARD,10,0,0,0,0.1,1.0,1.1670589447021484,9
APA-RCA v2 (Full),A6_multi_source,medium,16,SRC_STOCK_2_PRICE,REPORT_DASHBOARD,2,0,1,1,0.5,0.8,0.6170272827148438,9
v2 w/o Adaptive Weight,A6_multi_source,medium,16,SRC_STOCK_2_PRICE,REPORT_DASHBOARD,3,0,1,1,0.3333333333333333,0.8,0.5910396575927734,9
v2 w/o Score-inv Beta,A6_multi_source,medium,16,SRC_STOCK_2_PRICE,REPORT_DASHBOARD,2,0,1,1,0.5,0.8,0.6289482116699219,9
v2 w/o Ancestor Const,A6_multi_source,medium,16,SRC_STOCK_2_PRICE,REPORT_DASHBOARD,2,0,1,1,0.5,0.8,0.6148815155029297,9
Schema-Constraint,A6_multi_source,medium,16,SRC_STOCK_2_PRICE,REPORT_DASHBOARD,2,0,1,1,0.5,0.8,0.0,0
APA-RCA (Full),A6_multi_source,medium,17,SRC_STOCK_4_PRICE,REPORT_LIMIT,3,0,1,1,0.3333333333333333,0.8,0.6530284881591797,9
w/o Transform Weight,A6_multi_source,medium,17,SRC_STOCK_4_PRICE,REPORT_LIMIT,2,0,1,1,0.5,0.8,0.6508827209472656,9
w/o Attenuation,A6_multi_source,medium,17,SRC_STOCK_4_PRICE,REPORT_LIMIT,3,0,1,1,0.3333333333333333,0.8,0.6160736083984375,9
w/o Anomaly Score,A6_multi_source,medium,17,SRC_STOCK_4_PRICE,REPORT_LIMIT,22,0,0,0,0.045454545454545456,1.0,0.6070137023925781,9
APA-RCA v2 (Full),A6_multi_source,medium,17,SRC_STOCK_4_PRICE,REPORT_LIMIT,2,0,1,1,0.5,0.8,0.6148815155029297,9
v2 w/o Adaptive Weight,A6_multi_source,medium,17,SRC_STOCK_4_PRICE,REPORT_LIMIT,3,0,1,1,0.3333333333333333,0.8,1.2059211730957031,9
v2 w/o Score-inv Beta,A6_multi_source,medium,17,SRC_STOCK_4_PRICE,REPORT_LIMIT,2,0,1,1,0.5,0.8,0.6008148193359375,9
v2 w/o Ancestor Const,A6_multi_source,medium,17,SRC_STOCK_4_PRICE,REPORT_LIMIT,2,0,1,1,0.5,0.8,0.6277561187744141,9
Schema-Constraint,A6_multi_source,medium,17,SRC_STOCK_4_PRICE,REPORT_LIMIT,4,0,0,1,0.25,0.8,0.0,0
APA-RCA (Full),A6_multi_source,medium,18,SRC_STOCK_3_PRICE,REPORT_LIMIT,2,0,1,1,0.5,0.8,0.6420612335205078,9
w/o Transform Weight,A6_multi_source,medium,18,SRC_STOCK_3_PRICE,REPORT_LIMIT,1,1,1,1,1.0,0.8,0.6470680236816406,9
w/o Attenuation,A6_multi_source,medium,18,SRC_STOCK_3_PRICE,REPORT_LIMIT,2,0,1,1,0.5,0.8,0.6160736083984375,9
w/o Anomaly Score,A6_multi_source,medium,18,SRC_STOCK_3_PRICE,REPORT_LIMIT,21,0,0,0,0.047619047619047616,1.0,0.6158351898193359,9
APA-RCA v2 (Full),A6_multi_source,medium,18,SRC_STOCK_3_PRICE,REPORT_LIMIT,1,1,1,1,1.0,0.8,0.6241798400878906,9
v2 w/o Adaptive Weight,A6_multi_source,medium,18,SRC_STOCK_3_PRICE,REPORT_LIMIT,2,0,1,1,0.5,0.8,0.6299018859863281,9
v2 w/o Score-inv Beta,A6_multi_source,medium,18,SRC_STOCK_3_PRICE,REPORT_LIMIT,1,1,1,1,1.0,0.8,0.5948543548583984,9
v2 w/o Ancestor Const,A6_multi_source,medium,18,SRC_STOCK_3_PRICE,REPORT_LIMIT,1,1,1,1,1.0,0.8,0.5891323089599609,9
Schema-Constraint,A6_multi_source,medium,18,SRC_STOCK_3_PRICE,REPORT_LIMIT,3,0,1,1,0.3333333333333333,0.8,0.0,0
APA-RCA (Full),A6_multi_source,medium,19,SRC_STOCK_4_PRICE,REPORT_DASHBOARD,3,0,1,1,0.3333333333333333,0.8,0.6668567657470703,9
w/o Transform Weight,A6_multi_source,medium,19,SRC_STOCK_4_PRICE,REPORT_DASHBOARD,1,1,1,1,1.0,0.8,0.6620883941650391,9
w/o Attenuation,A6_multi_source,medium,19,SRC_STOCK_4_PRICE,REPORT_DASHBOARD,3,0,1,1,0.3333333333333333,0.8,0.6120204925537109,9
w/o Anomaly Score,A6_multi_source,medium,19,SRC_STOCK_4_PRICE,REPORT_DASHBOARD,12,0,0,0,0.08333333333333333,1.0,0.61798095703125,9
APA-RCA v2 (Full),A6_multi_source,medium,19,SRC_STOCK_4_PRICE,REPORT_DASHBOARD,1,1,1,1,1.0,0.8,0.6170272827148438,9
v2 w/o Adaptive Weight,A6_multi_source,medium,19,SRC_STOCK_4_PRICE,REPORT_DASHBOARD,3,0,1,1,0.3333333333333333,0.8,0.6191730499267578,9
v2 w/o Score-inv Beta,A6_multi_source,medium,19,SRC_STOCK_4_PRICE,REPORT_DASHBOARD,1,1,1,1,1.0,0.8,0.5869865417480469,9
v2 w/o Ancestor Const,A6_multi_source,medium,19,SRC_STOCK_4_PRICE,REPORT_DASHBOARD,1,1,1,1,1.0,0.8,0.6189346313476562,9
Schema-Constraint,A6_multi_source,medium,19,SRC_STOCK_4_PRICE,REPORT_DASHBOARD,4,0,0,1,0.25,0.8,0.0,0
APA-RCA (Full),A6_multi_source,medium,20,SRC_STOCK_3_PRICE,REPORT_LIMIT,3,0,1,1,0.3333333333333333,0.8,0.6608963012695312,9
w/o Transform Weight,A6_multi_source,medium,20,SRC_STOCK_3_PRICE,REPORT_LIMIT,2,0,1,1,0.5,0.8,0.6470680236816406,9
w/o Attenuation,A6_multi_source,medium,20,SRC_STOCK_3_PRICE,REPORT_LIMIT,4,0,0,1,0.25,0.8,0.6158351898193359,9
w/o Anomaly Score,A6_multi_source,medium,20,SRC_STOCK_3_PRICE,REPORT_LIMIT,21,0,0,0,0.047619047619047616,1.0,0.6017684936523438,9
APA-RCA v2 (Full),A6_multi_source,medium,20,SRC_STOCK_3_PRICE,REPORT_LIMIT,2,0,1,1,0.5,0.8,0.6189346313476562,9
v2 w/o Adaptive Weight,A6_multi_source,medium,20,SRC_STOCK_3_PRICE,REPORT_LIMIT,3,0,1,1,0.3333333333333333,0.8,0.5919933319091797,9
v2 w/o Score-inv Beta,A6_multi_source,medium,20,SRC_STOCK_3_PRICE,REPORT_LIMIT,2,0,1,1,0.5,0.8,0.6260871887207031,9
v2 w/o Ancestor Const,A6_multi_source,medium,20,SRC_STOCK_3_PRICE,REPORT_LIMIT,2,0,1,1,0.5,0.8,0.6129741668701172,9
Schema-Constraint,A6_multi_source,medium,20,SRC_STOCK_3_PRICE,REPORT_LIMIT,3,0,1,1,0.3333333333333333,0.8,0.0,0
APA-RCA (Full),A6_multi_source,medium,21,SRC_STOCK_2_PRICE,REPORT_LIMIT,5,0,0,1,0.2,0.8,0.6258487701416016,9
w/o Transform Weight,A6_multi_source,medium,21,SRC_STOCK_2_PRICE,REPORT_LIMIT,2,0,1,1,0.5,0.8,1.1980533599853516,9
w/o Attenuation,A6_multi_source,medium,21,SRC_STOCK_2_PRICE,REPORT_LIMIT,5,0,0,1,0.2,0.8,0.6148815155029297,9
w/o Anomaly Score,A6_multi_source,medium,21,SRC_STOCK_2_PRICE,REPORT_LIMIT,20,0,0,0,0.05,1.0,0.6122589111328125,9
APA-RCA v2 (Full),A6_multi_source,medium,21,SRC_STOCK_2_PRICE,REPORT_LIMIT,2,0,1,1,0.5,0.8,0.6120204925537109,9
v2 w/o Adaptive Weight,A6_multi_source,medium,21,SRC_STOCK_2_PRICE,REPORT_LIMIT,5,0,0,1,0.2,0.8,0.6091594696044922,9
v2 w/o Score-inv Beta,A6_multi_source,medium,21,SRC_STOCK_2_PRICE,REPORT_LIMIT,2,0,1,1,0.5,0.8,0.5879402160644531,9
v2 w/o Ancestor Const,A6_multi_source,medium,21,SRC_STOCK_2_PRICE,REPORT_LIMIT,2,0,1,1,0.5,0.8,0.5888938903808594,9
Schema-Constraint,A6_multi_source,medium,21,SRC_STOCK_2_PRICE,REPORT_LIMIT,2,0,1,1,0.5,0.8,0.0,0
APA-RCA (Full),A6_multi_source,medium,22,SRC_STOCK_4_PRICE,REPORT_LIMIT,3,0,1,1,0.3333333333333333,0.8,0.6930828094482422,9
w/o Transform Weight,A6_multi_source,medium,22,SRC_STOCK_4_PRICE,REPORT_LIMIT,2,0,1,1,0.5,0.8,0.7491111755371094,9
w/o Attenuation,A6_multi_source,medium,22,SRC_STOCK_4_PRICE,REPORT_LIMIT,3,0,1,1,0.3333333333333333,0.8,0.6771087646484375,9
w/o Anomaly Score,A6_multi_source,medium,22,SRC_STOCK_4_PRICE,REPORT_LIMIT,22,0,0,0,0.045454545454545456,1.0,1.27410888671875,9
APA-RCA v2 (Full),A6_multi_source,medium,22,SRC_STOCK_4_PRICE,REPORT_LIMIT,2,0,1,1,0.5,0.8,0.6248950958251953,9
v2 w/o Adaptive Weight,A6_multi_source,medium,22,SRC_STOCK_4_PRICE,REPORT_LIMIT,3,0,1,1,0.3333333333333333,0.8,0.5958080291748047,9
v2 w/o Score-inv Beta,A6_multi_source,medium,22,SRC_STOCK_4_PRICE,REPORT_LIMIT,2,0,1,1,0.5,0.8,0.6411075592041016,9
v2 w/o Ancestor Const,A6_multi_source,medium,22,SRC_STOCK_4_PRICE,REPORT_LIMIT,2,0,1,1,0.5,0.8,0.6799697875976562,9
Schema-Constraint,A6_multi_source,medium,22,SRC_STOCK_4_PRICE,REPORT_LIMIT,4,0,0,1,0.25,0.8,0.0,0
APA-RCA (Full),A6_multi_source,medium,23,SRC_STOCK_5_PRICE,REPORT_DASHBOARD,3,0,1,1,0.3333333333333333,0.8,0.6401538848876953,9
w/o Transform Weight,A6_multi_source,medium,23,SRC_STOCK_5_PRICE,REPORT_DASHBOARD,2,0,1,1,0.5,0.8,0.6449222564697266,9
w/o Attenuation,A6_multi_source,medium,23,SRC_STOCK_5_PRICE,REPORT_DASHBOARD,3,0,1,1,0.3333333333333333,0.8,0.6170272827148438,9
w/o Anomaly Score,A6_multi_source,medium,23,SRC_STOCK_5_PRICE,REPORT_DASHBOARD,13,0,0,0,0.07692307692307693,1.0,0.6120204925537109,9
APA-RCA v2 (Full),A6_multi_source,medium,23,SRC_STOCK_5_PRICE,REPORT_DASHBOARD,2,0,1,1,0.5,0.8,0.6198883056640625,9
v2 w/o Adaptive Weight,A6_multi_source,medium,23,SRC_STOCK_5_PRICE,REPORT_DASHBOARD,3,0,1,1,0.3333333333333333,0.8,1.1670589447021484,9
v2 w/o Score-inv Beta,A6_multi_source,medium,23,SRC_STOCK_5_PRICE,REPORT_DASHBOARD,2,0,1,1,0.5,0.8,0.5869865417480469,9
v2 w/o Ancestor Const,A6_multi_source,medium,23,SRC_STOCK_5_PRICE,REPORT_DASHBOARD,2,0,1,1,0.5,0.8,0.6220340728759766,9
Schema-Constraint,A6_multi_source,medium,23,SRC_STOCK_5_PRICE,REPORT_DASHBOARD,5,0,0,1,0.2,0.8,0.0,0
APA-RCA (Full),A6_multi_source,medium,24,SRC_STOCK_2_PRICE,REPORT_STRESS,1,1,1,1,1.0,0.8,0.6289482116699219,9
w/o Transform Weight,A6_multi_source,medium,24,SRC_STOCK_2_PRICE,REPORT_STRESS,1,1,1,1,1.0,0.8,0.6399154663085938,9
w/o Attenuation,A6_multi_source,medium,24,SRC_STOCK_2_PRICE,REPORT_STRESS,1,1,1,1,1.0,0.8,0.6198883056640625,9
w/o Anomaly Score,A6_multi_source,medium,24,SRC_STOCK_2_PRICE,REPORT_STRESS,2,0,1,1,0.5,0.8,0.6110668182373047,9
APA-RCA v2 (Full),A6_multi_source,medium,24,SRC_STOCK_2_PRICE,REPORT_STRESS,1,1,1,1,1.0,0.8,0.6101131439208984,9
v2 w/o Adaptive Weight,A6_multi_source,medium,24,SRC_STOCK_2_PRICE,REPORT_STRESS,1,1,1,1,1.0,0.8,0.6117820739746094,9
v2 w/o Score-inv Beta,A6_multi_source,medium,24,SRC_STOCK_2_PRICE,REPORT_STRESS,1,1,1,1,1.0,0.8,0.5869865417480469,9
v2 w/o Ancestor Const,A6_multi_source,medium,24,SRC_STOCK_2_PRICE,REPORT_STRESS,1,1,1,1,1.0,0.8,0.5900859832763672,9
Schema-Constraint,A6_multi_source,medium,24,SRC_STOCK_2_PRICE,REPORT_STRESS,2,0,1,1,0.5,0.8,0.0,0
APA-RCA (Full),A6_multi_source,medium,25,SRC_STOCK_1_PRICE,REPORT_STRESS,2,0,1,1,0.5,0.8,0.6229877471923828,9
w/o Transform Weight,A6_multi_source,medium,25,SRC_STOCK_1_PRICE,REPORT_STRESS,2,0,1,1,0.5,0.8,0.6439685821533203,9
w/o Attenuation,A6_multi_source,medium,25,SRC_STOCK_1_PRICE,REPORT_STRESS,2,0,1,1,0.5,0.8,0.614166259765625,9
w/o Anomaly Score,A6_multi_source,medium,25,SRC_STOCK_1_PRICE,REPORT_STRESS,1,1,1,1,1.0,0.8,0.6079673767089844,9
APA-RCA v2 (Full),A6_multi_source,medium,25,SRC_STOCK_1_PRICE,REPORT_STRESS,2,0,1,1,0.5,0.8,0.6127357482910156,9
v2 w/o Adaptive Weight,A6_multi_source,medium,25,SRC_STOCK_1_PRICE,REPORT_STRESS,2,0,1,1,0.5,0.8,0.6127357482910156,9
v2 w/o Score-inv Beta,A6_multi_source,medium,25,SRC_STOCK_1_PRICE,REPORT_STRESS,2,0,1,1,0.5,0.8,0.5910396575927734,9
v2 w/o Ancestor Const,A6_multi_source,medium,25,SRC_STOCK_1_PRICE,REPORT_STRESS,2,0,1,1,0.5,0.8,0.6232261657714844,9
Schema-Constraint,A6_multi_source,medium,25,SRC_STOCK_1_PRICE,REPORT_STRESS,1,1,1,1,1.0,0.8,0.0,0
APA-RCA (Full),A6_multi_source,medium,26,SRC_STOCK_2_PRICE,REPORT_DASHBOARD,3,0,1,1,0.3333333333333333,0.8,0.6811618804931641,9
w/o Transform Weight,A6_multi_source,medium,26,SRC_STOCK_2_PRICE,REPORT_DASHBOARD,2,0,1,1,0.5,0.8,0.6258487701416016,9
w/o Attenuation,A6_multi_source,medium,26,SRC_STOCK_2_PRICE,REPORT_DASHBOARD,3,0,1,1,0.3333333333333333,0.8,0.61798095703125,9
w/o Anomaly Score,A6_multi_source,medium,26,SRC_STOCK_2_PRICE,REPORT_DASHBOARD,10,0,0,0,0.1,1.0,0.6139278411865234,9
APA-RCA v2 (Full),A6_multi_source,medium,26,SRC_STOCK_2_PRICE,REPORT_DASHBOARD,2,0,1,1,0.5,0.8,0.6108283996582031,9
v2 w/o Adaptive Weight,A6_multi_source,medium,26,SRC_STOCK_2_PRICE,REPORT_DASHBOARD,3,0,1,1,0.3333333333333333,0.8,0.5960464477539062,9
v2 w/o Score-inv Beta,A6_multi_source,medium,26,SRC_STOCK_2_PRICE,REPORT_DASHBOARD,2,0,1,1,0.5,0.8,0.6241798400878906,9
v2 w/o Ancestor Const,A6_multi_source,medium,26,SRC_STOCK_2_PRICE,REPORT_DASHBOARD,2,0,1,1,0.5,0.8,0.6079673767089844,9
Schema-Constraint,A6_multi_source,medium,26,SRC_STOCK_2_PRICE,REPORT_DASHBOARD,2,0,1,1,0.5,0.8,0.0,0
APA-RCA (Full),A6_multi_source,medium,27,SRC_STOCK_2_PRICE,REPORT_LIMIT,4,0,0,1,0.25,0.8,0.6351470947265625,9
w/o Transform Weight,A6_multi_source,medium,27,SRC_STOCK_2_PRICE,REPORT_LIMIT,2,0,1,1,0.5,0.8,1.1949539184570312,9
w/o Attenuation,A6_multi_source,medium,27,SRC_STOCK_2_PRICE,REPORT_LIMIT,6,0,0,0,0.16666666666666666,1.0,0.6289482116699219,9
w/o Anomaly Score,A6_multi_source,medium,27,SRC_STOCK_2_PRICE,REPORT_LIMIT,20,0,0,0,0.05,1.0,0.6048679351806641,9
APA-RCA v2 (Full),A6_multi_source,medium,27,SRC_STOCK_2_PRICE,REPORT_LIMIT,2,0,1,1,0.5,0.8,0.6041526794433594,9
v2 w/o Adaptive Weight,A6_multi_source,medium,27,SRC_STOCK_2_PRICE,REPORT_LIMIT,4,0,0,1,0.25,0.8,0.6048679351806641,9
v2 w/o Score-inv Beta,A6_multi_source,medium,27,SRC_STOCK_2_PRICE,REPORT_LIMIT,2,0,1,1,0.5,0.8,0.5810260772705078,9
v2 w/o Ancestor Const,A6_multi_source,medium,27,SRC_STOCK_2_PRICE,REPORT_LIMIT,2,0,1,1,0.5,0.8,0.5803108215332031,9
Schema-Constraint,A6_multi_source,medium,27,SRC_STOCK_2_PRICE,REPORT_LIMIT,2,0,1,1,0.5,0.8,0.0,0
APA-RCA (Full),A6_multi_source,medium,28,SRC_STOCK_2_PRICE,REPORT_DASHBOARD,3,0,1,1,0.3333333333333333,0.8,0.6439685821533203,9
w/o Transform Weight,A6_multi_source,medium,28,SRC_STOCK_2_PRICE,REPORT_DASHBOARD,2,0,1,1,0.5,0.8,0.6458759307861328,9
w/o Attenuation,A6_multi_source,medium,28,SRC_STOCK_2_PRICE,REPORT_DASHBOARD,3,0,1,1,0.3333333333333333,0.8,0.6139278411865234,9
w/o Anomaly Score,A6_multi_source,medium,28,SRC_STOCK_2_PRICE,REPORT_DASHBOARD,10,0,0,0,0.1,1.0,1.1830329895019531,9
APA-RCA v2 (Full),A6_multi_source,medium,28,SRC_STOCK_2_PRICE,REPORT_DASHBOARD,2,0,1,1,0.5,0.8,0.6170272827148438,9
v2 w/o Adaptive Weight,A6_multi_source,medium,28,SRC_STOCK_2_PRICE,REPORT_DASHBOARD,3,0,1,1,0.3333333333333333,0.8,0.5939006805419922,9
v2 w/o Score-inv Beta,A6_multi_source,medium,28,SRC_STOCK_2_PRICE,REPORT_DASHBOARD,2,0,1,1,0.5,0.8,0.6299018859863281,9
v2 w/o Ancestor Const,A6_multi_source,medium,28,SRC_STOCK_2_PRICE,REPORT_DASHBOARD,2,0,1,1,0.5,0.8,0.6191730499267578,9
Schema-Constraint,A6_multi_source,medium,28,SRC_STOCK_2_PRICE,REPORT_DASHBOARD,2,0,1,1,0.5,0.8,0.0,0
APA-RCA (Full),A6_multi_source,medium,29,SRC_STOCK_5_PRICE,REPORT_LIMIT,2,0,1,1,0.5,0.8,0.6380081176757812,9
w/o Transform Weight,A6_multi_source,medium,29,SRC_STOCK_5_PRICE,REPORT_LIMIT,1,1,1,1,1.0,0.8,0.6480216979980469,9
w/o Attenuation,A6_multi_source,medium,29,SRC_STOCK_5_PRICE,REPORT_LIMIT,2,0,1,1,0.5,0.8,0.6208419799804688,9
w/o Anomaly Score,A6_multi_source,medium,29,SRC_STOCK_5_PRICE,REPORT_LIMIT,23,0,0,0,0.043478260869565216,1.0,0.6198883056640625,9
APA-RCA v2 (Full),A6_multi_source,medium,29,SRC_STOCK_5_PRICE,REPORT_LIMIT,1,1,1,1,1.0,0.8,0.6241798400878906,9
v2 w/o Adaptive Weight,A6_multi_source,medium,29,SRC_STOCK_5_PRICE,REPORT_LIMIT,2,0,1,1,0.5,0.8,1.1620521545410156,9
v2 w/o Score-inv Beta,A6_multi_source,medium,29,SRC_STOCK_5_PRICE,REPORT_LIMIT,1,1,1,1,1.0,0.8,0.5822181701660156,9
v2 w/o Ancestor Const,A6_multi_source,medium,29,SRC_STOCK_5_PRICE,REPORT_LIMIT,1,1,1,1,1.0,0.8,22.447824478149414,9
Schema-Constraint,A6_multi_source,medium,29,SRC_STOCK_5_PRICE,REPORT_LIMIT,5,0,0,1,0.2,0.8,0.0,0
APA-RCA (Full),A7_coincidental,medium,0,SRC_STOCK_5_PRICE,REPORT_LIMIT,3,0,1,1,0.3333333333333333,0.8,0.6771087646484375,9
w/o Transform Weight,A7_coincidental,medium,0,SRC_STOCK_5_PRICE,REPORT_LIMIT,1,1,1,1,1.0,0.8,0.6060600280761719,9
w/o Attenuation,A7_coincidental,medium,0,SRC_STOCK_5_PRICE,REPORT_LIMIT,3,0,1,1,0.3333333333333333,0.8,0.6268024444580078,9
w/o Anomaly Score,A7_coincidental,medium,0,SRC_STOCK_5_PRICE,REPORT_LIMIT,23,0,0,0,0.043478260869565216,1.0,0.6122589111328125,9
APA-RCA v2 (Full),A7_coincidental,medium,0,SRC_STOCK_5_PRICE,REPORT_LIMIT,1,1,1,1,1.0,0.8,0.614166259765625,9
v2 w/o Adaptive Weight,A7_coincidental,medium,0,SRC_STOCK_5_PRICE,REPORT_LIMIT,3,0,1,1,0.3333333333333333,0.8,0.6198883056640625,9
v2 w/o Score-inv Beta,A7_coincidental,medium,0,SRC_STOCK_5_PRICE,REPORT_LIMIT,1,1,1,1,1.0,0.8,0.6151199340820312,9
v2 w/o Ancestor Const,A7_coincidental,medium,0,SRC_STOCK_5_PRICE,REPORT_LIMIT,1,1,1,1,1.0,0.8,0.5908012390136719,9
Schema-Constraint,A7_coincidental,medium,0,SRC_STOCK_5_PRICE,REPORT_LIMIT,5,0,0,1,0.2,0.8,0.0,0
APA-RCA (Full),A7_coincidental,medium,1,SRC_STOCK_3_PRICE,REPORT_STRESS,1,1,1,1,1.0,0.8,0.6222724914550781,9
w/o Transform Weight,A7_coincidental,medium,1,SRC_STOCK_3_PRICE,REPORT_STRESS,1,1,1,1,1.0,0.8,0.6392002105712891,9
w/o Attenuation,A7_coincidental,medium,1,SRC_STOCK_3_PRICE,REPORT_STRESS,1,1,1,1,1.0,0.8,0.6070137023925781,9
w/o Anomaly Score,A7_coincidental,medium,1,SRC_STOCK_3_PRICE,REPORT_STRESS,3,0,1,1,0.3333333333333333,0.8,0.6089210510253906,9
APA-RCA v2 (Full),A7_coincidental,medium,1,SRC_STOCK_3_PRICE,REPORT_STRESS,1,1,1,1,1.0,0.8,0.6248950958251953,9
v2 w/o Adaptive Weight,A7_coincidental,medium,1,SRC_STOCK_3_PRICE,REPORT_STRESS,1,1,1,1,1.0,0.8,0.6151199340820312,9
v2 w/o Score-inv Beta,A7_coincidental,medium,1,SRC_STOCK_3_PRICE,REPORT_STRESS,1,1,1,1,1.0,0.8,0.5838871002197266,9
v2 w/o Ancestor Const,A7_coincidental,medium,1,SRC_STOCK_3_PRICE,REPORT_STRESS,1,1,1,1,1.0,0.8,0.6148815155029297,9
Schema-Constraint,A7_coincidental,medium,1,SRC_STOCK_3_PRICE,REPORT_STRESS,3,0,1,1,0.3333333333333333,0.8,0.0,0
APA-RCA (Full),A7_coincidental,medium,2,SRC_STOCK_5_PRICE,REPORT_LIMIT,4,0,0,1,0.25,0.8,0.637054443359375,9
w/o Transform Weight,A7_coincidental,medium,2,SRC_STOCK_5_PRICE,REPORT_LIMIT,1,1,1,1,1.0,0.8,0.6470680236816406,9
w/o Attenuation,A7_coincidental,medium,2,SRC_STOCK_5_PRICE,REPORT_LIMIT,6,0,0,0,0.16666666666666666,1.0,0.6148815155029297,9
w/o Anomaly Score,A7_coincidental,medium,2,SRC_STOCK_5_PRICE,REPORT_LIMIT,23,0,0,0,0.043478260869565216,1.0,0.6136894226074219,9
APA-RCA v2 (Full),A7_coincidental,medium,2,SRC_STOCK_5_PRICE,REPORT_LIMIT,1,1,1,1,1.0,0.8,0.6139278411865234,9
v2 w/o Adaptive Weight,A7_coincidental,medium,2,SRC_STOCK_5_PRICE,REPORT_LIMIT,4,0,0,1,0.25,0.8,0.6167888641357422,9
v2 w/o Score-inv Beta,A7_coincidental,medium,2,SRC_STOCK_5_PRICE,REPORT_LIMIT,1,1,1,1,1.0,0.8,0.5910396575927734,9
v2 w/o Ancestor Const,A7_coincidental,medium,2,SRC_STOCK_5_PRICE,REPORT_LIMIT,1,1,1,1,1.0,0.8,0.6241798400878906,9
Schema-Constraint,A7_coincidental,medium,2,SRC_STOCK_5_PRICE,REPORT_LIMIT,5,0,0,1,0.2,0.8,0.0,0
APA-RCA (Full),A7_coincidental,medium,3,SRC_STOCK_5_PRICE,REPORT_LIMIT,4,0,0,1,0.25,0.8,0.614166259765625,9
w/o Transform Weight,A7_coincidental,medium,3,SRC_STOCK_5_PRICE,REPORT_LIMIT,1,1,1,1,1.0,0.8,0.5998611450195312,9
w/o Attenuation,A7_coincidental,medium,3,SRC_STOCK_5_PRICE,REPORT_LIMIT,5,0,0,1,0.2,0.8,0.6241798400878906,9
w/o Anomaly Score,A7_coincidental,medium,3,SRC_STOCK_5_PRICE,REPORT_LIMIT,23,0,0,0,0.043478260869565216,1.0,0.6148815155029297,9
APA-RCA v2 (Full),A7_coincidental,medium,3,SRC_STOCK_5_PRICE,REPORT_LIMIT,1,1,1,1,1.0,0.8,0.6101131439208984,9
v2 w/o Adaptive Weight,A7_coincidental,medium,3,SRC_STOCK_5_PRICE,REPORT_LIMIT,4,0,0,1,0.25,0.8,0.6132125854492188,9
v2 w/o Score-inv Beta,A7_coincidental,medium,3,SRC_STOCK_5_PRICE,REPORT_LIMIT,1,1,1,1,1.0,0.8,0.5941390991210938,9
v2 w/o Ancestor Const,A7_coincidental,medium,3,SRC_STOCK_5_PRICE,REPORT_LIMIT,1,1,1,1,1.0,0.8,0.5891323089599609,9
Schema-Constraint,A7_coincidental,medium,3,SRC_STOCK_5_PRICE,REPORT_LIMIT,5,0,0,1,0.2,0.8,0.0,0
APA-RCA (Full),A7_coincidental,medium,4,SRC_STOCK_4_PRICE,REPORT_LIMIT,4,0,0,1,0.25,0.8,0.6268024444580078,9
w/o Transform Weight,A7_coincidental,medium,4,SRC_STOCK_4_PRICE,REPORT_LIMIT,1,1,1,1,1.0,0.8,0.6389617919921875,9
w/o Attenuation,A7_coincidental,medium,4,SRC_STOCK_4_PRICE,REPORT_LIMIT,6,0,0,0,0.16666666666666666,1.0,0.6210803985595703,9
w/o Anomaly Score,A7_coincidental,medium,4,SRC_STOCK_4_PRICE,REPORT_LIMIT,22,0,0,0,0.045454545454545456,1.0,1.107931137084961,9
APA-RCA v2 (Full),A7_coincidental,medium,4,SRC_STOCK_4_PRICE,REPORT_LIMIT,1,1,1,1,1.0,0.8,0.6308555603027344,9
v2 w/o Adaptive Weight,A7_coincidental,medium,4,SRC_STOCK_4_PRICE,REPORT_LIMIT,4,0,0,1,0.25,0.8,0.5958080291748047,9
v2 w/o Score-inv Beta,A7_coincidental,medium,4,SRC_STOCK_4_PRICE,REPORT_LIMIT,1,1,1,1,1.0,0.8,0.5941390991210938,9
v2 w/o Ancestor Const,A7_coincidental,medium,4,SRC_STOCK_4_PRICE,REPORT_LIMIT,1,1,1,1,1.0,0.8,0.6251335144042969,9
Schema-Constraint,A7_coincidental,medium,4,SRC_STOCK_4_PRICE,REPORT_LIMIT,4,0,0,1,0.25,0.8,0.0,0
APA-RCA (Full),A7_coincidental,medium,5,SRC_STOCK_4_PRICE,REPORT_LIMIT,5,0,0,1,0.2,0.8,0.6263256072998047,9
w/o Transform Weight,A7_coincidental,medium,5,SRC_STOCK_4_PRICE,REPORT_LIMIT,1,1,1,1,1.0,0.8,0.6220340728759766,9
w/o Attenuation,A7_coincidental,medium,5,SRC_STOCK_4_PRICE,REPORT_LIMIT,5,0,0,1,0.2,0.8,0.6210803985595703,9
w/o Anomaly Score,A7_coincidental,medium,5,SRC_STOCK_4_PRICE,REPORT_LIMIT,22,0,0,0,0.045454545454545456,1.0,0.61798095703125,9
APA-RCA v2 (Full),A7_coincidental,medium,5,SRC_STOCK_4_PRICE,REPORT_LIMIT,1,1,1,1,1.0,0.8,0.6070137023925781,9
v2 w/o Adaptive Weight,A7_coincidental,medium,5,SRC_STOCK_4_PRICE,REPORT_LIMIT,5,0,0,1,0.2,0.8,1.096963882446289,9
v2 w/o Score-inv Beta,A7_coincidental,medium,5,SRC_STOCK_4_PRICE,REPORT_LIMIT,1,1,1,1,1.0,0.8,0.5848407745361328,9
v2 w/o Ancestor Const,A7_coincidental,medium,5,SRC_STOCK_4_PRICE,REPORT_LIMIT,1,1,1,1,1.0,0.8,0.5879402160644531,9
Schema-Constraint,A7_coincidental,medium,5,SRC_STOCK_4_PRICE,REPORT_LIMIT,4,0,0,1,0.25,0.8,0.0,0
APA-RCA (Full),A7_coincidental,medium,6,SRC_STOCK_3_PRICE,REPORT_LIMIT,4,0,0,1,0.25,0.8,0.6511211395263672,9
w/o Transform Weight,A7_coincidental,medium,6,SRC_STOCK_3_PRICE,REPORT_LIMIT,1,1,1,1,1.0,0.8,0.640869140625,9
w/o Attenuation,A7_coincidental,medium,6,SRC_STOCK_3_PRICE,REPORT_LIMIT,5,0,0,1,0.2,0.8,0.6170272827148438,9
w/o Anomaly Score,A7_coincidental,medium,6,SRC_STOCK_3_PRICE,REPORT_LIMIT,21,0,0,0,0.047619047619047616,1.0,0.6120204925537109,9
APA-RCA v2 (Full),A7_coincidental,medium,6,SRC_STOCK_3_PRICE,REPORT_LIMIT,1,1,1,1,1.0,0.8,0.6268024444580078,9
v2 w/o Adaptive Weight,A7_coincidental,medium,6,SRC_STOCK_3_PRICE,REPORT_LIMIT,4,0,0,1,0.25,0.8,0.6122589111328125,9
v2 w/o Score-inv Beta,A7_coincidental,medium,6,SRC_STOCK_3_PRICE,REPORT_LIMIT,1,1,1,1,1.0,0.8,0.5829334259033203,9
v2 w/o Ancestor Const,A7_coincidental,medium,6,SRC_STOCK_3_PRICE,REPORT_LIMIT,1,1,1,1,1.0,0.8,0.5841255187988281,9
Schema-Constraint,A7_coincidental,medium,6,SRC_STOCK_3_PRICE,REPORT_LIMIT,3,0,1,1,0.3333333333333333,0.8,0.0,0
APA-RCA (Full),A7_coincidental,medium,7,SRC_STOCK_5_PRICE,REPORT_STRESS,1,1,1,1,1.0,0.8,0.6189346313476562,9
w/o Transform Weight,A7_coincidental,medium,7,SRC_STOCK_5_PRICE,REPORT_STRESS,1,1,1,1,1.0,0.8,0.6339550018310547,9
w/o Attenuation,A7_coincidental,medium,7,SRC_STOCK_5_PRICE,REPORT_STRESS,1,1,1,1,1.0,0.8,0.6189346313476562,9
w/o Anomaly Score,A7_coincidental,medium,7,SRC_STOCK_5_PRICE,REPORT_STRESS,5,0,0,1,0.2,0.8,0.6060600280761719,9
APA-RCA v2 (Full),A7_coincidental,medium,7,SRC_STOCK_5_PRICE,REPORT_STRESS,1,1,1,1,1.0,0.8,0.6089210510253906,9
v2 w/o Adaptive Weight,A7_coincidental,medium,7,SRC_STOCK_5_PRICE,REPORT_STRESS,1,1,1,1,1.0,0.8,0.6089210510253906,9
v2 w/o Score-inv Beta,A7_coincidental,medium,7,SRC_STOCK_5_PRICE,REPORT_STRESS,1,1,1,1,1.0,0.8,0.5791187286376953,9
v2 w/o Ancestor Const,A7_coincidental,medium,7,SRC_STOCK_5_PRICE,REPORT_STRESS,1,1,1,1,1.0,0.8,0.6132125854492188,9
Schema-Constraint,A7_coincidental,medium,7,SRC_STOCK_5_PRICE,REPORT_STRESS,5,0,0,1,0.2,0.8,0.0,0
APA-RCA (Full),A7_coincidental,medium,8,SRC_STOCK_4_PRICE,REPORT_LIMIT,3,0,1,1,0.3333333333333333,0.8,0.6482601165771484,9
w/o Transform Weight,A7_coincidental,medium,8,SRC_STOCK_4_PRICE,REPORT_LIMIT,1,1,1,1,1.0,0.8,0.6310939788818359,9
w/o Attenuation,A7_coincidental,medium,8,SRC_STOCK_4_PRICE,REPORT_LIMIT,3,0,1,1,0.3333333333333333,0.8,0.6201267242431641,9
w/o Anomaly Score,A7_coincidental,medium,8,SRC_STOCK_4_PRICE,REPORT_LIMIT,22,0,0,0,0.045454545454545456,1.0,0.6120204925537109,9
APA-RCA v2 (Full),A7_coincidental,medium,8,SRC_STOCK_4_PRICE,REPORT_LIMIT,1,1,1,1,1.0,0.8,0.6086826324462891,9
v2 w/o Adaptive Weight,A7_coincidental,medium,8,SRC_STOCK_4_PRICE,REPORT_LIMIT,3,0,1,1,0.3333333333333333,0.8,0.5929470062255859,9
v2 w/o Score-inv Beta,A7_coincidental,medium,8,SRC_STOCK_4_PRICE,REPORT_LIMIT,1,1,1,1,1.0,0.8,0.6279945373535156,9
v2 w/o Ancestor Const,A7_coincidental,medium,8,SRC_STOCK_4_PRICE,REPORT_LIMIT,1,1,1,1,1.0,0.8,0.6089210510253906,9
Schema-Constraint,A7_coincidental,medium,8,SRC_STOCK_4_PRICE,REPORT_LIMIT,4,0,0,1,0.25,0.8,0.0,0
APA-RCA (Full),A7_coincidental,medium,9,SRC_STOCK_3_PRICE,REPORT_LIMIT,5,0,0,1,0.2,0.8,0.6501674652099609,9
w/o Transform Weight,A7_coincidental,medium,9,SRC_STOCK_3_PRICE,REPORT_LIMIT,1,1,1,1,1.0,0.8,1.2400150299072266,9
w/o Attenuation,A7_coincidental,medium,9,SRC_STOCK_3_PRICE,REPORT_LIMIT,6,0,0,0,0.16666666666666666,1.0,0.6148815155029297,9
w/o Anomaly Score,A7_coincidental,medium,9,SRC_STOCK_3_PRICE,REPORT_LIMIT,21,0,0,0,0.047619047619047616,1.0,0.6060600280761719,9
APA-RCA v2 (Full),A7_coincidental,medium,9,SRC_STOCK_3_PRICE,REPORT_LIMIT,1,1,1,1,1.0,0.8,0.6208419799804688,9
v2 w/o Adaptive Weight,A7_coincidental,medium,9,SRC_STOCK_3_PRICE,REPORT_LIMIT,5,0,0,1,0.2,0.8,0.6268024444580078,9
v2 w/o Score-inv Beta,A7_coincidental,medium,9,SRC_STOCK_3_PRICE,REPORT_LIMIT,1,1,1,1,1.0,0.8,0.5857944488525391,9
v2 w/o Ancestor Const,A7_coincidental,medium,9,SRC_STOCK_3_PRICE,REPORT_LIMIT,1,1,1,1,1.0,0.8,0.5850791931152344,9
Schema-Constraint,A7_coincidental,medium,9,SRC_STOCK_3_PRICE,REPORT_LIMIT,3,0,1,1,0.3333333333333333,0.8,0.0,0
APA-RCA (Full),A7_coincidental,medium,10,SRC_STOCK_4_PRICE,REPORT_LIMIT,3,0,1,1,0.3333333333333333,0.8,0.637054443359375,9
w/o Transform Weight,A7_coincidental,medium,10,SRC_STOCK_4_PRICE,REPORT_LIMIT,1,1,1,1,1.0,0.8,0.6501674652099609,9
w/o Attenuation,A7_coincidental,medium,10,SRC_STOCK_4_PRICE,REPORT_LIMIT,3,0,1,1,0.3333333333333333,0.8,0.6158351898193359,9
w/o Anomaly Score,A7_coincidental,medium,10,SRC_STOCK_4_PRICE,REPORT_LIMIT,22,0,0,0,0.045454545454545456,1.0,1.180887222290039,9
APA-RCA v2 (Full),A7_coincidental,medium,10,SRC_STOCK_4_PRICE,REPORT_LIMIT,1,1,1,1,1.0,0.8,0.6170272827148438,9
v2 w/o Adaptive Weight,A7_coincidental,medium,10,SRC_STOCK_4_PRICE,REPORT_LIMIT,3,0,1,1,0.3333333333333333,0.8,0.5991458892822266,9
v2 w/o Score-inv Beta,A7_coincidental,medium,10,SRC_STOCK_4_PRICE,REPORT_LIMIT,1,1,1,1,1.0,0.8,0.6511211395263672,9
v2 w/o Ancestor Const,A7_coincidental,medium,10,SRC_STOCK_4_PRICE,REPORT_LIMIT,1,1,1,1,1.0,0.8,0.6158351898193359,9
Schema-Constraint,A7_coincidental,medium,10,SRC_STOCK_4_PRICE,REPORT_LIMIT,4,0,0,1,0.25,0.8,0.0,0
APA-RCA (Full),A7_coincidental,medium,11,SRC_STOCK_1_PRICE,REPORT_LIMIT,5,0,0,1,0.2,0.8,0.6451606750488281,9
w/o Transform Weight,A7_coincidental,medium,11,SRC_STOCK_1_PRICE,REPORT_LIMIT,1,1,1,1,1.0,0.8,0.6511211395263672,9
w/o Attenuation,A7_coincidental,medium,11,SRC_STOCK_1_PRICE,REPORT_LIMIT,5,0,0,1,0.2,0.8,0.6282329559326172,9
w/o Anomaly Score,A7_coincidental,medium,11,SRC_STOCK_1_PRICE,REPORT_LIMIT,19,0,0,0,0.05263157894736842,1.0,0.61798095703125,9
APA-RCA v2 (Full),A7_coincidental,medium,11,SRC_STOCK_1_PRICE,REPORT_LIMIT,1,1,1,1,1.0,0.8,0.6358623504638672,9
v2 w/o Adaptive Weight,A7_coincidental,medium,11,SRC_STOCK_1_PRICE,REPORT_LIMIT,5,0,0,1,0.2,0.8,1.1420249938964844,9
v2 w/o Score-inv Beta,A7_coincidental,medium,11,SRC_STOCK_1_PRICE,REPORT_LIMIT,1,1,1,1,1.0,0.8,0.5888938903808594,9
v2 w/o Ancestor Const,A7_coincidental,medium,11,SRC_STOCK_1_PRICE,REPORT_LIMIT,1,1,1,1,1.0,0.8,0.6310939788818359,9
Schema-Constraint,A7_coincidental,medium,11,SRC_STOCK_1_PRICE,REPORT_LIMIT,1,1,1,1,1.0,0.8,0.0,0
APA-RCA (Full),A7_coincidental,medium,12,SRC_STOCK_4_PRICE,REPORT_DASHBOARD,3,0,1,1,0.3333333333333333,0.8,0.6470680236816406,9
w/o Transform Weight,A7_coincidental,medium,12,SRC_STOCK_4_PRICE,REPORT_DASHBOARD,1,1,1,1,1.0,0.8,0.6461143493652344,9
w/o Attenuation,A7_coincidental,medium,12,SRC_STOCK_4_PRICE,REPORT_DASHBOARD,3,0,1,1,0.3333333333333333,0.8,0.6239414215087891,9
w/o Anomaly Score,A7_coincidental,medium,12,SRC_STOCK_4_PRICE,REPORT_DASHBOARD,12,0,0,0,0.08333333333333333,1.0,0.6139278411865234,9
APA-RCA v2 (Full),A7_coincidental,medium,12,SRC_STOCK_4_PRICE,REPORT_DASHBOARD,1,1,1,1,1.0,0.8,0.6120204925537109,9
v2 w/o Adaptive Weight,A7_coincidental,medium,12,SRC_STOCK_4_PRICE,REPORT_DASHBOARD,3,0,1,1,0.3333333333333333,0.8,0.6110668182373047,9
v2 w/o Score-inv Beta,A7_coincidental,medium,12,SRC_STOCK_4_PRICE,REPORT_DASHBOARD,1,1,1,1,1.0,0.8,0.5819797515869141,9
v2 w/o Ancestor Const,A7_coincidental,medium,12,SRC_STOCK_4_PRICE,REPORT_DASHBOARD,1,1,1,1,1.0,0.8,0.6070137023925781,9
Schema-Constraint,A7_coincidental,medium,12,SRC_STOCK_4_PRICE,REPORT_DASHBOARD,4,0,0,1,0.25,0.8,0.0,0
APA-RCA (Full),A7_coincidental,medium,13,SRC_STOCK_5_PRICE,REPORT_DASHBOARD,2,0,1,1,0.5,0.8,0.6747245788574219,9
w/o Transform Weight,A7_coincidental,medium,13,SRC_STOCK_5_PRICE,REPORT_DASHBOARD,1,1,1,1,1.0,0.8,0.6573200225830078,9
w/o Attenuation,A7_coincidental,medium,13,SRC_STOCK_5_PRICE,REPORT_DASHBOARD,2,0,1,1,0.5,0.8,0.6279945373535156,9
w/o Anomaly Score,A7_coincidental,medium,13,SRC_STOCK_5_PRICE,REPORT_DASHBOARD,13,0,0,0,0.07692307692307693,1.0,0.6101131439208984,9
APA-RCA v2 (Full),A7_coincidental,medium,13,SRC_STOCK_5_PRICE,REPORT_DASHBOARD,1,1,1,1,1.0,0.8,0.6170272827148438,9
v2 w/o Adaptive Weight,A7_coincidental,medium,13,SRC_STOCK_5_PRICE,REPORT_DASHBOARD,2,0,1,1,0.5,0.8,0.61798095703125,9
v2 w/o Score-inv Beta,A7_coincidental,medium,13,SRC_STOCK_5_PRICE,REPORT_DASHBOARD,1,1,1,1,1.0,0.8,0.5860328674316406,9
v2 w/o Ancestor Const,A7_coincidental,medium,13,SRC_STOCK_5_PRICE,REPORT_DASHBOARD,1,1,1,1,1.0,0.8,0.614166259765625,9
Schema-Constraint,A7_coincidental,medium,13,SRC_STOCK_5_PRICE,REPORT_DASHBOARD,5,0,0,1,0.2,0.8,0.0,0
APA-RCA (Full),A7_coincidental,medium,14,SRC_STOCK_1_PRICE,REPORT_LIMIT,3,0,1,1,0.3333333333333333,0.8,0.6678104400634766,9
w/o Transform Weight,A7_coincidental,medium,14,SRC_STOCK_1_PRICE,REPORT_LIMIT,1,1,1,1,1.0,0.8,0.6320476531982422,9
w/o Attenuation,A7_coincidental,medium,14,SRC_STOCK_1_PRICE,REPORT_LIMIT,4,0,0,1,0.25,0.8,0.6620883941650391,9
w/o Anomaly Score,A7_coincidental,medium,14,SRC_STOCK_1_PRICE,REPORT_LIMIT,19,0,0,0,0.05263157894736842,1.0,0.6196498870849609,9
APA-RCA v2 (Full),A7_coincidental,medium,14,SRC_STOCK_1_PRICE,REPORT_LIMIT,1,1,1,1,1.0,0.8,0.6191730499267578,9
v2 w/o Adaptive Weight,A7_coincidental,medium,14,SRC_STOCK_1_PRICE,REPORT_LIMIT,3,0,1,1,0.3333333333333333,0.8,0.5891323089599609,9
v2 w/o Score-inv Beta,A7_coincidental,medium,14,SRC_STOCK_1_PRICE,REPORT_LIMIT,1,1,1,1,1.0,0.8,0.6318092346191406,9
v2 w/o Ancestor Const,A7_coincidental,medium,14,SRC_STOCK_1_PRICE,REPORT_LIMIT,1,1,1,1,1.0,0.8,0.6232261657714844,9
Schema-Constraint,A7_coincidental,medium,14,SRC_STOCK_1_PRICE,REPORT_LIMIT,1,1,1,1,1.0,0.8,0.0,0
APA-RCA (Full),A7_coincidental,medium,15,SRC_STOCK_5_PRICE,REPORT_LIMIT,4,0,0,1,0.25,0.8,0.6301403045654297,9
w/o Transform Weight,A7_coincidental,medium,15,SRC_STOCK_5_PRICE,REPORT_LIMIT,1,1,1,1,1.0,0.8,1.21307373046875,9
w/o Attenuation,A7_coincidental,medium,15,SRC_STOCK_5_PRICE,REPORT_LIMIT,5,0,0,1,0.2,0.8,0.6070137023925781,9
w/o Anomaly Score,A7_coincidental,medium,15,SRC_STOCK_5_PRICE,REPORT_LIMIT,23,0,0,0,0.043478260869565216,1.0,0.6151199340820312,9
APA-RCA v2 (Full),A7_coincidental,medium,15,SRC_STOCK_5_PRICE,REPORT_LIMIT,1,1,1,1,1.0,0.8,0.6148815155029297,9
v2 w/o Adaptive Weight,A7_coincidental,medium,15,SRC_STOCK_5_PRICE,REPORT_LIMIT,4,0,0,1,0.25,0.8,0.6158351898193359,9
v2 w/o Score-inv Beta,A7_coincidental,medium,15,SRC_STOCK_5_PRICE,REPORT_LIMIT,1,1,1,1,1.0,0.8,0.5860328674316406,9
v2 w/o Ancestor Const,A7_coincidental,medium,15,SRC_STOCK_5_PRICE,REPORT_LIMIT,1,1,1,1,1.0,0.8,0.5953311920166016,9
Schema-Constraint,A7_coincidental,medium,15,SRC_STOCK_5_PRICE,REPORT_LIMIT,5,0,0,1,0.2,0.8,0.0,0
APA-RCA (Full),A7_coincidental,medium,16,SRC_STOCK_3_PRICE,REPORT_LIMIT,4,0,0,1,0.25,0.8,0.6439685821533203,9
w/o Transform Weight,A7_coincidental,medium,16,SRC_STOCK_3_PRICE,REPORT_LIMIT,1,1,1,1,1.0,0.8,0.6492137908935547,9
w/o Attenuation,A7_coincidental,medium,16,SRC_STOCK_3_PRICE,REPORT_LIMIT,4,0,0,1,0.25,0.8,0.6091594696044922,9
w/o Anomaly Score,A7_coincidental,medium,16,SRC_STOCK_3_PRICE,REPORT_LIMIT,21,0,0,0,0.047619047619047616,1.0,1.2028217315673828,9
APA-RCA v2 (Full),A7_coincidental,medium,16,SRC_STOCK_3_PRICE,REPORT_LIMIT,1,1,1,1,1.0,0.8,0.6210803985595703,9
v2 w/o Adaptive Weight,A7_coincidental,medium,16,SRC_STOCK_3_PRICE,REPORT_LIMIT,4,0,0,1,0.25,0.8,0.5979537963867188,9
v2 w/o Score-inv Beta,A7_coincidental,medium,16,SRC_STOCK_3_PRICE,REPORT_LIMIT,1,1,1,1,1.0,0.8,0.6439685821533203,9
v2 w/o Ancestor Const,A7_coincidental,medium,16,SRC_STOCK_3_PRICE,REPORT_LIMIT,1,1,1,1,1.0,0.8,0.6132125854492188,9
Schema-Constraint,A7_coincidental,medium,16,SRC_STOCK_3_PRICE,REPORT_LIMIT,3,0,1,1,0.3333333333333333,0.8,0.0,0
APA-RCA (Full),A7_coincidental,medium,17,SRC_STOCK_4_PRICE,REPORT_LIMIT,3,0,1,1,0.3333333333333333,0.8,0.6327629089355469,9
w/o Transform Weight,A7_coincidental,medium,17,SRC_STOCK_4_PRICE,REPORT_LIMIT,1,1,1,1,1.0,0.8,0.6489753723144531,9
w/o Attenuation,A7_coincidental,medium,17,SRC_STOCK_4_PRICE,REPORT_LIMIT,3,0,1,1,0.3333333333333333,0.8,0.6220340728759766,9
w/o Anomaly Score,A7_coincidental,medium,17,SRC_STOCK_4_PRICE,REPORT_LIMIT,22,0,0,0,0.045454545454545456,1.0,0.6189346313476562,9
APA-RCA v2 (Full),A7_coincidental,medium,17,SRC_STOCK_4_PRICE,REPORT_LIMIT,1,1,1,1,1.0,0.8,0.6167888641357422,9
v2 w/o Adaptive Weight,A7_coincidental,medium,17,SRC_STOCK_4_PRICE,REPORT_LIMIT,3,0,1,1,0.3333333333333333,0.8,1.1327266693115234,9
v2 w/o Score-inv Beta,A7_coincidental,medium,17,SRC_STOCK_4_PRICE,REPORT_LIMIT,1,1,1,1,1.0,0.8,0.5939006805419922,9
v2 w/o Ancestor Const,A7_coincidental,medium,17,SRC_STOCK_4_PRICE,REPORT_LIMIT,1,1,1,1,1.0,0.8,0.6239414215087891,9
Schema-Constraint,A7_coincidental,medium,17,SRC_STOCK_4_PRICE,REPORT_LIMIT,4,0,0,1,0.25,0.8,0.0,0
APA-RCA (Full),A7_coincidental,medium,18,SRC_STOCK_5_PRICE,REPORT_LIMIT,4,0,0,1,0.25,0.8,0.6401538848876953,9
w/o Transform Weight,A7_coincidental,medium,18,SRC_STOCK_5_PRICE,REPORT_LIMIT,1,1,1,1,1.0,0.8,0.6670951843261719,9
w/o Attenuation,A7_coincidental,medium,18,SRC_STOCK_5_PRICE,REPORT_LIMIT,5,0,0,1,0.2,0.8,0.621795654296875,9
w/o Anomaly Score,A7_coincidental,medium,18,SRC_STOCK_5_PRICE,REPORT_LIMIT,23,0,0,0,0.043478260869565216,1.0,0.6210803985595703,9
APA-RCA v2 (Full),A7_coincidental,medium,18,SRC_STOCK_5_PRICE,REPORT_LIMIT,1,1,1,1,1.0,0.8,0.6239414215087891,9
v2 w/o Adaptive Weight,A7_coincidental,medium,18,SRC_STOCK_5_PRICE,REPORT_LIMIT,4,0,0,1,0.25,0.8,0.61798095703125,9
v2 w/o Score-inv Beta,A7_coincidental,medium,18,SRC_STOCK_5_PRICE,REPORT_LIMIT,1,1,1,1,1.0,0.8,0.5900859832763672,9
v2 w/o Ancestor Const,A7_coincidental,medium,18,SRC_STOCK_5_PRICE,REPORT_LIMIT,1,1,1,1,1.0,0.8,0.5970001220703125,9
Schema-Constraint,A7_coincidental,medium,18,SRC_STOCK_5_PRICE,REPORT_LIMIT,5,0,0,1,0.2,0.8,0.0,0
APA-RCA (Full),A7_coincidental,medium,19,SRC_STOCK_3_PRICE,REPORT_LIMIT,4,0,0,1,0.25,0.8,0.6361007690429688,9
w/o Transform Weight,A7_coincidental,medium,19,SRC_STOCK_3_PRICE,REPORT_LIMIT,1,1,1,1,1.0,0.8,0.6499290466308594,9
w/o Attenuation,A7_coincidental,medium,19,SRC_STOCK_3_PRICE,REPORT_LIMIT,5,0,0,1,0.2,0.8,0.6172657012939453,9
w/o Anomaly Score,A7_coincidental,medium,19,SRC_STOCK_3_PRICE,REPORT_LIMIT,21,0,0,0,0.047619047619047616,1.0,0.6198883056640625,9
APA-RCA v2 (Full),A7_coincidental,medium,19,SRC_STOCK_3_PRICE,REPORT_LIMIT,1,1,1,1,1.0,0.8,0.637054443359375,9
v2 w/o Adaptive Weight,A7_coincidental,medium,19,SRC_STOCK_3_PRICE,REPORT_LIMIT,4,0,0,1,0.25,0.8,0.6239414215087891,9
v2 w/o Score-inv Beta,A7_coincidental,medium,19,SRC_STOCK_3_PRICE,REPORT_LIMIT,1,1,1,1,1.0,0.8,0.5917549133300781,9
v2 w/o Ancestor Const,A7_coincidental,medium,19,SRC_STOCK_3_PRICE,REPORT_LIMIT,1,1,1,1,1.0,0.8,0.6301403045654297,9
Schema-Constraint,A7_coincidental,medium,19,SRC_STOCK_3_PRICE,REPORT_LIMIT,3,0,1,1,0.3333333333333333,0.8,0.0,0
APA-RCA (Full),A7_coincidental,medium,20,SRC_STOCK_5_PRICE,REPORT_LIMIT,3,0,1,1,0.3333333333333333,0.8,0.6480216979980469,9
w/o Transform Weight,A7_coincidental,medium,20,SRC_STOCK_5_PRICE,REPORT_LIMIT,1,1,1,1,1.0,0.8,0.6279945373535156,9
w/o Attenuation,A7_coincidental,medium,20,SRC_STOCK_5_PRICE,REPORT_LIMIT,3,0,1,1,0.3333333333333333,0.8,0.6110668182373047,9
w/o Anomaly Score,A7_coincidental,medium,20,SRC_STOCK_5_PRICE,REPORT_LIMIT,23,0,0,0,0.043478260869565216,1.0,0.6151199340820312,9
APA-RCA v2 (Full),A7_coincidental,medium,20,SRC_STOCK_5_PRICE,REPORT_LIMIT,1,1,1,1,1.0,0.8,0.614166259765625,9
v2 w/o Adaptive Weight,A7_coincidental,medium,20,SRC_STOCK_5_PRICE,REPORT_LIMIT,3,0,1,1,0.3333333333333333,0.8,0.5910396575927734,9
v2 w/o Score-inv Beta,A7_coincidental,medium,20,SRC_STOCK_5_PRICE,REPORT_LIMIT,1,1,1,1,1.0,0.8,0.6258487701416016,9
v2 w/o Ancestor Const,A7_coincidental,medium,20,SRC_STOCK_5_PRICE,REPORT_LIMIT,1,1,1,1,1.0,0.8,0.6241798400878906,9
Schema-Constraint,A7_coincidental,medium,20,SRC_STOCK_5_PRICE,REPORT_LIMIT,5,0,0,1,0.2,0.8,0.0,0
APA-RCA (Full),A7_coincidental,medium,21,SRC_STOCK_2_PRICE,REPORT_LIMIT,4,0,0,1,0.25,0.8,0.637054443359375,9
w/o Transform Weight,A7_coincidental,medium,21,SRC_STOCK_2_PRICE,REPORT_LIMIT,1,1,1,1,1.0,0.8,1.2280941009521484,9
w/o Attenuation,A7_coincidental,medium,21,SRC_STOCK_2_PRICE,REPORT_LIMIT,4,0,0,1,0.25,0.8,0.6031990051269531,9
w/o Anomaly Score,A7_coincidental,medium,21,SRC_STOCK_2_PRICE,REPORT_LIMIT,20,0,0,0,0.05,1.0,0.6039142608642578,9
APA-RCA v2 (Full),A7_coincidental,medium,21,SRC_STOCK_2_PRICE,REPORT_LIMIT,1,1,1,1,1.0,0.8,0.61798095703125,9
v2 w/o Adaptive Weight,A7_coincidental,medium,21,SRC_STOCK_2_PRICE,REPORT_LIMIT,4,0,0,1,0.25,0.8,0.6122589111328125,9
v2 w/o Score-inv Beta,A7_coincidental,medium,21,SRC_STOCK_2_PRICE,REPORT_LIMIT,1,1,1,1,1.0,0.8,0.5960464477539062,9
v2 w/o Ancestor Const,A7_coincidental,medium,21,SRC_STOCK_2_PRICE,REPORT_LIMIT,1,1,1,1,1.0,0.8,0.5879402160644531,9
Schema-Constraint,A7_coincidental,medium,21,SRC_STOCK_2_PRICE,REPORT_LIMIT,2,0,1,1,0.5,0.8,0.0,0
APA-RCA (Full),A7_coincidental,medium,22,SRC_STOCK_4_PRICE,REPORT_LIMIT,3,0,1,1,0.3333333333333333,0.8,0.6299018859863281,9
w/o Transform Weight,A7_coincidental,medium,22,SRC_STOCK_4_PRICE,REPORT_LIMIT,1,1,1,1,1.0,0.8,0.6501674652099609,9
w/o Attenuation,A7_coincidental,medium,22,SRC_STOCK_4_PRICE,REPORT_LIMIT,3,0,1,1,0.3333333333333333,0.8,0.6301403045654297,9
w/o Anomaly Score,A7_coincidental,medium,22,SRC_STOCK_4_PRICE,REPORT_LIMIT,22,0,0,0,0.045454545454545456,1.0,1.1451244354248047,9
APA-RCA v2 (Full),A7_coincidental,medium,22,SRC_STOCK_4_PRICE,REPORT_LIMIT,1,1,1,1,1.0,0.8,0.6260871887207031,9
v2 w/o Adaptive Weight,A7_coincidental,medium,22,SRC_STOCK_4_PRICE,REPORT_LIMIT,3,0,1,1,0.3333333333333333,0.8,0.5900859832763672,9
v2 w/o Score-inv Beta,A7_coincidental,medium,22,SRC_STOCK_4_PRICE,REPORT_LIMIT,1,1,1,1,1.0,0.8,0.6301403045654297,9
v2 w/o Ancestor Const,A7_coincidental,medium,22,SRC_STOCK_4_PRICE,REPORT_LIMIT,1,1,1,1,1.0,0.8,0.6067752838134766,9
Schema-Constraint,A7_coincidental,medium,22,SRC_STOCK_4_PRICE,REPORT_LIMIT,4,0,0,1,0.25,0.8,0.0,0
APA-RCA (Full),A7_coincidental,medium,23,SRC_STOCK_1_PRICE,REPORT_LIMIT,3,0,1,1,0.3333333333333333,0.8,0.6341934204101562,9
w/o Transform Weight,A7_coincidental,medium,23,SRC_STOCK_1_PRICE,REPORT_LIMIT,1,1,1,1,1.0,0.8,0.6480216979980469,9
w/o Attenuation,A7_coincidental,medium,23,SRC_STOCK_1_PRICE,REPORT_LIMIT,3,0,1,1,0.3333333333333333,0.8,0.6132125854492188,9
w/o Anomaly Score,A7_coincidental,medium,23,SRC_STOCK_1_PRICE,REPORT_LIMIT,19,0,0,0,0.05263157894736842,1.0,0.6229877471923828,9
APA-RCA v2 (Full),A7_coincidental,medium,23,SRC_STOCK_1_PRICE,REPORT_LIMIT,1,1,1,1,1.0,0.8,0.6361007690429688,9
v2 w/o Adaptive Weight,A7_coincidental,medium,23,SRC_STOCK_1_PRICE,REPORT_LIMIT,3,0,1,1,0.3333333333333333,0.8,1.1551380157470703,9
v2 w/o Score-inv Beta,A7_coincidental,medium,23,SRC_STOCK_1_PRICE,REPORT_LIMIT,1,1,1,1,1.0,0.8,0.5860328674316406,9
v2 w/o Ancestor Const,A7_coincidental,medium,23,SRC_STOCK_1_PRICE,REPORT_LIMIT,1,1,1,1,1.0,0.8,22.207975387573242,9
Schema-Constraint,A7_coincidental,medium,23,SRC_STOCK_1_PRICE,REPORT_LIMIT,1,1,1,1,1.0,0.8,0.0,0
APA-RCA (Full),A7_coincidental,medium,24,SRC_STOCK_2_PRICE,REPORT_LIMIT,4,0,0,1,0.25,0.8,0.6701946258544922,9
w/o Transform Weight,A7_coincidental,medium,24,SRC_STOCK_2_PRICE,REPORT_LIMIT,1,1,1,1,1.0,0.8,0.6101131439208984,9
w/o Attenuation,A7_coincidental,medium,24,SRC_STOCK_2_PRICE,REPORT_LIMIT,4,0,0,1,0.25,0.8,0.6301403045654297,9
w/o Anomaly Score,A7_coincidental,medium,24,SRC_STOCK_2_PRICE,REPORT_LIMIT,20,0,0,0,0.05,1.0,0.61798095703125,9
APA-RCA v2 (Full),A7_coincidental,medium,24,SRC_STOCK_2_PRICE,REPORT_LIMIT,1,1,1,1,1.0,0.8,0.6210803985595703,9
v2 w/o Adaptive Weight,A7_coincidental,medium,24,SRC_STOCK_2_PRICE,REPORT_LIMIT,4,0,0,1,0.25,0.8,0.6163120269775391,9
v2 w/o Score-inv Beta,A7_coincidental,medium,24,SRC_STOCK_2_PRICE,REPORT_LIMIT,1,1,1,1,1.0,0.8,0.6251335144042969,9
v2 w/o Ancestor Const,A7_coincidental,medium,24,SRC_STOCK_2_PRICE,REPORT_LIMIT,1,1,1,1,1.0,0.8,0.5900859832763672,9
Schema-Constraint,A7_coincidental,medium,24,SRC_STOCK_2_PRICE,REPORT_LIMIT,2,0,1,1,0.5,0.8,0.0,0
APA-RCA (Full),A7_coincidental,medium,25,SRC_STOCK_3_PRICE,REPORT_STRESS,1,1,1,1,1.0,0.8,0.6859302520751953,9
w/o Transform Weight,A7_coincidental,medium,25,SRC_STOCK_3_PRICE,REPORT_STRESS,1,1,1,1,1.0,0.8,0.6499290466308594,9
w/o Attenuation,A7_coincidental,medium,25,SRC_STOCK_3_PRICE,REPORT_STRESS,1,1,1,1,1.0,0.8,0.6139278411865234,9
w/o Anomaly Score,A7_coincidental,medium,25,SRC_STOCK_3_PRICE,REPORT_STRESS,3,0,1,1,0.3333333333333333,0.8,0.6511211395263672,9
APA-RCA v2 (Full),A7_coincidental,medium,25,SRC_STOCK_3_PRICE,REPORT_STRESS,1,1,1,1,1.0,0.8,0.6129741668701172,9
v2 w/o Adaptive Weight,A7_coincidental,medium,25,SRC_STOCK_3_PRICE,REPORT_STRESS,1,1,1,1,1.0,0.8,0.6039142608642578,9
v2 w/o Score-inv Beta,A7_coincidental,medium,25,SRC_STOCK_3_PRICE,REPORT_STRESS,1,1,1,1,1.0,0.8,0.5950927734375,9
v2 w/o Ancestor Const,A7_coincidental,medium,25,SRC_STOCK_3_PRICE,REPORT_STRESS,1,1,1,1,1.0,0.8,0.6170272827148438,9
Schema-Constraint,A7_coincidental,medium,25,SRC_STOCK_3_PRICE,REPORT_STRESS,3,0,1,1,0.3333333333333333,0.8,0.0,0
APA-RCA (Full),A7_coincidental,medium,26,SRC_STOCK_5_PRICE,REPORT_STRESS,1,1,1,1,1.0,0.8,0.6661415100097656,9
w/o Transform Weight,A7_coincidental,medium,26,SRC_STOCK_5_PRICE,REPORT_STRESS,1,1,1,1,1.0,0.8,0.6411075592041016,9
w/o Attenuation,A7_coincidental,medium,26,SRC_STOCK_5_PRICE,REPORT_STRESS,1,1,1,1,1.0,0.8,0.6189346313476562,9
w/o Anomaly Score,A7_coincidental,medium,26,SRC_STOCK_5_PRICE,REPORT_STRESS,5,0,0,1,0.2,0.8,0.6058216094970703,9
APA-RCA v2 (Full),A7_coincidental,medium,26,SRC_STOCK_5_PRICE,REPORT_STRESS,1,1,1,1,1.0,0.8,0.6020069122314453,9
v2 w/o Adaptive Weight,A7_coincidental,medium,26,SRC_STOCK_5_PRICE,REPORT_STRESS,1,1,1,1,1.0,0.8,0.6129741668701172,9
v2 w/o Score-inv Beta,A7_coincidental,medium,26,SRC_STOCK_5_PRICE,REPORT_STRESS,1,1,1,1,1.0,0.8,0.5791187286376953,9
v2 w/o Ancestor Const,A7_coincidental,medium,26,SRC_STOCK_5_PRICE,REPORT_STRESS,1,1,1,1,1.0,0.8,0.6101131439208984,9
Schema-Constraint,A7_coincidental,medium,26,SRC_STOCK_5_PRICE,REPORT_STRESS,5,0,0,1,0.2,0.8,0.0,0
APA-RCA (Full),A7_coincidental,medium,27,SRC_STOCK_1_PRICE,REPORT_LIMIT,4,0,0,1,0.25,0.8,0.6673336029052734,9
w/o Transform Weight,A7_coincidental,medium,27,SRC_STOCK_1_PRICE,REPORT_LIMIT,1,1,1,1,1.0,0.8,0.5700588226318359,9
w/o Attenuation,A7_coincidental,medium,27,SRC_STOCK_1_PRICE,REPORT_LIMIT,4,0,0,1,0.25,0.8,0.6289482116699219,9
w/o Anomaly Score,A7_coincidental,medium,27,SRC_STOCK_1_PRICE,REPORT_LIMIT,19,0,0,0,0.05263157894736842,1.0,0.6132125854492188,9
APA-RCA v2 (Full),A7_coincidental,medium,27,SRC_STOCK_1_PRICE,REPORT_LIMIT,1,1,1,1,1.0,0.8,0.6270408630371094,9
v2 w/o Adaptive Weight,A7_coincidental,medium,27,SRC_STOCK_1_PRICE,REPORT_LIMIT,4,0,0,1,0.25,0.8,0.6439685821533203,9
v2 w/o Score-inv Beta,A7_coincidental,medium,27,SRC_STOCK_1_PRICE,REPORT_LIMIT,1,1,1,1,1.0,0.8,0.5939006805419922,9
v2 w/o Ancestor Const,A7_coincidental,medium,27,SRC_STOCK_1_PRICE,REPORT_LIMIT,1,1,1,1,1.0,0.8,0.5891323089599609,9
Schema-Constraint,A7_coincidental,medium,27,SRC_STOCK_1_PRICE,REPORT_LIMIT,1,1,1,1,1.0,0.8,0.0,0
APA-RCA (Full),A7_coincidental,medium,28,SRC_STOCK_4_PRICE,REPORT_LIMIT,4,0,0,1,0.25,0.8,0.6699562072753906,9
w/o Transform Weight,A7_coincidental,medium,28,SRC_STOCK_4_PRICE,REPORT_LIMIT,1,1,1,1,1.0,0.8,0.6482601165771484,9
w/o Attenuation,A7_coincidental,medium,28,SRC_STOCK_4_PRICE,REPORT_LIMIT,6,0,0,0,0.16666666666666666,1.0,0.6110668182373047,9
w/o Anomaly Score,A7_coincidental,medium,28,SRC_STOCK_4_PRICE,REPORT_LIMIT,22,0,0,0,0.045454545454545456,1.0,1.1410713195800781,9
APA-RCA v2 (Full),A7_coincidental,medium,28,SRC_STOCK_4_PRICE,REPORT_LIMIT,1,1,1,1,1.0,0.8,0.6167888641357422,9
v2 w/o Adaptive Weight,A7_coincidental,medium,28,SRC_STOCK_4_PRICE,REPORT_LIMIT,4,0,0,1,0.25,0.8,0.5970001220703125,9
v2 w/o Score-inv Beta,A7_coincidental,medium,28,SRC_STOCK_4_PRICE,REPORT_LIMIT,1,1,1,1,1.0,0.8,0.5867481231689453,9
v2 w/o Ancestor Const,A7_coincidental,medium,28,SRC_STOCK_4_PRICE,REPORT_LIMIT,1,1,1,1,1.0,0.8,0.6222724914550781,9
Schema-Constraint,A7_coincidental,medium,28,SRC_STOCK_4_PRICE,REPORT_LIMIT,4,0,0,1,0.25,0.8,0.0,0
APA-RCA (Full),A7_coincidental,medium,29,SRC_STOCK_5_PRICE,REPORT_LIMIT,3,0,1,1,0.3333333333333333,0.8,0.6830692291259766,9
w/o Transform Weight,A7_coincidental,medium,29,SRC_STOCK_5_PRICE,REPORT_LIMIT,1,1,1,1,1.0,0.8,0.6110668182373047,9
w/o Attenuation,A7_coincidental,medium,29,SRC_STOCK_5_PRICE,REPORT_LIMIT,4,0,0,1,0.25,0.8,0.6268024444580078,9
w/o Anomaly Score,A7_coincidental,medium,29,SRC_STOCK_5_PRICE,REPORT_LIMIT,23,0,0,0,0.043478260869565216,1.0,0.6380081176757812,9
APA-RCA v2 (Full),A7_coincidental,medium,29,SRC_STOCK_5_PRICE,REPORT_LIMIT,1,1,1,1,1.0,0.8,0.6241798400878906,9
v2 w/o Adaptive Weight,A7_coincidental,medium,29,SRC_STOCK_5_PRICE,REPORT_LIMIT,3,0,1,1,0.3333333333333333,0.8,1.1782646179199219,9
v2 w/o Score-inv Beta,A7_coincidental,medium,29,SRC_STOCK_5_PRICE,REPORT_LIMIT,1,1,1,1,1.0,0.8,0.6158351898193359,9
v2 w/o Ancestor Const,A7_coincidental,medium,29,SRC_STOCK_5_PRICE,REPORT_LIMIT,1,1,1,1,1.0,0.8,0.5979537963867188,9
Schema-Constraint,A7_coincidental,medium,29,SRC_STOCK_5_PRICE,REPORT_LIMIT,5,0,0,1,0.2,0.8,0.0,0
