method,anomaly_type,pipeline_size,trial,true_root_cause,target_node,rank,top1,top3,top5,reciprocal_rank,false_rc_rate_k5,elapsed_ms,convergence_iters,combination
CVAE+ResGCN,A1_source_corruption,medium_real,0,SRC_STOCK_11_PRICE,REPORT_STRESS,1,1,1,1,1.0,0.8,38.26093673706055,9,CVAE+ResGCN
CVAE+ResGCN,A1_source_corruption,medium_real,1,SRC_STOCK_6_PRICE,REPORT_STRESS,1,1,1,1,1.0,0.8,35.10570526123047,9,CVAE+ResGCN
CVAE+ResGCN,A1_source_corruption,medium_real,2,SRC_STOCK_11_PRICE,REPORT_STRESS,1,1,1,1,1.0,0.8,29.781103134155273,9,CVAE+ResGCN
CVAE+ResGCN,A1_source_corruption,medium_real,3,SRC_STOCK_10_PRICE,REPORT_STRESS,1,1,1,1,1.0,0.8,34.16705131530762,9,CVAE+ResGCN
CVAE+ResGCN,A1_source_corruption,medium_real,4,SRC_STOCK_9_PRICE,REPORT_STRESS,1,1,1,1,1.0,0.8,23.273229598999023,9,CVAE+ResGCN
CVAE+ResGCN,A1_source_corruption,medium_real,5,SRC_STOCK_9_PRICE,REPORT_STRESS,1,1,1,1,1.0,0.8,35.199880599975586,9,CVAE+ResGCN
CVAE+ResGCN,A1_source_corruption,medium_real,6,SRC_STOCK_6_PRICE,REPORT_STRESS,1,1,1,1,1.0,0.8,47.90306091308594,9,CVAE+ResGCN
CVAE+ResGCN,A1_source_corruption,medium_real,7,SRC_STOCK_12_PRICE,REPORT_STRESS,1,1,1,1,1.0,0.8,58.53581428527832,9,CVAE+ResGCN
CVAE+ResGCN,A1_source_corruption,medium_real,8,SRC_STOCK_9_PRICE,REPORT_STRESS,1,1,1,1,1.0,0.8,41.62192344665527,9,CVAE+ResGCN
CVAE+ResGCN,A1_source_corruption,medium_real,9,SRC_STOCK_6_PRICE,REPORT_STRESS,1,1,1,1,1.0,0.8,37.225961685180664,9,CVAE+ResGCN
CVAE+ResGCN,A1_source_corruption,medium_real,10,SRC_STOCK_10_PRICE,REPORT_STRESS,1,1,1,1,1.0,0.8,50.421953201293945,9,CVAE+ResGCN
CVAE+ResGCN,A1_source_corruption,medium_real,11,SRC_STOCK_2_PRICE,REPORT_STRESS,1,1,1,1,1.0,0.8,48.09284210205078,9,CVAE+ResGCN
CVAE+ResGCN,A1_source_corruption,medium_real,12,SRC_STOCK_8_PRICE,REPORT_STRESS,1,1,1,1,1.0,0.8,29.21009063720703,9,CVAE+ResGCN
CVAE+ResGCN,A1_source_corruption,medium_real,13,SRC_STOCK_11_PRICE,REPORT_STRESS,1,1,1,1,1.0,0.8,29.896020889282227,9,CVAE+ResGCN
CVAE+ResGCN,A1_source_corruption,medium_real,14,SRC_STOCK_2_PRICE,REPORT_STRESS,1,1,1,1,1.0,0.8,26.398897171020508,9,CVAE+ResGCN
CVAE+ResGCN,A1_source_corruption,medium_real,15,SRC_STOCK_12_PRICE,REPORT_STRESS,1,1,1,1,1.0,0.8,34.5611572265625,9,CVAE+ResGCN
CVAE+ResGCN,A1_source_corruption,medium_real,16,SRC_STOCK_7_PRICE,REPORT_STRESS,1,1,1,1,1.0,0.8,28.56278419494629,9,CVAE+ResGCN
CVAE+ResGCN,A1_source_corruption,medium_real,17,SRC_STOCK_9_PRICE,REPORT_STRESS,1,1,1,1,1.0,0.8,48.02989959716797,9,CVAE+ResGCN
CVAE+ResGCN,A1_source_corruption,medium_real,18,SRC_STOCK_11_PRICE,REPORT_STRESS,1,1,1,1,1.0,0.8,37.954092025756836,9,CVAE+ResGCN
CVAE+ResGCN,A1_source_corruption,medium_real,19,SRC_STOCK_8_PRICE,REPORT_STRESS,1,1,1,1,1.0,0.8,24.744033813476562,9,CVAE+ResGCN
CVAE+ResGCN,A1_source_corruption,medium_real,20,SRC_STOCK_11_PRICE,REPORT_STRESS,1,1,1,1,1.0,0.8,27.877330780029297,9,CVAE+ResGCN
CVAE+ResGCN,A1_source_corruption,medium_real,21,SRC_STOCK_4_PRICE,REPORT_STRESS,1,1,1,1,1.0,0.8,33.167123794555664,9,CVAE+ResGCN
CVAE+ResGCN,A1_source_corruption,medium_real,22,SRC_STOCK_10_PRICE,REPORT_STRESS,1,1,1,1,1.0,0.8,32.124996185302734,9,CVAE+ResGCN
CVAE+ResGCN,A1_source_corruption,medium_real,23,SRC_STOCK_1_PRICE,REPORT_STRESS,1,1,1,1,1.0,0.8,35.188913345336914,9,CVAE+ResGCN
CVAE+ResGCN,A1_source_corruption,medium_real,24,SRC_STOCK_5_PRICE,REPORT_STRESS,1,1,1,1,1.0,0.8,31.36610984802246,9,CVAE+ResGCN
CVAE+ResGCN,A1_source_corruption,medium_real,25,SRC_STOCK_7_PRICE,REPORT_STRESS,1,1,1,1,1.0,0.8,57.44481086730957,9,CVAE+ResGCN
CVAE+ResGCN,A1_source_corruption,medium_real,26,SRC_STOCK_11_PRICE,REPORT_STRESS,1,1,1,1,1.0,0.8,43.51210594177246,9,CVAE+ResGCN
CVAE+ResGCN,A1_source_corruption,medium_real,27,SRC_STOCK_1_PRICE,REPORT_STRESS,1,1,1,1,1.0,0.8,27.83203125,9,CVAE+ResGCN
CVAE+ResGCN,A1_source_corruption,medium_real,28,SRC_STOCK_8_PRICE,REPORT_STRESS,1,1,1,1,1.0,0.8,49.68094825744629,9,CVAE+ResGCN
CVAE+ResGCN,A1_source_corruption,medium_real,29,SRC_STOCK_12_PRICE,REPORT_STRESS,1,1,1,1,1.0,0.8,30.291080474853516,9,CVAE+ResGCN
CVAE+ResGCN,A2_etl_logic_error,medium_real,0,ETL_FX_STOCK_11_PRICE,REPORT_STRESS,67,0,0,0,0.014925373134328358,1.0,27.810096740722656,9,CVAE+ResGCN
CVAE+ResGCN,A2_etl_logic_error,medium_real,1,ETL_FX_STOCK_6_PRICE,REPORT_STRESS,65,0,0,0,0.015384615384615385,1.0,32.49406814575195,9,CVAE+ResGCN
CVAE+ResGCN,A2_etl_logic_error,medium_real,2,ETL_FX_STOCK_11_PRICE,REPORT_STRESS,68,0,0,0,0.014705882352941176,1.0,38.16390037536621,9,CVAE+ResGCN
CVAE+ResGCN,A2_etl_logic_error,medium_real,3,ETL_FX_STOCK_10_PRICE,REPORT_STRESS,65,0,0,0,0.015384615384615385,1.0,29.241085052490234,9,CVAE+ResGCN
CVAE+ResGCN,A2_etl_logic_error,medium_real,4,ETL_FX_STOCK_9_PRICE,REPORT_STRESS,65,0,0,0,0.015384615384615385,1.0,33.174991607666016,9,CVAE+ResGCN
CVAE+ResGCN,A2_etl_logic_error,medium_real,5,ETL_FX_STOCK_9_PRICE,REPORT_STRESS,67,0,0,0,0.014925373134328358,1.0,40.410757064819336,9,CVAE+ResGCN
CVAE+ResGCN,A2_etl_logic_error,medium_real,6,ETL_FX_STOCK_6_PRICE,REPORT_STRESS,66,0,0,0,0.015151515151515152,1.0,32.57918357849121,9,CVAE+ResGCN
CVAE+ResGCN,A2_etl_logic_error,medium_real,7,ETL_FX_STOCK_12_PRICE,REPORT_STRESS,71,0,0,0,0.014084507042253521,1.0,40.944814682006836,9,CVAE+ResGCN
CVAE+ResGCN,A2_etl_logic_error,medium_real,8,ETL_FX_STOCK_9_PRICE,REPORT_STRESS,69,0,0,0,0.014492753623188406,1.0,20.074844360351562,9,CVAE+ResGCN
CVAE+ResGCN,A2_etl_logic_error,medium_real,9,ETL_FX_STOCK_6_PRICE,REPORT_STRESS,69,0,0,0,0.014492753623188406,1.0,37.8720760345459,9,CVAE+ResGCN
CVAE+ResGCN,A2_etl_logic_error,medium_real,10,ETL_FX_STOCK_10_PRICE,REPORT_STRESS,66,0,0,0,0.015151515151515152,1.0,22.587060928344727,9,CVAE+ResGCN
CVAE+ResGCN,A2_etl_logic_error,medium_real,11,ETL_FX_STOCK_2_PRICE,REPORT_STRESS,68,0,0,0,0.014705882352941176,1.0,32.37605094909668,9,CVAE+ResGCN
CVAE+ResGCN,A2_etl_logic_error,medium_real,12,ETL_FX_STOCK_8_PRICE,REPORT_STRESS,68,0,0,0,0.014705882352941176,1.0,35.78805923461914,9,CVAE+ResGCN
CVAE+ResGCN,A2_etl_logic_error,medium_real,13,ETL_FX_STOCK_11_PRICE,REPORT_STRESS,66,0,0,0,0.015151515151515152,1.0,23.781776428222656,9,CVAE+ResGCN
CVAE+ResGCN,A2_etl_logic_error,medium_real,14,ETL_FX_STOCK_2_PRICE,REPORT_STRESS,66,0,0,0,0.015151515151515152,1.0,33.05411338806152,9,CVAE+ResGCN
CVAE+ResGCN,A2_etl_logic_error,medium_real,15,ETL_FX_STOCK_12_PRICE,REPORT_STRESS,69,0,0,0,0.014492753623188406,1.0,22.07803726196289,9,CVAE+ResGCN
CVAE+ResGCN,A2_etl_logic_error,medium_real,16,ETL_FX_STOCK_7_PRICE,REPORT_STRESS,66,0,0,0,0.015151515151515152,1.0,35.80212593078613,9,CVAE+ResGCN
CVAE+ResGCN,A2_etl_logic_error,medium_real,17,ETL_FX_STOCK_9_PRICE,REPORT_STRESS,65,0,0,0,0.015384615384615385,1.0,28.483867645263672,9,CVAE+ResGCN
CVAE+ResGCN,A2_etl_logic_error,medium_real,18,ETL_FX_STOCK_11_PRICE,REPORT_STRESS,66,0,0,0,0.015151515151515152,1.0,29.42371368408203,9,CVAE+ResGCN
CVAE+ResGCN,A2_etl_logic_error,medium_real,19,ETL_FX_STOCK_8_PRICE,REPORT_STRESS,66,0,0,0,0.015151515151515152,1.0,35.82406044006348,9,CVAE+ResGCN
CVAE+ResGCN,A2_etl_logic_error,medium_real,20,ETL_FX_STOCK_11_PRICE,REPORT_STRESS,68,0,0,0,0.014705882352941176,1.0,38.726091384887695,9,CVAE+ResGCN
CVAE+ResGCN,A2_etl_logic_error,medium_real,21,ETL_FX_STOCK_4_PRICE,REPORT_STRESS,68,0,0,0,0.014705882352941176,1.0,35.516977310180664,9,CVAE+ResGCN
CVAE+ResGCN,A2_etl_logic_error,medium_real,22,ETL_FX_STOCK_10_PRICE,REPORT_STRESS,65,0,0,0,0.015384615384615385,1.0,62.088966369628906,9,CVAE+ResGCN
CVAE+ResGCN,A2_etl_logic_error,medium_real,23,ETL_FX_STOCK_1_PRICE,REPORT_STRESS,63,0,0,0,0.015873015873015872,1.0,42.90509223937988,9,CVAE+ResGCN
CVAE+ResGCN,A2_etl_logic_error,medium_real,24,ETL_FX_STOCK_5_PRICE,REPORT_STRESS,66,0,0,0,0.015151515151515152,1.0,32.45711326599121,9,CVAE+ResGCN
CVAE+ResGCN,A2_etl_logic_error,medium_real,25,ETL_FX_STOCK_7_PRICE,REPORT_STRESS,69,0,0,0,0.014492753623188406,1.0,30.384063720703125,9,CVAE+ResGCN
CVAE+ResGCN,A2_etl_logic_error,medium_real,26,ETL_FX_STOCK_11_PRICE,REPORT_STRESS,66,0,0,0,0.015151515151515152,1.0,37.180185317993164,9,CVAE+ResGCN
CVAE+ResGCN,A2_etl_logic_error,medium_real,27,ETL_FX_STOCK_1_PRICE,REPORT_STRESS,67,0,0,0,0.014925373134328358,1.0,56.13303184509277,9,CVAE+ResGCN
CVAE+ResGCN,A2_etl_logic_error,medium_real,28,ETL_FX_STOCK_8_PRICE,REPORT_STRESS,68,0,0,0,0.014705882352941176,1.0,24.550199508666992,9,CVAE+ResGCN
CVAE+ResGCN,A2_etl_logic_error,medium_real,29,ETL_FX_STOCK_12_PRICE,REPORT_STRESS,70,0,0,0,0.014285714285714285,1.0,35.1870059967041,9,CVAE+ResGCN
CVAE+ResGCN,A3_feature_calc_error,medium_real,0,FEAT_VOL20_STOCK_11_PRICE,REPORT_STRESS,1,1,1,1,1.0,0.8,44.34514045715332,9,CVAE+ResGCN
CVAE+ResGCN,A3_feature_calc_error,medium_real,1,FEAT_VOL20_STOCK_6_PRICE,REPORT_STRESS,1,1,1,1,1.0,0.8,50.07314682006836,9,CVAE+ResGCN
CVAE+ResGCN,A3_feature_calc_error,medium_real,2,FEAT_VOL20_STOCK_11_PRICE,REPORT_STRESS,1,1,1,1,1.0,0.8,29.645919799804688,9,CVAE+ResGCN
CVAE+ResGCN,A3_feature_calc_error,medium_real,3,FEAT_VOL20_STOCK_10_PRICE,REPORT_STRESS,65,0,0,0,0.015384615384615385,1.0,54.14700508117676,9,CVAE+ResGCN
CVAE+ResGCN,A3_feature_calc_error,medium_real,4,FEAT_VOL20_STOCK_9_PRICE,REPORT_STRESS,1,1,1,1,1.0,0.8,28.13410758972168,9,CVAE+ResGCN
CVAE+ResGCN,A3_feature_calc_error,medium_real,5,FEAT_VOL20_STOCK_9_PRICE,REPORT_STRESS,65,0,0,0,0.015384615384615385,1.0,24.921178817749023,9,CVAE+ResGCN
CVAE+ResGCN,A3_feature_calc_error,medium_real,6,FEAT_VOL20_STOCK_6_PRICE,REPORT_STRESS,1,1,1,1,1.0,0.8,33.29777717590332,9,CVAE+ResGCN
CVAE+ResGCN,A3_feature_calc_error,medium_real,7,FEAT_VOL20_STOCK_12_PRICE,REPORT_STRESS,1,1,1,1,1.0,0.8,34.37304496765137,9,CVAE+ResGCN
CVAE+ResGCN,A3_feature_calc_error,medium_real,8,FEAT_VOL20_STOCK_9_PRICE,REPORT_STRESS,1,1,1,1,1.0,0.8,32.13214874267578,9,CVAE+ResGCN
CVAE+ResGCN,A3_feature_calc_error,medium_real,9,FEAT_VOL20_STOCK_6_PRICE,REPORT_STRESS,1,1,1,1,1.0,0.8,29.531240463256836,9,CVAE+ResGCN
CVAE+ResGCN,A3_feature_calc_error,medium_real,10,FEAT_VOL20_STOCK_10_PRICE,REPORT_STRESS,65,0,0,0,0.015384615384615385,1.0,26.326894760131836,9,CVAE+ResGCN
CVAE+ResGCN,A3_feature_calc_error,medium_real,11,FEAT_VOL20_STOCK_2_PRICE,REPORT_STRESS,67,0,0,0,0.014925373134328358,1.0,26.51500701904297,9,CVAE+ResGCN
CVAE+ResGCN,A3_feature_calc_error,medium_real,12,FEAT_VOL20_STOCK_8_PRICE,REPORT_STRESS,1,1,1,1,1.0,0.8,32.85813331604004,9,CVAE+ResGCN
CVAE+ResGCN,A3_feature_calc_error,medium_real,13,FEAT_VOL20_STOCK_11_PRICE,REPORT_STRESS,1,1,1,1,1.0,0.8,36.98372840881348,9,CVAE+ResGCN
CVAE+ResGCN,A3_feature_calc_error,medium_real,14,FEAT_VOL20_STOCK_2_PRICE,REPORT_STRESS,65,0,0,0,0.015384615384615385,1.0,45.00007629394531,9,CVAE+ResGCN
CVAE+ResGCN,A3_feature_calc_error,medium_real,15,FEAT_VOL20_STOCK_12_PRICE,REPORT_STRESS,1,1,1,1,1.0,0.8,35.69483757019043,9,CVAE+ResGCN
CVAE+ResGCN,A3_feature_calc_error,medium_real,16,FEAT_VOL20_STOCK_7_PRICE,REPORT_STRESS,1,1,1,1,1.0,0.8,32.75918960571289,9,CVAE+ResGCN
CVAE+ResGCN,A3_feature_calc_error,medium_real,17,FEAT_VOL20_STOCK_9_PRICE,REPORT_STRESS,1,1,1,1,1.0,0.8,40.24863243103027,9,CVAE+ResGCN
CVAE+ResGCN,A3_feature_calc_error,medium_real,18,FEAT_VOL20_STOCK_11_PRICE,REPORT_STRESS,1,1,1,1,1.0,0.8,27.575969696044922,9,CVAE+ResGCN
CVAE+ResGCN,A3_feature_calc_error,medium_real,19,FEAT_VOL20_STOCK_8_PRICE,REPORT_STRESS,1,1,1,1,1.0,0.8,35.017967224121094,9,CVAE+ResGCN
CVAE+ResGCN,A3_feature_calc_error,medium_real,20,FEAT_VOL20_STOCK_11_PRICE,REPORT_STRESS,1,1,1,1,1.0,0.8,27.83799171447754,9,CVAE+ResGCN
CVAE+ResGCN,A3_feature_calc_error,medium_real,21,FEAT_VOL20_STOCK_4_PRICE,REPORT_STRESS,63,0,0,0,0.015873015873015872,1.0,45.99285125732422,9,CVAE+ResGCN
CVAE+ResGCN,A3_feature_calc_error,medium_real,22,FEAT_VOL20_STOCK_10_PRICE,REPORT_STRESS,63,0,0,0,0.015873015873015872,1.0,31.9979190826416,9,CVAE+ResGCN
CVAE+ResGCN,A3_feature_calc_error,medium_real,23,FEAT_VOL20_STOCK_1_PRICE,REPORT_STRESS,1,1,1,1,1.0,0.8,31.927108764648438,9,CVAE+ResGCN
CVAE+ResGCN,A3_feature_calc_error,medium_real,24,FEAT_VOL20_STOCK_5_PRICE,REPORT_STRESS,67,0,0,0,0.014925373134328358,1.0,33.78605842590332,9,CVAE+ResGCN
CVAE+ResGCN,A3_feature_calc_error,medium_real,25,FEAT_VOL20_STOCK_7_PRICE,REPORT_STRESS,1,1,1,1,1.0,0.8,34.87515449523926,9,CVAE+ResGCN
CVAE+ResGCN,A3_feature_calc_error,medium_real,26,FEAT_VOL20_STOCK_11_PRICE,REPORT_STRESS,1,1,1,1,1.0,0.8,41.5949821472168,9,CVAE+ResGCN
CVAE+ResGCN,A3_feature_calc_error,medium_real,27,FEAT_VOL20_STOCK_1_PRICE,REPORT_STRESS,1,1,1,1,1.0,0.8,22.550106048583984,9,CVAE+ResGCN
CVAE+ResGCN,A3_feature_calc_error,medium_real,28,FEAT_VOL20_STOCK_8_PRICE,REPORT_STRESS,1,1,1,1,1.0,0.8,36.28897666931152,9,CVAE+ResGCN
CVAE+ResGCN,A3_feature_calc_error,medium_real,29,FEAT_VOL20_STOCK_12_PRICE,REPORT_STRESS,1,1,1,1,1.0,0.8,23.44512939453125,9,CVAE+ResGCN
CVAE+ResGCN,A4_aggregation_error,medium_real,0,FEAT_SECTOR_B,REPORT_STRESS,2,0,1,1,0.5,0.8,28.537988662719727,9,CVAE+ResGCN
CVAE+ResGCN,A4_aggregation_error,medium_real,1,FEAT_SECTOR_A,REPORT_STRESS,2,0,1,1,0.5,0.8,32.5169563293457,9,CVAE+ResGCN
CVAE+ResGCN,A4_aggregation_error,medium_real,2,FEAT_SECTOR_B,REPORT_STRESS,2,0,1,1,0.5,0.8,25.96879005432129,9,CVAE+ResGCN
CVAE+ResGCN,A4_aggregation_error,medium_real,3,FEAT_SECTOR_B,REPORT_STRESS,2,0,1,1,0.5,0.8,34.51204299926758,9,CVAE+ResGCN
CVAE+ResGCN,A4_aggregation_error,medium_real,4,FEAT_SECTOR_B,REPORT_STRESS,1,1,1,1,1.0,0.8,42.25802421569824,9,CVAE+ResGCN
CVAE+ResGCN,A4_aggregation_error,medium_real,5,FEAT_SECTOR_B,REPORT_STRESS,1,1,1,1,1.0,0.8,42.613983154296875,9,CVAE+ResGCN
CVAE+ResGCN,A4_aggregation_error,medium_real,6,FEAT_SECTOR_A,REPORT_STRESS,1,1,1,1,1.0,0.8,31.700849533081055,9,CVAE+ResGCN
CVAE+ResGCN,A4_aggregation_error,medium_real,7,FEAT_SECTOR_B,REPORT_STRESS,2,0,1,1,0.5,0.8,27.64272689819336,9,CVAE+ResGCN
CVAE+ResGCN,A4_aggregation_error,medium_real,8,FEAT_SECTOR_B,REPORT_STRESS,2,0,1,1,0.5,0.8,29.841184616088867,9,CVAE+ResGCN
CVAE+ResGCN,A4_aggregation_error,medium_real,9,FEAT_SECTOR_A,REPORT_STRESS,2,0,1,1,0.5,0.8,38.09976577758789,9,CVAE+ResGCN
CVAE+ResGCN,A4_aggregation_error,medium_real,10,FEAT_SECTOR_B,REPORT_STRESS,1,1,1,1,1.0,0.8,32.84811973571777,9,CVAE+ResGCN
CVAE+ResGCN,A4_aggregation_error,medium_real,11,FEAT_SECTOR_A,REPORT_STRESS,2,0,1,1,0.5,0.8,26.55792236328125,9,CVAE+ResGCN
CVAE+ResGCN,A4_aggregation_error,medium_real,12,FEAT_SECTOR_B,REPORT_STRESS,1,1,1,1,1.0,0.8,45.68290710449219,9,CVAE+ResGCN
CVAE+ResGCN,A4_aggregation_error,medium_real,13,FEAT_SECTOR_B,REPORT_STRESS,1,1,1,1,1.0,0.8,23.869037628173828,9,CVAE+ResGCN
CVAE+ResGCN,A4_aggregation_error,medium_real,14,FEAT_SECTOR_A,REPORT_STRESS,2,0,1,1,0.5,0.8,31.464815139770508,9,CVAE+ResGCN
CVAE+ResGCN,A4_aggregation_error,medium_real,15,FEAT_SECTOR_B,REPORT_STRESS,2,0,1,1,0.5,0.8,56.50591850280762,9,CVAE+ResGCN
CVAE+ResGCN,A4_aggregation_error,medium_real,16,FEAT_SECTOR_B,REPORT_STRESS,1,1,1,1,1.0,0.8,27.363061904907227,9,CVAE+ResGCN
CVAE+ResGCN,A4_aggregation_error,medium_real,17,FEAT_SECTOR_B,REPORT_STRESS,1,1,1,1,1.0,0.8,39.51120376586914,9,CVAE+ResGCN
CVAE+ResGCN,A4_aggregation_error,medium_real,18,FEAT_SECTOR_B,REPORT_STRESS,1,1,1,1,1.0,0.8,25.52318572998047,9,CVAE+ResGCN
CVAE+ResGCN,A4_aggregation_error,medium_real,19,FEAT_SECTOR_B,REPORT_STRESS,1,1,1,1,1.0,0.8,41.166067123413086,9,CVAE+ResGCN
CVAE+ResGCN,A4_aggregation_error,medium_real,20,FEAT_SECTOR_B,REPORT_STRESS,1,1,1,1,1.0,0.8,23.138999938964844,9,CVAE+ResGCN
CVAE+ResGCN,A4_aggregation_error,medium_real,21,FEAT_SECTOR_A,REPORT_STRESS,1,1,1,1,1.0,0.8,120.35512924194336,9,CVAE+ResGCN
CVAE+ResGCN,A4_aggregation_error,medium_real,22,FEAT_SECTOR_B,REPORT_STRESS,2,0,1,1,0.5,0.8,43.14303398132324,9,CVAE+ResGCN
CVAE+ResGCN,A4_aggregation_error,medium_real,23,FEAT_SECTOR_A,REPORT_STRESS,1,1,1,1,1.0,0.8,23.43606948852539,9,CVAE+ResGCN
CVAE+ResGCN,A4_aggregation_error,medium_real,24,FEAT_SECTOR_A,REPORT_STRESS,2,0,1,1,0.5,0.8,43.49780082702637,9,CVAE+ResGCN
CVAE+ResGCN,A4_aggregation_error,medium_real,25,FEAT_SECTOR_B,REPORT_STRESS,1,1,1,1,1.0,0.8,42.279958724975586,9,CVAE+ResGCN
CVAE+ResGCN,A4_aggregation_error,medium_real,26,FEAT_SECTOR_B,REPORT_STRESS,1,1,1,1,1.0,0.8,35.93087196350098,9,CVAE+ResGCN
CVAE+ResGCN,A4_aggregation_error,medium_real,27,FEAT_SECTOR_A,REPORT_STRESS,1,1,1,1,1.0,0.8,92.52405166625977,9,CVAE+ResGCN
CVAE+ResGCN,A4_aggregation_error,medium_real,28,FEAT_SECTOR_B,REPORT_STRESS,2,0,1,1,0.5,0.8,33.90693664550781,9,CVAE+ResGCN
CVAE+ResGCN,A4_aggregation_error,medium_real,29,FEAT_SECTOR_B,REPORT_STRESS,2,0,1,1,0.5,0.8,31.139850616455078,9,CVAE+ResGCN
CVAE+ResGCN,A5_downstream_masking,medium_real,0,SRC_STOCK_11_PRICE,REPORT_STRESS,4,0,0,1,0.25,0.8,22.837162017822266,9,CVAE+ResGCN
CVAE+ResGCN,A5_downstream_masking,medium_real,1,SRC_STOCK_6_PRICE,REPORT_STRESS,3,0,1,1,0.3333333333333333,0.8,38.28573226928711,9,CVAE+ResGCN
CVAE+ResGCN,A5_downstream_masking,medium_real,2,SRC_STOCK_11_PRICE,REPORT_STRESS,4,0,0,1,0.25,0.8,46.15187644958496,9,CVAE+ResGCN
CVAE+ResGCN,A5_downstream_masking,medium_real,3,SRC_STOCK_10_PRICE,REPORT_STRESS,3,0,1,1,0.3333333333333333,0.8,37.225961685180664,9,CVAE+ResGCN
CVAE+ResGCN,A5_downstream_masking,medium_real,4,SRC_STOCK_9_PRICE,REPORT_STRESS,3,0,1,1,0.3333333333333333,0.8,36.31734848022461,9,CVAE+ResGCN
CVAE+ResGCN,A5_downstream_masking,medium_real,5,SRC_STOCK_9_PRICE,REPORT_STRESS,3,0,1,1,0.3333333333333333,0.8,32.43541717529297,9,CVAE+ResGCN
CVAE+ResGCN,A5_downstream_masking,medium_real,6,SRC_STOCK_6_PRICE,REPORT_STRESS,3,0,1,1,0.3333333333333333,0.8,41.274070739746094,9,CVAE+ResGCN
CVAE+ResGCN,A5_downstream_masking,medium_real,7,SRC_STOCK_12_PRICE,REPORT_STRESS,4,0,0,1,0.25,0.8,76.9801139831543,9,CVAE+ResGCN
CVAE+ResGCN,A5_downstream_masking,medium_real,8,SRC_STOCK_9_PRICE,REPORT_STRESS,3,0,1,1,0.3333333333333333,0.8,43.92504692077637,9,CVAE+ResGCN
CVAE+ResGCN,A5_downstream_masking,medium_real,9,SRC_STOCK_6_PRICE,REPORT_STRESS,3,0,1,1,0.3333333333333333,0.8,47.16897010803223,9,CVAE+ResGCN
CVAE+ResGCN,A5_downstream_masking,medium_real,10,SRC_STOCK_10_PRICE,REPORT_STRESS,3,0,1,1,0.3333333333333333,0.8,24.747133255004883,9,CVAE+ResGCN
CVAE+ResGCN,A5_downstream_masking,medium_real,11,SRC_STOCK_2_PRICE,REPORT_STRESS,3,0,1,1,0.3333333333333333,0.8,57.07883834838867,9,CVAE+ResGCN
CVAE+ResGCN,A5_downstream_masking,medium_real,12,SRC_STOCK_8_PRICE,REPORT_STRESS,3,0,1,1,0.3333333333333333,0.8,32.63115882873535,9,CVAE+ResGCN
CVAE+ResGCN,A5_downstream_masking,medium_real,13,SRC_STOCK_11_PRICE,REPORT_STRESS,3,0,1,1,0.3333333333333333,0.8,41.40520095825195,9,CVAE+ResGCN
CVAE+ResGCN,A5_downstream_masking,medium_real,14,SRC_STOCK_2_PRICE,REPORT_STRESS,3,0,1,1,0.3333333333333333,0.8,24.5819091796875,9,CVAE+ResGCN
CVAE+ResGCN,A5_downstream_masking,medium_real,15,SRC_STOCK_12_PRICE,REPORT_STRESS,4,0,0,1,0.25,0.8,47.10102081298828,9,CVAE+ResGCN
CVAE+ResGCN,A5_downstream_masking,medium_real,16,SRC_STOCK_7_PRICE,REPORT_STRESS,3,0,1,1,0.3333333333333333,0.8,79.72478866577148,9,CVAE+ResGCN
CVAE+ResGCN,A5_downstream_masking,medium_real,17,SRC_STOCK_9_PRICE,REPORT_STRESS,3,0,1,1,0.3333333333333333,0.8,24.04022216796875,9,CVAE+ResGCN
CVAE+ResGCN,A5_downstream_masking,medium_real,18,SRC_STOCK_11_PRICE,REPORT_STRESS,3,0,1,1,0.3333333333333333,0.8,27.69923210144043,9,CVAE+ResGCN
CVAE+ResGCN,A5_downstream_masking,medium_real,19,SRC_STOCK_8_PRICE,REPORT_STRESS,3,0,1,1,0.3333333333333333,0.8,51.399946212768555,9,CVAE+ResGCN
CVAE+ResGCN,A5_downstream_masking,medium_real,20,SRC_STOCK_11_PRICE,REPORT_STRESS,3,0,1,1,0.3333333333333333,0.8,41.56208038330078,9,CVAE+ResGCN
CVAE+ResGCN,A5_downstream_masking,medium_real,21,SRC_STOCK_4_PRICE,REPORT_STRESS,3,0,1,1,0.3333333333333333,0.8,34.70635414123535,9,CVAE+ResGCN
CVAE+ResGCN,A5_downstream_masking,medium_real,22,SRC_STOCK_10_PRICE,REPORT_STRESS,3,0,1,1,0.3333333333333333,0.8,22.060871124267578,9,CVAE+ResGCN
CVAE+ResGCN,A5_downstream_masking,medium_real,23,SRC_STOCK_1_PRICE,REPORT_STRESS,3,0,1,1,0.3333333333333333,0.8,46.627044677734375,9,CVAE+ResGCN
CVAE+ResGCN,A5_downstream_masking,medium_real,24,SRC_STOCK_5_PRICE,REPORT_STRESS,3,0,1,1,0.3333333333333333,0.8,31.92901611328125,9,CVAE+ResGCN
CVAE+ResGCN,A5_downstream_masking,medium_real,25,SRC_STOCK_7_PRICE,REPORT_STRESS,3,0,1,1,0.3333333333333333,0.8,38.7730598449707,9,CVAE+ResGCN
CVAE+ResGCN,A5_downstream_masking,medium_real,26,SRC_STOCK_11_PRICE,REPORT_STRESS,4,0,0,1,0.25,0.8,33.55813026428223,9,CVAE+ResGCN
CVAE+ResGCN,A5_downstream_masking,medium_real,27,SRC_STOCK_1_PRICE,REPORT_STRESS,3,0,1,1,0.3333333333333333,0.8,45.06707191467285,9,CVAE+ResGCN
CVAE+ResGCN,A5_downstream_masking,medium_real,28,SRC_STOCK_8_PRICE,REPORT_STRESS,3,0,1,1,0.3333333333333333,0.8,33.57410430908203,9,CVAE+ResGCN
CVAE+ResGCN,A5_downstream_masking,medium_real,29,SRC_STOCK_12_PRICE,REPORT_STRESS,4,0,0,1,0.25,0.8,52.78801918029785,9,CVAE+ResGCN
CVAE+ResGCN,A6_multi_source,medium_real,0,SRC_STOCK_8_PRICE,REPORT_STRESS,1,1,1,1,1.0,0.8,32.19008445739746,9,CVAE+ResGCN
CVAE+ResGCN,A6_multi_source,medium_real,1,SRC_STOCK_6_PRICE,REPORT_STRESS,1,1,1,1,1.0,0.8,35.15005111694336,9,CVAE+ResGCN
CVAE+ResGCN,A6_multi_source,medium_real,2,SRC_STOCK_3_PRICE,REPORT_STRESS,1,1,1,1,1.0,0.8,55.63712120056152,9,CVAE+ResGCN
CVAE+ResGCN,A6_multi_source,medium_real,3,SRC_STOCK_1_PRICE,REPORT_STRESS,1,1,1,1,1.0,0.8,39.03627395629883,9,CVAE+ResGCN
CVAE+ResGCN,A6_multi_source,medium_real,4,SRC_STOCK_8_PRICE,REPORT_STRESS,1,1,1,1,1.0,0.8,30.84111213684082,9,CVAE+ResGCN
CVAE+ResGCN,A6_multi_source,medium_real,5,SRC_STOCK_9_PRICE,REPORT_STRESS,1,1,1,1,1.0,0.8,25.172948837280273,9,CVAE+ResGCN
CVAE+ResGCN,A6_multi_source,medium_real,6,SRC_STOCK_5_PRICE,REPORT_STRESS,1,1,1,1,1.0,0.8,37.12201118469238,9,CVAE+ResGCN
CVAE+ResGCN,A6_multi_source,medium_real,7,SRC_STOCK_10_PRICE,REPORT_STRESS,1,1,1,1,1.0,0.8,33.772945404052734,9,CVAE+ResGCN
CVAE+ResGCN,A6_multi_source,medium_real,8,SRC_STOCK_4_PRICE,REPORT_STRESS,1,1,1,1,1.0,0.8,24.691104888916016,9,CVAE+ResGCN
CVAE+ResGCN,A6_multi_source,medium_real,9,SRC_STOCK_10_PRICE,REPORT_STRESS,1,1,1,1,1.0,0.8,34.75594520568848,9,CVAE+ResGCN
CVAE+ResGCN,A6_multi_source,medium_real,10,SRC_STOCK_4_PRICE,REPORT_STRESS,1,1,1,1,1.0,0.8,29.030323028564453,9,CVAE+ResGCN
CVAE+ResGCN,A6_multi_source,medium_real,11,SRC_STOCK_2_PRICE,REPORT_STRESS,1,1,1,1,1.0,0.8,58.318138122558594,9,CVAE+ResGCN
CVAE+ResGCN,A6_multi_source,medium_real,12,SRC_STOCK_3_PRICE,REPORT_STRESS,1,1,1,1,1.0,0.8,35.694122314453125,9,CVAE+ResGCN
CVAE+ResGCN,A6_multi_source,medium_real,13,SRC_STOCK_10_PRICE,REPORT_STRESS,1,1,1,1,1.0,0.8,35.260915756225586,9,CVAE+ResGCN
CVAE+ResGCN,A6_multi_source,medium_real,14,SRC_STOCK_8_PRICE,REPORT_STRESS,1,1,1,1,1.0,0.8,38.03396224975586,9,CVAE+ResGCN
CVAE+ResGCN,A6_multi_source,medium_real,15,SRC_STOCK_8_PRICE,REPORT_STRESS,1,1,1,1,1.0,0.8,49.22199249267578,9,CVAE+ResGCN
CVAE+ResGCN,A6_multi_source,medium_real,16,SRC_STOCK_6_PRICE,REPORT_STRESS,1,1,1,1,1.0,0.8,83.64200592041016,9,CVAE+ResGCN
CVAE+ResGCN,A6_multi_source,medium_real,17,SRC_STOCK_10_PRICE,REPORT_STRESS,1,1,1,1,1.0,0.8,40.7862663269043,9,CVAE+ResGCN
CVAE+ResGCN,A6_multi_source,medium_real,18,SRC_STOCK_9_PRICE,REPORT_STRESS,1,1,1,1,1.0,0.8,22.821903228759766,9,CVAE+ResGCN
CVAE+ResGCN,A6_multi_source,medium_real,19,SRC_STOCK_5_PRICE,REPORT_STRESS,1,1,1,1,1.0,0.8,37.66131401062012,9,CVAE+ResGCN
CVAE+ResGCN,A6_multi_source,medium_real,20,SRC_STOCK_9_PRICE,REPORT_STRESS,1,1,1,1,1.0,0.8,25.151968002319336,9,CVAE+ResGCN
CVAE+ResGCN,A6_multi_source,medium_real,21,SRC_STOCK_5_PRICE,REPORT_STRESS,1,1,1,1,1.0,0.8,45.47476768493652,9,CVAE+ResGCN
CVAE+ResGCN,A6_multi_source,medium_real,22,SRC_STOCK_12_PRICE,REPORT_STRESS,3,0,1,1,0.3333333333333333,0.8,34.48605537414551,9,CVAE+ResGCN
CVAE+ResGCN,A6_multi_source,medium_real,23,SRC_STOCK_6_PRICE,REPORT_STRESS,1,1,1,1,1.0,0.8,25.59804916381836,9,CVAE+ResGCN
CVAE+ResGCN,A6_multi_source,medium_real,24,SRC_STOCK_4_PRICE,REPORT_STRESS,1,1,1,1,1.0,0.8,36.32402420043945,9,CVAE+ResGCN
CVAE+ResGCN,A6_multi_source,medium_real,25,SRC_STOCK_2_PRICE,REPORT_STRESS,1,1,1,1,1.0,0.8,36.015987396240234,9,CVAE+ResGCN
CVAE+ResGCN,A6_multi_source,medium_real,26,SRC_STOCK_6_PRICE,REPORT_STRESS,1,1,1,1,1.0,0.8,34.53683853149414,9,CVAE+ResGCN
CVAE+ResGCN,A6_multi_source,medium_real,27,SRC_STOCK_3_PRICE,REPORT_STRESS,2,0,1,1,0.5,0.8,27.242183685302734,9,CVAE+ResGCN
CVAE+ResGCN,A6_multi_source,medium_real,28,SRC_STOCK_7_PRICE,REPORT_STRESS,1,1,1,1,1.0,0.8,32.39703178405762,9,CVAE+ResGCN
CVAE+ResGCN,A6_multi_source,medium_real,29,SRC_STOCK_8_PRICE,REPORT_STRESS,1,1,1,1,1.0,0.8,28.604745864868164,9,CVAE+ResGCN
CVAE+ResGCN,A7_coincidental,medium_real,0,SRC_STOCK_11_PRICE,REPORT_STRESS,2,0,1,1,0.5,0.8,30.202865600585938,9,CVAE+ResGCN
CVAE+ResGCN,A7_coincidental,medium_real,1,SRC_STOCK_6_PRICE,REPORT_STRESS,2,0,1,1,0.5,0.8,33.84113311767578,9,CVAE+ResGCN
CVAE+ResGCN,A7_coincidental,medium_real,2,SRC_STOCK_11_PRICE,REPORT_STRESS,2,0,1,1,0.5,0.8,24.218082427978516,9,CVAE+ResGCN
CVAE+ResGCN,A7_coincidental,medium_real,3,SRC_STOCK_10_PRICE,REPORT_STRESS,2,0,1,1,0.5,0.8,52.02603340148926,9,CVAE+ResGCN
CVAE+ResGCN,A7_coincidental,medium_real,4,SRC_STOCK_9_PRICE,REPORT_STRESS,2,0,1,1,0.5,0.8,35.1099967956543,9,CVAE+ResGCN
CVAE+ResGCN,A7_coincidental,medium_real,5,SRC_STOCK_9_PRICE,REPORT_STRESS,2,0,1,1,0.5,0.8,22.32813835144043,9,CVAE+ResGCN
CVAE+ResGCN,A7_coincidental,medium_real,6,SRC_STOCK_6_PRICE,REPORT_STRESS,2,0,1,1,0.5,0.8,34.77311134338379,9,CVAE+ResGCN
CVAE+ResGCN,A7_coincidental,medium_real,7,SRC_STOCK_12_PRICE,REPORT_STRESS,2,0,1,1,0.5,0.8,34.94977951049805,9,CVAE+ResGCN
CVAE+ResGCN,A7_coincidental,medium_real,8,SRC_STOCK_9_PRICE,REPORT_STRESS,2,0,1,1,0.5,0.8,43.25413703918457,9,CVAE+ResGCN
CVAE+ResGCN,A7_coincidental,medium_real,9,SRC_STOCK_6_PRICE,REPORT_STRESS,2,0,1,1,0.5,0.8,33.740997314453125,9,CVAE+ResGCN
CVAE+ResGCN,A7_coincidental,medium_real,10,SRC_STOCK_10_PRICE,REPORT_STRESS,2,0,1,1,0.5,0.8,31.896114349365234,9,CVAE+ResGCN
CVAE+ResGCN,A7_coincidental,medium_real,11,SRC_STOCK_2_PRICE,REPORT_STRESS,2,0,1,1,0.5,0.8,37.99915313720703,9,CVAE+ResGCN
CVAE+ResGCN,A7_coincidental,medium_real,12,SRC_STOCK_8_PRICE,REPORT_STRESS,2,0,1,1,0.5,0.8,51.41401290893555,9,CVAE+ResGCN
CVAE+ResGCN,A7_coincidental,medium_real,13,SRC_STOCK_11_PRICE,REPORT_STRESS,2,0,1,1,0.5,0.8,30.869722366333008,9,CVAE+ResGCN
CVAE+ResGCN,A7_coincidental,medium_real,14,SRC_STOCK_2_PRICE,REPORT_STRESS,2,0,1,1,0.5,0.8,34.39831733703613,9,CVAE+ResGCN
CVAE+ResGCN,A7_coincidental,medium_real,15,SRC_STOCK_12_PRICE,REPORT_STRESS,2,0,1,1,0.5,0.8,35.20989418029785,9,CVAE+ResGCN
CVAE+ResGCN,A7_coincidental,medium_real,16,SRC_STOCK_7_PRICE,REPORT_STRESS,2,0,1,1,0.5,0.8,43.1981086730957,9,CVAE+ResGCN
CVAE+ResGCN,A7_coincidental,medium_real,17,SRC_STOCK_9_PRICE,REPORT_STRESS,2,0,1,1,0.5,0.8,78.32121849060059,9,CVAE+ResGCN
CVAE+ResGCN,A7_coincidental,medium_real,18,SRC_STOCK_11_PRICE,REPORT_STRESS,2,0,1,1,0.5,0.8,29.983043670654297,9,CVAE+ResGCN
CVAE+ResGCN,A7_coincidental,medium_real,19,SRC_STOCK_8_PRICE,REPORT_STRESS,2,0,1,1,0.5,0.8,60.502052307128906,9,CVAE+ResGCN
CVAE+ResGCN,A7_coincidental,medium_real,20,SRC_STOCK_11_PRICE,REPORT_STRESS,2,0,1,1,0.5,0.8,68.88675689697266,9,CVAE+ResGCN
CVAE+ResGCN,A7_coincidental,medium_real,21,SRC_STOCK_4_PRICE,REPORT_STRESS,2,0,1,1,0.5,0.8,22.94778823852539,9,CVAE+ResGCN
CVAE+ResGCN,A7_coincidental,medium_real,22,SRC_STOCK_10_PRICE,REPORT_STRESS,2,0,1,1,0.5,0.8,35.8729362487793,9,CVAE+ResGCN
CVAE+ResGCN,A7_coincidental,medium_real,23,SRC_STOCK_1_PRICE,REPORT_STRESS,2,0,1,1,0.5,0.8,64.58902359008789,9,CVAE+ResGCN
CVAE+ResGCN,A7_coincidental,medium_real,24,SRC_STOCK_5_PRICE,REPORT_STRESS,2,0,1,1,0.5,0.8,27.762889862060547,9,CVAE+ResGCN
CVAE+ResGCN,A7_coincidental,medium_real,25,SRC_STOCK_7_PRICE,REPORT_STRESS,2,0,1,1,0.5,0.8,35.336971282958984,9,CVAE+ResGCN
CVAE+ResGCN,A7_coincidental,medium_real,26,SRC_STOCK_11_PRICE,REPORT_STRESS,2,0,1,1,0.5,0.8,34.68585014343262,9,CVAE+ResGCN
CVAE+ResGCN,A7_coincidental,medium_real,27,SRC_STOCK_1_PRICE,REPORT_STRESS,2,0,1,1,0.5,0.8,38.828134536743164,9,CVAE+ResGCN
CVAE+ResGCN,A7_coincidental,medium_real,28,SRC_STOCK_8_PRICE,REPORT_STRESS,2,0,1,1,0.5,0.8,57.305097579956055,9,CVAE+ResGCN
CVAE+ResGCN,A7_coincidental,medium_real,29,SRC_STOCK_12_PRICE,REPORT_STRESS,2,0,1,1,0.5,0.8,27.43983268737793,9,CVAE+ResGCN
CVAE+RGCN,A1_source_corruption,medium_real,0,SRC_STOCK_11_PRICE,REPORT_STRESS,1,1,1,1,1.0,0.8,39.02125358581543,9,CVAE+RGCN
CVAE+RGCN,A1_source_corruption,medium_real,1,SRC_STOCK_6_PRICE,REPORT_STRESS,1,1,1,1,1.0,0.8,39.22581672668457,9,CVAE+RGCN
CVAE+RGCN,A1_source_corruption,medium_real,2,SRC_STOCK_11_PRICE,REPORT_STRESS,1,1,1,1,1.0,0.8,28.779983520507812,9,CVAE+RGCN
CVAE+RGCN,A1_source_corruption,medium_real,3,SRC_STOCK_10_PRICE,REPORT_STRESS,1,1,1,1,1.0,0.8,31.389951705932617,9,CVAE+RGCN
CVAE+RGCN,A1_source_corruption,medium_real,4,SRC_STOCK_9_PRICE,REPORT_STRESS,1,1,1,1,1.0,0.8,31.149864196777344,9,CVAE+RGCN
CVAE+RGCN,A1_source_corruption,medium_real,5,SRC_STOCK_9_PRICE,REPORT_STRESS,1,1,1,1,1.0,0.8,42.938947677612305,9,CVAE+RGCN
CVAE+RGCN,A1_source_corruption,medium_real,6,SRC_STOCK_6_PRICE,REPORT_STRESS,1,1,1,1,1.0,0.8,38.661956787109375,9,CVAE+RGCN
CVAE+RGCN,A1_source_corruption,medium_real,7,SRC_STOCK_12_PRICE,REPORT_STRESS,1,1,1,1,1.0,0.8,45.76277732849121,9,CVAE+RGCN
CVAE+RGCN,A1_source_corruption,medium_real,8,SRC_STOCK_9_PRICE,REPORT_STRESS,1,1,1,1,1.0,0.8,41.49675369262695,9,CVAE+RGCN
CVAE+RGCN,A1_source_corruption,medium_real,9,SRC_STOCK_6_PRICE,REPORT_STRESS,1,1,1,1,1.0,0.8,34.32917594909668,9,CVAE+RGCN
CVAE+RGCN,A1_source_corruption,medium_real,10,SRC_STOCK_10_PRICE,REPORT_STRESS,1,1,1,1,1.0,0.8,45.85695266723633,9,CVAE+RGCN
CVAE+RGCN,A1_source_corruption,medium_real,11,SRC_STOCK_2_PRICE,REPORT_STRESS,1,1,1,1,1.0,0.8,45.06516456604004,9,CVAE+RGCN
CVAE+RGCN,A1_source_corruption,medium_real,12,SRC_STOCK_8_PRICE,REPORT_STRESS,1,1,1,1,1.0,0.8,25.192975997924805,9,CVAE+RGCN
CVAE+RGCN,A1_source_corruption,medium_real,13,SRC_STOCK_11_PRICE,REPORT_STRESS,1,1,1,1,1.0,0.8,38.35296630859375,9,CVAE+RGCN
CVAE+RGCN,A1_source_corruption,medium_real,14,SRC_STOCK_2_PRICE,REPORT_STRESS,1,1,1,1,1.0,0.8,25.5889892578125,9,CVAE+RGCN
CVAE+RGCN,A1_source_corruption,medium_real,15,SRC_STOCK_12_PRICE,REPORT_STRESS,1,1,1,1,1.0,0.8,36.253929138183594,9,CVAE+RGCN
CVAE+RGCN,A1_source_corruption,medium_real,16,SRC_STOCK_7_PRICE,REPORT_STRESS,1,1,1,1,1.0,0.8,32.328128814697266,9,CVAE+RGCN
CVAE+RGCN,A1_source_corruption,medium_real,17,SRC_STOCK_9_PRICE,REPORT_STRESS,1,1,1,1,1.0,0.8,27.740001678466797,9,CVAE+RGCN
CVAE+RGCN,A1_source_corruption,medium_real,18,SRC_STOCK_11_PRICE,REPORT_STRESS,1,1,1,1,1.0,0.8,55.17888069152832,9,CVAE+RGCN
CVAE+RGCN,A1_source_corruption,medium_real,19,SRC_STOCK_8_PRICE,REPORT_STRESS,1,1,1,1,1.0,0.8,31.8448543548584,9,CVAE+RGCN
CVAE+RGCN,A1_source_corruption,medium_real,20,SRC_STOCK_11_PRICE,REPORT_STRESS,1,1,1,1,1.0,0.8,34.42192077636719,9,CVAE+RGCN
CVAE+RGCN,A1_source_corruption,medium_real,21,SRC_STOCK_4_PRICE,REPORT_STRESS,1,1,1,1,1.0,0.8,30.97391128540039,9,CVAE+RGCN
CVAE+RGCN,A1_source_corruption,medium_real,22,SRC_STOCK_10_PRICE,REPORT_STRESS,1,1,1,1,1.0,0.8,45.037031173706055,9,CVAE+RGCN
CVAE+RGCN,A1_source_corruption,medium_real,23,SRC_STOCK_1_PRICE,REPORT_STRESS,1,1,1,1,1.0,0.8,34.726858139038086,9,CVAE+RGCN
CVAE+RGCN,A1_source_corruption,medium_real,24,SRC_STOCK_5_PRICE,REPORT_STRESS,1,1,1,1,1.0,0.8,40.315866470336914,9,CVAE+RGCN
CVAE+RGCN,A1_source_corruption,medium_real,25,SRC_STOCK_7_PRICE,REPORT_STRESS,1,1,1,1,1.0,0.8,62.8509521484375,9,CVAE+RGCN
CVAE+RGCN,A1_source_corruption,medium_real,26,SRC_STOCK_11_PRICE,REPORT_STRESS,1,1,1,1,1.0,0.8,52.43992805480957,9,CVAE+RGCN
CVAE+RGCN,A1_source_corruption,medium_real,27,SRC_STOCK_1_PRICE,REPORT_STRESS,1,1,1,1,1.0,0.8,31.69083595275879,9,CVAE+RGCN
CVAE+RGCN,A1_source_corruption,medium_real,28,SRC_STOCK_8_PRICE,REPORT_STRESS,1,1,1,1,1.0,0.8,40.71307182312012,9,CVAE+RGCN
CVAE+RGCN,A1_source_corruption,medium_real,29,SRC_STOCK_12_PRICE,REPORT_STRESS,1,1,1,1,1.0,0.8,18.725156784057617,9,CVAE+RGCN
CVAE+RGCN,A2_etl_logic_error,medium_real,0,ETL_FX_STOCK_11_PRICE,REPORT_STRESS,67,0,0,0,0.014925373134328358,1.0,31.507015228271484,9,CVAE+RGCN
CVAE+RGCN,A2_etl_logic_error,medium_real,1,ETL_FX_STOCK_6_PRICE,REPORT_STRESS,65,0,0,0,0.015384615384615385,1.0,39.0009880065918,9,CVAE+RGCN
CVAE+RGCN,A2_etl_logic_error,medium_real,2,ETL_FX_STOCK_11_PRICE,REPORT_STRESS,68,0,0,0,0.014705882352941176,1.0,35.429954528808594,9,CVAE+RGCN
CVAE+RGCN,A2_etl_logic_error,medium_real,3,ETL_FX_STOCK_10_PRICE,REPORT_STRESS,65,0,0,0,0.015384615384615385,1.0,33.90622138977051,9,CVAE+RGCN
CVAE+RGCN,A2_etl_logic_error,medium_real,4,ETL_FX_STOCK_9_PRICE,REPORT_STRESS,65,0,0,0,0.015384615384615385,1.0,46.19002342224121,9,CVAE+RGCN
CVAE+RGCN,A2_etl_logic_error,medium_real,5,ETL_FX_STOCK_9_PRICE,REPORT_STRESS,67,0,0,0,0.014925373134328358,1.0,42.04082489013672,9,CVAE+RGCN
CVAE+RGCN,A2_etl_logic_error,medium_real,6,ETL_FX_STOCK_6_PRICE,REPORT_STRESS,66,0,0,0,0.015151515151515152,1.0,21.92211151123047,9,CVAE+RGCN
CVAE+RGCN,A2_etl_logic_error,medium_real,7,ETL_FX_STOCK_12_PRICE,REPORT_STRESS,71,0,0,0,0.014084507042253521,1.0,39.82996940612793,9,CVAE+RGCN
CVAE+RGCN,A2_etl_logic_error,medium_real,8,ETL_FX_STOCK_9_PRICE,REPORT_STRESS,69,0,0,0,0.014492753623188406,1.0,20.11394500732422,9,CVAE+RGCN
CVAE+RGCN,A2_etl_logic_error,medium_real,9,ETL_FX_STOCK_6_PRICE,REPORT_STRESS,69,0,0,0,0.014492753623188406,1.0,37.04500198364258,9,CVAE+RGCN
CVAE+RGCN,A2_etl_logic_error,medium_real,10,ETL_FX_STOCK_10_PRICE,REPORT_STRESS,66,0,0,0,0.015151515151515152,1.0,26.96681022644043,9,CVAE+RGCN
CVAE+RGCN,A2_etl_logic_error,medium_real,11,ETL_FX_STOCK_2_PRICE,REPORT_STRESS,68,0,0,0,0.014705882352941176,1.0,27.791976928710938,9,CVAE+RGCN
CVAE+RGCN,A2_etl_logic_error,medium_real,12,ETL_FX_STOCK_8_PRICE,REPORT_STRESS,68,0,0,0,0.014705882352941176,1.0,26.65233612060547,9,CVAE+RGCN
CVAE+RGCN,A2_etl_logic_error,medium_real,13,ETL_FX_STOCK_11_PRICE,REPORT_STRESS,66,0,0,0,0.015151515151515152,1.0,19.88983154296875,9,CVAE+RGCN
CVAE+RGCN,A2_etl_logic_error,medium_real,14,ETL_FX_STOCK_2_PRICE,REPORT_STRESS,66,0,0,0,0.015151515151515152,1.0,33.48803520202637,9,CVAE+RGCN
CVAE+RGCN,A2_etl_logic_error,medium_real,15,ETL_FX_STOCK_12_PRICE,REPORT_STRESS,69,0,0,0,0.014492753623188406,1.0,51.071882247924805,9,CVAE+RGCN
CVAE+RGCN,A2_etl_logic_error,medium_real,16,ETL_FX_STOCK_7_PRICE,REPORT_STRESS,66,0,0,0,0.015151515151515152,1.0,39.13068771362305,9,CVAE+RGCN
CVAE+RGCN,A2_etl_logic_error,medium_real,17,ETL_FX_STOCK_9_PRICE,REPORT_STRESS,65,0,0,0,0.015384615384615385,1.0,45.9897518157959,9,CVAE+RGCN
CVAE+RGCN,A2_etl_logic_error,medium_real,18,ETL_FX_STOCK_11_PRICE,REPORT_STRESS,66,0,0,0,0.015151515151515152,1.0,29.652118682861328,9,CVAE+RGCN
CVAE+RGCN,A2_etl_logic_error,medium_real,19,ETL_FX_STOCK_8_PRICE,REPORT_STRESS,66,0,0,0,0.015151515151515152,1.0,53.5428524017334,9,CVAE+RGCN
CVAE+RGCN,A2_etl_logic_error,medium_real,20,ETL_FX_STOCK_11_PRICE,REPORT_STRESS,68,0,0,0,0.014705882352941176,1.0,46.484947204589844,9,CVAE+RGCN
CVAE+RGCN,A2_etl_logic_error,medium_real,21,ETL_FX_STOCK_4_PRICE,REPORT_STRESS,68,0,0,0,0.014705882352941176,1.0,40.81892967224121,9,CVAE+RGCN
CVAE+RGCN,A2_etl_logic_error,medium_real,22,ETL_FX_STOCK_10_PRICE,REPORT_STRESS,65,0,0,0,0.015384615384615385,1.0,32.99307823181152,9,CVAE+RGCN
CVAE+RGCN,A2_etl_logic_error,medium_real,23,ETL_FX_STOCK_1_PRICE,REPORT_STRESS,63,0,0,0,0.015873015873015872,1.0,32.36699104309082,9,CVAE+RGCN
CVAE+RGCN,A2_etl_logic_error,medium_real,24,ETL_FX_STOCK_5_PRICE,REPORT_STRESS,66,0,0,0,0.015151515151515152,1.0,32.35602378845215,9,CVAE+RGCN
CVAE+RGCN,A2_etl_logic_error,medium_real,25,ETL_FX_STOCK_7_PRICE,REPORT_STRESS,69,0,0,0,0.014492753623188406,1.0,25.6040096282959,9,CVAE+RGCN
CVAE+RGCN,A2_etl_logic_error,medium_real,26,ETL_FX_STOCK_11_PRICE,REPORT_STRESS,66,0,0,0,0.015151515151515152,1.0,28.92589569091797,9,CVAE+RGCN
CVAE+RGCN,A2_etl_logic_error,medium_real,27,ETL_FX_STOCK_1_PRICE,REPORT_STRESS,67,0,0,0,0.014925373134328358,1.0,56.19406700134277,9,CVAE+RGCN
CVAE+RGCN,A2_etl_logic_error,medium_real,28,ETL_FX_STOCK_8_PRICE,REPORT_STRESS,68,0,0,0,0.014705882352941176,1.0,28.37991714477539,9,CVAE+RGCN
CVAE+RGCN,A2_etl_logic_error,medium_real,29,ETL_FX_STOCK_12_PRICE,REPORT_STRESS,70,0,0,0,0.014285714285714285,1.0,53.65180969238281,9,CVAE+RGCN
CVAE+RGCN,A3_feature_calc_error,medium_real,0,FEAT_VOL20_STOCK_11_PRICE,REPORT_STRESS,1,1,1,1,1.0,0.8,41.65482521057129,9,CVAE+RGCN
CVAE+RGCN,A3_feature_calc_error,medium_real,1,FEAT_VOL20_STOCK_6_PRICE,REPORT_STRESS,1,1,1,1,1.0,0.8,64.27693367004395,9,CVAE+RGCN
CVAE+RGCN,A3_feature_calc_error,medium_real,2,FEAT_VOL20_STOCK_11_PRICE,REPORT_STRESS,1,1,1,1,1.0,0.8,37.73689270019531,9,CVAE+RGCN
CVAE+RGCN,A3_feature_calc_error,medium_real,3,FEAT_VOL20_STOCK_10_PRICE,REPORT_STRESS,65,0,0,0,0.015384615384615385,1.0,38.826942443847656,9,CVAE+RGCN
CVAE+RGCN,A3_feature_calc_error,medium_real,4,FEAT_VOL20_STOCK_9_PRICE,REPORT_STRESS,1,1,1,1,1.0,0.8,31.5399169921875,9,CVAE+RGCN
CVAE+RGCN,A3_feature_calc_error,medium_real,5,FEAT_VOL20_STOCK_9_PRICE,REPORT_STRESS,65,0,0,0,0.015384615384615385,1.0,24.188756942749023,9,CVAE+RGCN
CVAE+RGCN,A3_feature_calc_error,medium_real,6,FEAT_VOL20_STOCK_6_PRICE,REPORT_STRESS,1,1,1,1,1.0,0.8,54.38804626464844,9,CVAE+RGCN
CVAE+RGCN,A3_feature_calc_error,medium_real,7,FEAT_VOL20_STOCK_12_PRICE,REPORT_STRESS,1,1,1,1,1.0,0.8,30.176162719726562,9,CVAE+RGCN
CVAE+RGCN,A3_feature_calc_error,medium_real,8,FEAT_VOL20_STOCK_9_PRICE,REPORT_STRESS,1,1,1,1,1.0,0.8,29.73008155822754,9,CVAE+RGCN
CVAE+RGCN,A3_feature_calc_error,medium_real,9,FEAT_VOL20_STOCK_6_PRICE,REPORT_STRESS,1,1,1,1,1.0,0.8,31.172990798950195,9,CVAE+RGCN
CVAE+RGCN,A3_feature_calc_error,medium_real,10,FEAT_VOL20_STOCK_10_PRICE,REPORT_STRESS,65,0,0,0,0.015384615384615385,1.0,21.38996124267578,9,CVAE+RGCN
CVAE+RGCN,A3_feature_calc_error,medium_real,11,FEAT_VOL20_STOCK_2_PRICE,REPORT_STRESS,67,0,0,0,0.014925373134328358,1.0,33.04314613342285,9,CVAE+RGCN
CVAE+RGCN,A3_feature_calc_error,medium_real,12,FEAT_VOL20_STOCK_8_PRICE,REPORT_STRESS,1,1,1,1,1.0,0.8,47.81389236450195,9,CVAE+RGCN
CVAE+RGCN,A3_feature_calc_error,medium_real,13,FEAT_VOL20_STOCK_11_PRICE,REPORT_STRESS,1,1,1,1,1.0,0.8,65.94491004943848,9,CVAE+RGCN
CVAE+RGCN,A3_feature_calc_error,medium_real,14,FEAT_VOL20_STOCK_2_PRICE,REPORT_STRESS,65,0,0,0,0.015384615384615385,1.0,31.829118728637695,9,CVAE+RGCN
CVAE+RGCN,A3_feature_calc_error,medium_real,15,FEAT_VOL20_STOCK_12_PRICE,REPORT_STRESS,1,1,1,1,1.0,0.8,41.62001609802246,9,CVAE+RGCN
CVAE+RGCN,A3_feature_calc_error,medium_real,16,FEAT_VOL20_STOCK_7_PRICE,REPORT_STRESS,1,1,1,1,1.0,0.8,33.60795974731445,9,CVAE+RGCN
CVAE+RGCN,A3_feature_calc_error,medium_real,17,FEAT_VOL20_STOCK_9_PRICE,REPORT_STRESS,1,1,1,1,1.0,0.8,35.18319129943848,9,CVAE+RGCN
CVAE+RGCN,A3_feature_calc_error,medium_real,18,FEAT_VOL20_STOCK_11_PRICE,REPORT_STRESS,1,1,1,1,1.0,0.8,32.00578689575195,9,CVAE+RGCN
CVAE+RGCN,A3_feature_calc_error,medium_real,19,FEAT_VOL20_STOCK_8_PRICE,REPORT_STRESS,1,1,1,1,1.0,0.8,32.06610679626465,9,CVAE+RGCN
CVAE+RGCN,A3_feature_calc_error,medium_real,20,FEAT_VOL20_STOCK_11_PRICE,REPORT_STRESS,1,1,1,1,1.0,0.8,24.51300621032715,9,CVAE+RGCN
CVAE+RGCN,A3_feature_calc_error,medium_real,21,FEAT_VOL20_STOCK_4_PRICE,REPORT_STRESS,63,0,0,0,0.015873015873015872,1.0,37.92691230773926,9,CVAE+RGCN
CVAE+RGCN,A3_feature_calc_error,medium_real,22,FEAT_VOL20_STOCK_10_PRICE,REPORT_STRESS,63,0,0,0,0.015873015873015872,1.0,35.935163497924805,9,CVAE+RGCN
CVAE+RGCN,A3_feature_calc_error,medium_real,23,FEAT_VOL20_STOCK_1_PRICE,REPORT_STRESS,1,1,1,1,1.0,0.8,31.73995018005371,9,CVAE+RGCN
CVAE+RGCN,A3_feature_calc_error,medium_real,24,FEAT_VOL20_STOCK_5_PRICE,REPORT_STRESS,67,0,0,0,0.014925373134328358,1.0,29.42204475402832,9,CVAE+RGCN
CVAE+RGCN,A3_feature_calc_error,medium_real,25,FEAT_VOL20_STOCK_7_PRICE,REPORT_STRESS,1,1,1,1,1.0,0.8,36.82374954223633,9,CVAE+RGCN
CVAE+RGCN,A3_feature_calc_error,medium_real,26,FEAT_VOL20_STOCK_11_PRICE,REPORT_STRESS,1,1,1,1,1.0,0.8,29.229164123535156,9,CVAE+RGCN
CVAE+RGCN,A3_feature_calc_error,medium_real,27,FEAT_VOL20_STOCK_1_PRICE,REPORT_STRESS,1,1,1,1,1.0,0.8,22.166013717651367,9,CVAE+RGCN
CVAE+RGCN,A3_feature_calc_error,medium_real,28,FEAT_VOL20_STOCK_8_PRICE,REPORT_STRESS,1,1,1,1,1.0,0.8,53.579092025756836,9,CVAE+RGCN
CVAE+RGCN,A3_feature_calc_error,medium_real,29,FEAT_VOL20_STOCK_12_PRICE,REPORT_STRESS,1,1,1,1,1.0,0.8,27.740001678466797,9,CVAE+RGCN
CVAE+RGCN,A4_aggregation_error,medium_real,0,FEAT_SECTOR_B,REPORT_STRESS,1,1,1,1,1.0,0.8,29.906034469604492,9,CVAE+RGCN
CVAE+RGCN,A4_aggregation_error,medium_real,1,FEAT_SECTOR_A,REPORT_STRESS,2,0,1,1,0.5,0.8,20.99013328552246,9,CVAE+RGCN
CVAE+RGCN,A4_aggregation_error,medium_real,2,FEAT_SECTOR_B,REPORT_STRESS,1,1,1,1,1.0,0.8,60.801029205322266,9,CVAE+RGCN
CVAE+RGCN,A4_aggregation_error,medium_real,3,FEAT_SECTOR_B,REPORT_STRESS,1,1,1,1,1.0,0.8,32.594919204711914,9,CVAE+RGCN
CVAE+RGCN,A4_aggregation_error,medium_real,4,FEAT_SECTOR_B,REPORT_STRESS,1,1,1,1,1.0,0.8,43.46108436584473,9,CVAE+RGCN
CVAE+RGCN,A4_aggregation_error,medium_real,5,FEAT_SECTOR_B,REPORT_STRESS,1,1,1,1,1.0,0.8,37.94097900390625,9,CVAE+RGCN
CVAE+RGCN,A4_aggregation_error,medium_real,6,FEAT_SECTOR_A,REPORT_STRESS,2,0,1,1,0.5,0.8,31.429290771484375,9,CVAE+RGCN
CVAE+RGCN,A4_aggregation_error,medium_real,7,FEAT_SECTOR_B,REPORT_STRESS,1,1,1,1,1.0,0.8,27.567148208618164,9,CVAE+RGCN
CVAE+RGCN,A4_aggregation_error,medium_real,8,FEAT_SECTOR_B,REPORT_STRESS,1,1,1,1,1.0,0.8,26.679039001464844,9,CVAE+RGCN
CVAE+RGCN,A4_aggregation_error,medium_real,9,FEAT_SECTOR_A,REPORT_STRESS,2,0,1,1,0.5,0.8,28.84197235107422,9,CVAE+RGCN
CVAE+RGCN,A4_aggregation_error,medium_real,10,FEAT_SECTOR_B,REPORT_STRESS,1,1,1,1,1.0,0.8,57.18398094177246,9,CVAE+RGCN
CVAE+RGCN,A4_aggregation_error,medium_real,11,FEAT_SECTOR_A,REPORT_STRESS,2,0,1,1,0.5,0.8,31.690120697021484,9,CVAE+RGCN
CVAE+RGCN,A4_aggregation_error,medium_real,12,FEAT_SECTOR_B,REPORT_STRESS,1,1,1,1,1.0,0.8,52.99830436706543,9,CVAE+RGCN
CVAE+RGCN,A4_aggregation_error,medium_real,13,FEAT_SECTOR_B,REPORT_STRESS,1,1,1,1,1.0,0.8,34.89398956298828,9,CVAE+RGCN
CVAE+RGCN,A4_aggregation_error,medium_real,14,FEAT_SECTOR_A,REPORT_STRESS,2,0,1,1,0.5,0.8,25.62689781188965,9,CVAE+RGCN
CVAE+RGCN,A4_aggregation_error,medium_real,15,FEAT_SECTOR_B,REPORT_STRESS,1,1,1,1,1.0,0.8,44.097900390625,9,CVAE+RGCN
CVAE+RGCN,A4_aggregation_error,medium_real,16,FEAT_SECTOR_B,REPORT_STRESS,2,0,1,1,0.5,0.8,29.029130935668945,9,CVAE+RGCN
CVAE+RGCN,A4_aggregation_error,medium_real,17,FEAT_SECTOR_B,REPORT_STRESS,1,1,1,1,1.0,0.8,29.716968536376953,9,CVAE+RGCN
CVAE+RGCN,A4_aggregation_error,medium_real,18,FEAT_SECTOR_B,REPORT_STRESS,1,1,1,1,1.0,0.8,22.491931915283203,9,CVAE+RGCN
CVAE+RGCN,A4_aggregation_error,medium_real,19,FEAT_SECTOR_B,REPORT_STRESS,1,1,1,1,1.0,0.8,35.26711463928223,9,CVAE+RGCN
CVAE+RGCN,A4_aggregation_error,medium_real,20,FEAT_SECTOR_B,REPORT_STRESS,1,1,1,1,1.0,0.8,26.86595916748047,9,CVAE+RGCN
CVAE+RGCN,A4_aggregation_error,medium_real,21,FEAT_SECTOR_A,REPORT_STRESS,2,0,1,1,0.5,0.8,60.6691837310791,9,CVAE+RGCN
CVAE+RGCN,A4_aggregation_error,medium_real,22,FEAT_SECTOR_B,REPORT_STRESS,1,1,1,1,1.0,0.8,46.637773513793945,9,CVAE+RGCN
CVAE+RGCN,A4_aggregation_error,medium_real,23,FEAT_SECTOR_A,REPORT_STRESS,2,0,1,1,0.5,0.8,24.08599853515625,9,CVAE+RGCN
CVAE+RGCN,A4_aggregation_error,medium_real,24,FEAT_SECTOR_A,REPORT_STRESS,1,1,1,1,1.0,0.8,55.73916435241699,9,CVAE+RGCN
CVAE+RGCN,A4_aggregation_error,medium_real,25,FEAT_SECTOR_B,REPORT_STRESS,1,1,1,1,1.0,0.8,41.6722297668457,9,CVAE+RGCN
CVAE+RGCN,A4_aggregation_error,medium_real,26,FEAT_SECTOR_B,REPORT_STRESS,1,1,1,1,1.0,0.8,28.692007064819336,9,CVAE+RGCN
CVAE+RGCN,A4_aggregation_error,medium_real,27,FEAT_SECTOR_A,REPORT_STRESS,2,0,1,1,0.5,0.8,48.22993278503418,9,CVAE+RGCN
CVAE+RGCN,A4_aggregation_error,medium_real,28,FEAT_SECTOR_B,REPORT_STRESS,1,1,1,1,1.0,0.8,30.202865600585938,9,CVAE+RGCN
CVAE+RGCN,A4_aggregation_error,medium_real,29,FEAT_SECTOR_B,REPORT_STRESS,1,1,1,1,1.0,0.8,41.73898696899414,9,CVAE+RGCN
CVAE+RGCN,A5_downstream_masking,medium_real,0,SRC_STOCK_11_PRICE,REPORT_STRESS,8,0,0,0,0.125,1.0,27.119159698486328,9,CVAE+RGCN
CVAE+RGCN,A5_downstream_masking,medium_real,1,SRC_STOCK_6_PRICE,REPORT_STRESS,6,0,0,0,0.16666666666666666,1.0,28.570890426635742,9,CVAE+RGCN
CVAE+RGCN,A5_downstream_masking,medium_real,2,SRC_STOCK_11_PRICE,REPORT_STRESS,8,0,0,0,0.125,1.0,35.22777557373047,9,CVAE+RGCN
CVAE+RGCN,A5_downstream_masking,medium_real,3,SRC_STOCK_10_PRICE,REPORT_STRESS,7,0,0,0,0.14285714285714285,1.0,25.825023651123047,9,CVAE+RGCN
CVAE+RGCN,A5_downstream_masking,medium_real,4,SRC_STOCK_9_PRICE,REPORT_STRESS,6,0,0,0,0.16666666666666666,1.0,47.19805717468262,9,CVAE+RGCN
CVAE+RGCN,A5_downstream_masking,medium_real,5,SRC_STOCK_9_PRICE,REPORT_STRESS,7,0,0,0,0.14285714285714285,1.0,31.8450927734375,9,CVAE+RGCN
CVAE+RGCN,A5_downstream_masking,medium_real,6,SRC_STOCK_6_PRICE,REPORT_STRESS,3,0,1,1,0.3333333333333333,0.8,38.478851318359375,9,CVAE+RGCN
CVAE+RGCN,A5_downstream_masking,medium_real,7,SRC_STOCK_12_PRICE,REPORT_STRESS,8,0,0,0,0.125,1.0,58.67481231689453,9,CVAE+RGCN
CVAE+RGCN,A5_downstream_masking,medium_real,8,SRC_STOCK_9_PRICE,REPORT_STRESS,7,0,0,0,0.14285714285714285,1.0,33.84280204772949,9,CVAE+RGCN
CVAE+RGCN,A5_downstream_masking,medium_real,9,SRC_STOCK_6_PRICE,REPORT_STRESS,6,0,0,0,0.16666666666666666,1.0,84.64717864990234,9,CVAE+RGCN
CVAE+RGCN,A5_downstream_masking,medium_real,10,SRC_STOCK_10_PRICE,REPORT_STRESS,7,0,0,0,0.14285714285714285,1.0,25.98714828491211,9,CVAE+RGCN
CVAE+RGCN,A5_downstream_masking,medium_real,11,SRC_STOCK_2_PRICE,REPORT_STRESS,3,0,1,1,0.3333333333333333,0.8,54.315805435180664,9,CVAE+RGCN
CVAE+RGCN,A5_downstream_masking,medium_real,12,SRC_STOCK_8_PRICE,REPORT_STRESS,6,0,0,0,0.16666666666666666,1.0,44.44599151611328,9,CVAE+RGCN
CVAE+RGCN,A5_downstream_masking,medium_real,13,SRC_STOCK_11_PRICE,REPORT_STRESS,7,0,0,0,0.14285714285714285,1.0,49.691200256347656,9,CVAE+RGCN
CVAE+RGCN,A5_downstream_masking,medium_real,14,SRC_STOCK_2_PRICE,REPORT_STRESS,6,0,0,0,0.16666666666666666,1.0,22.017240524291992,9,CVAE+RGCN
CVAE+RGCN,A5_downstream_masking,medium_real,15,SRC_STOCK_12_PRICE,REPORT_STRESS,8,0,0,0,0.125,1.0,45.316219329833984,9,CVAE+RGCN
CVAE+RGCN,A5_downstream_masking,medium_real,16,SRC_STOCK_7_PRICE,REPORT_STRESS,3,0,1,1,0.3333333333333333,0.8,34.16705131530762,9,CVAE+RGCN
CVAE+RGCN,A5_downstream_masking,medium_real,17,SRC_STOCK_9_PRICE,REPORT_STRESS,6,0,0,0,0.16666666666666666,1.0,27.85778045654297,9,CVAE+RGCN
CVAE+RGCN,A5_downstream_masking,medium_real,18,SRC_STOCK_11_PRICE,REPORT_STRESS,7,0,0,0,0.14285714285714285,1.0,49.246788024902344,9,CVAE+RGCN
CVAE+RGCN,A5_downstream_masking,medium_real,19,SRC_STOCK_8_PRICE,REPORT_STRESS,4,0,0,1,0.25,0.8,63.66586685180664,9,CVAE+RGCN
CVAE+RGCN,A5_downstream_masking,medium_real,20,SRC_STOCK_11_PRICE,REPORT_STRESS,7,0,0,0,0.14285714285714285,1.0,77.10099220275879,9,CVAE+RGCN
CVAE+RGCN,A5_downstream_masking,medium_real,21,SRC_STOCK_4_PRICE,REPORT_STRESS,7,0,0,0,0.14285714285714285,1.0,65.95182418823242,9,CVAE+RGCN
CVAE+RGCN,A5_downstream_masking,medium_real,22,SRC_STOCK_10_PRICE,REPORT_STRESS,6,0,0,0,0.16666666666666666,1.0,24.44601058959961,9,CVAE+RGCN
CVAE+RGCN,A5_downstream_masking,medium_real,23,SRC_STOCK_1_PRICE,REPORT_STRESS,3,0,1,1,0.3333333333333333,0.8,48.18081855773926,9,CVAE+RGCN
CVAE+RGCN,A5_downstream_masking,medium_real,24,SRC_STOCK_5_PRICE,REPORT_STRESS,6,0,0,0,0.16666666666666666,1.0,39.94607925415039,9,CVAE+RGCN
CVAE+RGCN,A5_downstream_masking,medium_real,25,SRC_STOCK_7_PRICE,REPORT_STRESS,3,0,1,1,0.3333333333333333,0.8,37.532806396484375,9,CVAE+RGCN
CVAE+RGCN,A5_downstream_masking,medium_real,26,SRC_STOCK_11_PRICE,REPORT_STRESS,8,0,0,0,0.125,1.0,33.762216567993164,9,CVAE+RGCN
CVAE+RGCN,A5_downstream_masking,medium_real,27,SRC_STOCK_1_PRICE,REPORT_STRESS,3,0,1,1,0.3333333333333333,0.8,34.368038177490234,9,CVAE+RGCN
CVAE+RGCN,A5_downstream_masking,medium_real,28,SRC_STOCK_8_PRICE,REPORT_STRESS,7,0,0,0,0.14285714285714285,1.0,41.51010513305664,9,CVAE+RGCN
CVAE+RGCN,A5_downstream_masking,medium_real,29,SRC_STOCK_12_PRICE,REPORT_STRESS,7,0,0,0,0.14285714285714285,1.0,40.41028022766113,9,CVAE+RGCN
CVAE+RGCN,A6_multi_source,medium_real,0,SRC_STOCK_8_PRICE,REPORT_STRESS,1,1,1,1,1.0,0.8,21.570205688476562,9,CVAE+RGCN
CVAE+RGCN,A6_multi_source,medium_real,1,SRC_STOCK_6_PRICE,REPORT_STRESS,1,1,1,1,1.0,0.8,52.6583194732666,9,CVAE+RGCN
CVAE+RGCN,A6_multi_source,medium_real,2,SRC_STOCK_3_PRICE,REPORT_STRESS,1,1,1,1,1.0,0.8,54.86607551574707,9,CVAE+RGCN
CVAE+RGCN,A6_multi_source,medium_real,3,SRC_STOCK_1_PRICE,REPORT_STRESS,1,1,1,1,1.0,0.8,38.89822959899902,9,CVAE+RGCN
CVAE+RGCN,A6_multi_source,medium_real,4,SRC_STOCK_8_PRICE,REPORT_STRESS,1,1,1,1,1.0,0.8,39.64114189147949,9,CVAE+RGCN
CVAE+RGCN,A6_multi_source,medium_real,5,SRC_STOCK_9_PRICE,REPORT_STRESS,1,1,1,1,1.0,0.8,22.228240966796875,9,CVAE+RGCN
CVAE+RGCN,A6_multi_source,medium_real,6,SRC_STOCK_5_PRICE,REPORT_STRESS,1,1,1,1,1.0,0.8,45.01509666442871,9,CVAE+RGCN
CVAE+RGCN,A6_multi_source,medium_real,7,SRC_STOCK_10_PRICE,REPORT_STRESS,1,1,1,1,1.0,0.8,30.412912368774414,9,CVAE+RGCN
CVAE+RGCN,A6_multi_source,medium_real,8,SRC_STOCK_4_PRICE,REPORT_STRESS,1,1,1,1,1.0,0.8,40.18712043762207,9,CVAE+RGCN
CVAE+RGCN,A6_multi_source,medium_real,9,SRC_STOCK_10_PRICE,REPORT_STRESS,1,1,1,1,1.0,0.8,31.261920928955078,9,CVAE+RGCN
CVAE+RGCN,A6_multi_source,medium_real,10,SRC_STOCK_4_PRICE,REPORT_STRESS,1,1,1,1,1.0,0.8,33.968210220336914,9,CVAE+RGCN
CVAE+RGCN,A6_multi_source,medium_real,11,SRC_STOCK_2_PRICE,REPORT_STRESS,1,1,1,1,1.0,0.8,47.02305793762207,9,CVAE+RGCN
CVAE+RGCN,A6_multi_source,medium_real,12,SRC_STOCK_3_PRICE,REPORT_STRESS,3,0,1,1,0.3333333333333333,0.8,43.879032135009766,9,CVAE+RGCN
CVAE+RGCN,A6_multi_source,medium_real,13,SRC_STOCK_10_PRICE,REPORT_STRESS,1,1,1,1,1.0,0.8,27.20808982849121,9,CVAE+RGCN
CVAE+RGCN,A6_multi_source,medium_real,14,SRC_STOCK_8_PRICE,REPORT_STRESS,1,1,1,1,1.0,0.8,29.81400489807129,9,CVAE+RGCN
CVAE+RGCN,A6_multi_source,medium_real,15,SRC_STOCK_8_PRICE,REPORT_STRESS,1,1,1,1,1.0,0.8,41.95094108581543,9,CVAE+RGCN
CVAE+RGCN,A6_multi_source,medium_real,16,SRC_STOCK_6_PRICE,REPORT_STRESS,1,1,1,1,1.0,0.8,65.4449462890625,9,CVAE+RGCN
CVAE+RGCN,A6_multi_source,medium_real,17,SRC_STOCK_10_PRICE,REPORT_STRESS,1,1,1,1,1.0,0.8,37.85419464111328,9,CVAE+RGCN
CVAE+RGCN,A6_multi_source,medium_real,18,SRC_STOCK_9_PRICE,REPORT_STRESS,1,1,1,1,1.0,0.8,24.876117706298828,9,CVAE+RGCN
CVAE+RGCN,A6_multi_source,medium_real,19,SRC_STOCK_5_PRICE,REPORT_STRESS,1,1,1,1,1.0,0.8,51.41711235046387,9,CVAE+RGCN
CVAE+RGCN,A6_multi_source,medium_real,20,SRC_STOCK_9_PRICE,REPORT_STRESS,1,1,1,1,1.0,0.8,37.27221488952637,9,CVAE+RGCN
CVAE+RGCN,A6_multi_source,medium_real,21,SRC_STOCK_5_PRICE,REPORT_STRESS,1,1,1,1,1.0,0.8,37.780046463012695,9,CVAE+RGCN
CVAE+RGCN,A6_multi_source,medium_real,22,SRC_STOCK_12_PRICE,REPORT_STRESS,4,0,0,1,0.25,0.8,30.457019805908203,9,CVAE+RGCN
CVAE+RGCN,A6_multi_source,medium_real,23,SRC_STOCK_6_PRICE,REPORT_STRESS,1,1,1,1,1.0,0.8,28.660058975219727,9,CVAE+RGCN
CVAE+RGCN,A6_multi_source,medium_real,24,SRC_STOCK_4_PRICE,REPORT_STRESS,1,1,1,1,1.0,0.8,27.988195419311523,9,CVAE+RGCN
CVAE+RGCN,A6_multi_source,medium_real,25,SRC_STOCK_2_PRICE,REPORT_STRESS,1,1,1,1,1.0,0.8,22.981882095336914,9,CVAE+RGCN
CVAE+RGCN,A6_multi_source,medium_real,26,SRC_STOCK_6_PRICE,REPORT_STRESS,1,1,1,1,1.0,0.8,27.495861053466797,9,CVAE+RGCN
CVAE+RGCN,A6_multi_source,medium_real,27,SRC_STOCK_3_PRICE,REPORT_STRESS,3,0,1,1,0.3333333333333333,0.8,25.556087493896484,9,CVAE+RGCN
CVAE+RGCN,A6_multi_source,medium_real,28,SRC_STOCK_7_PRICE,REPORT_STRESS,1,1,1,1,1.0,0.8,54.95905876159668,9,CVAE+RGCN
CVAE+RGCN,A6_multi_source,medium_real,29,SRC_STOCK_8_PRICE,REPORT_STRESS,1,1,1,1,1.0,0.8,30.367136001586914,9,CVAE+RGCN
CVAE+RGCN,A7_coincidental,medium_real,0,SRC_STOCK_11_PRICE,REPORT_STRESS,2,0,1,1,0.5,0.8,28.384923934936523,9,CVAE+RGCN
CVAE+RGCN,A7_coincidental,medium_real,1,SRC_STOCK_6_PRICE,REPORT_STRESS,2,0,1,1,0.5,0.8,36.44895553588867,9,CVAE+RGCN
CVAE+RGCN,A7_coincidental,medium_real,2,SRC_STOCK_11_PRICE,REPORT_STRESS,2,0,1,1,0.5,0.8,22.02606201171875,9,CVAE+RGCN
CVAE+RGCN,A7_coincidental,medium_real,3,SRC_STOCK_10_PRICE,REPORT_STRESS,2,0,1,1,0.5,0.8,33.42795372009277,9,CVAE+RGCN
CVAE+RGCN,A7_coincidental,medium_real,4,SRC_STOCK_9_PRICE,REPORT_STRESS,2,0,1,1,0.5,0.8,67.37399101257324,9,CVAE+RGCN
CVAE+RGCN,A7_coincidental,medium_real,5,SRC_STOCK_9_PRICE,REPORT_STRESS,2,0,1,1,0.5,0.8,27.161836624145508,9,CVAE+RGCN
CVAE+RGCN,A7_coincidental,medium_real,6,SRC_STOCK_6_PRICE,REPORT_STRESS,2,0,1,1,0.5,0.8,55.737972259521484,9,CVAE+RGCN
CVAE+RGCN,A7_coincidental,medium_real,7,SRC_STOCK_12_PRICE,REPORT_STRESS,2,0,1,1,0.5,0.8,49.642086029052734,9,CVAE+RGCN
CVAE+RGCN,A7_coincidental,medium_real,8,SRC_STOCK_9_PRICE,REPORT_STRESS,2,0,1,1,0.5,0.8,53.30991744995117,9,CVAE+RGCN
CVAE+RGCN,A7_coincidental,medium_real,9,SRC_STOCK_6_PRICE,REPORT_STRESS,2,0,1,1,0.5,0.8,32.85098075866699,9,CVAE+RGCN
CVAE+RGCN,A7_coincidental,medium_real,10,SRC_STOCK_10_PRICE,REPORT_STRESS,2,0,1,1,0.5,0.8,29.80804443359375,9,CVAE+RGCN
CVAE+RGCN,A7_coincidental,medium_real,11,SRC_STOCK_2_PRICE,REPORT_STRESS,2,0,1,1,0.5,0.8,31.656980514526367,9,CVAE+RGCN
CVAE+RGCN,A7_coincidental,medium_real,12,SRC_STOCK_8_PRICE,REPORT_STRESS,2,0,1,1,0.5,0.8,37.70017623901367,9,CVAE+RGCN
CVAE+RGCN,A7_coincidental,medium_real,13,SRC_STOCK_11_PRICE,REPORT_STRESS,2,0,1,1,0.5,0.8,34.87396240234375,9,CVAE+RGCN
CVAE+RGCN,A7_coincidental,medium_real,14,SRC_STOCK_2_PRICE,REPORT_STRESS,2,0,1,1,0.5,0.8,42.790889739990234,9,CVAE+RGCN
CVAE+RGCN,A7_coincidental,medium_real,15,SRC_STOCK_12_PRICE,REPORT_STRESS,2,0,1,1,0.5,0.8,36.93199157714844,9,CVAE+RGCN
CVAE+RGCN,A7_coincidental,medium_real,16,SRC_STOCK_7_PRICE,REPORT_STRESS,2,0,1,1,0.5,0.8,47.683000564575195,9,CVAE+RGCN
CVAE+RGCN,A7_coincidental,medium_real,17,SRC_STOCK_9_PRICE,REPORT_STRESS,2,0,1,1,0.5,0.8,38.12909126281738,9,CVAE+RGCN
CVAE+RGCN,A7_coincidental,medium_real,18,SRC_STOCK_11_PRICE,REPORT_STRESS,2,0,1,1,0.5,0.8,29.289960861206055,9,CVAE+RGCN
CVAE+RGCN,A7_coincidental,medium_real,19,SRC_STOCK_8_PRICE,REPORT_STRESS,2,0,1,1,0.5,0.8,43.772220611572266,9,CVAE+RGCN
CVAE+RGCN,A7_coincidental,medium_real,20,SRC_STOCK_11_PRICE,REPORT_STRESS,2,0,1,1,0.5,0.8,46.71502113342285,9,CVAE+RGCN
CVAE+RGCN,A7_coincidental,medium_real,21,SRC_STOCK_4_PRICE,REPORT_STRESS,2,0,1,1,0.5,0.8,32.12475776672363,9,CVAE+RGCN
CVAE+RGCN,A7_coincidental,medium_real,22,SRC_STOCK_10_PRICE,REPORT_STRESS,2,0,1,1,0.5,0.8,30.328035354614258,9,CVAE+RGCN
CVAE+RGCN,A7_coincidental,medium_real,23,SRC_STOCK_1_PRICE,REPORT_STRESS,2,0,1,1,0.5,0.8,47.638893127441406,9,CVAE+RGCN
CVAE+RGCN,A7_coincidental,medium_real,24,SRC_STOCK_5_PRICE,REPORT_STRESS,2,0,1,1,0.5,0.8,28.959989547729492,9,CVAE+RGCN
CVAE+RGCN,A7_coincidental,medium_real,25,SRC_STOCK_7_PRICE,REPORT_STRESS,2,0,1,1,0.5,0.8,63.84706497192383,9,CVAE+RGCN
CVAE+RGCN,A7_coincidental,medium_real,26,SRC_STOCK_11_PRICE,REPORT_STRESS,2,0,1,1,0.5,0.8,42.46878623962402,9,CVAE+RGCN
CVAE+RGCN,A7_coincidental,medium_real,27,SRC_STOCK_1_PRICE,REPORT_STRESS,2,0,1,1,0.5,0.8,36.82398796081543,9,CVAE+RGCN
CVAE+RGCN,A7_coincidental,medium_real,28,SRC_STOCK_8_PRICE,REPORT_STRESS,2,0,1,1,0.5,0.8,52.71601676940918,9,CVAE+RGCN
CVAE+RGCN,A7_coincidental,medium_real,29,SRC_STOCK_12_PRICE,REPORT_STRESS,2,0,1,1,0.5,0.8,55.409908294677734,9,CVAE+RGCN
TSD-CVAE+ResGCN,A1_source_corruption,medium_real,0,SRC_STOCK_11_PRICE,REPORT_STRESS,1,1,1,1,1.0,0.8,31.01491928100586,9,TSD-CVAE+ResGCN
TSD-CVAE+ResGCN,A1_source_corruption,medium_real,1,SRC_STOCK_6_PRICE,REPORT_STRESS,1,1,1,1,1.0,0.8,41.159868240356445,9,TSD-CVAE+ResGCN
TSD-CVAE+ResGCN,A1_source_corruption,medium_real,2,SRC_STOCK_11_PRICE,REPORT_STRESS,1,1,1,1,1.0,0.8,34.13987159729004,9,TSD-CVAE+ResGCN
TSD-CVAE+ResGCN,A1_source_corruption,medium_real,3,SRC_STOCK_10_PRICE,REPORT_STRESS,1,1,1,1,1.0,0.8,38.37013244628906,9,TSD-CVAE+ResGCN
TSD-CVAE+ResGCN,A1_source_corruption,medium_real,4,SRC_STOCK_9_PRICE,REPORT_STRESS,1,1,1,1,1.0,0.8,45.118093490600586,9,TSD-CVAE+ResGCN
TSD-CVAE+ResGCN,A1_source_corruption,medium_real,5,SRC_STOCK_9_PRICE,REPORT_STRESS,1,1,1,1,1.0,0.8,34.73019599914551,9,TSD-CVAE+ResGCN
TSD-CVAE+ResGCN,A1_source_corruption,medium_real,6,SRC_STOCK_6_PRICE,REPORT_STRESS,1,1,1,1,1.0,0.8,33.37383270263672,9,TSD-CVAE+ResGCN
TSD-CVAE+ResGCN,A1_source_corruption,medium_real,7,SRC_STOCK_12_PRICE,REPORT_STRESS,1,1,1,1,1.0,0.8,35.69936752319336,9,TSD-CVAE+ResGCN
TSD-CVAE+ResGCN,A1_source_corruption,medium_real,8,SRC_STOCK_9_PRICE,REPORT_STRESS,1,1,1,1,1.0,0.8,46.8602180480957,9,TSD-CVAE+ResGCN
TSD-CVAE+ResGCN,A1_source_corruption,medium_real,9,SRC_STOCK_6_PRICE,REPORT_STRESS,1,1,1,1,1.0,0.8,36.21506690979004,9,TSD-CVAE+ResGCN
TSD-CVAE+ResGCN,A1_source_corruption,medium_real,10,SRC_STOCK_10_PRICE,REPORT_STRESS,1,1,1,1,1.0,0.8,69.61202621459961,9,TSD-CVAE+ResGCN
TSD-CVAE+ResGCN,A1_source_corruption,medium_real,11,SRC_STOCK_2_PRICE,REPORT_STRESS,1,1,1,1,1.0,0.8,50.549983978271484,9,TSD-CVAE+ResGCN
TSD-CVAE+ResGCN,A1_source_corruption,medium_real,12,SRC_STOCK_8_PRICE,REPORT_STRESS,1,1,1,1,1.0,0.8,24.6279239654541,9,TSD-CVAE+ResGCN
TSD-CVAE+ResGCN,A1_source_corruption,medium_real,13,SRC_STOCK_11_PRICE,REPORT_STRESS,1,1,1,1,1.0,0.8,44.036149978637695,9,TSD-CVAE+ResGCN
TSD-CVAE+ResGCN,A1_source_corruption,medium_real,14,SRC_STOCK_2_PRICE,REPORT_STRESS,1,1,1,1,1.0,0.8,30.23695945739746,9,TSD-CVAE+ResGCN
TSD-CVAE+ResGCN,A1_source_corruption,medium_real,15,SRC_STOCK_12_PRICE,REPORT_STRESS,1,1,1,1,1.0,0.8,46.55599594116211,9,TSD-CVAE+ResGCN
TSD-CVAE+ResGCN,A1_source_corruption,medium_real,16,SRC_STOCK_7_PRICE,REPORT_STRESS,1,1,1,1,1.0,0.8,33.64205360412598,9,TSD-CVAE+ResGCN
TSD-CVAE+ResGCN,A1_source_corruption,medium_real,17,SRC_STOCK_9_PRICE,REPORT_STRESS,1,1,1,1,1.0,0.8,44.001102447509766,9,TSD-CVAE+ResGCN
TSD-CVAE+ResGCN,A1_source_corruption,medium_real,18,SRC_STOCK_11_PRICE,REPORT_STRESS,1,1,1,1,1.0,0.8,41.5959358215332,9,TSD-CVAE+ResGCN
TSD-CVAE+ResGCN,A1_source_corruption,medium_real,19,SRC_STOCK_8_PRICE,REPORT_STRESS,1,1,1,1,1.0,0.8,23.055076599121094,9,TSD-CVAE+ResGCN
TSD-CVAE+ResGCN,A1_source_corruption,medium_real,20,SRC_STOCK_11_PRICE,REPORT_STRESS,1,1,1,1,1.0,0.8,27.106761932373047,9,TSD-CVAE+ResGCN
TSD-CVAE+ResGCN,A1_source_corruption,medium_real,21,SRC_STOCK_4_PRICE,REPORT_STRESS,1,1,1,1,1.0,0.8,41.181087493896484,9,TSD-CVAE+ResGCN
TSD-CVAE+ResGCN,A1_source_corruption,medium_real,22,SRC_STOCK_10_PRICE,REPORT_STRESS,1,1,1,1,1.0,0.8,31.877994537353516,9,TSD-CVAE+ResGCN
TSD-CVAE+ResGCN,A1_source_corruption,medium_real,23,SRC_STOCK_1_PRICE,REPORT_STRESS,1,1,1,1,1.0,0.8,35.98904609680176,9,TSD-CVAE+ResGCN
TSD-CVAE+ResGCN,A1_source_corruption,medium_real,24,SRC_STOCK_5_PRICE,REPORT_STRESS,1,1,1,1,1.0,0.8,35.22682189941406,9,TSD-CVAE+ResGCN
TSD-CVAE+ResGCN,A1_source_corruption,medium_real,25,SRC_STOCK_7_PRICE,REPORT_STRESS,1,1,1,1,1.0,0.8,85.96920967102051,9,TSD-CVAE+ResGCN
TSD-CVAE+ResGCN,A1_source_corruption,medium_real,26,SRC_STOCK_11_PRICE,REPORT_STRESS,1,1,1,1,1.0,0.8,40.46893119812012,9,TSD-CVAE+ResGCN
TSD-CVAE+ResGCN,A1_source_corruption,medium_real,27,SRC_STOCK_1_PRICE,REPORT_STRESS,1,1,1,1,1.0,0.8,21.73614501953125,9,TSD-CVAE+ResGCN
TSD-CVAE+ResGCN,A1_source_corruption,medium_real,28,SRC_STOCK_8_PRICE,REPORT_STRESS,1,1,1,1,1.0,0.8,46.143293380737305,9,TSD-CVAE+ResGCN
TSD-CVAE+ResGCN,A1_source_corruption,medium_real,29,SRC_STOCK_12_PRICE,REPORT_STRESS,1,1,1,1,1.0,0.8,24.35302734375,9,TSD-CVAE+ResGCN
TSD-CVAE+ResGCN,A2_etl_logic_error,medium_real,0,ETL_FX_STOCK_11_PRICE,REPORT_STRESS,64,0,0,0,0.015625,1.0,28.330087661743164,9,TSD-CVAE+ResGCN
TSD-CVAE+ResGCN,A2_etl_logic_error,medium_real,1,ETL_FX_STOCK_6_PRICE,REPORT_STRESS,68,0,0,0,0.014705882352941176,1.0,54.61406707763672,9,TSD-CVAE+ResGCN
TSD-CVAE+ResGCN,A2_etl_logic_error,medium_real,2,ETL_FX_STOCK_11_PRICE,REPORT_STRESS,68,0,0,0,0.014705882352941176,1.0,38.455963134765625,9,TSD-CVAE+ResGCN
TSD-CVAE+ResGCN,A2_etl_logic_error,medium_real,3,ETL_FX_STOCK_10_PRICE,REPORT_STRESS,68,0,0,0,0.014705882352941176,1.0,44.52919960021973,9,TSD-CVAE+ResGCN
TSD-CVAE+ResGCN,A2_etl_logic_error,medium_real,4,ETL_FX_STOCK_9_PRICE,REPORT_STRESS,69,0,0,0,0.014492753623188406,1.0,32.98377990722656,9,TSD-CVAE+ResGCN
TSD-CVAE+ResGCN,A2_etl_logic_error,medium_real,5,ETL_FX_STOCK_9_PRICE,REPORT_STRESS,69,0,0,0,0.014492753623188406,1.0,41.5802001953125,9,TSD-CVAE+ResGCN
TSD-CVAE+ResGCN,A2_etl_logic_error,medium_real,6,ETL_FX_STOCK_6_PRICE,REPORT_STRESS,68,0,0,0,0.014705882352941176,1.0,22.207021713256836,9,TSD-CVAE+ResGCN
TSD-CVAE+ResGCN,A2_etl_logic_error,medium_real,7,ETL_FX_STOCK_12_PRICE,REPORT_STRESS,70,0,0,0,0.014285714285714285,1.0,41.702985763549805,9,TSD-CVAE+ResGCN
TSD-CVAE+ResGCN,A2_etl_logic_error,medium_real,8,ETL_FX_STOCK_9_PRICE,REPORT_STRESS,69,0,0,0,0.014492753623188406,1.0,25.463104248046875,9,TSD-CVAE+ResGCN
TSD-CVAE+ResGCN,A2_etl_logic_error,medium_real,9,ETL_FX_STOCK_6_PRICE,REPORT_STRESS,66,0,0,0,0.015151515151515152,1.0,31.750917434692383,9,TSD-CVAE+ResGCN
TSD-CVAE+ResGCN,A2_etl_logic_error,medium_real,10,ETL_FX_STOCK_10_PRICE,REPORT_STRESS,64,0,0,0,0.015625,1.0,32.99999237060547,9,TSD-CVAE+ResGCN
TSD-CVAE+ResGCN,A2_etl_logic_error,medium_real,11,ETL_FX_STOCK_2_PRICE,REPORT_STRESS,67,0,0,0,0.014925373134328358,1.0,26.4739990234375,9,TSD-CVAE+ResGCN
TSD-CVAE+ResGCN,A2_etl_logic_error,medium_real,12,ETL_FX_STOCK_8_PRICE,REPORT_STRESS,68,0,0,0,0.014705882352941176,1.0,38.639068603515625,9,TSD-CVAE+ResGCN
TSD-CVAE+ResGCN,A2_etl_logic_error,medium_real,13,ETL_FX_STOCK_11_PRICE,REPORT_STRESS,66,0,0,0,0.015151515151515152,1.0,28.51080894470215,9,TSD-CVAE+ResGCN
TSD-CVAE+ResGCN,A2_etl_logic_error,medium_real,14,ETL_FX_STOCK_2_PRICE,REPORT_STRESS,69,0,0,0,0.014492753623188406,1.0,38.52391242980957,9,TSD-CVAE+ResGCN
TSD-CVAE+ResGCN,A2_etl_logic_error,medium_real,15,ETL_FX_STOCK_12_PRICE,REPORT_STRESS,73,0,0,0,0.0136986301369863,1.0,42.61922836303711,9,TSD-CVAE+ResGCN
TSD-CVAE+ResGCN,A2_etl_logic_error,medium_real,16,ETL_FX_STOCK_7_PRICE,REPORT_STRESS,68,0,0,0,0.014705882352941176,1.0,59.17811393737793,9,TSD-CVAE+ResGCN
TSD-CVAE+ResGCN,A2_etl_logic_error,medium_real,17,ETL_FX_STOCK_9_PRICE,REPORT_STRESS,67,0,0,0,0.014925373134328358,1.0,43.770790100097656,9,TSD-CVAE+ResGCN
TSD-CVAE+ResGCN,A2_etl_logic_error,medium_real,18,ETL_FX_STOCK_11_PRICE,REPORT_STRESS,68,0,0,0,0.014705882352941176,1.0,22.038936614990234,9,TSD-CVAE+ResGCN
TSD-CVAE+ResGCN,A2_etl_logic_error,medium_real,19,ETL_FX_STOCK_8_PRICE,REPORT_STRESS,68,0,0,0,0.014705882352941176,1.0,44.01803016662598,9,TSD-CVAE+ResGCN
TSD-CVAE+ResGCN,A2_etl_logic_error,medium_real,20,ETL_FX_STOCK_11_PRICE,REPORT_STRESS,70,0,0,0,0.014285714285714285,1.0,40.82512855529785,9,TSD-CVAE+ResGCN
TSD-CVAE+ResGCN,A2_etl_logic_error,medium_real,21,ETL_FX_STOCK_4_PRICE,REPORT_STRESS,66,0,0,0,0.015151515151515152,1.0,28.32794189453125,9,TSD-CVAE+ResGCN
TSD-CVAE+ResGCN,A2_etl_logic_error,medium_real,22,ETL_FX_STOCK_10_PRICE,REPORT_STRESS,68,0,0,0,0.014705882352941176,1.0,27.13322639465332,9,TSD-CVAE+ResGCN
TSD-CVAE+ResGCN,A2_etl_logic_error,medium_real,23,ETL_FX_STOCK_1_PRICE,REPORT_STRESS,67,0,0,0,0.014925373134328358,1.0,27.10890769958496,9,TSD-CVAE+ResGCN
TSD-CVAE+ResGCN,A2_etl_logic_error,medium_real,24,ETL_FX_STOCK_5_PRICE,REPORT_STRESS,66,0,0,0,0.015151515151515152,1.0,38.247108459472656,9,TSD-CVAE+ResGCN
TSD-CVAE+ResGCN,A2_etl_logic_error,medium_real,25,ETL_FX_STOCK_7_PRICE,REPORT_STRESS,69,0,0,0,0.014492753623188406,1.0,34.0421199798584,9,TSD-CVAE+ResGCN
TSD-CVAE+ResGCN,A2_etl_logic_error,medium_real,26,ETL_FX_STOCK_11_PRICE,REPORT_STRESS,70,0,0,0,0.014285714285714285,1.0,37.384986877441406,9,TSD-CVAE+ResGCN
TSD-CVAE+ResGCN,A2_etl_logic_error,medium_real,27,ETL_FX_STOCK_1_PRICE,REPORT_STRESS,67,0,0,0,0.014925373134328358,1.0,58.042287826538086,9,TSD-CVAE+ResGCN
TSD-CVAE+ResGCN,A2_etl_logic_error,medium_real,28,ETL_FX_STOCK_8_PRICE,REPORT_STRESS,68,0,0,0,0.014705882352941176,1.0,32.20987319946289,9,TSD-CVAE+ResGCN
TSD-CVAE+ResGCN,A2_etl_logic_error,medium_real,29,ETL_FX_STOCK_12_PRICE,REPORT_STRESS,72,0,0,0,0.013888888888888888,1.0,46.202898025512695,9,TSD-CVAE+ResGCN
TSD-CVAE+ResGCN,A3_feature_calc_error,medium_real,0,FEAT_VOL20_STOCK_11_PRICE,REPORT_STRESS,1,1,1,1,1.0,0.8,47.2567081451416,9,TSD-CVAE+ResGCN
TSD-CVAE+ResGCN,A3_feature_calc_error,medium_real,1,FEAT_VOL20_STOCK_6_PRICE,REPORT_STRESS,1,1,1,1,1.0,0.8,33.60414505004883,9,TSD-CVAE+ResGCN
TSD-CVAE+ResGCN,A3_feature_calc_error,medium_real,2,FEAT_VOL20_STOCK_11_PRICE,REPORT_STRESS,1,1,1,1,1.0,0.8,72.69406318664551,9,TSD-CVAE+ResGCN
TSD-CVAE+ResGCN,A3_feature_calc_error,medium_real,3,FEAT_VOL20_STOCK_10_PRICE,REPORT_STRESS,67,0,0,0,0.014925373134328358,1.0,61.44595146179199,9,TSD-CVAE+ResGCN
TSD-CVAE+ResGCN,A3_feature_calc_error,medium_real,4,FEAT_VOL20_STOCK_9_PRICE,REPORT_STRESS,67,0,0,0,0.014925373134328358,1.0,35.82024574279785,9,TSD-CVAE+ResGCN
TSD-CVAE+ResGCN,A3_feature_calc_error,medium_real,5,FEAT_VOL20_STOCK_9_PRICE,REPORT_STRESS,67,0,0,0,0.014925373134328358,1.0,55.3889274597168,9,TSD-CVAE+ResGCN
TSD-CVAE+ResGCN,A3_feature_calc_error,medium_real,6,FEAT_VOL20_STOCK_6_PRICE,REPORT_STRESS,1,1,1,1,1.0,0.8,37.882089614868164,9,TSD-CVAE+ResGCN
TSD-CVAE+ResGCN,A3_feature_calc_error,medium_real,7,FEAT_VOL20_STOCK_12_PRICE,REPORT_STRESS,1,1,1,1,1.0,0.8,31.892061233520508,9,TSD-CVAE+ResGCN
TSD-CVAE+ResGCN,A3_feature_calc_error,medium_real,8,FEAT_VOL20_STOCK_9_PRICE,REPORT_STRESS,65,0,0,0,0.015384615384615385,1.0,25.840044021606445,9,TSD-CVAE+ResGCN
TSD-CVAE+ResGCN,A3_feature_calc_error,medium_real,9,FEAT_VOL20_STOCK_6_PRICE,REPORT_STRESS,1,1,1,1,1.0,0.8,41.52083396911621,9,TSD-CVAE+ResGCN
TSD-CVAE+ResGCN,A3_feature_calc_error,medium_real,10,FEAT_VOL20_STOCK_10_PRICE,REPORT_STRESS,67,0,0,0,0.014925373134328358,1.0,23.97298812866211,9,TSD-CVAE+ResGCN
TSD-CVAE+ResGCN,A3_feature_calc_error,medium_real,11,FEAT_VOL20_STOCK_2_PRICE,REPORT_STRESS,3,0,1,1,0.3333333333333333,0.8,40.45224189758301,9,TSD-CVAE+ResGCN
TSD-CVAE+ResGCN,A3_feature_calc_error,medium_real,12,FEAT_VOL20_STOCK_8_PRICE,REPORT_STRESS,67,0,0,0,0.014925373134328358,1.0,37.03188896179199,9,TSD-CVAE+ResGCN
TSD-CVAE+ResGCN,A3_feature_calc_error,medium_real,13,FEAT_VOL20_STOCK_11_PRICE,REPORT_STRESS,1,1,1,1,1.0,0.8,34.970760345458984,9,TSD-CVAE+ResGCN
TSD-CVAE+ResGCN,A3_feature_calc_error,medium_real,14,FEAT_VOL20_STOCK_2_PRICE,REPORT_STRESS,3,0,1,1,0.3333333333333333,0.8,35.997867584228516,9,TSD-CVAE+ResGCN
TSD-CVAE+ResGCN,A3_feature_calc_error,medium_real,15,FEAT_VOL20_STOCK_12_PRICE,REPORT_STRESS,1,1,1,1,1.0,0.8,41.41998291015625,9,TSD-CVAE+ResGCN
TSD-CVAE+ResGCN,A3_feature_calc_error,medium_real,16,FEAT_VOL20_STOCK_7_PRICE,REPORT_STRESS,1,1,1,1,1.0,0.8,26.098251342773438,9,TSD-CVAE+ResGCN
TSD-CVAE+ResGCN,A3_feature_calc_error,medium_real,17,FEAT_VOL20_STOCK_9_PRICE,REPORT_STRESS,65,0,0,0,0.015384615384615385,1.0,38.372039794921875,9,TSD-CVAE+ResGCN
TSD-CVAE+ResGCN,A3_feature_calc_error,medium_real,18,FEAT_VOL20_STOCK_11_PRICE,REPORT_STRESS,1,1,1,1,1.0,0.8,79.56099510192871,9,TSD-CVAE+ResGCN
TSD-CVAE+ResGCN,A3_feature_calc_error,medium_real,19,FEAT_VOL20_STOCK_8_PRICE,REPORT_STRESS,67,0,0,0,0.014925373134328358,1.0,45.107364654541016,9,TSD-CVAE+ResGCN
TSD-CVAE+ResGCN,A3_feature_calc_error,medium_real,20,FEAT_VOL20_STOCK_11_PRICE,REPORT_STRESS,1,1,1,1,1.0,0.8,24.556875228881836,9,TSD-CVAE+ResGCN
TSD-CVAE+ResGCN,A3_feature_calc_error,medium_real,21,FEAT_VOL20_STOCK_4_PRICE,REPORT_STRESS,65,0,0,0,0.015384615384615385,1.0,90.8808708190918,9,TSD-CVAE+ResGCN
TSD-CVAE+ResGCN,A3_feature_calc_error,medium_real,22,FEAT_VOL20_STOCK_10_PRICE,REPORT_STRESS,65,0,0,0,0.015384615384615385,1.0,24.60002899169922,9,TSD-CVAE+ResGCN
TSD-CVAE+ResGCN,A3_feature_calc_error,medium_real,23,FEAT_VOL20_STOCK_1_PRICE,REPORT_STRESS,1,1,1,1,1.0,0.8,35.19415855407715,9,TSD-CVAE+ResGCN
TSD-CVAE+ResGCN,A3_feature_calc_error,medium_real,24,FEAT_VOL20_STOCK_5_PRICE,REPORT_STRESS,67,0,0,0,0.014925373134328358,1.0,64.84413146972656,9,TSD-CVAE+ResGCN
TSD-CVAE+ResGCN,A3_feature_calc_error,medium_real,25,FEAT_VOL20_STOCK_7_PRICE,REPORT_STRESS,1,1,1,1,1.0,0.8,73.10795783996582,9,TSD-CVAE+ResGCN
TSD-CVAE+ResGCN,A3_feature_calc_error,medium_real,26,FEAT_VOL20_STOCK_11_PRICE,REPORT_STRESS,1,1,1,1,1.0,0.8,75.92606544494629,9,TSD-CVAE+ResGCN
TSD-CVAE+ResGCN,A3_feature_calc_error,medium_real,27,FEAT_VOL20_STOCK_1_PRICE,REPORT_STRESS,1,1,1,1,1.0,0.8,23.060083389282227,9,TSD-CVAE+ResGCN
TSD-CVAE+ResGCN,A3_feature_calc_error,medium_real,28,FEAT_VOL20_STOCK_8_PRICE,REPORT_STRESS,65,0,0,0,0.015384615384615385,1.0,36.400794982910156,9,TSD-CVAE+ResGCN
TSD-CVAE+ResGCN,A3_feature_calc_error,medium_real,29,FEAT_VOL20_STOCK_12_PRICE,REPORT_STRESS,1,1,1,1,1.0,0.8,25.162935256958008,9,TSD-CVAE+ResGCN
TSD-CVAE+ResGCN,A4_aggregation_error,medium_real,0,FEAT_SECTOR_B,REPORT_STRESS,1,1,1,1,1.0,0.8,53.14302444458008,9,TSD-CVAE+ResGCN
TSD-CVAE+ResGCN,A4_aggregation_error,medium_real,1,FEAT_SECTOR_A,REPORT_STRESS,2,0,1,1,0.5,0.8,34.70182418823242,9,TSD-CVAE+ResGCN
TSD-CVAE+ResGCN,A4_aggregation_error,medium_real,2,FEAT_SECTOR_B,REPORT_STRESS,1,1,1,1,1.0,0.8,52.937984466552734,9,TSD-CVAE+ResGCN
TSD-CVAE+ResGCN,A4_aggregation_error,medium_real,3,FEAT_SECTOR_B,REPORT_STRESS,1,1,1,1,1.0,0.8,37.56427764892578,9,TSD-CVAE+ResGCN
TSD-CVAE+ResGCN,A4_aggregation_error,medium_real,4,FEAT_SECTOR_B,REPORT_STRESS,1,1,1,1,1.0,0.8,34.26313400268555,9,TSD-CVAE+ResGCN
TSD-CVAE+ResGCN,A4_aggregation_error,medium_real,5,FEAT_SECTOR_B,REPORT_STRESS,1,1,1,1,1.0,0.8,44.251203536987305,9,TSD-CVAE+ResGCN
TSD-CVAE+ResGCN,A4_aggregation_error,medium_real,6,FEAT_SECTOR_A,REPORT_STRESS,2,0,1,1,0.5,0.8,19.427061080932617,9,TSD-CVAE+ResGCN
TSD-CVAE+ResGCN,A4_aggregation_error,medium_real,7,FEAT_SECTOR_B,REPORT_STRESS,1,1,1,1,1.0,0.8,29.38699722290039,9,TSD-CVAE+ResGCN
TSD-CVAE+ResGCN,A4_aggregation_error,medium_real,8,FEAT_SECTOR_B,REPORT_STRESS,1,1,1,1,1.0,0.8,35.19892692565918,9,TSD-CVAE+ResGCN
TSD-CVAE+ResGCN,A4_aggregation_error,medium_real,9,FEAT_SECTOR_A,REPORT_STRESS,2,0,1,1,0.5,0.8,42.98877716064453,9,TSD-CVAE+ResGCN
TSD-CVAE+ResGCN,A4_aggregation_error,medium_real,10,FEAT_SECTOR_B,REPORT_STRESS,1,1,1,1,1.0,0.8,51.566123962402344,9,TSD-CVAE+ResGCN
TSD-CVAE+ResGCN,A4_aggregation_error,medium_real,11,FEAT_SECTOR_A,REPORT_STRESS,2,0,1,1,0.5,0.8,47.52612113952637,9,TSD-CVAE+ResGCN
TSD-CVAE+ResGCN,A4_aggregation_error,medium_real,12,FEAT_SECTOR_B,REPORT_STRESS,1,1,1,1,1.0,0.8,34.34491157531738,9,TSD-CVAE+ResGCN
TSD-CVAE+ResGCN,A4_aggregation_error,medium_real,13,FEAT_SECTOR_B,REPORT_STRESS,1,1,1,1,1.0,0.8,29.313087463378906,9,TSD-CVAE+ResGCN
TSD-CVAE+ResGCN,A4_aggregation_error,medium_real,14,FEAT_SECTOR_A,REPORT_STRESS,2,0,1,1,0.5,0.8,47.75285720825195,9,TSD-CVAE+ResGCN
TSD-CVAE+ResGCN,A4_aggregation_error,medium_real,15,FEAT_SECTOR_B,REPORT_STRESS,1,1,1,1,1.0,0.8,42.29307174682617,9,TSD-CVAE+ResGCN
TSD-CVAE+ResGCN,A4_aggregation_error,medium_real,16,FEAT_SECTOR_B,REPORT_STRESS,1,1,1,1,1.0,0.8,34.934043884277344,9,TSD-CVAE+ResGCN
TSD-CVAE+ResGCN,A4_aggregation_error,medium_real,17,FEAT_SECTOR_B,REPORT_STRESS,1,1,1,1,1.0,0.8,24.998903274536133,9,TSD-CVAE+ResGCN
TSD-CVAE+ResGCN,A4_aggregation_error,medium_real,18,FEAT_SECTOR_B,REPORT_STRESS,1,1,1,1,1.0,0.8,25.188684463500977,9,TSD-CVAE+ResGCN
TSD-CVAE+ResGCN,A4_aggregation_error,medium_real,19,FEAT_SECTOR_B,REPORT_STRESS,1,1,1,1,1.0,0.8,54.87227439880371,9,TSD-CVAE+ResGCN
TSD-CVAE+ResGCN,A4_aggregation_error,medium_real,20,FEAT_SECTOR_B,REPORT_STRESS,1,1,1,1,1.0,0.8,32.27400779724121,9,TSD-CVAE+ResGCN
TSD-CVAE+ResGCN,A4_aggregation_error,medium_real,21,FEAT_SECTOR_A,REPORT_STRESS,2,0,1,1,0.5,0.8,57.771921157836914,9,TSD-CVAE+ResGCN
TSD-CVAE+ResGCN,A4_aggregation_error,medium_real,22,FEAT_SECTOR_B,REPORT_STRESS,1,1,1,1,1.0,0.8,67.96097755432129,9,TSD-CVAE+ResGCN
TSD-CVAE+ResGCN,A4_aggregation_error,medium_real,23,FEAT_SECTOR_A,REPORT_STRESS,2,0,1,1,0.5,0.8,26.560068130493164,9,TSD-CVAE+ResGCN
TSD-CVAE+ResGCN,A4_aggregation_error,medium_real,24,FEAT_SECTOR_A,REPORT_STRESS,2,0,1,1,0.5,0.8,52.02817916870117,9,TSD-CVAE+ResGCN
TSD-CVAE+ResGCN,A4_aggregation_error,medium_real,25,FEAT_SECTOR_B,REPORT_STRESS,1,1,1,1,1.0,0.8,46.861886978149414,9,TSD-CVAE+ResGCN
TSD-CVAE+ResGCN,A4_aggregation_error,medium_real,26,FEAT_SECTOR_B,REPORT_STRESS,1,1,1,1,1.0,0.8,44.731855392456055,9,TSD-CVAE+ResGCN
TSD-CVAE+ResGCN,A4_aggregation_error,medium_real,27,FEAT_SECTOR_A,REPORT_STRESS,2,0,1,1,0.5,0.8,37.25695610046387,9,TSD-CVAE+ResGCN
TSD-CVAE+ResGCN,A4_aggregation_error,medium_real,28,FEAT_SECTOR_B,REPORT_STRESS,2,0,1,1,0.5,0.8,26.15809440612793,9,TSD-CVAE+ResGCN
TSD-CVAE+ResGCN,A4_aggregation_error,medium_real,29,FEAT_SECTOR_B,REPORT_STRESS,1,1,1,1,1.0,0.8,45.65310478210449,9,TSD-CVAE+ResGCN
TSD-CVAE+ResGCN,A5_downstream_masking,medium_real,0,SRC_STOCK_11_PRICE,REPORT_STRESS,5,0,0,1,0.2,0.8,23.971080780029297,9,TSD-CVAE+ResGCN
TSD-CVAE+ResGCN,A5_downstream_masking,medium_real,1,SRC_STOCK_6_PRICE,REPORT_STRESS,3,0,1,1,0.3333333333333333,0.8,66.91980361938477,9,TSD-CVAE+ResGCN
TSD-CVAE+ResGCN,A5_downstream_masking,medium_real,2,SRC_STOCK_11_PRICE,REPORT_STRESS,5,0,0,1,0.2,0.8,48.42209815979004,9,TSD-CVAE+ResGCN
TSD-CVAE+ResGCN,A5_downstream_masking,medium_real,3,SRC_STOCK_10_PRICE,REPORT_STRESS,3,0,1,1,0.3333333333333333,0.8,31.850576400756836,9,TSD-CVAE+ResGCN
TSD-CVAE+ResGCN,A5_downstream_masking,medium_real,4,SRC_STOCK_9_PRICE,REPORT_STRESS,3,0,1,1,0.3333333333333333,0.8,30.848979949951172,9,TSD-CVAE+ResGCN
TSD-CVAE+ResGCN,A5_downstream_masking,medium_real,5,SRC_STOCK_9_PRICE,REPORT_STRESS,3,0,1,1,0.3333333333333333,0.8,29.38389778137207,9,TSD-CVAE+ResGCN
TSD-CVAE+ResGCN,A5_downstream_masking,medium_real,6,SRC_STOCK_6_PRICE,REPORT_STRESS,3,0,1,1,0.3333333333333333,0.8,43.192148208618164,9,TSD-CVAE+ResGCN
TSD-CVAE+ResGCN,A5_downstream_masking,medium_real,7,SRC_STOCK_12_PRICE,REPORT_STRESS,5,0,0,1,0.2,0.8,59.9520206451416,9,TSD-CVAE+ResGCN
TSD-CVAE+ResGCN,A5_downstream_masking,medium_real,8,SRC_STOCK_9_PRICE,REPORT_STRESS,3,0,1,1,0.3333333333333333,0.8,29.969215393066406,9,TSD-CVAE+ResGCN
TSD-CVAE+ResGCN,A5_downstream_masking,medium_real,9,SRC_STOCK_6_PRICE,REPORT_STRESS,3,0,1,1,0.3333333333333333,0.8,33.2338809967041,9,TSD-CVAE+ResGCN
TSD-CVAE+ResGCN,A5_downstream_masking,medium_real,10,SRC_STOCK_10_PRICE,REPORT_STRESS,3,0,1,1,0.3333333333333333,0.8,21.15011215209961,9,TSD-CVAE+ResGCN
TSD-CVAE+ResGCN,A5_downstream_masking,medium_real,11,SRC_STOCK_2_PRICE,REPORT_STRESS,3,0,1,1,0.3333333333333333,0.8,49.14116859436035,9,TSD-CVAE+ResGCN
TSD-CVAE+ResGCN,A5_downstream_masking,medium_real,12,SRC_STOCK_8_PRICE,REPORT_STRESS,3,0,1,1,0.3333333333333333,0.8,36.727190017700195,9,TSD-CVAE+ResGCN
TSD-CVAE+ResGCN,A5_downstream_masking,medium_real,13,SRC_STOCK_11_PRICE,REPORT_STRESS,3,0,1,1,0.3333333333333333,0.8,54.83078956604004,9,TSD-CVAE+ResGCN
TSD-CVAE+ResGCN,A5_downstream_masking,medium_real,14,SRC_STOCK_2_PRICE,REPORT_STRESS,3,0,1,1,0.3333333333333333,0.8,66.65802001953125,9,TSD-CVAE+ResGCN
TSD-CVAE+ResGCN,A5_downstream_masking,medium_real,15,SRC_STOCK_12_PRICE,REPORT_STRESS,4,0,0,1,0.25,0.8,59.57198143005371,9,TSD-CVAE+ResGCN
TSD-CVAE+ResGCN,A5_downstream_masking,medium_real,16,SRC_STOCK_7_PRICE,REPORT_STRESS,3,0,1,1,0.3333333333333333,0.8,45.19796371459961,9,TSD-CVAE+ResGCN
TSD-CVAE+ResGCN,A5_downstream_masking,medium_real,17,SRC_STOCK_9_PRICE,REPORT_STRESS,3,0,1,1,0.3333333333333333,0.8,24.064064025878906,9,TSD-CVAE+ResGCN
TSD-CVAE+ResGCN,A5_downstream_masking,medium_real,18,SRC_STOCK_11_PRICE,REPORT_STRESS,3,0,1,1,0.3333333333333333,0.8,45.20916938781738,9,TSD-CVAE+ResGCN
TSD-CVAE+ResGCN,A5_downstream_masking,medium_real,19,SRC_STOCK_8_PRICE,REPORT_STRESS,3,0,1,1,0.3333333333333333,0.8,48.439979553222656,9,TSD-CVAE+ResGCN
TSD-CVAE+ResGCN,A5_downstream_masking,medium_real,20,SRC_STOCK_11_PRICE,REPORT_STRESS,3,0,1,1,0.3333333333333333,0.8,27.489900588989258,9,TSD-CVAE+ResGCN
TSD-CVAE+ResGCN,A5_downstream_masking,medium_real,21,SRC_STOCK_4_PRICE,REPORT_STRESS,3,0,1,1,0.3333333333333333,0.8,45.95303535461426,9,TSD-CVAE+ResGCN
TSD-CVAE+ResGCN,A5_downstream_masking,medium_real,22,SRC_STOCK_10_PRICE,REPORT_STRESS,3,0,1,1,0.3333333333333333,0.8,27.19283103942871,9,TSD-CVAE+ResGCN
TSD-CVAE+ResGCN,A5_downstream_masking,medium_real,23,SRC_STOCK_1_PRICE,REPORT_STRESS,3,0,1,1,0.3333333333333333,0.8,32.25207328796387,9,TSD-CVAE+ResGCN
TSD-CVAE+ResGCN,A5_downstream_masking,medium_real,24,SRC_STOCK_5_PRICE,REPORT_STRESS,3,0,1,1,0.3333333333333333,0.8,51.74589157104492,9,TSD-CVAE+ResGCN
TSD-CVAE+ResGCN,A5_downstream_masking,medium_real,25,SRC_STOCK_7_PRICE,REPORT_STRESS,3,0,1,1,0.3333333333333333,0.8,25.054931640625,9,TSD-CVAE+ResGCN
TSD-CVAE+ResGCN,A5_downstream_masking,medium_real,26,SRC_STOCK_11_PRICE,REPORT_STRESS,4,0,0,1,0.25,0.8,58.361053466796875,9,TSD-CVAE+ResGCN
TSD-CVAE+ResGCN,A5_downstream_masking,medium_real,27,SRC_STOCK_1_PRICE,REPORT_STRESS,3,0,1,1,0.3333333333333333,0.8,21.71778678894043,9,TSD-CVAE+ResGCN
TSD-CVAE+ResGCN,A5_downstream_masking,medium_real,28,SRC_STOCK_8_PRICE,REPORT_STRESS,3,0,1,1,0.3333333333333333,0.8,38.719892501831055,9,TSD-CVAE+ResGCN
TSD-CVAE+ResGCN,A5_downstream_masking,medium_real,29,SRC_STOCK_12_PRICE,REPORT_STRESS,4,0,0,1,0.25,0.8,41.62907600402832,9,TSD-CVAE+ResGCN
TSD-CVAE+ResGCN,A6_multi_source,medium_real,0,SRC_STOCK_8_PRICE,REPORT_STRESS,1,1,1,1,1.0,0.8,22.961139678955078,9,TSD-CVAE+ResGCN
TSD-CVAE+ResGCN,A6_multi_source,medium_real,1,SRC_STOCK_6_PRICE,REPORT_STRESS,1,1,1,1,1.0,0.8,41.49198532104492,9,TSD-CVAE+ResGCN
TSD-CVAE+ResGCN,A6_multi_source,medium_real,2,SRC_STOCK_3_PRICE,REPORT_STRESS,1,1,1,1,1.0,0.8,54.31008338928223,9,TSD-CVAE+ResGCN
TSD-CVAE+ResGCN,A6_multi_source,medium_real,3,SRC_STOCK_1_PRICE,REPORT_STRESS,1,1,1,1,1.0,0.8,39.59512710571289,9,TSD-CVAE+ResGCN
TSD-CVAE+ResGCN,A6_multi_source,medium_real,4,SRC_STOCK_8_PRICE,REPORT_STRESS,1,1,1,1,1.0,0.8,55.04798889160156,9,TSD-CVAE+ResGCN
TSD-CVAE+ResGCN,A6_multi_source,medium_real,5,SRC_STOCK_9_PRICE,REPORT_STRESS,1,1,1,1,1.0,0.8,23.73504638671875,9,TSD-CVAE+ResGCN
TSD-CVAE+ResGCN,A6_multi_source,medium_real,6,SRC_STOCK_5_PRICE,REPORT_STRESS,1,1,1,1,1.0,0.8,71.69103622436523,9,TSD-CVAE+ResGCN
TSD-CVAE+ResGCN,A6_multi_source,medium_real,7,SRC_STOCK_10_PRICE,REPORT_STRESS,1,1,1,1,1.0,0.8,33.6298942565918,9,TSD-CVAE+ResGCN
TSD-CVAE+ResGCN,A6_multi_source,medium_real,8,SRC_STOCK_4_PRICE,REPORT_STRESS,1,1,1,1,1.0,0.8,36.340951919555664,9,TSD-CVAE+ResGCN
TSD-CVAE+ResGCN,A6_multi_source,medium_real,9,SRC_STOCK_10_PRICE,REPORT_STRESS,1,1,1,1,1.0,0.8,30.51614761352539,9,TSD-CVAE+ResGCN
TSD-CVAE+ResGCN,A6_multi_source,medium_real,10,SRC_STOCK_4_PRICE,REPORT_STRESS,1,1,1,1,1.0,0.8,35.780906677246094,9,TSD-CVAE+ResGCN
TSD-CVAE+ResGCN,A6_multi_source,medium_real,11,SRC_STOCK_2_PRICE,REPORT_STRESS,1,1,1,1,1.0,0.8,80.39498329162598,9,TSD-CVAE+ResGCN
TSD-CVAE+ResGCN,A6_multi_source,medium_real,12,SRC_STOCK_3_PRICE,REPORT_STRESS,1,1,1,1,1.0,0.8,49.1480827331543,9,TSD-CVAE+ResGCN
TSD-CVAE+ResGCN,A6_multi_source,medium_real,13,SRC_STOCK_10_PRICE,REPORT_STRESS,1,1,1,1,1.0,0.8,57.47079849243164,9,TSD-CVAE+ResGCN
TSD-CVAE+ResGCN,A6_multi_source,medium_real,14,SRC_STOCK_8_PRICE,REPORT_STRESS,1,1,1,1,1.0,0.8,41.37301445007324,9,TSD-CVAE+ResGCN
TSD-CVAE+ResGCN,A6_multi_source,medium_real,15,SRC_STOCK_8_PRICE,REPORT_STRESS,1,1,1,1,1.0,0.8,37.017822265625,9,TSD-CVAE+ResGCN
TSD-CVAE+ResGCN,A6_multi_source,medium_real,16,SRC_STOCK_6_PRICE,REPORT_STRESS,1,1,1,1,1.0,0.8,28.47003936767578,9,TSD-CVAE+ResGCN
TSD-CVAE+ResGCN,A6_multi_source,medium_real,17,SRC_STOCK_10_PRICE,REPORT_STRESS,1,1,1,1,1.0,0.8,39.50977325439453,9,TSD-CVAE+ResGCN
TSD-CVAE+ResGCN,A6_multi_source,medium_real,18,SRC_STOCK_9_PRICE,REPORT_STRESS,1,1,1,1,1.0,0.8,25.757789611816406,9,TSD-CVAE+ResGCN
TSD-CVAE+ResGCN,A6_multi_source,medium_real,19,SRC_STOCK_5_PRICE,REPORT_STRESS,1,1,1,1,1.0,0.8,51.470041275024414,9,TSD-CVAE+ResGCN
TSD-CVAE+ResGCN,A6_multi_source,medium_real,20,SRC_STOCK_9_PRICE,REPORT_STRESS,1,1,1,1,1.0,0.8,41.831016540527344,9,TSD-CVAE+ResGCN
TSD-CVAE+ResGCN,A6_multi_source,medium_real,21,SRC_STOCK_5_PRICE,REPORT_STRESS,1,1,1,1,1.0,0.8,48.54893684387207,9,TSD-CVAE+ResGCN
TSD-CVAE+ResGCN,A6_multi_source,medium_real,22,SRC_STOCK_12_PRICE,REPORT_STRESS,2,0,1,1,0.5,0.8,31.965255737304688,9,TSD-CVAE+ResGCN
TSD-CVAE+ResGCN,A6_multi_source,medium_real,23,SRC_STOCK_6_PRICE,REPORT_STRESS,1,1,1,1,1.0,0.8,29.61587905883789,9,TSD-CVAE+ResGCN
TSD-CVAE+ResGCN,A6_multi_source,medium_real,24,SRC_STOCK_4_PRICE,REPORT_STRESS,1,1,1,1,1.0,0.8,43.27392578125,9,TSD-CVAE+ResGCN
TSD-CVAE+ResGCN,A6_multi_source,medium_real,25,SRC_STOCK_2_PRICE,REPORT_STRESS,1,1,1,1,1.0,0.8,23.65398406982422,9,TSD-CVAE+ResGCN
TSD-CVAE+ResGCN,A6_multi_source,medium_real,26,SRC_STOCK_6_PRICE,REPORT_STRESS,1,1,1,1,1.0,0.8,67.31534004211426,9,TSD-CVAE+ResGCN
TSD-CVAE+ResGCN,A6_multi_source,medium_real,27,SRC_STOCK_3_PRICE,REPORT_STRESS,1,1,1,1,1.0,0.8,31.721830368041992,9,TSD-CVAE+ResGCN
TSD-CVAE+ResGCN,A6_multi_source,medium_real,28,SRC_STOCK_7_PRICE,REPORT_STRESS,1,1,1,1,1.0,0.8,41.374921798706055,9,TSD-CVAE+ResGCN
TSD-CVAE+ResGCN,A6_multi_source,medium_real,29,SRC_STOCK_8_PRICE,REPORT_STRESS,1,1,1,1,1.0,0.8,30.35426139831543,9,TSD-CVAE+ResGCN
TSD-CVAE+ResGCN,A7_coincidental,medium_real,0,SRC_STOCK_11_PRICE,REPORT_STRESS,2,0,1,1,0.5,0.8,23.82206916809082,9,TSD-CVAE+ResGCN
TSD-CVAE+ResGCN,A7_coincidental,medium_real,1,SRC_STOCK_6_PRICE,REPORT_STRESS,2,0,1,1,0.5,0.8,29.69193458557129,9,TSD-CVAE+ResGCN
TSD-CVAE+ResGCN,A7_coincidental,medium_real,2,SRC_STOCK_11_PRICE,REPORT_STRESS,2,0,1,1,0.5,0.8,20.407915115356445,9,TSD-CVAE+ResGCN
TSD-CVAE+ResGCN,A7_coincidental,medium_real,3,SRC_STOCK_10_PRICE,REPORT_STRESS,2,0,1,1,0.5,0.8,47.43385314941406,9,TSD-CVAE+ResGCN
TSD-CVAE+ResGCN,A7_coincidental,medium_real,4,SRC_STOCK_9_PRICE,REPORT_STRESS,2,0,1,1,0.5,0.8,47.328948974609375,9,TSD-CVAE+ResGCN
TSD-CVAE+ResGCN,A7_coincidental,medium_real,5,SRC_STOCK_9_PRICE,REPORT_STRESS,2,0,1,1,0.5,0.8,27.472734451293945,9,TSD-CVAE+ResGCN
TSD-CVAE+ResGCN,A7_coincidental,medium_real,6,SRC_STOCK_6_PRICE,REPORT_STRESS,2,0,1,1,0.5,0.8,55.98902702331543,9,TSD-CVAE+ResGCN
TSD-CVAE+ResGCN,A7_coincidental,medium_real,7,SRC_STOCK_12_PRICE,REPORT_STRESS,2,0,1,1,0.5,0.8,63.86613845825195,9,TSD-CVAE+ResGCN
TSD-CVAE+ResGCN,A7_coincidental,medium_real,8,SRC_STOCK_9_PRICE,REPORT_STRESS,2,0,1,1,0.5,0.8,43.10297966003418,9,TSD-CVAE+ResGCN
TSD-CVAE+ResGCN,A7_coincidental,medium_real,9,SRC_STOCK_6_PRICE,REPORT_STRESS,2,0,1,1,0.5,0.8,42.849063873291016,9,TSD-CVAE+ResGCN
TSD-CVAE+ResGCN,A7_coincidental,medium_real,10,SRC_STOCK_10_PRICE,REPORT_STRESS,2,0,1,1,0.5,0.8,25.946855545043945,9,TSD-CVAE+ResGCN
TSD-CVAE+ResGCN,A7_coincidental,medium_real,11,SRC_STOCK_2_PRICE,REPORT_STRESS,2,0,1,1,0.5,0.8,40.67111015319824,9,TSD-CVAE+ResGCN
TSD-CVAE+ResGCN,A7_coincidental,medium_real,12,SRC_STOCK_8_PRICE,REPORT_STRESS,2,0,1,1,0.5,0.8,34.41786766052246,9,TSD-CVAE+ResGCN
TSD-CVAE+ResGCN,A7_coincidental,medium_real,13,SRC_STOCK_11_PRICE,REPORT_STRESS,2,0,1,1,0.5,0.8,51.30195617675781,9,TSD-CVAE+ResGCN
TSD-CVAE+ResGCN,A7_coincidental,medium_real,14,SRC_STOCK_2_PRICE,REPORT_STRESS,2,0,1,1,0.5,0.8,45.90201377868652,9,TSD-CVAE+ResGCN
TSD-CVAE+ResGCN,A7_coincidental,medium_real,15,SRC_STOCK_12_PRICE,REPORT_STRESS,2,0,1,1,0.5,0.8,46.740055084228516,9,TSD-CVAE+ResGCN
TSD-CVAE+ResGCN,A7_coincidental,medium_real,16,SRC_STOCK_7_PRICE,REPORT_STRESS,2,0,1,1,0.5,0.8,31.269073486328125,9,TSD-CVAE+ResGCN
TSD-CVAE+ResGCN,A7_coincidental,medium_real,17,SRC_STOCK_9_PRICE,REPORT_STRESS,2,0,1,1,0.5,0.8,32.79590606689453,9,TSD-CVAE+ResGCN
TSD-CVAE+ResGCN,A7_coincidental,medium_real,18,SRC_STOCK_11_PRICE,REPORT_STRESS,2,0,1,1,0.5,0.8,33.07223320007324,9,TSD-CVAE+ResGCN
TSD-CVAE+ResGCN,A7_coincidental,medium_real,19,SRC_STOCK_8_PRICE,REPORT_STRESS,2,0,1,1,0.5,0.8,29.02817726135254,9,TSD-CVAE+ResGCN
TSD-CVAE+ResGCN,A7_coincidental,medium_real,20,SRC_STOCK_11_PRICE,REPORT_STRESS,2,0,1,1,0.5,0.8,49.772024154663086,9,TSD-CVAE+ResGCN
TSD-CVAE+ResGCN,A7_coincidental,medium_real,21,SRC_STOCK_4_PRICE,REPORT_STRESS,2,0,1,1,0.5,0.8,34.81698036193848,9,TSD-CVAE+ResGCN
TSD-CVAE+ResGCN,A7_coincidental,medium_real,22,SRC_STOCK_10_PRICE,REPORT_STRESS,2,0,1,1,0.5,0.8,52.93989181518555,9,TSD-CVAE+ResGCN
TSD-CVAE+ResGCN,A7_coincidental,medium_real,23,SRC_STOCK_1_PRICE,REPORT_STRESS,2,0,1,1,0.5,0.8,41.25618934631348,9,TSD-CVAE+ResGCN
TSD-CVAE+ResGCN,A7_coincidental,medium_real,24,SRC_STOCK_5_PRICE,REPORT_STRESS,2,0,1,1,0.5,0.8,30.826091766357422,9,TSD-CVAE+ResGCN
TSD-CVAE+ResGCN,A7_coincidental,medium_real,25,SRC_STOCK_7_PRICE,REPORT_STRESS,2,0,1,1,0.5,0.8,45.92609405517578,9,TSD-CVAE+ResGCN
TSD-CVAE+ResGCN,A7_coincidental,medium_real,26,SRC_STOCK_11_PRICE,REPORT_STRESS,2,0,1,1,0.5,0.8,42.95492172241211,9,TSD-CVAE+ResGCN
TSD-CVAE+ResGCN,A7_coincidental,medium_real,27,SRC_STOCK_1_PRICE,REPORT_STRESS,2,0,1,1,0.5,0.8,23.84209632873535,9,TSD-CVAE+ResGCN
TSD-CVAE+ResGCN,A7_coincidental,medium_real,28,SRC_STOCK_8_PRICE,REPORT_STRESS,2,0,1,1,0.5,0.8,47.76883125305176,9,TSD-CVAE+ResGCN
TSD-CVAE+ResGCN,A7_coincidental,medium_real,29,SRC_STOCK_12_PRICE,REPORT_STRESS,2,0,1,1,0.5,0.8,24.13487434387207,9,TSD-CVAE+ResGCN
TSD-CVAE+RGCN,A1_source_corruption,medium_real,0,SRC_STOCK_11_PRICE,REPORT_STRESS,1,1,1,1,1.0,0.8,35.5982780456543,9,TSD-CVAE+RGCN
TSD-CVAE+RGCN,A1_source_corruption,medium_real,1,SRC_STOCK_6_PRICE,REPORT_STRESS,1,1,1,1,1.0,0.8,51.473140716552734,9,TSD-CVAE+RGCN
TSD-CVAE+RGCN,A1_source_corruption,medium_real,2,SRC_STOCK_11_PRICE,REPORT_STRESS,1,1,1,1,1.0,0.8,25.780916213989258,9,TSD-CVAE+RGCN
TSD-CVAE+RGCN,A1_source_corruption,medium_real,3,SRC_STOCK_10_PRICE,REPORT_STRESS,1,1,1,1,1.0,0.8,32.97114372253418,9,TSD-CVAE+RGCN
TSD-CVAE+RGCN,A1_source_corruption,medium_real,4,SRC_STOCK_9_PRICE,REPORT_STRESS,1,1,1,1,1.0,0.8,33.4477424621582,9,TSD-CVAE+RGCN
TSD-CVAE+RGCN,A1_source_corruption,medium_real,5,SRC_STOCK_9_PRICE,REPORT_STRESS,1,1,1,1,1.0,0.8,51.959991455078125,9,TSD-CVAE+RGCN
TSD-CVAE+RGCN,A1_source_corruption,medium_real,6,SRC_STOCK_6_PRICE,REPORT_STRESS,1,1,1,1,1.0,0.8,45.07088661193848,9,TSD-CVAE+RGCN
TSD-CVAE+RGCN,A1_source_corruption,medium_real,7,SRC_STOCK_12_PRICE,REPORT_STRESS,1,1,1,1,1.0,0.8,26.391029357910156,9,TSD-CVAE+RGCN
TSD-CVAE+RGCN,A1_source_corruption,medium_real,8,SRC_STOCK_9_PRICE,REPORT_STRESS,1,1,1,1,1.0,0.8,45.64213752746582,9,TSD-CVAE+RGCN
TSD-CVAE+RGCN,A1_source_corruption,medium_real,9,SRC_STOCK_6_PRICE,REPORT_STRESS,1,1,1,1,1.0,0.8,34.4851016998291,9,TSD-CVAE+RGCN
TSD-CVAE+RGCN,A1_source_corruption,medium_real,10,SRC_STOCK_10_PRICE,REPORT_STRESS,1,1,1,1,1.0,0.8,54.55517768859863,9,TSD-CVAE+RGCN
TSD-CVAE+RGCN,A1_source_corruption,medium_real,11,SRC_STOCK_2_PRICE,REPORT_STRESS,1,1,1,1,1.0,0.8,51.965951919555664,9,TSD-CVAE+RGCN
TSD-CVAE+RGCN,A1_source_corruption,medium_real,12,SRC_STOCK_8_PRICE,REPORT_STRESS,1,1,1,1,1.0,0.8,21.831035614013672,9,TSD-CVAE+RGCN
TSD-CVAE+RGCN,A1_source_corruption,medium_real,13,SRC_STOCK_11_PRICE,REPORT_STRESS,1,1,1,1,1.0,0.8,33.354997634887695,9,TSD-CVAE+RGCN
TSD-CVAE+RGCN,A1_source_corruption,medium_real,14,SRC_STOCK_2_PRICE,REPORT_STRESS,1,1,1,1,1.0,0.8,38.77902030944824,9,TSD-CVAE+RGCN
TSD-CVAE+RGCN,A1_source_corruption,medium_real,15,SRC_STOCK_12_PRICE,REPORT_STRESS,1,1,1,1,1.0,0.8,47.19209671020508,9,TSD-CVAE+RGCN
TSD-CVAE+RGCN,A1_source_corruption,medium_real,16,SRC_STOCK_7_PRICE,REPORT_STRESS,1,1,1,1,1.0,0.8,51.515817642211914,9,TSD-CVAE+RGCN
TSD-CVAE+RGCN,A1_source_corruption,medium_real,17,SRC_STOCK_9_PRICE,REPORT_STRESS,1,1,1,1,1.0,0.8,30.1821231842041,9,TSD-CVAE+RGCN
TSD-CVAE+RGCN,A1_source_corruption,medium_real,18,SRC_STOCK_11_PRICE,REPORT_STRESS,1,1,1,1,1.0,0.8,33.59723091125488,9,TSD-CVAE+RGCN
TSD-CVAE+RGCN,A1_source_corruption,medium_real,19,SRC_STOCK_8_PRICE,REPORT_STRESS,1,1,1,1,1.0,0.8,30.848026275634766,9,TSD-CVAE+RGCN
TSD-CVAE+RGCN,A1_source_corruption,medium_real,20,SRC_STOCK_11_PRICE,REPORT_STRESS,1,1,1,1,1.0,0.8,69.23985481262207,9,TSD-CVAE+RGCN
TSD-CVAE+RGCN,A1_source_corruption,medium_real,21,SRC_STOCK_4_PRICE,REPORT_STRESS,1,1,1,1,1.0,0.8,66.28799438476562,9,TSD-CVAE+RGCN
TSD-CVAE+RGCN,A1_source_corruption,medium_real,22,SRC_STOCK_10_PRICE,REPORT_STRESS,1,1,1,1,1.0,0.8,44.9526309967041,9,TSD-CVAE+RGCN
TSD-CVAE+RGCN,A1_source_corruption,medium_real,23,SRC_STOCK_1_PRICE,REPORT_STRESS,1,1,1,1,1.0,0.8,44.41189765930176,9,TSD-CVAE+RGCN
TSD-CVAE+RGCN,A1_source_corruption,medium_real,24,SRC_STOCK_5_PRICE,REPORT_STRESS,1,1,1,1,1.0,0.8,31.510114669799805,9,TSD-CVAE+RGCN
TSD-CVAE+RGCN,A1_source_corruption,medium_real,25,SRC_STOCK_7_PRICE,REPORT_STRESS,1,1,1,1,1.0,0.8,54.06498908996582,9,TSD-CVAE+RGCN
TSD-CVAE+RGCN,A1_source_corruption,medium_real,26,SRC_STOCK_11_PRICE,REPORT_STRESS,1,1,1,1,1.0,0.8,39.6578311920166,9,TSD-CVAE+RGCN
TSD-CVAE+RGCN,A1_source_corruption,medium_real,27,SRC_STOCK_1_PRICE,REPORT_STRESS,1,1,1,1,1.0,0.8,21.54088020324707,9,TSD-CVAE+RGCN
TSD-CVAE+RGCN,A1_source_corruption,medium_real,28,SRC_STOCK_8_PRICE,REPORT_STRESS,1,1,1,1,1.0,0.8,38.994789123535156,9,TSD-CVAE+RGCN
TSD-CVAE+RGCN,A1_source_corruption,medium_real,29,SRC_STOCK_12_PRICE,REPORT_STRESS,1,1,1,1,1.0,0.8,21.034955978393555,9,TSD-CVAE+RGCN
TSD-CVAE+RGCN,A2_etl_logic_error,medium_real,0,ETL_FX_STOCK_11_PRICE,REPORT_STRESS,64,0,0,0,0.015625,1.0,57.31797218322754,9,TSD-CVAE+RGCN
TSD-CVAE+RGCN,A2_etl_logic_error,medium_real,1,ETL_FX_STOCK_6_PRICE,REPORT_STRESS,68,0,0,0,0.014705882352941176,1.0,51.80811882019043,9,TSD-CVAE+RGCN
TSD-CVAE+RGCN,A2_etl_logic_error,medium_real,2,ETL_FX_STOCK_11_PRICE,REPORT_STRESS,68,0,0,0,0.014705882352941176,1.0,79.64110374450684,9,TSD-CVAE+RGCN
TSD-CVAE+RGCN,A2_etl_logic_error,medium_real,3,ETL_FX_STOCK_10_PRICE,REPORT_STRESS,68,0,0,0,0.014705882352941176,1.0,34.47604179382324,9,TSD-CVAE+RGCN
TSD-CVAE+RGCN,A2_etl_logic_error,medium_real,4,ETL_FX_STOCK_9_PRICE,REPORT_STRESS,69,0,0,0,0.014492753623188406,1.0,36.89384460449219,9,TSD-CVAE+RGCN
TSD-CVAE+RGCN,A2_etl_logic_error,medium_real,5,ETL_FX_STOCK_9_PRICE,REPORT_STRESS,69,0,0,0,0.014492753623188406,1.0,35.1407527923584,9,TSD-CVAE+RGCN
TSD-CVAE+RGCN,A2_etl_logic_error,medium_real,6,ETL_FX_STOCK_6_PRICE,REPORT_STRESS,68,0,0,0,0.014705882352941176,1.0,29.045820236206055,9,TSD-CVAE+RGCN
TSD-CVAE+RGCN,A2_etl_logic_error,medium_real,7,ETL_FX_STOCK_12_PRICE,REPORT_STRESS,70,0,0,0,0.014285714285714285,1.0,34.31892395019531,9,TSD-CVAE+RGCN
TSD-CVAE+RGCN,A2_etl_logic_error,medium_real,8,ETL_FX_STOCK_9_PRICE,REPORT_STRESS,69,0,0,0,0.014492753623188406,1.0,24.896860122680664,9,TSD-CVAE+RGCN
TSD-CVAE+RGCN,A2_etl_logic_error,medium_real,9,ETL_FX_STOCK_6_PRICE,REPORT_STRESS,66,0,0,0,0.015151515151515152,1.0,44.51489448547363,9,TSD-CVAE+RGCN
TSD-CVAE+RGCN,A2_etl_logic_error,medium_real,10,ETL_FX_STOCK_10_PRICE,REPORT_STRESS,64,0,0,0,0.015625,1.0,53.086042404174805,9,TSD-CVAE+RGCN
TSD-CVAE+RGCN,A2_etl_logic_error,medium_real,11,ETL_FX_STOCK_2_PRICE,REPORT_STRESS,67,0,0,0,0.014925373134328358,1.0,28.059005737304688,9,TSD-CVAE+RGCN
TSD-CVAE+RGCN,A2_etl_logic_error,medium_real,12,ETL_FX_STOCK_8_PRICE,REPORT_STRESS,68,0,0,0,0.014705882352941176,1.0,29.206037521362305,9,TSD-CVAE+RGCN
TSD-CVAE+RGCN,A2_etl_logic_error,medium_real,13,ETL_FX_STOCK_11_PRICE,REPORT_STRESS,66,0,0,0,0.015151515151515152,1.0,23.027896881103516,9,TSD-CVAE+RGCN
TSD-CVAE+RGCN,A2_etl_logic_error,medium_real,14,ETL_FX_STOCK_2_PRICE,REPORT_STRESS,69,0,0,0,0.014492753623188406,1.0,43.34592819213867,9,TSD-CVAE+RGCN
TSD-CVAE+RGCN,A2_etl_logic_error,medium_real,15,ETL_FX_STOCK_12_PRICE,REPORT_STRESS,73,0,0,0,0.0136986301369863,1.0,50.76003074645996,9,TSD-CVAE+RGCN
TSD-CVAE+RGCN,A2_etl_logic_error,medium_real,16,ETL_FX_STOCK_7_PRICE,REPORT_STRESS,68,0,0,0,0.014705882352941176,1.0,46.1888313293457,9,TSD-CVAE+RGCN
TSD-CVAE+RGCN,A2_etl_logic_error,medium_real,17,ETL_FX_STOCK_9_PRICE,REPORT_STRESS,67,0,0,0,0.014925373134328358,1.0,40.88187217712402,9,TSD-CVAE+RGCN
TSD-CVAE+RGCN,A2_etl_logic_error,medium_real,18,ETL_FX_STOCK_11_PRICE,REPORT_STRESS,68,0,0,0,0.014705882352941176,1.0,27.086973190307617,9,TSD-CVAE+RGCN
TSD-CVAE+RGCN,A2_etl_logic_error,medium_real,19,ETL_FX_STOCK_8_PRICE,REPORT_STRESS,68,0,0,0,0.014705882352941176,1.0,30.221223831176758,9,TSD-CVAE+RGCN
TSD-CVAE+RGCN,A2_etl_logic_error,medium_real,20,ETL_FX_STOCK_11_PRICE,REPORT_STRESS,70,0,0,0,0.014285714285714285,1.0,38.92683982849121,9,TSD-CVAE+RGCN
TSD-CVAE+RGCN,A2_etl_logic_error,medium_real,21,ETL_FX_STOCK_4_PRICE,REPORT_STRESS,66,0,0,0,0.015151515151515152,1.0,22.92180061340332,9,TSD-CVAE+RGCN
TSD-CVAE+RGCN,A2_etl_logic_error,medium_real,22,ETL_FX_STOCK_10_PRICE,REPORT_STRESS,68,0,0,0,0.014705882352941176,1.0,28.1069278717041,9,TSD-CVAE+RGCN
TSD-CVAE+RGCN,A2_etl_logic_error,medium_real,23,ETL_FX_STOCK_1_PRICE,REPORT_STRESS,67,0,0,0,0.014925373134328358,1.0,22.99189567565918,9,TSD-CVAE+RGCN
TSD-CVAE+RGCN,A2_etl_logic_error,medium_real,24,ETL_FX_STOCK_5_PRICE,REPORT_STRESS,66,0,0,0,0.015151515151515152,1.0,39.43300247192383,9,TSD-CVAE+RGCN
TSD-CVAE+RGCN,A2_etl_logic_error,medium_real,25,ETL_FX_STOCK_7_PRICE,REPORT_STRESS,69,0,0,0,0.014492753623188406,1.0,41.20302200317383,9,TSD-CVAE+RGCN
TSD-CVAE+RGCN,A2_etl_logic_error,medium_real,26,ETL_FX_STOCK_11_PRICE,REPORT_STRESS,70,0,0,0,0.014285714285714285,1.0,53.603172302246094,9,TSD-CVAE+RGCN
TSD-CVAE+RGCN,A2_etl_logic_error,medium_real,27,ETL_FX_STOCK_1_PRICE,REPORT_STRESS,67,0,0,0,0.014925373134328358,1.0,45.98093032836914,9,TSD-CVAE+RGCN
TSD-CVAE+RGCN,A2_etl_logic_error,medium_real,28,ETL_FX_STOCK_8_PRICE,REPORT_STRESS,68,0,0,0,0.014705882352941176,1.0,28.85293960571289,9,TSD-CVAE+RGCN
TSD-CVAE+RGCN,A2_etl_logic_error,medium_real,29,ETL_FX_STOCK_12_PRICE,REPORT_STRESS,72,0,0,0,0.013888888888888888,1.0,34.14320945739746,9,TSD-CVAE+RGCN
TSD-CVAE+RGCN,A3_feature_calc_error,medium_real,0,FEAT_VOL20_STOCK_11_PRICE,REPORT_STRESS,1,1,1,1,1.0,0.8,47.16324806213379,9,TSD-CVAE+RGCN
TSD-CVAE+RGCN,A3_feature_calc_error,medium_real,1,FEAT_VOL20_STOCK_6_PRICE,REPORT_STRESS,1,1,1,1,1.0,0.8,60.72497367858887,9,TSD-CVAE+RGCN
TSD-CVAE+RGCN,A3_feature_calc_error,medium_real,2,FEAT_VOL20_STOCK_11_PRICE,REPORT_STRESS,1,1,1,1,1.0,0.8,34.7597599029541,9,TSD-CVAE+RGCN
TSD-CVAE+RGCN,A3_feature_calc_error,medium_real,3,FEAT_VOL20_STOCK_10_PRICE,REPORT_STRESS,67,0,0,0,0.014925373134328358,1.0,45.867919921875,9,TSD-CVAE+RGCN
TSD-CVAE+RGCN,A3_feature_calc_error,medium_real,4,FEAT_VOL20_STOCK_9_PRICE,REPORT_STRESS,67,0,0,0,0.014925373134328358,1.0,44.77500915527344,9,TSD-CVAE+RGCN
TSD-CVAE+RGCN,A3_feature_calc_error,medium_real,5,FEAT_VOL20_STOCK_9_PRICE,REPORT_STRESS,67,0,0,0,0.014925373134328358,1.0,37.213802337646484,9,TSD-CVAE+RGCN
TSD-CVAE+RGCN,A3_feature_calc_error,medium_real,6,FEAT_VOL20_STOCK_6_PRICE,REPORT_STRESS,1,1,1,1,1.0,0.8,42.851924896240234,9,TSD-CVAE+RGCN
TSD-CVAE+RGCN,A3_feature_calc_error,medium_real,7,FEAT_VOL20_STOCK_12_PRICE,REPORT_STRESS,1,1,1,1,1.0,0.8,40.69209098815918,9,TSD-CVAE+RGCN
TSD-CVAE+RGCN,A3_feature_calc_error,medium_real,8,FEAT_VOL20_STOCK_9_PRICE,REPORT_STRESS,65,0,0,0,0.015384615384615385,1.0,35.93182563781738,9,TSD-CVAE+RGCN
TSD-CVAE+RGCN,A3_feature_calc_error,medium_real,9,FEAT_VOL20_STOCK_6_PRICE,REPORT_STRESS,1,1,1,1,1.0,0.8,37.20211982727051,9,TSD-CVAE+RGCN
TSD-CVAE+RGCN,A3_feature_calc_error,medium_real,10,FEAT_VOL20_STOCK_10_PRICE,REPORT_STRESS,67,0,0,0,0.014925373134328358,1.0,35.48288345336914,9,TSD-CVAE+RGCN
TSD-CVAE+RGCN,A3_feature_calc_error,medium_real,11,FEAT_VOL20_STOCK_2_PRICE,REPORT_STRESS,1,1,1,1,1.0,0.8,55.47475814819336,9,TSD-CVAE+RGCN
TSD-CVAE+RGCN,A3_feature_calc_error,medium_real,12,FEAT_VOL20_STOCK_8_PRICE,REPORT_STRESS,67,0,0,0,0.014925373134328358,1.0,53.96294593811035,9,TSD-CVAE+RGCN
TSD-CVAE+RGCN,A3_feature_calc_error,medium_real,13,FEAT_VOL20_STOCK_11_PRICE,REPORT_STRESS,1,1,1,1,1.0,0.8,33.3249568939209,9,TSD-CVAE+RGCN
TSD-CVAE+RGCN,A3_feature_calc_error,medium_real,14,FEAT_VOL20_STOCK_2_PRICE,REPORT_STRESS,1,1,1,1,1.0,0.8,38.748979568481445,9,TSD-CVAE+RGCN
TSD-CVAE+RGCN,A3_feature_calc_error,medium_real,15,FEAT_VOL20_STOCK_12_PRICE,REPORT_STRESS,1,1,1,1,1.0,0.8,48.76971244812012,9,TSD-CVAE+RGCN
TSD-CVAE+RGCN,A3_feature_calc_error,medium_real,16,FEAT_VOL20_STOCK_7_PRICE,REPORT_STRESS,1,1,1,1,1.0,0.8,34.43789482116699,9,TSD-CVAE+RGCN
TSD-CVAE+RGCN,A3_feature_calc_error,medium_real,17,FEAT_VOL20_STOCK_9_PRICE,REPORT_STRESS,65,0,0,0,0.015384615384615385,1.0,33.37597846984863,9,TSD-CVAE+RGCN
TSD-CVAE+RGCN,A3_feature_calc_error,medium_real,18,FEAT_VOL20_STOCK_11_PRICE,REPORT_STRESS,1,1,1,1,1.0,0.8,31.251907348632812,9,TSD-CVAE+RGCN
TSD-CVAE+RGCN,A3_feature_calc_error,medium_real,19,FEAT_VOL20_STOCK_8_PRICE,REPORT_STRESS,67,0,0,0,0.014925373134328358,1.0,51.98788642883301,9,TSD-CVAE+RGCN
TSD-CVAE+RGCN,A3_feature_calc_error,medium_real,20,FEAT_VOL20_STOCK_11_PRICE,REPORT_STRESS,1,1,1,1,1.0,0.8,18.674135208129883,9,TSD-CVAE+RGCN
TSD-CVAE+RGCN,A3_feature_calc_error,medium_real,21,FEAT_VOL20_STOCK_4_PRICE,REPORT_STRESS,65,0,0,0,0.015384615384615385,1.0,34.646034240722656,9,TSD-CVAE+RGCN
TSD-CVAE+RGCN,A3_feature_calc_error,medium_real,22,FEAT_VOL20_STOCK_10_PRICE,REPORT_STRESS,65,0,0,0,0.015384615384615385,1.0,34.6980094909668,9,TSD-CVAE+RGCN
TSD-CVAE+RGCN,A3_feature_calc_error,medium_real,23,FEAT_VOL20_STOCK_1_PRICE,REPORT_STRESS,1,1,1,1,1.0,0.8,28.81622314453125,9,TSD-CVAE+RGCN
TSD-CVAE+RGCN,A3_feature_calc_error,medium_real,24,FEAT_VOL20_STOCK_5_PRICE,REPORT_STRESS,67,0,0,0,0.014925373134328358,1.0,49.35193061828613,9,TSD-CVAE+RGCN
TSD-CVAE+RGCN,A3_feature_calc_error,medium_real,25,FEAT_VOL20_STOCK_7_PRICE,REPORT_STRESS,1,1,1,1,1.0,0.8,24.802207946777344,9,TSD-CVAE+RGCN
TSD-CVAE+RGCN,A3_feature_calc_error,medium_real,26,FEAT_VOL20_STOCK_11_PRICE,REPORT_STRESS,1,1,1,1,1.0,0.8,45.11427879333496,9,TSD-CVAE+RGCN
TSD-CVAE+RGCN,A3_feature_calc_error,medium_real,27,FEAT_VOL20_STOCK_1_PRICE,REPORT_STRESS,1,1,1,1,1.0,0.8,20.560741424560547,9,TSD-CVAE+RGCN
TSD-CVAE+RGCN,A3_feature_calc_error,medium_real,28,FEAT_VOL20_STOCK_8_PRICE,REPORT_STRESS,65,0,0,0,0.015384615384615385,1.0,44.83294486999512,9,TSD-CVAE+RGCN
TSD-CVAE+RGCN,A3_feature_calc_error,medium_real,29,FEAT_VOL20_STOCK_12_PRICE,REPORT_STRESS,1,1,1,1,1.0,0.8,25.448322296142578,9,TSD-CVAE+RGCN
TSD-CVAE+RGCN,A4_aggregation_error,medium_real,0,FEAT_SECTOR_B,REPORT_STRESS,1,1,1,1,1.0,0.8,50.24218559265137,9,TSD-CVAE+RGCN
TSD-CVAE+RGCN,A4_aggregation_error,medium_real,1,FEAT_SECTOR_A,REPORT_STRESS,2,0,1,1,0.5,0.8,41.235923767089844,9,TSD-CVAE+RGCN
TSD-CVAE+RGCN,A4_aggregation_error,medium_real,2,FEAT_SECTOR_B,REPORT_STRESS,1,1,1,1,1.0,0.8,53.94268035888672,9,TSD-CVAE+RGCN
TSD-CVAE+RGCN,A4_aggregation_error,medium_real,3,FEAT_SECTOR_B,REPORT_STRESS,1,1,1,1,1.0,0.8,47.937870025634766,9,TSD-CVAE+RGCN
TSD-CVAE+RGCN,A4_aggregation_error,medium_real,4,FEAT_SECTOR_B,REPORT_STRESS,1,1,1,1,1.0,0.8,27.489900588989258,9,TSD-CVAE+RGCN
TSD-CVAE+RGCN,A4_aggregation_error,medium_real,5,FEAT_SECTOR_B,REPORT_STRESS,1,1,1,1,1.0,0.8,36.55815124511719,9,TSD-CVAE+RGCN
TSD-CVAE+RGCN,A4_aggregation_error,medium_real,6,FEAT_SECTOR_A,REPORT_STRESS,2,0,1,1,0.5,0.8,26.964902877807617,9,TSD-CVAE+RGCN
TSD-CVAE+RGCN,A4_aggregation_error,medium_real,7,FEAT_SECTOR_B,REPORT_STRESS,1,1,1,1,1.0,0.8,58.07304382324219,9,TSD-CVAE+RGCN
TSD-CVAE+RGCN,A4_aggregation_error,medium_real,8,FEAT_SECTOR_B,REPORT_STRESS,1,1,1,1,1.0,0.8,31.414031982421875,9,TSD-CVAE+RGCN
TSD-CVAE+RGCN,A4_aggregation_error,medium_real,9,FEAT_SECTOR_A,REPORT_STRESS,2,0,1,1,0.5,0.8,26.912927627563477,9,TSD-CVAE+RGCN
TSD-CVAE+RGCN,A4_aggregation_error,medium_real,10,FEAT_SECTOR_B,REPORT_STRESS,1,1,1,1,1.0,0.8,37.978172302246094,9,TSD-CVAE+RGCN
TSD-CVAE+RGCN,A4_aggregation_error,medium_real,11,FEAT_SECTOR_A,REPORT_STRESS,2,0,1,1,0.5,0.8,37.48488426208496,9,TSD-CVAE+RGCN
TSD-CVAE+RGCN,A4_aggregation_error,medium_real,12,FEAT_SECTOR_B,REPORT_STRESS,1,1,1,1,1.0,0.8,38.53487968444824,9,TSD-CVAE+RGCN
TSD-CVAE+RGCN,A4_aggregation_error,medium_real,13,FEAT_SECTOR_B,REPORT_STRESS,1,1,1,1,1.0,0.8,31.566858291625977,9,TSD-CVAE+RGCN
TSD-CVAE+RGCN,A4_aggregation_error,medium_real,14,FEAT_SECTOR_A,REPORT_STRESS,2,0,1,1,0.5,0.8,56.93197250366211,9,TSD-CVAE+RGCN
TSD-CVAE+RGCN,A4_aggregation_error,medium_real,15,FEAT_SECTOR_B,REPORT_STRESS,1,1,1,1,1.0,0.8,37.56380081176758,9,TSD-CVAE+RGCN
TSD-CVAE+RGCN,A4_aggregation_error,medium_real,16,FEAT_SECTOR_B,REPORT_STRESS,1,1,1,1,1.0,0.8,24.838924407958984,9,TSD-CVAE+RGCN
TSD-CVAE+RGCN,A4_aggregation_error,medium_real,17,FEAT_SECTOR_B,REPORT_STRESS,1,1,1,1,1.0,0.8,49.33595657348633,9,TSD-CVAE+RGCN
TSD-CVAE+RGCN,A4_aggregation_error,medium_real,18,FEAT_SECTOR_B,REPORT_STRESS,1,1,1,1,1.0,0.8,30.074119567871094,9,TSD-CVAE+RGCN
TSD-CVAE+RGCN,A4_aggregation_error,medium_real,19,FEAT_SECTOR_B,REPORT_STRESS,1,1,1,1,1.0,0.8,38.34080696105957,9,TSD-CVAE+RGCN
TSD-CVAE+RGCN,A4_aggregation_error,medium_real,20,FEAT_SECTOR_B,REPORT_STRESS,1,1,1,1,1.0,0.8,34.6980094909668,9,TSD-CVAE+RGCN
TSD-CVAE+RGCN,A4_aggregation_error,medium_real,21,FEAT_SECTOR_A,REPORT_STRESS,2,0,1,1,0.5,0.8,56.876182556152344,9,TSD-CVAE+RGCN
TSD-CVAE+RGCN,A4_aggregation_error,medium_real,22,FEAT_SECTOR_B,REPORT_STRESS,1,1,1,1,1.0,0.8,56.10394477844238,9,TSD-CVAE+RGCN
TSD-CVAE+RGCN,A4_aggregation_error,medium_real,23,FEAT_SECTOR_A,REPORT_STRESS,2,0,1,1,0.5,0.8,24.991273880004883,9,TSD-CVAE+RGCN
TSD-CVAE+RGCN,A4_aggregation_error,medium_real,24,FEAT_SECTOR_A,REPORT_STRESS,2,0,1,1,0.5,0.8,40.86899757385254,9,TSD-CVAE+RGCN
TSD-CVAE+RGCN,A4_aggregation_error,medium_real,25,FEAT_SECTOR_B,REPORT_STRESS,1,1,1,1,1.0,0.8,37.153005599975586,9,TSD-CVAE+RGCN
TSD-CVAE+RGCN,A4_aggregation_error,medium_real,26,FEAT_SECTOR_B,REPORT_STRESS,1,1,1,1,1.0,0.8,43.91193389892578,9,TSD-CVAE+RGCN
TSD-CVAE+RGCN,A4_aggregation_error,medium_real,27,FEAT_SECTOR_A,REPORT_STRESS,2,0,1,1,0.5,0.8,34.519195556640625,9,TSD-CVAE+RGCN
TSD-CVAE+RGCN,A4_aggregation_error,medium_real,28,FEAT_SECTOR_B,REPORT_STRESS,2,0,1,1,0.5,0.8,19.46091651916504,9,TSD-CVAE+RGCN
TSD-CVAE+RGCN,A4_aggregation_error,medium_real,29,FEAT_SECTOR_B,REPORT_STRESS,1,1,1,1,1.0,0.8,37.20498085021973,9,TSD-CVAE+RGCN
TSD-CVAE+RGCN,A5_downstream_masking,medium_real,0,SRC_STOCK_11_PRICE,REPORT_STRESS,5,0,0,1,0.2,0.8,25.368690490722656,9,TSD-CVAE+RGCN
TSD-CVAE+RGCN,A5_downstream_masking,medium_real,1,SRC_STOCK_6_PRICE,REPORT_STRESS,3,0,1,1,0.3333333333333333,0.8,35.639047622680664,9,TSD-CVAE+RGCN
TSD-CVAE+RGCN,A5_downstream_masking,medium_real,2,SRC_STOCK_11_PRICE,REPORT_STRESS,5,0,0,1,0.2,0.8,63.28988075256348,9,TSD-CVAE+RGCN
TSD-CVAE+RGCN,A5_downstream_masking,medium_real,3,SRC_STOCK_10_PRICE,REPORT_STRESS,4,0,0,1,0.25,0.8,24.96814727783203,9,TSD-CVAE+RGCN
TSD-CVAE+RGCN,A5_downstream_masking,medium_real,4,SRC_STOCK_9_PRICE,REPORT_STRESS,3,0,1,1,0.3333333333333333,0.8,38.31601142883301,9,TSD-CVAE+RGCN
TSD-CVAE+RGCN,A5_downstream_masking,medium_real,5,SRC_STOCK_9_PRICE,REPORT_STRESS,3,0,1,1,0.3333333333333333,0.8,46.584129333496094,9,TSD-CVAE+RGCN
TSD-CVAE+RGCN,A5_downstream_masking,medium_real,6,SRC_STOCK_6_PRICE,REPORT_STRESS,3,0,1,1,0.3333333333333333,0.8,36.53597831726074,9,TSD-CVAE+RGCN
TSD-CVAE+RGCN,A5_downstream_masking,medium_real,7,SRC_STOCK_12_PRICE,REPORT_STRESS,5,0,0,1,0.2,0.8,44.657230377197266,9,TSD-CVAE+RGCN
TSD-CVAE+RGCN,A5_downstream_masking,medium_real,8,SRC_STOCK_9_PRICE,REPORT_STRESS,4,0,0,1,0.25,0.8,30.358076095581055,9,TSD-CVAE+RGCN
TSD-CVAE+RGCN,A5_downstream_masking,medium_real,9,SRC_STOCK_6_PRICE,REPORT_STRESS,3,0,1,1,0.3333333333333333,0.8,41.43118858337402,9,TSD-CVAE+RGCN
TSD-CVAE+RGCN,A5_downstream_masking,medium_real,10,SRC_STOCK_10_PRICE,REPORT_STRESS,3,0,1,1,0.3333333333333333,0.8,34.53683853149414,9,TSD-CVAE+RGCN
TSD-CVAE+RGCN,A5_downstream_masking,medium_real,11,SRC_STOCK_2_PRICE,REPORT_STRESS,3,0,1,1,0.3333333333333333,0.8,38.971900939941406,9,TSD-CVAE+RGCN
TSD-CVAE+RGCN,A5_downstream_masking,medium_real,12,SRC_STOCK_8_PRICE,REPORT_STRESS,3,0,1,1,0.3333333333333333,0.8,29.278039932250977,9,TSD-CVAE+RGCN
TSD-CVAE+RGCN,A5_downstream_masking,medium_real,13,SRC_STOCK_11_PRICE,REPORT_STRESS,4,0,0,1,0.25,0.8,32.0281982421875,9,TSD-CVAE+RGCN
TSD-CVAE+RGCN,A5_downstream_masking,medium_real,14,SRC_STOCK_2_PRICE,REPORT_STRESS,3,0,1,1,0.3333333333333333,0.8,51.80191993713379,9,TSD-CVAE+RGCN
TSD-CVAE+RGCN,A5_downstream_masking,medium_real,15,SRC_STOCK_12_PRICE,REPORT_STRESS,5,0,0,1,0.2,0.8,43.07198524475098,9,TSD-CVAE+RGCN
TSD-CVAE+RGCN,A5_downstream_masking,medium_real,16,SRC_STOCK_7_PRICE,REPORT_STRESS,3,0,1,1,0.3333333333333333,0.8,46.5850830078125,9,TSD-CVAE+RGCN
TSD-CVAE+RGCN,A5_downstream_masking,medium_real,17,SRC_STOCK_9_PRICE,REPORT_STRESS,3,0,1,1,0.3333333333333333,0.8,30.565977096557617,9,TSD-CVAE+RGCN
TSD-CVAE+RGCN,A5_downstream_masking,medium_real,18,SRC_STOCK_11_PRICE,REPORT_STRESS,4,0,0,1,0.25,0.8,38.504838943481445,9,TSD-CVAE+RGCN
TSD-CVAE+RGCN,A5_downstream_masking,medium_real,19,SRC_STOCK_8_PRICE,REPORT_STRESS,3,0,1,1,0.3333333333333333,0.8,45.15886306762695,9,TSD-CVAE+RGCN
TSD-CVAE+RGCN,A5_downstream_masking,medium_real,20,SRC_STOCK_11_PRICE,REPORT_STRESS,4,0,0,1,0.25,0.8,37.032127380371094,9,TSD-CVAE+RGCN
TSD-CVAE+RGCN,A5_downstream_masking,medium_real,21,SRC_STOCK_4_PRICE,REPORT_STRESS,3,0,1,1,0.3333333333333333,0.8,40.84300994873047,9,TSD-CVAE+RGCN
TSD-CVAE+RGCN,A5_downstream_masking,medium_real,22,SRC_STOCK_10_PRICE,REPORT_STRESS,3,0,1,1,0.3333333333333333,0.8,26.019811630249023,9,TSD-CVAE+RGCN
TSD-CVAE+RGCN,A5_downstream_masking,medium_real,23,SRC_STOCK_1_PRICE,REPORT_STRESS,3,0,1,1,0.3333333333333333,0.8,36.5138053894043,9,TSD-CVAE+RGCN
TSD-CVAE+RGCN,A5_downstream_masking,medium_real,24,SRC_STOCK_5_PRICE,REPORT_STRESS,3,0,1,1,0.3333333333333333,0.8,50.31108856201172,9,TSD-CVAE+RGCN
TSD-CVAE+RGCN,A5_downstream_masking,medium_real,25,SRC_STOCK_7_PRICE,REPORT_STRESS,3,0,1,1,0.3333333333333333,0.8,27.08601951599121,9,TSD-CVAE+RGCN
TSD-CVAE+RGCN,A5_downstream_masking,medium_real,26,SRC_STOCK_11_PRICE,REPORT_STRESS,4,0,0,1,0.25,0.8,81.74777030944824,9,TSD-CVAE+RGCN
TSD-CVAE+RGCN,A5_downstream_masking,medium_real,27,SRC_STOCK_1_PRICE,REPORT_STRESS,3,0,1,1,0.3333333333333333,0.8,27.264118194580078,9,TSD-CVAE+RGCN
TSD-CVAE+RGCN,A5_downstream_masking,medium_real,28,SRC_STOCK_8_PRICE,REPORT_STRESS,3,0,1,1,0.3333333333333333,0.8,38.53797912597656,9,TSD-CVAE+RGCN
TSD-CVAE+RGCN,A5_downstream_masking,medium_real,29,SRC_STOCK_12_PRICE,REPORT_STRESS,4,0,0,1,0.25,0.8,42.52171516418457,9,TSD-CVAE+RGCN
TSD-CVAE+RGCN,A6_multi_source,medium_real,0,SRC_STOCK_8_PRICE,REPORT_STRESS,1,1,1,1,1.0,0.8,24.986743927001953,9,TSD-CVAE+RGCN
TSD-CVAE+RGCN,A6_multi_source,medium_real,1,SRC_STOCK_6_PRICE,REPORT_STRESS,1,1,1,1,1.0,0.8,39.24703598022461,9,TSD-CVAE+RGCN
TSD-CVAE+RGCN,A6_multi_source,medium_real,2,SRC_STOCK_3_PRICE,REPORT_STRESS,1,1,1,1,1.0,0.8,62.37292289733887,9,TSD-CVAE+RGCN
TSD-CVAE+RGCN,A6_multi_source,medium_real,3,SRC_STOCK_1_PRICE,REPORT_STRESS,1,1,1,1,1.0,0.8,43.21789741516113,9,TSD-CVAE+RGCN
TSD-CVAE+RGCN,A6_multi_source,medium_real,4,SRC_STOCK_8_PRICE,REPORT_STRESS,1,1,1,1,1.0,0.8,37.52398490905762,9,TSD-CVAE+RGCN
TSD-CVAE+RGCN,A6_multi_source,medium_real,5,SRC_STOCK_9_PRICE,REPORT_STRESS,1,1,1,1,1.0,0.8,21.13509178161621,9,TSD-CVAE+RGCN
TSD-CVAE+RGCN,A6_multi_source,medium_real,6,SRC_STOCK_5_PRICE,REPORT_STRESS,1,1,1,1,1.0,0.8,41.387081146240234,9,TSD-CVAE+RGCN
TSD-CVAE+RGCN,A6_multi_source,medium_real,7,SRC_STOCK_10_PRICE,REPORT_STRESS,1,1,1,1,1.0,0.8,42.27495193481445,9,TSD-CVAE+RGCN
TSD-CVAE+RGCN,A6_multi_source,medium_real,8,SRC_STOCK_4_PRICE,REPORT_STRESS,1,1,1,1,1.0,0.8,26.820898056030273,9,TSD-CVAE+RGCN
TSD-CVAE+RGCN,A6_multi_source,medium_real,9,SRC_STOCK_10_PRICE,REPORT_STRESS,1,1,1,1,1.0,0.8,73.95005226135254,9,TSD-CVAE+RGCN
TSD-CVAE+RGCN,A6_multi_source,medium_real,10,SRC_STOCK_4_PRICE,REPORT_STRESS,1,1,1,1,1.0,0.8,43.486833572387695,9,TSD-CVAE+RGCN
TSD-CVAE+RGCN,A6_multi_source,medium_real,11,SRC_STOCK_2_PRICE,REPORT_STRESS,1,1,1,1,1.0,0.8,95.74031829833984,9,TSD-CVAE+RGCN
TSD-CVAE+RGCN,A6_multi_source,medium_real,12,SRC_STOCK_3_PRICE,REPORT_STRESS,1,1,1,1,1.0,0.8,58.14409255981445,9,TSD-CVAE+RGCN
TSD-CVAE+RGCN,A6_multi_source,medium_real,13,SRC_STOCK_10_PRICE,REPORT_STRESS,1,1,1,1,1.0,0.8,47.926902770996094,9,TSD-CVAE+RGCN
TSD-CVAE+RGCN,A6_multi_source,medium_real,14,SRC_STOCK_8_PRICE,REPORT_STRESS,1,1,1,1,1.0,0.8,72.89004325866699,9,TSD-CVAE+RGCN
TSD-CVAE+RGCN,A6_multi_source,medium_real,15,SRC_STOCK_8_PRICE,REPORT_STRESS,1,1,1,1,1.0,0.8,34.928321838378906,9,TSD-CVAE+RGCN
TSD-CVAE+RGCN,A6_multi_source,medium_real,16,SRC_STOCK_6_PRICE,REPORT_STRESS,1,1,1,1,1.0,0.8,25.39992332458496,9,TSD-CVAE+RGCN
TSD-CVAE+RGCN,A6_multi_source,medium_real,17,SRC_STOCK_10_PRICE,REPORT_STRESS,1,1,1,1,1.0,0.8,48.15101623535156,9,TSD-CVAE+RGCN
TSD-CVAE+RGCN,A6_multi_source,medium_real,18,SRC_STOCK_9_PRICE,REPORT_STRESS,1,1,1,1,1.0,0.8,41.96572303771973,9,TSD-CVAE+RGCN
TSD-CVAE+RGCN,A6_multi_source,medium_real,19,SRC_STOCK_5_PRICE,REPORT_STRESS,1,1,1,1,1.0,0.8,53.289175033569336,9,TSD-CVAE+RGCN
TSD-CVAE+RGCN,A6_multi_source,medium_real,20,SRC_STOCK_9_PRICE,REPORT_STRESS,1,1,1,1,1.0,0.8,55.74679374694824,9,TSD-CVAE+RGCN
TSD-CVAE+RGCN,A6_multi_source,medium_real,21,SRC_STOCK_5_PRICE,REPORT_STRESS,1,1,1,1,1.0,0.8,35.40992736816406,9,TSD-CVAE+RGCN
TSD-CVAE+RGCN,A6_multi_source,medium_real,22,SRC_STOCK_12_PRICE,REPORT_STRESS,4,0,0,1,0.25,0.8,31.277179718017578,9,TSD-CVAE+RGCN
TSD-CVAE+RGCN,A6_multi_source,medium_real,23,SRC_STOCK_6_PRICE,REPORT_STRESS,1,1,1,1,1.0,0.8,29.56390380859375,9,TSD-CVAE+RGCN
TSD-CVAE+RGCN,A6_multi_source,medium_real,24,SRC_STOCK_4_PRICE,REPORT_STRESS,1,1,1,1,1.0,0.8,195.13988494873047,9,TSD-CVAE+RGCN
TSD-CVAE+RGCN,A6_multi_source,medium_real,25,SRC_STOCK_2_PRICE,REPORT_STRESS,1,1,1,1,1.0,0.8,26.95298194885254,9,TSD-CVAE+RGCN
TSD-CVAE+RGCN,A6_multi_source,medium_real,26,SRC_STOCK_6_PRICE,REPORT_STRESS,1,1,1,1,1.0,0.8,58.13908576965332,9,TSD-CVAE+RGCN
TSD-CVAE+RGCN,A6_multi_source,medium_real,27,SRC_STOCK_3_PRICE,REPORT_STRESS,1,1,1,1,1.0,0.8,35.594940185546875,9,TSD-CVAE+RGCN
TSD-CVAE+RGCN,A6_multi_source,medium_real,28,SRC_STOCK_7_PRICE,REPORT_STRESS,1,1,1,1,1.0,0.8,40.888071060180664,9,TSD-CVAE+RGCN
TSD-CVAE+RGCN,A6_multi_source,medium_real,29,SRC_STOCK_8_PRICE,REPORT_STRESS,1,1,1,1,1.0,0.8,37.29701042175293,9,TSD-CVAE+RGCN
TSD-CVAE+RGCN,A7_coincidental,medium_real,0,SRC_STOCK_11_PRICE,REPORT_STRESS,2,0,1,1,0.5,0.8,26.402950286865234,9,TSD-CVAE+RGCN
TSD-CVAE+RGCN,A7_coincidental,medium_real,1,SRC_STOCK_6_PRICE,REPORT_STRESS,2,0,1,1,0.5,0.8,38.732051849365234,9,TSD-CVAE+RGCN
TSD-CVAE+RGCN,A7_coincidental,medium_real,2,SRC_STOCK_11_PRICE,REPORT_STRESS,2,0,1,1,0.5,0.8,30.453920364379883,9,TSD-CVAE+RGCN
TSD-CVAE+RGCN,A7_coincidental,medium_real,3,SRC_STOCK_10_PRICE,REPORT_STRESS,2,0,1,1,0.5,0.8,50.99797248840332,9,TSD-CVAE+RGCN
TSD-CVAE+RGCN,A7_coincidental,medium_real,4,SRC_STOCK_9_PRICE,REPORT_STRESS,2,0,1,1,0.5,0.8,31.620025634765625,9,TSD-CVAE+RGCN
TSD-CVAE+RGCN,A7_coincidental,medium_real,5,SRC_STOCK_9_PRICE,REPORT_STRESS,2,0,1,1,0.5,0.8,25.65789222717285,9,TSD-CVAE+RGCN
TSD-CVAE+RGCN,A7_coincidental,medium_real,6,SRC_STOCK_6_PRICE,REPORT_STRESS,2,0,1,1,0.5,0.8,47.43790626525879,9,TSD-CVAE+RGCN
TSD-CVAE+RGCN,A7_coincidental,medium_real,7,SRC_STOCK_12_PRICE,REPORT_STRESS,2,0,1,1,0.5,0.8,40.83585739135742,9,TSD-CVAE+RGCN
TSD-CVAE+RGCN,A7_coincidental,medium_real,8,SRC_STOCK_9_PRICE,REPORT_STRESS,2,0,1,1,0.5,0.8,34.01017189025879,9,TSD-CVAE+RGCN
TSD-CVAE+RGCN,A7_coincidental,medium_real,9,SRC_STOCK_6_PRICE,REPORT_STRESS,2,0,1,1,0.5,0.8,36.05294227600098,9,TSD-CVAE+RGCN
TSD-CVAE+RGCN,A7_coincidental,medium_real,10,SRC_STOCK_10_PRICE,REPORT_STRESS,2,0,1,1,0.5,0.8,28.558015823364258,9,TSD-CVAE+RGCN
TSD-CVAE+RGCN,A7_coincidental,medium_real,11,SRC_STOCK_2_PRICE,REPORT_STRESS,2,0,1,1,0.5,0.8,57.59310722351074,9,TSD-CVAE+RGCN
TSD-CVAE+RGCN,A7_coincidental,medium_real,12,SRC_STOCK_8_PRICE,REPORT_STRESS,2,0,1,1,0.5,0.8,29.148101806640625,9,TSD-CVAE+RGCN
TSD-CVAE+RGCN,A7_coincidental,medium_real,13,SRC_STOCK_11_PRICE,REPORT_STRESS,2,0,1,1,0.5,0.8,30.94792366027832,9,TSD-CVAE+RGCN
TSD-CVAE+RGCN,A7_coincidental,medium_real,14,SRC_STOCK_2_PRICE,REPORT_STRESS,2,0,1,1,0.5,0.8,54.160118103027344,9,TSD-CVAE+RGCN
TSD-CVAE+RGCN,A7_coincidental,medium_real,15,SRC_STOCK_12_PRICE,REPORT_STRESS,2,0,1,1,0.5,0.8,32.18674659729004,9,TSD-CVAE+RGCN
TSD-CVAE+RGCN,A7_coincidental,medium_real,16,SRC_STOCK_7_PRICE,REPORT_STRESS,2,0,1,1,0.5,0.8,34.50202941894531,9,TSD-CVAE+RGCN
TSD-CVAE+RGCN,A7_coincidental,medium_real,17,SRC_STOCK_9_PRICE,REPORT_STRESS,2,0,1,1,0.5,0.8,44.837236404418945,9,TSD-CVAE+RGCN
TSD-CVAE+RGCN,A7_coincidental,medium_real,18,SRC_STOCK_11_PRICE,REPORT_STRESS,2,0,1,1,0.5,0.8,51.69486999511719,9,TSD-CVAE+RGCN
TSD-CVAE+RGCN,A7_coincidental,medium_real,19,SRC_STOCK_8_PRICE,REPORT_STRESS,2,0,1,1,0.5,0.8,33.799171447753906,9,TSD-CVAE+RGCN
TSD-CVAE+RGCN,A7_coincidental,medium_real,20,SRC_STOCK_11_PRICE,REPORT_STRESS,2,0,1,1,0.5,0.8,38.18702697753906,9,TSD-CVAE+RGCN
TSD-CVAE+RGCN,A7_coincidental,medium_real,21,SRC_STOCK_4_PRICE,REPORT_STRESS,2,0,1,1,0.5,0.8,46.01597785949707,9,TSD-CVAE+RGCN
TSD-CVAE+RGCN,A7_coincidental,medium_real,22,SRC_STOCK_10_PRICE,REPORT_STRESS,2,0,1,1,0.5,0.8,41.69297218322754,9,TSD-CVAE+RGCN
TSD-CVAE+RGCN,A7_coincidental,medium_real,23,SRC_STOCK_1_PRICE,REPORT_STRESS,2,0,1,1,0.5,0.8,44.11005973815918,9,TSD-CVAE+RGCN
TSD-CVAE+RGCN,A7_coincidental,medium_real,24,SRC_STOCK_5_PRICE,REPORT_STRESS,2,0,1,1,0.5,0.8,30.69472312927246,9,TSD-CVAE+RGCN
TSD-CVAE+RGCN,A7_coincidental,medium_real,25,SRC_STOCK_7_PRICE,REPORT_STRESS,2,0,1,1,0.5,0.8,29.39128875732422,9,TSD-CVAE+RGCN
TSD-CVAE+RGCN,A7_coincidental,medium_real,26,SRC_STOCK_11_PRICE,REPORT_STRESS,2,0,1,1,0.5,0.8,37.377119064331055,9,TSD-CVAE+RGCN
TSD-CVAE+RGCN,A7_coincidental,medium_real,27,SRC_STOCK_1_PRICE,REPORT_STRESS,2,0,1,1,0.5,0.8,45.903921127319336,9,TSD-CVAE+RGCN
TSD-CVAE+RGCN,A7_coincidental,medium_real,28,SRC_STOCK_8_PRICE,REPORT_STRESS,2,0,1,1,0.5,0.8,42.430877685546875,9,TSD-CVAE+RGCN
TSD-CVAE+RGCN,A7_coincidental,medium_real,29,SRC_STOCK_12_PRICE,REPORT_STRESS,2,0,1,1,0.5,0.8,66.55502319335938,9,TSD-CVAE+RGCN
