method,anomaly_type,pipeline_size,trial,true_root_cause,target_node,rank,top1,top3,top5,reciprocal_rank,false_rc_rate_k5,elapsed_ms,convergence_iters
BFS,A1_source_corruption,small,0,SRC_STOCK_3_PRICE,REPORT_LIMIT,26,0,0,0,0.038461538461538464,1.0,0.3650188446044922,7
Vanilla-RWR,A1_source_corruption,small,0,SRC_STOCK_3_PRICE,REPORT_LIMIT,21,0,0,0,0.047619047619047616,1.0,0.4589557647705078,9
Structural-RWR,A1_source_corruption,small,0,SRC_STOCK_3_PRICE,REPORT_LIMIT,18,0,0,0,0.05555555555555555,1.0,0.40912628173828125,8
PC+RWR,A1_source_corruption,small,0,SRC_STOCK_3_PRICE,REPORT_LIMIT,18,0,0,0,0.05555555555555555,1.0,452.62598991394043,8
AnomalyOnly,A1_source_corruption,small,0,SRC_STOCK_3_PRICE,REPORT_LIMIT,3,0,1,1,0.3333333333333333,0.8,0.007867813110351562,1
APA-RCA,A1_source_corruption,small,0,SRC_STOCK_3_PRICE,REPORT_LIMIT,3,0,1,1,0.3333333333333333,0.8,0.4658699035644531,9
APA-RCA-v2,A1_source_corruption,small,0,SRC_STOCK_3_PRICE,REPORT_LIMIT,1,1,1,1,1.0,0.8,0.5011558532714844,9
APA-RCA-v3,A1_source_corruption,small,0,SRC_STOCK_3_PRICE,REPORT_LIMIT,1,1,1,1,1.0,0.8,0.43511390686035156,9
Schema-Constraint,A1_source_corruption,small,0,SRC_STOCK_3_PRICE,REPORT_LIMIT,3,0,1,1,0.3333333333333333,0.8,0.0,0
BFS,A1_source_corruption,small,1,SRC_STOCK_2_PRICE,REPORT_STRESS,11,0,0,0,0.09090909090909091,1.0,0.9031295776367188,6
Vanilla-RWR,A1_source_corruption,small,1,SRC_STOCK_2_PRICE,REPORT_STRESS,12,0,0,0,0.08333333333333333,1.0,0.4417896270751953,9
Structural-RWR,A1_source_corruption,small,1,SRC_STOCK_2_PRICE,REPORT_STRESS,20,0,0,0,0.05,1.0,0.438690185546875,8
PC+RWR,A1_source_corruption,small,1,SRC_STOCK_2_PRICE,REPORT_STRESS,20,0,0,0,0.05,1.0,3.721952438354492,8
AnomalyOnly,A1_source_corruption,small,1,SRC_STOCK_2_PRICE,REPORT_STRESS,2,0,1,1,0.5,0.8,0.012159347534179688,1
APA-RCA,A1_source_corruption,small,1,SRC_STOCK_2_PRICE,REPORT_STRESS,1,1,1,1,1.0,0.8,0.4520416259765625,9
APA-RCA-v2,A1_source_corruption,small,1,SRC_STOCK_2_PRICE,REPORT_STRESS,1,1,1,1,1.0,0.8,0.49495697021484375,9
APA-RCA-v3,A1_source_corruption,small,1,SRC_STOCK_2_PRICE,REPORT_STRESS,1,1,1,1,1.0,0.8,0.43320655822753906,9
Schema-Constraint,A1_source_corruption,small,1,SRC_STOCK_2_PRICE,REPORT_STRESS,2,0,1,1,0.5,0.8,0.0,0
BFS,A1_source_corruption,small,2,SRC_STOCK_3_PRICE,REPORT_LIMIT,26,0,0,0,0.038461538461538464,1.0,0.942230224609375,7
Vanilla-RWR,A1_source_corruption,small,2,SRC_STOCK_3_PRICE,REPORT_LIMIT,21,0,0,0,0.047619047619047616,1.0,1.1382102966308594,9
Structural-RWR,A1_source_corruption,small,2,SRC_STOCK_3_PRICE,REPORT_LIMIT,16,0,0,0,0.0625,1.0,1.2028217315673828,8
PC+RWR,A1_source_corruption,small,2,SRC_STOCK_3_PRICE,REPORT_LIMIT,16,0,0,0,0.0625,1.0,5.990028381347656,8
AnomalyOnly,A1_source_corruption,small,2,SRC_STOCK_3_PRICE,REPORT_LIMIT,2,0,1,1,0.5,0.8,0.010967254638671875,1
APA-RCA,A1_source_corruption,small,2,SRC_STOCK_3_PRICE,REPORT_LIMIT,5,0,0,1,0.2,0.8,0.4589557647705078,9
APA-RCA-v2,A1_source_corruption,small,2,SRC_STOCK_3_PRICE,REPORT_LIMIT,1,1,1,1,1.0,0.8,0.47898292541503906,9
APA-RCA-v3,A1_source_corruption,small,2,SRC_STOCK_3_PRICE,REPORT_LIMIT,1,1,1,1,1.0,0.8,0.43487548828125,9
Schema-Constraint,A1_source_corruption,small,2,SRC_STOCK_3_PRICE,REPORT_LIMIT,3,0,1,1,0.3333333333333333,0.8,0.0,0
BFS,A1_source_corruption,small,3,SRC_STOCK_3_PRICE,REPORT_DASHBOARD,16,0,0,0,0.0625,1.0,0.3590583801269531,6
Vanilla-RWR,A1_source_corruption,small,3,SRC_STOCK_3_PRICE,REPORT_DASHBOARD,15,0,0,0,0.06666666666666667,1.0,0.4208087921142578,9
Structural-RWR,A1_source_corruption,small,3,SRC_STOCK_3_PRICE,REPORT_DASHBOARD,19,0,0,0,0.05263157894736842,1.0,0.4260540008544922,8
PC+RWR,A1_source_corruption,small,3,SRC_STOCK_3_PRICE,REPORT_DASHBOARD,19,0,0,0,0.05263157894736842,1.0,3.3347606658935547,8
AnomalyOnly,A1_source_corruption,small,3,SRC_STOCK_3_PRICE,REPORT_DASHBOARD,4,0,0,1,0.25,0.8,0.0059604644775390625,1
APA-RCA,A1_source_corruption,small,3,SRC_STOCK_3_PRICE,REPORT_DASHBOARD,2,0,1,1,0.5,0.8,0.42700767517089844,9
APA-RCA-v2,A1_source_corruption,small,3,SRC_STOCK_3_PRICE,REPORT_DASHBOARD,1,1,1,1,1.0,0.8,0.45680999755859375,9
APA-RCA-v3,A1_source_corruption,small,3,SRC_STOCK_3_PRICE,REPORT_DASHBOARD,1,1,1,1,1.0,0.8,0.415802001953125,9
Schema-Constraint,A1_source_corruption,small,3,SRC_STOCK_3_PRICE,REPORT_DASHBOARD,3,0,1,1,0.3333333333333333,0.8,0.0,0
BFS,A1_source_corruption,small,4,SRC_STOCK_3_PRICE,REPORT_STRESS,11,0,0,0,0.09090909090909091,1.0,0.3540515899658203,6
Vanilla-RWR,A1_source_corruption,small,4,SRC_STOCK_3_PRICE,REPORT_STRESS,13,0,0,0,0.07692307692307693,1.0,0.4138946533203125,9
Structural-RWR,A1_source_corruption,small,4,SRC_STOCK_3_PRICE,REPORT_STRESS,21,0,0,0,0.047619047619047616,1.0,0.431060791015625,8
PC+RWR,A1_source_corruption,small,4,SRC_STOCK_3_PRICE,REPORT_STRESS,21,0,0,0,0.047619047619047616,1.0,3.2958984375,8
AnomalyOnly,A1_source_corruption,small,4,SRC_STOCK_3_PRICE,REPORT_STRESS,2,0,1,1,0.5,0.8,0.0059604644775390625,1
APA-RCA,A1_source_corruption,small,4,SRC_STOCK_3_PRICE,REPORT_STRESS,1,1,1,1,1.0,0.8,0.4239082336425781,9
APA-RCA-v2,A1_source_corruption,small,4,SRC_STOCK_3_PRICE,REPORT_STRESS,1,1,1,1,1.0,0.8,0.4718303680419922,9
APA-RCA-v3,A1_source_corruption,small,4,SRC_STOCK_3_PRICE,REPORT_STRESS,1,1,1,1,1.0,0.8,0.4222393035888672,9
Schema-Constraint,A1_source_corruption,small,4,SRC_STOCK_3_PRICE,REPORT_STRESS,3,0,1,1,0.3333333333333333,0.8,0.0,0
BFS,A1_source_corruption,small,5,SRC_STOCK_3_PRICE,REPORT_LIMIT,26,0,0,0,0.038461538461538464,1.0,0.4181861877441406,7
Vanilla-RWR,A1_source_corruption,small,5,SRC_STOCK_3_PRICE,REPORT_LIMIT,21,0,0,0,0.047619047619047616,1.0,0.5030632019042969,9
Structural-RWR,A1_source_corruption,small,5,SRC_STOCK_3_PRICE,REPORT_LIMIT,18,0,0,0,0.05555555555555555,1.0,0.5168914794921875,8
PC+RWR,A1_source_corruption,small,5,SRC_STOCK_3_PRICE,REPORT_LIMIT,18,0,0,0,0.05555555555555555,1.0,3.610849380493164,8
AnomalyOnly,A1_source_corruption,small,5,SRC_STOCK_3_PRICE,REPORT_LIMIT,3,0,1,1,0.3333333333333333,0.8,0.0059604644775390625,1
APA-RCA,A1_source_corruption,small,5,SRC_STOCK_3_PRICE,REPORT_LIMIT,4,0,0,1,0.25,0.8,0.4057884216308594,9
APA-RCA-v2,A1_source_corruption,small,5,SRC_STOCK_3_PRICE,REPORT_LIMIT,1,1,1,1,1.0,0.8,0.4360675811767578,9
APA-RCA-v3,A1_source_corruption,small,5,SRC_STOCK_3_PRICE,REPORT_LIMIT,1,1,1,1,1.0,0.8,0.39005279541015625,9
Schema-Constraint,A1_source_corruption,small,5,SRC_STOCK_3_PRICE,REPORT_LIMIT,3,0,1,1,0.3333333333333333,0.8,0.0,0
BFS,A1_source_corruption,small,6,SRC_STOCK_2_PRICE,REPORT_LIMIT,26,0,0,0,0.038461538461538464,1.0,0.35500526428222656,7
Vanilla-RWR,A1_source_corruption,small,6,SRC_STOCK_2_PRICE,REPORT_LIMIT,20,0,0,0,0.05,1.0,0.4019737243652344,9
Structural-RWR,A1_source_corruption,small,6,SRC_STOCK_2_PRICE,REPORT_LIMIT,20,0,0,0,0.05,1.0,0.40793418884277344,8
PC+RWR,A1_source_corruption,small,6,SRC_STOCK_2_PRICE,REPORT_LIMIT,20,0,0,0,0.05,1.0,3.3097267150878906,8
AnomalyOnly,A1_source_corruption,small,6,SRC_STOCK_2_PRICE,REPORT_LIMIT,2,0,1,1,0.5,0.8,0.0050067901611328125,1
APA-RCA,A1_source_corruption,small,6,SRC_STOCK_2_PRICE,REPORT_LIMIT,6,0,0,0,0.16666666666666666,1.0,0.4029273986816406,9
APA-RCA-v2,A1_source_corruption,small,6,SRC_STOCK_2_PRICE,REPORT_LIMIT,1,1,1,1,1.0,0.8,0.6520748138427734,9
APA-RCA-v3,A1_source_corruption,small,6,SRC_STOCK_2_PRICE,REPORT_LIMIT,1,1,1,1,1.0,0.8,0.3991127014160156,9
Schema-Constraint,A1_source_corruption,small,6,SRC_STOCK_2_PRICE,REPORT_LIMIT,2,0,1,1,0.5,0.8,0.0,0
BFS,A1_source_corruption,small,7,SRC_STOCK_3_PRICE,REPORT_DASHBOARD,16,0,0,0,0.0625,1.0,0.3409385681152344,6
Vanilla-RWR,A1_source_corruption,small,7,SRC_STOCK_3_PRICE,REPORT_DASHBOARD,15,0,0,0,0.06666666666666667,1.0,0.4000663757324219,9
Structural-RWR,A1_source_corruption,small,7,SRC_STOCK_3_PRICE,REPORT_DASHBOARD,17,0,0,0,0.058823529411764705,1.0,0.41604042053222656,8
PC+RWR,A1_source_corruption,small,7,SRC_STOCK_3_PRICE,REPORT_DASHBOARD,17,0,0,0,0.058823529411764705,1.0,3.2379627227783203,8
AnomalyOnly,A1_source_corruption,small,7,SRC_STOCK_3_PRICE,REPORT_DASHBOARD,3,0,1,1,0.3333333333333333,0.8,0.0050067901611328125,1
APA-RCA,A1_source_corruption,small,7,SRC_STOCK_3_PRICE,REPORT_DASHBOARD,2,0,1,1,0.5,0.8,0.3981590270996094,9
APA-RCA-v2,A1_source_corruption,small,7,SRC_STOCK_3_PRICE,REPORT_DASHBOARD,1,1,1,1,1.0,0.8,0.42510032653808594,9
APA-RCA-v3,A1_source_corruption,small,7,SRC_STOCK_3_PRICE,REPORT_DASHBOARD,1,1,1,1,1.0,0.8,0.39887428283691406,9
Schema-Constraint,A1_source_corruption,small,7,SRC_STOCK_3_PRICE,REPORT_DASHBOARD,3,0,1,1,0.3333333333333333,0.8,0.0,0
BFS,A1_source_corruption,small,8,SRC_STOCK_3_PRICE,REPORT_DASHBOARD,16,0,0,0,0.0625,1.0,0.3561973571777344,6
Vanilla-RWR,A1_source_corruption,small,8,SRC_STOCK_3_PRICE,REPORT_DASHBOARD,15,0,0,0,0.06666666666666667,1.0,0.3910064697265625,9
Structural-RWR,A1_source_corruption,small,8,SRC_STOCK_3_PRICE,REPORT_DASHBOARD,21,0,0,0,0.047619047619047616,1.0,0.4019737243652344,8
PC+RWR,A1_source_corruption,small,8,SRC_STOCK_3_PRICE,REPORT_DASHBOARD,21,0,0,0,0.047619047619047616,1.0,3.1402111053466797,8
AnomalyOnly,A1_source_corruption,small,8,SRC_STOCK_3_PRICE,REPORT_DASHBOARD,2,0,1,1,0.5,0.8,0.0050067901611328125,1
APA-RCA,A1_source_corruption,small,8,SRC_STOCK_3_PRICE,REPORT_DASHBOARD,2,0,1,1,0.5,0.8,0.4050731658935547,9
APA-RCA-v2,A1_source_corruption,small,8,SRC_STOCK_3_PRICE,REPORT_DASHBOARD,1,1,1,1,1.0,0.8,0.43320655822753906,9
APA-RCA-v3,A1_source_corruption,small,8,SRC_STOCK_3_PRICE,REPORT_DASHBOARD,1,1,1,1,1.0,0.8,0.4119873046875,9
Schema-Constraint,A1_source_corruption,small,8,SRC_STOCK_3_PRICE,REPORT_DASHBOARD,3,0,1,1,0.3333333333333333,0.8,0.0,0
BFS,A1_source_corruption,small,9,SRC_STOCK_2_PRICE,REPORT_LIMIT,26,0,0,0,0.038461538461538464,1.0,0.3829002380371094,7
Vanilla-RWR,A1_source_corruption,small,9,SRC_STOCK_2_PRICE,REPORT_LIMIT,20,0,0,0,0.05,1.0,0.3941059112548828,9
Structural-RWR,A1_source_corruption,small,9,SRC_STOCK_2_PRICE,REPORT_LIMIT,17,0,0,0,0.058823529411764705,1.0,0.4017353057861328,8
PC+RWR,A1_source_corruption,small,9,SRC_STOCK_2_PRICE,REPORT_LIMIT,17,0,0,0,0.058823529411764705,1.0,3.233671188354492,8
AnomalyOnly,A1_source_corruption,small,9,SRC_STOCK_2_PRICE,REPORT_LIMIT,1,1,1,1,1.0,0.8,0.0059604644775390625,1
APA-RCA,A1_source_corruption,small,9,SRC_STOCK_2_PRICE,REPORT_LIMIT,5,0,0,1,0.2,0.8,0.47087669372558594,9
APA-RCA-v2,A1_source_corruption,small,9,SRC_STOCK_2_PRICE,REPORT_LIMIT,1,1,1,1,1.0,0.8,0.4429817199707031,9
APA-RCA-v3,A1_source_corruption,small,9,SRC_STOCK_2_PRICE,REPORT_LIMIT,1,1,1,1,1.0,0.8,0.39315223693847656,9
Schema-Constraint,A1_source_corruption,small,9,SRC_STOCK_2_PRICE,REPORT_LIMIT,2,0,1,1,0.5,0.8,0.0,0
BFS,A1_source_corruption,small,10,SRC_STOCK_3_PRICE,REPORT_LIMIT,26,0,0,0,0.038461538461538464,1.0,0.36597251892089844,7
Vanilla-RWR,A1_source_corruption,small,10,SRC_STOCK_3_PRICE,REPORT_LIMIT,21,0,0,0,0.047619047619047616,1.0,0.4239082336425781,9
Structural-RWR,A1_source_corruption,small,10,SRC_STOCK_3_PRICE,REPORT_LIMIT,15,0,0,0,0.06666666666666667,1.0,0.43392181396484375,8
PC+RWR,A1_source_corruption,small,10,SRC_STOCK_3_PRICE,REPORT_LIMIT,15,0,0,0,0.06666666666666667,1.0,3.355264663696289,8
AnomalyOnly,A1_source_corruption,small,10,SRC_STOCK_3_PRICE,REPORT_LIMIT,2,0,1,1,0.5,0.8,0.006198883056640625,1
APA-RCA,A1_source_corruption,small,10,SRC_STOCK_3_PRICE,REPORT_LIMIT,3,0,1,1,0.3333333333333333,0.8,0.4260540008544922,9
APA-RCA-v2,A1_source_corruption,small,10,SRC_STOCK_3_PRICE,REPORT_LIMIT,1,1,1,1,1.0,0.8,0.4673004150390625,9
APA-RCA-v3,A1_source_corruption,small,10,SRC_STOCK_3_PRICE,REPORT_LIMIT,1,1,1,1,1.0,0.8,0.415802001953125,9
Schema-Constraint,A1_source_corruption,small,10,SRC_STOCK_3_PRICE,REPORT_LIMIT,3,0,1,1,0.3333333333333333,0.8,0.0,0
BFS,A1_source_corruption,small,11,SRC_STOCK_1_PRICE,REPORT_LIMIT,26,0,0,0,0.038461538461538464,1.0,0.37407875061035156,7
Vanilla-RWR,A1_source_corruption,small,11,SRC_STOCK_1_PRICE,REPORT_LIMIT,19,0,0,0,0.05263157894736842,1.0,0.4220008850097656,9
Structural-RWR,A1_source_corruption,small,11,SRC_STOCK_1_PRICE,REPORT_LIMIT,17,0,0,0,0.058823529411764705,1.0,0.743865966796875,8
PC+RWR,A1_source_corruption,small,11,SRC_STOCK_1_PRICE,REPORT_LIMIT,17,0,0,0,0.058823529411764705,1.0,3.330230712890625,8
AnomalyOnly,A1_source_corruption,small,11,SRC_STOCK_1_PRICE,REPORT_LIMIT,1,1,1,1,1.0,0.8,0.006198883056640625,1
APA-RCA,A1_source_corruption,small,11,SRC_STOCK_1_PRICE,REPORT_LIMIT,4,0,0,1,0.25,0.8,0.42510032653808594,9
APA-RCA-v2,A1_source_corruption,small,11,SRC_STOCK_1_PRICE,REPORT_LIMIT,1,1,1,1,1.0,0.8,0.4520416259765625,9
APA-RCA-v3,A1_source_corruption,small,11,SRC_STOCK_1_PRICE,REPORT_LIMIT,1,1,1,1,1.0,0.8,0.4189014434814453,9
Schema-Constraint,A1_source_corruption,small,11,SRC_STOCK_1_PRICE,REPORT_LIMIT,1,1,1,1,1.0,0.8,0.0,0
BFS,A1_source_corruption,small,12,SRC_STOCK_2_PRICE,REPORT_LIMIT,26,0,0,0,0.038461538461538464,1.0,0.3669261932373047,7
Vanilla-RWR,A1_source_corruption,small,12,SRC_STOCK_2_PRICE,REPORT_LIMIT,20,0,0,0,0.05,1.0,0.4169940948486328,9
Structural-RWR,A1_source_corruption,small,12,SRC_STOCK_2_PRICE,REPORT_LIMIT,15,0,0,0,0.06666666666666667,1.0,0.4360675811767578,8
PC+RWR,A1_source_corruption,small,12,SRC_STOCK_2_PRICE,REPORT_LIMIT,15,0,0,0,0.06666666666666667,1.0,3.340005874633789,8
AnomalyOnly,A1_source_corruption,small,12,SRC_STOCK_2_PRICE,REPORT_LIMIT,1,1,1,1,1.0,0.8,0.006198883056640625,1
APA-RCA,A1_source_corruption,small,12,SRC_STOCK_2_PRICE,REPORT_LIMIT,3,0,1,1,0.3333333333333333,0.8,0.4220008850097656,9
APA-RCA-v2,A1_source_corruption,small,12,SRC_STOCK_2_PRICE,REPORT_LIMIT,1,1,1,1,1.0,0.8,0.4608631134033203,9
APA-RCA-v3,A1_source_corruption,small,12,SRC_STOCK_2_PRICE,REPORT_LIMIT,1,1,1,1,1.0,0.8,0.415802001953125,9
Schema-Constraint,A1_source_corruption,small,12,SRC_STOCK_2_PRICE,REPORT_LIMIT,2,0,1,1,0.5,0.8,0.0,0
BFS,A1_source_corruption,small,13,SRC_STOCK_3_PRICE,REPORT_LIMIT,26,0,0,0,0.038461538461538464,1.0,0.34999847412109375,7
Vanilla-RWR,A1_source_corruption,small,13,SRC_STOCK_3_PRICE,REPORT_LIMIT,21,0,0,0,0.047619047619047616,1.0,0.4239082336425781,9
Structural-RWR,A1_source_corruption,small,13,SRC_STOCK_3_PRICE,REPORT_LIMIT,15,0,0,0,0.06666666666666667,1.0,0.4317760467529297,8
PC+RWR,A1_source_corruption,small,13,SRC_STOCK_3_PRICE,REPORT_LIMIT,15,0,0,0,0.06666666666666667,1.0,3.5550594329833984,8
AnomalyOnly,A1_source_corruption,small,13,SRC_STOCK_3_PRICE,REPORT_LIMIT,1,1,1,1,1.0,0.8,0.0057220458984375,1
APA-RCA,A1_source_corruption,small,13,SRC_STOCK_3_PRICE,REPORT_LIMIT,4,0,0,1,0.25,0.8,0.4069805145263672,9
APA-RCA-v2,A1_source_corruption,small,13,SRC_STOCK_3_PRICE,REPORT_LIMIT,1,1,1,1,1.0,0.8,0.45490264892578125,9
APA-RCA-v3,A1_source_corruption,small,13,SRC_STOCK_3_PRICE,REPORT_LIMIT,1,1,1,1,1.0,0.8,0.4162788391113281,9
Schema-Constraint,A1_source_corruption,small,13,SRC_STOCK_3_PRICE,REPORT_LIMIT,3,0,1,1,0.3333333333333333,0.8,0.0,0
BFS,A1_source_corruption,small,14,SRC_STOCK_1_PRICE,REPORT_LIMIT,26,0,0,0,0.038461538461538464,1.0,0.3561973571777344,7
Vanilla-RWR,A1_source_corruption,small,14,SRC_STOCK_1_PRICE,REPORT_LIMIT,19,0,0,0,0.05263157894736842,1.0,0.39124488830566406,9
Structural-RWR,A1_source_corruption,small,14,SRC_STOCK_1_PRICE,REPORT_LIMIT,16,0,0,0,0.0625,1.0,0.43082237243652344,8
PC+RWR,A1_source_corruption,small,14,SRC_STOCK_1_PRICE,REPORT_LIMIT,16,0,0,0,0.0625,1.0,3.2019615173339844,8
AnomalyOnly,A1_source_corruption,small,14,SRC_STOCK_1_PRICE,REPORT_LIMIT,1,1,1,1,1.0,0.8,0.005245208740234375,1
APA-RCA,A1_source_corruption,small,14,SRC_STOCK_1_PRICE,REPORT_LIMIT,4,0,0,1,0.25,0.8,0.39505958557128906,9
APA-RCA-v2,A1_source_corruption,small,14,SRC_STOCK_1_PRICE,REPORT_LIMIT,1,1,1,1,1.0,0.8,0.44798851013183594,9
APA-RCA-v3,A1_source_corruption,small,14,SRC_STOCK_1_PRICE,REPORT_LIMIT,1,1,1,1,1.0,0.8,0.3879070281982422,9
Schema-Constraint,A1_source_corruption,small,14,SRC_STOCK_1_PRICE,REPORT_LIMIT,1,1,1,1,1.0,0.8,0.0,0
BFS,A1_source_corruption,small,15,SRC_STOCK_3_PRICE,REPORT_LIMIT,26,0,0,0,0.038461538461538464,1.0,0.37980079650878906,7
Vanilla-RWR,A1_source_corruption,small,15,SRC_STOCK_3_PRICE,REPORT_LIMIT,21,0,0,0,0.047619047619047616,1.0,0.4248619079589844,9
Structural-RWR,A1_source_corruption,small,15,SRC_STOCK_3_PRICE,REPORT_LIMIT,18,0,0,0,0.05555555555555555,1.0,0.43582916259765625,8
PC+RWR,A1_source_corruption,small,15,SRC_STOCK_3_PRICE,REPORT_LIMIT,18,0,0,0,0.05555555555555555,1.0,3.2958984375,8
AnomalyOnly,A1_source_corruption,small,15,SRC_STOCK_3_PRICE,REPORT_LIMIT,3,0,1,1,0.3333333333333333,0.8,0.0050067901611328125,1
APA-RCA,A1_source_corruption,small,15,SRC_STOCK_3_PRICE,REPORT_LIMIT,5,0,0,1,0.2,0.8,0.40221214294433594,9
APA-RCA-v2,A1_source_corruption,small,15,SRC_STOCK_3_PRICE,REPORT_LIMIT,1,1,1,1,1.0,0.8,0.4317760467529297,9
APA-RCA-v3,A1_source_corruption,small,15,SRC_STOCK_3_PRICE,REPORT_LIMIT,1,1,1,1,1.0,0.8,0.4138946533203125,9
Schema-Constraint,A1_source_corruption,small,15,SRC_STOCK_3_PRICE,REPORT_LIMIT,3,0,1,1,0.3333333333333333,0.8,0.0,0
BFS,A1_source_corruption,small,16,SRC_STOCK_2_PRICE,REPORT_LIMIT,26,0,0,0,0.038461538461538464,1.0,0.7398128509521484,7
Vanilla-RWR,A1_source_corruption,small,16,SRC_STOCK_2_PRICE,REPORT_LIMIT,20,0,0,0,0.05,1.0,0.4038810729980469,9
Structural-RWR,A1_source_corruption,small,16,SRC_STOCK_2_PRICE,REPORT_LIMIT,18,0,0,0,0.05555555555555555,1.0,0.3998279571533203,8
PC+RWR,A1_source_corruption,small,16,SRC_STOCK_2_PRICE,REPORT_LIMIT,18,0,0,0,0.05555555555555555,1.0,3.5047531127929688,8
AnomalyOnly,A1_source_corruption,small,16,SRC_STOCK_2_PRICE,REPORT_LIMIT,2,0,1,1,0.5,0.8,0.0069141387939453125,1
APA-RCA,A1_source_corruption,small,16,SRC_STOCK_2_PRICE,REPORT_LIMIT,5,0,0,1,0.2,0.8,0.8230209350585938,9
APA-RCA-v2,A1_source_corruption,small,16,SRC_STOCK_2_PRICE,REPORT_LIMIT,1,1,1,1,1.0,0.8,0.6797313690185547,9
APA-RCA-v3,A1_source_corruption,small,16,SRC_STOCK_2_PRICE,REPORT_LIMIT,1,1,1,1,1.0,0.8,0.453948974609375,9
Schema-Constraint,A1_source_corruption,small,16,SRC_STOCK_2_PRICE,REPORT_LIMIT,2,0,1,1,0.5,0.8,0.0,0
BFS,A1_source_corruption,small,17,SRC_STOCK_3_PRICE,REPORT_LIMIT,26,0,0,0,0.038461538461538464,1.0,0.5109310150146484,7
Vanilla-RWR,A1_source_corruption,small,17,SRC_STOCK_3_PRICE,REPORT_LIMIT,21,0,0,0,0.047619047619047616,1.0,0.4680156707763672,9
Structural-RWR,A1_source_corruption,small,17,SRC_STOCK_3_PRICE,REPORT_LIMIT,17,0,0,0,0.058823529411764705,1.0,0.46515464782714844,8
PC+RWR,A1_source_corruption,small,17,SRC_STOCK_3_PRICE,REPORT_LIMIT,17,0,0,0,0.058823529411764705,1.0,3.3729076385498047,8
AnomalyOnly,A1_source_corruption,small,17,SRC_STOCK_3_PRICE,REPORT_LIMIT,1,1,1,1,1.0,0.8,0.005245208740234375,1
APA-RCA,A1_source_corruption,small,17,SRC_STOCK_3_PRICE,REPORT_LIMIT,3,0,1,1,0.3333333333333333,0.8,0.396728515625,9
APA-RCA-v2,A1_source_corruption,small,17,SRC_STOCK_3_PRICE,REPORT_LIMIT,1,1,1,1,1.0,0.8,0.4241466522216797,9
APA-RCA-v3,A1_source_corruption,small,17,SRC_STOCK_3_PRICE,REPORT_LIMIT,1,1,1,1,1.0,0.8,0.39196014404296875,9
Schema-Constraint,A1_source_corruption,small,17,SRC_STOCK_3_PRICE,REPORT_LIMIT,3,0,1,1,0.3333333333333333,0.8,0.0,0
BFS,A1_source_corruption,small,18,SRC_STOCK_3_PRICE,REPORT_LIMIT,26,0,0,0,0.038461538461538464,1.0,0.3960132598876953,7
Vanilla-RWR,A1_source_corruption,small,18,SRC_STOCK_3_PRICE,REPORT_LIMIT,21,0,0,0,0.047619047619047616,1.0,0.4258155822753906,9
Structural-RWR,A1_source_corruption,small,18,SRC_STOCK_3_PRICE,REPORT_LIMIT,16,0,0,0,0.0625,1.0,0.43392181396484375,8
PC+RWR,A1_source_corruption,small,18,SRC_STOCK_3_PRICE,REPORT_LIMIT,16,0,0,0,0.0625,1.0,3.337860107421875,8
AnomalyOnly,A1_source_corruption,small,18,SRC_STOCK_3_PRICE,REPORT_LIMIT,1,1,1,1,1.0,0.8,0.006198883056640625,1
APA-RCA,A1_source_corruption,small,18,SRC_STOCK_3_PRICE,REPORT_LIMIT,5,0,0,1,0.2,0.8,0.42319297790527344,9
APA-RCA-v2,A1_source_corruption,small,18,SRC_STOCK_3_PRICE,REPORT_LIMIT,1,1,1,1,1.0,0.8,0.7069110870361328,9
APA-RCA-v3,A1_source_corruption,small,18,SRC_STOCK_3_PRICE,REPORT_LIMIT,1,1,1,1,1.0,0.8,0.4138946533203125,9
Schema-Constraint,A1_source_corruption,small,18,SRC_STOCK_3_PRICE,REPORT_LIMIT,3,0,1,1,0.3333333333333333,0.8,0.0,0
BFS,A1_source_corruption,small,19,SRC_STOCK_2_PRICE,REPORT_DASHBOARD,16,0,0,0,0.0625,1.0,0.3829002380371094,6
Vanilla-RWR,A1_source_corruption,small,19,SRC_STOCK_2_PRICE,REPORT_DASHBOARD,14,0,0,0,0.07142857142857142,1.0,0.41294097900390625,9
Structural-RWR,A1_source_corruption,small,19,SRC_STOCK_2_PRICE,REPORT_DASHBOARD,20,0,0,0,0.05,1.0,0.4401206970214844,8
PC+RWR,A1_source_corruption,small,19,SRC_STOCK_2_PRICE,REPORT_DASHBOARD,20,0,0,0,0.05,1.0,3.2911300659179688,8
AnomalyOnly,A1_source_corruption,small,19,SRC_STOCK_2_PRICE,REPORT_DASHBOARD,3,0,1,1,0.3333333333333333,0.8,0.006198883056640625,1
APA-RCA,A1_source_corruption,small,19,SRC_STOCK_2_PRICE,REPORT_DASHBOARD,2,0,1,1,0.5,0.8,0.4169940948486328,9
APA-RCA-v2,A1_source_corruption,small,19,SRC_STOCK_2_PRICE,REPORT_DASHBOARD,1,1,1,1,1.0,0.8,0.4572868347167969,9
APA-RCA-v3,A1_source_corruption,small,19,SRC_STOCK_2_PRICE,REPORT_DASHBOARD,1,1,1,1,1.0,0.8,0.41222572326660156,9
Schema-Constraint,A1_source_corruption,small,19,SRC_STOCK_2_PRICE,REPORT_DASHBOARD,2,0,1,1,0.5,0.8,0.0,0
BFS,A1_source_corruption,small,20,SRC_STOCK_3_PRICE,REPORT_LIMIT,26,0,0,0,0.038461538461538464,1.0,0.3991127014160156,7
Vanilla-RWR,A1_source_corruption,small,20,SRC_STOCK_3_PRICE,REPORT_LIMIT,21,0,0,0,0.047619047619047616,1.0,0.4329681396484375,9
Structural-RWR,A1_source_corruption,small,20,SRC_STOCK_3_PRICE,REPORT_LIMIT,17,0,0,0,0.058823529411764705,1.0,0.4413127899169922,8
PC+RWR,A1_source_corruption,small,20,SRC_STOCK_3_PRICE,REPORT_LIMIT,17,0,0,0,0.058823529411764705,1.0,3.3338069915771484,8
AnomalyOnly,A1_source_corruption,small,20,SRC_STOCK_3_PRICE,REPORT_LIMIT,3,0,1,1,0.3333333333333333,0.8,0.0050067901611328125,1
APA-RCA,A1_source_corruption,small,20,SRC_STOCK_3_PRICE,REPORT_LIMIT,3,0,1,1,0.3333333333333333,0.8,0.4317760467529297,9
APA-RCA-v2,A1_source_corruption,small,20,SRC_STOCK_3_PRICE,REPORT_LIMIT,1,1,1,1,1.0,0.8,0.4646778106689453,9
APA-RCA-v3,A1_source_corruption,small,20,SRC_STOCK_3_PRICE,REPORT_LIMIT,1,1,1,1,1.0,0.8,0.41294097900390625,9
Schema-Constraint,A1_source_corruption,small,20,SRC_STOCK_3_PRICE,REPORT_LIMIT,3,0,1,1,0.3333333333333333,0.8,0.0,0
BFS,A1_source_corruption,small,21,SRC_STOCK_1_PRICE,REPORT_DASHBOARD,16,0,0,0,0.0625,1.0,0.45800209045410156,6
Vanilla-RWR,A1_source_corruption,small,21,SRC_STOCK_1_PRICE,REPORT_DASHBOARD,13,0,0,0,0.07692307692307693,1.0,0.5970001220703125,9
Structural-RWR,A1_source_corruption,small,21,SRC_STOCK_1_PRICE,REPORT_DASHBOARD,19,0,0,0,0.05263157894736842,1.0,0.47588348388671875,8
PC+RWR,A1_source_corruption,small,21,SRC_STOCK_1_PRICE,REPORT_DASHBOARD,19,0,0,0,0.05263157894736842,1.0,4.239082336425781,8
AnomalyOnly,A1_source_corruption,small,21,SRC_STOCK_1_PRICE,REPORT_DASHBOARD,3,0,1,1,0.3333333333333333,0.8,0.0059604644775390625,1
APA-RCA,A1_source_corruption,small,21,SRC_STOCK_1_PRICE,REPORT_DASHBOARD,2,0,1,1,0.5,0.8,0.4467964172363281,9
APA-RCA-v2,A1_source_corruption,small,21,SRC_STOCK_1_PRICE,REPORT_DASHBOARD,1,1,1,1,1.0,0.8,0.6060600280761719,9
APA-RCA-v3,A1_source_corruption,small,21,SRC_STOCK_1_PRICE,REPORT_DASHBOARD,1,1,1,1,1.0,0.8,0.4558563232421875,9
Schema-Constraint,A1_source_corruption,small,21,SRC_STOCK_1_PRICE,REPORT_DASHBOARD,1,1,1,1,1.0,0.8,0.0,0
BFS,A1_source_corruption,small,22,SRC_STOCK_3_PRICE,REPORT_LIMIT,26,0,0,0,0.038461538461538464,1.0,0.4260540008544922,7
Vanilla-RWR,A1_source_corruption,small,22,SRC_STOCK_3_PRICE,REPORT_LIMIT,21,0,0,0,0.047619047619047616,1.0,0.4608631134033203,9
Structural-RWR,A1_source_corruption,small,22,SRC_STOCK_3_PRICE,REPORT_LIMIT,15,0,0,0,0.06666666666666667,1.0,0.46181678771972656,8
PC+RWR,A1_source_corruption,small,22,SRC_STOCK_3_PRICE,REPORT_LIMIT,15,0,0,0,0.06666666666666667,1.0,3.7000179290771484,8
AnomalyOnly,A1_source_corruption,small,22,SRC_STOCK_3_PRICE,REPORT_LIMIT,2,0,1,1,0.5,0.8,0.006198883056640625,1
APA-RCA,A1_source_corruption,small,22,SRC_STOCK_3_PRICE,REPORT_LIMIT,4,0,0,1,0.25,0.8,0.4589557647705078,9
APA-RCA-v2,A1_source_corruption,small,22,SRC_STOCK_3_PRICE,REPORT_LIMIT,1,1,1,1,1.0,0.8,0.57220458984375,9
APA-RCA-v3,A1_source_corruption,small,22,SRC_STOCK_3_PRICE,REPORT_LIMIT,1,1,1,1,1.0,0.8,0.45490264892578125,9
Schema-Constraint,A1_source_corruption,small,22,SRC_STOCK_3_PRICE,REPORT_LIMIT,3,0,1,1,0.3333333333333333,0.8,0.0,0
BFS,A1_source_corruption,small,23,SRC_STOCK_1_PRICE,REPORT_LIMIT,26,0,0,0,0.038461538461538464,1.0,0.4150867462158203,7
Vanilla-RWR,A1_source_corruption,small,23,SRC_STOCK_1_PRICE,REPORT_LIMIT,19,0,0,0,0.05263157894736842,1.0,0.4367828369140625,9
Structural-RWR,A1_source_corruption,small,23,SRC_STOCK_1_PRICE,REPORT_LIMIT,18,0,0,0,0.05555555555555555,1.0,0.7817745208740234,8
PC+RWR,A1_source_corruption,small,23,SRC_STOCK_1_PRICE,REPORT_LIMIT,18,0,0,0,0.05555555555555555,1.0,3.505229949951172,8
AnomalyOnly,A1_source_corruption,small,23,SRC_STOCK_1_PRICE,REPORT_LIMIT,2,0,1,1,0.5,0.8,0.006198883056640625,1
APA-RCA,A1_source_corruption,small,23,SRC_STOCK_1_PRICE,REPORT_LIMIT,2,0,1,1,0.5,0.8,0.4322528839111328,9
APA-RCA-v2,A1_source_corruption,small,23,SRC_STOCK_1_PRICE,REPORT_LIMIT,1,1,1,1,1.0,0.8,0.4558563232421875,9
APA-RCA-v3,A1_source_corruption,small,23,SRC_STOCK_1_PRICE,REPORT_LIMIT,1,1,1,1,1.0,0.8,0.47397613525390625,9
Schema-Constraint,A1_source_corruption,small,23,SRC_STOCK_1_PRICE,REPORT_LIMIT,1,1,1,1,1.0,0.8,0.0,0
BFS,A1_source_corruption,small,24,SRC_STOCK_2_PRICE,REPORT_LIMIT,26,0,0,0,0.038461538461538464,1.0,0.4138946533203125,7
Vanilla-RWR,A1_source_corruption,small,24,SRC_STOCK_2_PRICE,REPORT_LIMIT,20,0,0,0,0.05,1.0,0.4279613494873047,9
Structural-RWR,A1_source_corruption,small,24,SRC_STOCK_2_PRICE,REPORT_LIMIT,15,0,0,0,0.06666666666666667,1.0,0.4439353942871094,8
PC+RWR,A1_source_corruption,small,24,SRC_STOCK_2_PRICE,REPORT_LIMIT,15,0,0,0,0.06666666666666667,1.0,3.3206939697265625,8
AnomalyOnly,A1_source_corruption,small,24,SRC_STOCK_2_PRICE,REPORT_LIMIT,1,1,1,1,1.0,0.8,0.0059604644775390625,1
APA-RCA,A1_source_corruption,small,24,SRC_STOCK_2_PRICE,REPORT_LIMIT,3,0,1,1,0.3333333333333333,0.8,0.4191398620605469,9
APA-RCA-v2,A1_source_corruption,small,24,SRC_STOCK_2_PRICE,REPORT_LIMIT,1,1,1,1,1.0,0.8,0.4570484161376953,9
APA-RCA-v3,A1_source_corruption,small,24,SRC_STOCK_2_PRICE,REPORT_LIMIT,1,1,1,1,1.0,0.8,0.40912628173828125,9
Schema-Constraint,A1_source_corruption,small,24,SRC_STOCK_2_PRICE,REPORT_LIMIT,2,0,1,1,0.5,0.8,0.0,0
BFS,A1_source_corruption,small,25,SRC_STOCK_2_PRICE,REPORT_STRESS,11,0,0,0,0.09090909090909091,1.0,0.39768218994140625,6
Vanilla-RWR,A1_source_corruption,small,25,SRC_STOCK_2_PRICE,REPORT_STRESS,12,0,0,0,0.08333333333333333,1.0,0.4341602325439453,9
Structural-RWR,A1_source_corruption,small,25,SRC_STOCK_2_PRICE,REPORT_STRESS,21,0,0,0,0.047619047619047616,1.0,0.4410743713378906,8
PC+RWR,A1_source_corruption,small,25,SRC_STOCK_2_PRICE,REPORT_STRESS,21,0,0,0,0.047619047619047616,1.0,3.2329559326171875,8
AnomalyOnly,A1_source_corruption,small,25,SRC_STOCK_2_PRICE,REPORT_STRESS,3,0,1,1,0.3333333333333333,0.8,0.005245208740234375,1
APA-RCA,A1_source_corruption,small,25,SRC_STOCK_2_PRICE,REPORT_STRESS,1,1,1,1,1.0,0.8,0.41675567626953125,9
APA-RCA-v2,A1_source_corruption,small,25,SRC_STOCK_2_PRICE,REPORT_STRESS,1,1,1,1,1.0,0.8,0.44798851013183594,9
APA-RCA-v3,A1_source_corruption,small,25,SRC_STOCK_2_PRICE,REPORT_STRESS,1,1,1,1,1.0,0.8,0.4107952117919922,9
Schema-Constraint,A1_source_corruption,small,25,SRC_STOCK_2_PRICE,REPORT_STRESS,2,0,1,1,0.5,0.8,0.0,0
BFS,A1_source_corruption,small,26,SRC_STOCK_3_PRICE,REPORT_DASHBOARD,16,0,0,0,0.0625,1.0,0.37407875061035156,6
Vanilla-RWR,A1_source_corruption,small,26,SRC_STOCK_3_PRICE,REPORT_DASHBOARD,15,0,0,0,0.06666666666666667,1.0,0.4169940948486328,9
Structural-RWR,A1_source_corruption,small,26,SRC_STOCK_3_PRICE,REPORT_DASHBOARD,19,0,0,0,0.05263157894736842,1.0,0.4429817199707031,8
PC+RWR,A1_source_corruption,small,26,SRC_STOCK_3_PRICE,REPORT_DASHBOARD,19,0,0,0,0.05263157894736842,1.0,3.3419132232666016,8
AnomalyOnly,A1_source_corruption,small,26,SRC_STOCK_3_PRICE,REPORT_DASHBOARD,3,0,1,1,0.3333333333333333,0.8,0.006198883056640625,1
APA-RCA,A1_source_corruption,small,26,SRC_STOCK_3_PRICE,REPORT_DASHBOARD,2,0,1,1,0.5,0.8,0.44798851013183594,9
APA-RCA-v2,A1_source_corruption,small,26,SRC_STOCK_3_PRICE,REPORT_DASHBOARD,1,1,1,1,1.0,0.8,0.4730224609375,9
APA-RCA-v3,A1_source_corruption,small,26,SRC_STOCK_3_PRICE,REPORT_DASHBOARD,1,1,1,1,1.0,0.8,0.44083595275878906,9
Schema-Constraint,A1_source_corruption,small,26,SRC_STOCK_3_PRICE,REPORT_DASHBOARD,3,0,1,1,0.3333333333333333,0.8,0.0,0
BFS,A1_source_corruption,small,27,SRC_STOCK_1_PRICE,REPORT_STRESS,11,0,0,0,0.09090909090909091,1.0,0.36406517028808594,6
Vanilla-RWR,A1_source_corruption,small,27,SRC_STOCK_1_PRICE,REPORT_STRESS,11,0,0,0,0.09090909090909091,1.0,0.3960132598876953,9
Structural-RWR,A1_source_corruption,small,27,SRC_STOCK_1_PRICE,REPORT_STRESS,18,0,0,0,0.05555555555555555,1.0,0.4189014434814453,8
PC+RWR,A1_source_corruption,small,27,SRC_STOCK_1_PRICE,REPORT_STRESS,18,0,0,0,0.05555555555555555,1.0,3.240823745727539,8
AnomalyOnly,A1_source_corruption,small,27,SRC_STOCK_1_PRICE,REPORT_STRESS,2,0,1,1,0.5,0.8,0.0050067901611328125,1
APA-RCA,A1_source_corruption,small,27,SRC_STOCK_1_PRICE,REPORT_STRESS,1,1,1,1,1.0,0.8,0.39196014404296875,9
APA-RCA-v2,A1_source_corruption,small,27,SRC_STOCK_1_PRICE,REPORT_STRESS,1,1,1,1,1.0,0.8,0.43487548828125,9
APA-RCA-v3,A1_source_corruption,small,27,SRC_STOCK_1_PRICE,REPORT_STRESS,1,1,1,1,1.0,0.8,0.4260540008544922,9
Schema-Constraint,A1_source_corruption,small,27,SRC_STOCK_1_PRICE,REPORT_STRESS,1,1,1,1,1.0,0.8,0.0,0
BFS,A1_source_corruption,small,28,SRC_STOCK_2_PRICE,REPORT_LIMIT,26,0,0,0,0.038461538461538464,1.0,0.7147789001464844,7
Vanilla-RWR,A1_source_corruption,small,28,SRC_STOCK_2_PRICE,REPORT_LIMIT,20,0,0,0,0.05,1.0,0.43320655822753906,9
Structural-RWR,A1_source_corruption,small,28,SRC_STOCK_2_PRICE,REPORT_LIMIT,20,0,0,0,0.05,1.0,0.45871734619140625,8
PC+RWR,A1_source_corruption,small,28,SRC_STOCK_2_PRICE,REPORT_LIMIT,20,0,0,0,0.05,1.0,3.384113311767578,8
AnomalyOnly,A1_source_corruption,small,28,SRC_STOCK_2_PRICE,REPORT_LIMIT,3,0,1,1,0.3333333333333333,0.8,0.0059604644775390625,1
APA-RCA,A1_source_corruption,small,28,SRC_STOCK_2_PRICE,REPORT_LIMIT,5,0,0,1,0.2,0.8,0.4181861877441406,9
APA-RCA-v2,A1_source_corruption,small,28,SRC_STOCK_2_PRICE,REPORT_LIMIT,1,1,1,1,1.0,0.8,0.45180320739746094,9
APA-RCA-v3,A1_source_corruption,small,28,SRC_STOCK_2_PRICE,REPORT_LIMIT,1,1,1,1,1.0,0.8,0.4107952117919922,9
Schema-Constraint,A1_source_corruption,small,28,SRC_STOCK_2_PRICE,REPORT_LIMIT,2,0,1,1,0.5,0.8,0.0,0
BFS,A1_source_corruption,small,29,SRC_STOCK_3_PRICE,REPORT_LIMIT,26,0,0,0,0.038461538461538464,1.0,0.3933906555175781,7
Vanilla-RWR,A1_source_corruption,small,29,SRC_STOCK_3_PRICE,REPORT_LIMIT,21,0,0,0,0.047619047619047616,1.0,0.4138946533203125,9
Structural-RWR,A1_source_corruption,small,29,SRC_STOCK_3_PRICE,REPORT_LIMIT,16,0,0,0,0.0625,1.0,0.4069805145263672,8
PC+RWR,A1_source_corruption,small,29,SRC_STOCK_3_PRICE,REPORT_LIMIT,16,0,0,0,0.0625,1.0,3.222942352294922,8
AnomalyOnly,A1_source_corruption,small,29,SRC_STOCK_3_PRICE,REPORT_LIMIT,1,1,1,1,1.0,0.8,0.006198883056640625,1
APA-RCA,A1_source_corruption,small,29,SRC_STOCK_3_PRICE,REPORT_LIMIT,4,0,0,1,0.25,0.8,0.39505958557128906,9
APA-RCA-v2,A1_source_corruption,small,29,SRC_STOCK_3_PRICE,REPORT_LIMIT,1,1,1,1,1.0,0.8,0.4317760467529297,9
APA-RCA-v3,A1_source_corruption,small,29,SRC_STOCK_3_PRICE,REPORT_LIMIT,1,1,1,1,1.0,0.8,0.38886070251464844,9
Schema-Constraint,A1_source_corruption,small,29,SRC_STOCK_3_PRICE,REPORT_LIMIT,3,0,1,1,0.3333333333333333,0.8,0.0,0
BFS,A2_etl_logic_error,small,0,ETL_FX_STOCK_3_PRICE,REPORT_LIMIT,10,0,0,0,0.1,1.0,0.4100799560546875,7
Vanilla-RWR,A2_etl_logic_error,small,0,ETL_FX_STOCK_3_PRICE,REPORT_LIMIT,28,0,0,0,0.03571428571428571,1.0,0.4291534423828125,9
Structural-RWR,A2_etl_logic_error,small,0,ETL_FX_STOCK_3_PRICE,REPORT_LIMIT,9,0,0,0,0.1111111111111111,1.0,0.44798851013183594,8
PC+RWR,A2_etl_logic_error,small,0,ETL_FX_STOCK_3_PRICE,REPORT_LIMIT,9,0,0,0,0.1111111111111111,1.0,3.4170150756835938,8
AnomalyOnly,A2_etl_logic_error,small,0,ETL_FX_STOCK_3_PRICE,REPORT_LIMIT,1,1,1,1,1.0,0.8,0.0059604644775390625,1
APA-RCA,A2_etl_logic_error,small,0,ETL_FX_STOCK_3_PRICE,REPORT_LIMIT,2,0,1,1,0.5,0.8,0.4398822784423828,9
APA-RCA-v2,A2_etl_logic_error,small,0,ETL_FX_STOCK_3_PRICE,REPORT_LIMIT,2,0,1,1,0.5,0.8,0.7061958312988281,9
APA-RCA-v3,A2_etl_logic_error,small,0,ETL_FX_STOCK_3_PRICE,REPORT_LIMIT,2,0,1,1,0.5,0.8,0.41604042053222656,9
Schema-Constraint,A2_etl_logic_error,small,0,ETL_FX_STOCK_3_PRICE,REPORT_LIMIT,18,0,0,0,0.05555555555555555,1.0,0.0,0
BFS,A2_etl_logic_error,small,1,ETL_FX_STOCK_2_PRICE,REPORT_LIMIT,10,0,0,0,0.1,1.0,0.3981590270996094,7
Vanilla-RWR,A2_etl_logic_error,small,1,ETL_FX_STOCK_2_PRICE,REPORT_LIMIT,27,0,0,0,0.037037037037037035,1.0,0.4208087921142578,9
Structural-RWR,A2_etl_logic_error,small,1,ETL_FX_STOCK_2_PRICE,REPORT_LIMIT,8,0,0,0,0.125,1.0,0.43892860412597656,8
PC+RWR,A2_etl_logic_error,small,1,ETL_FX_STOCK_2_PRICE,REPORT_LIMIT,8,0,0,0,0.125,1.0,3.309965133666992,8
AnomalyOnly,A2_etl_logic_error,small,1,ETL_FX_STOCK_2_PRICE,REPORT_LIMIT,4,0,0,1,0.25,0.8,0.0059604644775390625,1
APA-RCA,A2_etl_logic_error,small,1,ETL_FX_STOCK_2_PRICE,REPORT_LIMIT,3,0,1,1,0.3333333333333333,0.8,0.4258155822753906,9
APA-RCA-v2,A2_etl_logic_error,small,1,ETL_FX_STOCK_2_PRICE,REPORT_LIMIT,3,0,1,1,0.3333333333333333,0.8,0.4570484161376953,9
APA-RCA-v3,A2_etl_logic_error,small,1,ETL_FX_STOCK_2_PRICE,REPORT_LIMIT,3,0,1,1,0.3333333333333333,0.8,0.4181861877441406,9
Schema-Constraint,A2_etl_logic_error,small,1,ETL_FX_STOCK_2_PRICE,REPORT_LIMIT,17,0,0,0,0.058823529411764705,1.0,0.0,0
BFS,A2_etl_logic_error,small,2,ETL_FX_STOCK_3_PRICE,REPORT_LIMIT,10,0,0,0,0.1,1.0,0.41604042053222656,7
Vanilla-RWR,A2_etl_logic_error,small,2,ETL_FX_STOCK_3_PRICE,REPORT_LIMIT,28,0,0,0,0.03571428571428571,1.0,0.4451274871826172,9
Structural-RWR,A2_etl_logic_error,small,2,ETL_FX_STOCK_3_PRICE,REPORT_LIMIT,9,0,0,0,0.1111111111111111,1.0,0.44798851013183594,8
PC+RWR,A2_etl_logic_error,small,2,ETL_FX_STOCK_3_PRICE,REPORT_LIMIT,9,0,0,0,0.1111111111111111,1.0,3.367185592651367,8
AnomalyOnly,A2_etl_logic_error,small,2,ETL_FX_STOCK_3_PRICE,REPORT_LIMIT,2,0,1,1,0.5,0.8,0.005245208740234375,1
APA-RCA,A2_etl_logic_error,small,2,ETL_FX_STOCK_3_PRICE,REPORT_LIMIT,2,0,1,1,0.5,0.8,0.42319297790527344,9
APA-RCA-v2,A2_etl_logic_error,small,2,ETL_FX_STOCK_3_PRICE,REPORT_LIMIT,2,0,1,1,0.5,0.8,0.4608631134033203,9
APA-RCA-v3,A2_etl_logic_error,small,2,ETL_FX_STOCK_3_PRICE,REPORT_LIMIT,2,0,1,1,0.5,0.8,0.41413307189941406,9
Schema-Constraint,A2_etl_logic_error,small,2,ETL_FX_STOCK_3_PRICE,REPORT_LIMIT,18,0,0,0,0.05555555555555555,1.0,0.0,0
BFS,A2_etl_logic_error,small,3,ETL_FX_STOCK_3_PRICE,REPORT_LIMIT,10,0,0,0,0.1,1.0,0.3917217254638672,7
Vanilla-RWR,A2_etl_logic_error,small,3,ETL_FX_STOCK_3_PRICE,REPORT_LIMIT,28,0,0,0,0.03571428571428571,1.0,0.48995018005371094,9
Structural-RWR,A2_etl_logic_error,small,3,ETL_FX_STOCK_3_PRICE,REPORT_LIMIT,7,0,0,0,0.14285714285714285,1.0,0.40984153747558594,8
PC+RWR,A2_etl_logic_error,small,3,ETL_FX_STOCK_3_PRICE,REPORT_LIMIT,7,0,0,0,0.14285714285714285,1.0,3.3180713653564453,8
AnomalyOnly,A2_etl_logic_error,small,3,ETL_FX_STOCK_3_PRICE,REPORT_LIMIT,3,0,1,1,0.3333333333333333,0.8,0.006198883056640625,1
APA-RCA,A2_etl_logic_error,small,3,ETL_FX_STOCK_3_PRICE,REPORT_LIMIT,2,0,1,1,0.5,0.8,0.41103363037109375,9
APA-RCA-v2,A2_etl_logic_error,small,3,ETL_FX_STOCK_3_PRICE,REPORT_LIMIT,3,0,1,1,0.3333333333333333,0.8,0.44798851013183594,9
APA-RCA-v3,A2_etl_logic_error,small,3,ETL_FX_STOCK_3_PRICE,REPORT_LIMIT,3,0,1,1,0.3333333333333333,0.8,0.38504600524902344,9
Schema-Constraint,A2_etl_logic_error,small,3,ETL_FX_STOCK_3_PRICE,REPORT_LIMIT,18,0,0,0,0.05555555555555555,1.0,0.0,0
BFS,A2_etl_logic_error,small,4,ETL_FX_STOCK_3_PRICE,REPORT_LIMIT,10,0,0,0,0.1,1.0,0.39386749267578125,7
Vanilla-RWR,A2_etl_logic_error,small,4,ETL_FX_STOCK_3_PRICE,REPORT_LIMIT,28,0,0,0,0.03571428571428571,1.0,0.4248619079589844,9
Structural-RWR,A2_etl_logic_error,small,4,ETL_FX_STOCK_3_PRICE,REPORT_LIMIT,8,0,0,0,0.125,1.0,0.43511390686035156,8
PC+RWR,A2_etl_logic_error,small,4,ETL_FX_STOCK_3_PRICE,REPORT_LIMIT,8,0,0,0,0.125,1.0,3.3321380615234375,8
AnomalyOnly,A2_etl_logic_error,small,4,ETL_FX_STOCK_3_PRICE,REPORT_LIMIT,3,0,1,1,0.3333333333333333,0.8,0.005245208740234375,1
APA-RCA,A2_etl_logic_error,small,4,ETL_FX_STOCK_3_PRICE,REPORT_LIMIT,3,0,1,1,0.3333333333333333,0.8,0.4189014434814453,9
APA-RCA-v2,A2_etl_logic_error,small,4,ETL_FX_STOCK_3_PRICE,REPORT_LIMIT,2,0,1,1,0.5,0.8,0.4642009735107422,9
APA-RCA-v3,A2_etl_logic_error,small,4,ETL_FX_STOCK_3_PRICE,REPORT_LIMIT,2,0,1,1,0.5,0.8,0.4229545593261719,9
Schema-Constraint,A2_etl_logic_error,small,4,ETL_FX_STOCK_3_PRICE,REPORT_LIMIT,18,0,0,0,0.05555555555555555,1.0,0.0,0
BFS,A2_etl_logic_error,small,5,ETL_FX_STOCK_3_PRICE,REPORT_LIMIT,10,0,0,0,0.1,1.0,0.3802776336669922,7
Vanilla-RWR,A2_etl_logic_error,small,5,ETL_FX_STOCK_3_PRICE,REPORT_LIMIT,28,0,0,0,0.03571428571428571,1.0,0.4239082336425781,9
Structural-RWR,A2_etl_logic_error,small,5,ETL_FX_STOCK_3_PRICE,REPORT_LIMIT,8,0,0,0,0.125,1.0,0.42891502380371094,8
PC+RWR,A2_etl_logic_error,small,5,ETL_FX_STOCK_3_PRICE,REPORT_LIMIT,8,0,0,0,0.125,1.0,3.3578872680664062,8
AnomalyOnly,A2_etl_logic_error,small,5,ETL_FX_STOCK_3_PRICE,REPORT_LIMIT,1,1,1,1,1.0,0.8,0.005245208740234375,1
APA-RCA,A2_etl_logic_error,small,5,ETL_FX_STOCK_3_PRICE,REPORT_LIMIT,2,0,1,1,0.5,0.8,0.4260540008544922,9
APA-RCA-v2,A2_etl_logic_error,small,5,ETL_FX_STOCK_3_PRICE,REPORT_LIMIT,2,0,1,1,0.5,0.8,0.7579326629638672,9
APA-RCA-v3,A2_etl_logic_error,small,5,ETL_FX_STOCK_3_PRICE,REPORT_LIMIT,2,0,1,1,0.5,0.8,0.39315223693847656,9
Schema-Constraint,A2_etl_logic_error,small,5,ETL_FX_STOCK_3_PRICE,REPORT_LIMIT,18,0,0,0,0.05555555555555555,1.0,0.0,0
BFS,A2_etl_logic_error,small,6,ETL_FX_STOCK_2_PRICE,REPORT_LIMIT,10,0,0,0,0.1,1.0,0.3981590270996094,7
Vanilla-RWR,A2_etl_logic_error,small,6,ETL_FX_STOCK_2_PRICE,REPORT_LIMIT,27,0,0,0,0.037037037037037035,1.0,0.4229545593261719,9
Structural-RWR,A2_etl_logic_error,small,6,ETL_FX_STOCK_2_PRICE,REPORT_LIMIT,9,0,0,0,0.1111111111111111,1.0,0.43320655822753906,8
PC+RWR,A2_etl_logic_error,small,6,ETL_FX_STOCK_2_PRICE,REPORT_LIMIT,9,0,0,0,0.1111111111111111,1.0,3.2858848571777344,8
AnomalyOnly,A2_etl_logic_error,small,6,ETL_FX_STOCK_2_PRICE,REPORT_LIMIT,3,0,1,1,0.3333333333333333,0.8,0.0059604644775390625,1
APA-RCA,A2_etl_logic_error,small,6,ETL_FX_STOCK_2_PRICE,REPORT_LIMIT,3,0,1,1,0.3333333333333333,0.8,0.4220008850097656,9
APA-RCA-v2,A2_etl_logic_error,small,6,ETL_FX_STOCK_2_PRICE,REPORT_LIMIT,2,0,1,1,0.5,0.8,0.45490264892578125,9
APA-RCA-v3,A2_etl_logic_error,small,6,ETL_FX_STOCK_2_PRICE,REPORT_LIMIT,2,0,1,1,0.5,0.8,0.41174888610839844,9
Schema-Constraint,A2_etl_logic_error,small,6,ETL_FX_STOCK_2_PRICE,REPORT_LIMIT,17,0,0,0,0.058823529411764705,1.0,0.0,0
BFS,A2_etl_logic_error,small,7,ETL_FX_STOCK_3_PRICE,REPORT_LIMIT,10,0,0,0,0.1,1.0,0.36597251892089844,7
Vanilla-RWR,A2_etl_logic_error,small,7,ETL_FX_STOCK_3_PRICE,REPORT_LIMIT,28,0,0,0,0.03571428571428571,1.0,0.39505958557128906,9
Structural-RWR,A2_etl_logic_error,small,7,ETL_FX_STOCK_3_PRICE,REPORT_LIMIT,9,0,0,0,0.1111111111111111,1.0,0.4322528839111328,8
PC+RWR,A2_etl_logic_error,small,7,ETL_FX_STOCK_3_PRICE,REPORT_LIMIT,9,0,0,0,0.1111111111111111,1.0,3.3206939697265625,8
AnomalyOnly,A2_etl_logic_error,small,7,ETL_FX_STOCK_3_PRICE,REPORT_LIMIT,4,0,0,1,0.25,0.8,0.006198883056640625,1
APA-RCA,A2_etl_logic_error,small,7,ETL_FX_STOCK_3_PRICE,REPORT_LIMIT,3,0,1,1,0.3333333333333333,0.8,0.4150867462158203,9
APA-RCA-v2,A2_etl_logic_error,small,7,ETL_FX_STOCK_3_PRICE,REPORT_LIMIT,1,1,1,1,1.0,0.8,0.46181678771972656,9
APA-RCA-v3,A2_etl_logic_error,small,7,ETL_FX_STOCK_3_PRICE,REPORT_LIMIT,1,1,1,1,1.0,0.8,0.4119873046875,9
Schema-Constraint,A2_etl_logic_error,small,7,ETL_FX_STOCK_3_PRICE,REPORT_LIMIT,18,0,0,0,0.05555555555555555,1.0,0.0,0
BFS,A2_etl_logic_error,small,8,ETL_FX_STOCK_3_PRICE,REPORT_LIMIT,10,0,0,0,0.1,1.0,0.3731250762939453,7
Vanilla-RWR,A2_etl_logic_error,small,8,ETL_FX_STOCK_3_PRICE,REPORT_LIMIT,28,0,0,0,0.03571428571428571,1.0,0.4520416259765625,9
Structural-RWR,A2_etl_logic_error,small,8,ETL_FX_STOCK_3_PRICE,REPORT_LIMIT,8,0,0,0,0.125,1.0,0.39696693420410156,8
PC+RWR,A2_etl_logic_error,small,8,ETL_FX_STOCK_3_PRICE,REPORT_LIMIT,8,0,0,0,0.125,1.0,3.3180713653564453,8
AnomalyOnly,A2_etl_logic_error,small,8,ETL_FX_STOCK_3_PRICE,REPORT_LIMIT,2,0,1,1,0.5,0.8,0.006198883056640625,1
APA-RCA,A2_etl_logic_error,small,8,ETL_FX_STOCK_3_PRICE,REPORT_LIMIT,3,0,1,1,0.3333333333333333,0.8,0.4200935363769531,9
APA-RCA-v2,A2_etl_logic_error,small,8,ETL_FX_STOCK_3_PRICE,REPORT_LIMIT,2,0,1,1,0.5,0.8,0.4661083221435547,9
APA-RCA-v3,A2_etl_logic_error,small,8,ETL_FX_STOCK_3_PRICE,REPORT_LIMIT,2,0,1,1,0.5,0.8,0.4150867462158203,9
Schema-Constraint,A2_etl_logic_error,small,8,ETL_FX_STOCK_3_PRICE,REPORT_LIMIT,18,0,0,0,0.05555555555555555,1.0,0.0,0
BFS,A2_etl_logic_error,small,9,ETL_FX_STOCK_2_PRICE,REPORT_LIMIT,10,0,0,0,0.1,1.0,0.39505958557128906,7
Vanilla-RWR,A2_etl_logic_error,small,9,ETL_FX_STOCK_2_PRICE,REPORT_LIMIT,27,0,0,0,0.037037037037037035,1.0,0.4200935363769531,9
Structural-RWR,A2_etl_logic_error,small,9,ETL_FX_STOCK_2_PRICE,REPORT_LIMIT,11,0,0,0,0.09090909090909091,1.0,0.43201446533203125,8
PC+RWR,A2_etl_logic_error,small,9,ETL_FX_STOCK_2_PRICE,REPORT_LIMIT,11,0,0,0,0.09090909090909091,1.0,3.267049789428711,8
AnomalyOnly,A2_etl_logic_error,small,9,ETL_FX_STOCK_2_PRICE,REPORT_LIMIT,3,0,1,1,0.3333333333333333,0.8,0.0059604644775390625,1
APA-RCA,A2_etl_logic_error,small,9,ETL_FX_STOCK_2_PRICE,REPORT_LIMIT,2,0,1,1,0.5,0.8,0.42700767517089844,9
APA-RCA-v2,A2_etl_logic_error,small,9,ETL_FX_STOCK_2_PRICE,REPORT_LIMIT,2,0,1,1,0.5,0.8,0.4589557647705078,9
APA-RCA-v3,A2_etl_logic_error,small,9,ETL_FX_STOCK_2_PRICE,REPORT_LIMIT,2,0,1,1,0.5,0.8,0.41604042053222656,9
Schema-Constraint,A2_etl_logic_error,small,9,ETL_FX_STOCK_2_PRICE,REPORT_LIMIT,17,0,0,0,0.058823529411764705,1.0,0.0,0
BFS,A2_etl_logic_error,small,10,ETL_FX_STOCK_3_PRICE,REPORT_LIMIT,10,0,0,0,0.1,1.0,0.35691261291503906,7
Vanilla-RWR,A2_etl_logic_error,small,10,ETL_FX_STOCK_3_PRICE,REPORT_LIMIT,28,0,0,0,0.03571428571428571,1.0,0.4363059997558594,9
Structural-RWR,A2_etl_logic_error,small,10,ETL_FX_STOCK_3_PRICE,REPORT_LIMIT,5,0,0,1,0.2,0.8,0.42700767517089844,8
PC+RWR,A2_etl_logic_error,small,10,ETL_FX_STOCK_3_PRICE,REPORT_LIMIT,5,0,0,1,0.2,0.8,3.252267837524414,8
AnomalyOnly,A2_etl_logic_error,small,10,ETL_FX_STOCK_3_PRICE,REPORT_LIMIT,2,0,1,1,0.5,0.8,0.005245208740234375,1
APA-RCA,A2_etl_logic_error,small,10,ETL_FX_STOCK_3_PRICE,REPORT_LIMIT,3,0,1,1,0.3333333333333333,0.8,0.45013427734375,9
APA-RCA-v2,A2_etl_logic_error,small,10,ETL_FX_STOCK_3_PRICE,REPORT_LIMIT,2,0,1,1,0.5,0.8,0.7810592651367188,9
APA-RCA-v3,A2_etl_logic_error,small,10,ETL_FX_STOCK_3_PRICE,REPORT_LIMIT,2,0,1,1,0.5,0.8,0.40030479431152344,9
Schema-Constraint,A2_etl_logic_error,small,10,ETL_FX_STOCK_3_PRICE,REPORT_LIMIT,18,0,0,0,0.05555555555555555,1.0,0.0,0
BFS,A2_etl_logic_error,small,11,ETL_FX_STOCK_1_PRICE,REPORT_LIMIT,10,0,0,0,0.1,1.0,0.39315223693847656,7
Vanilla-RWR,A2_etl_logic_error,small,11,ETL_FX_STOCK_1_PRICE,REPORT_LIMIT,26,0,0,0,0.038461538461538464,1.0,0.4208087921142578,9
Structural-RWR,A2_etl_logic_error,small,11,ETL_FX_STOCK_1_PRICE,REPORT_LIMIT,8,0,0,0,0.125,1.0,0.43392181396484375,8
PC+RWR,A2_etl_logic_error,small,11,ETL_FX_STOCK_1_PRICE,REPORT_LIMIT,8,0,0,0,0.125,1.0,3.2808780670166016,8
AnomalyOnly,A2_etl_logic_error,small,11,ETL_FX_STOCK_1_PRICE,REPORT_LIMIT,2,0,1,1,0.5,0.8,0.006198883056640625,1
APA-RCA,A2_etl_logic_error,small,11,ETL_FX_STOCK_1_PRICE,REPORT_LIMIT,2,0,1,1,0.5,0.8,0.4200935363769531,9
APA-RCA-v2,A2_etl_logic_error,small,11,ETL_FX_STOCK_1_PRICE,REPORT_LIMIT,2,0,1,1,0.5,0.8,0.45108795166015625,9
APA-RCA-v3,A2_etl_logic_error,small,11,ETL_FX_STOCK_1_PRICE,REPORT_LIMIT,2,0,1,1,0.5,0.8,0.4210472106933594,9
Schema-Constraint,A2_etl_logic_error,small,11,ETL_FX_STOCK_1_PRICE,REPORT_LIMIT,16,0,0,0,0.0625,1.0,0.0,0
BFS,A2_etl_logic_error,small,12,ETL_FX_STOCK_2_PRICE,REPORT_LIMIT,10,0,0,0,0.1,1.0,0.3829002380371094,7
Vanilla-RWR,A2_etl_logic_error,small,12,ETL_FX_STOCK_2_PRICE,REPORT_LIMIT,27,0,0,0,0.037037037037037035,1.0,0.4181861877441406,9
Structural-RWR,A2_etl_logic_error,small,12,ETL_FX_STOCK_2_PRICE,REPORT_LIMIT,5,0,0,1,0.2,0.8,0.43320655822753906,8
PC+RWR,A2_etl_logic_error,small,12,ETL_FX_STOCK_2_PRICE,REPORT_LIMIT,5,0,0,1,0.2,0.8,3.2482147216796875,8
AnomalyOnly,A2_etl_logic_error,small,12,ETL_FX_STOCK_2_PRICE,REPORT_LIMIT,1,1,1,1,1.0,0.8,0.00476837158203125,1
APA-RCA,A2_etl_logic_error,small,12,ETL_FX_STOCK_2_PRICE,REPORT_LIMIT,2,0,1,1,0.5,0.8,0.4260540008544922,9
APA-RCA-v2,A2_etl_logic_error,small,12,ETL_FX_STOCK_2_PRICE,REPORT_LIMIT,2,0,1,1,0.5,0.8,0.4611015319824219,9
APA-RCA-v3,A2_etl_logic_error,small,12,ETL_FX_STOCK_2_PRICE,REPORT_LIMIT,2,0,1,1,0.5,0.8,0.4191398620605469,9
Schema-Constraint,A2_etl_logic_error,small,12,ETL_FX_STOCK_2_PRICE,REPORT_LIMIT,17,0,0,0,0.058823529411764705,1.0,0.0,0
BFS,A2_etl_logic_error,small,13,ETL_FX_STOCK_3_PRICE,REPORT_LIMIT,10,0,0,0,0.1,1.0,0.3561973571777344,7
Vanilla-RWR,A2_etl_logic_error,small,13,ETL_FX_STOCK_3_PRICE,REPORT_LIMIT,28,0,0,0,0.03571428571428571,1.0,21.18682861328125,9
Structural-RWR,A2_etl_logic_error,small,13,ETL_FX_STOCK_3_PRICE,REPORT_LIMIT,10,0,0,0,0.1,1.0,0.3840923309326172,8
PC+RWR,A2_etl_logic_error,small,13,ETL_FX_STOCK_3_PRICE,REPORT_LIMIT,10,0,0,0,0.1,1.0,3.306865692138672,8
AnomalyOnly,A2_etl_logic_error,small,13,ETL_FX_STOCK_3_PRICE,REPORT_LIMIT,1,1,1,1,1.0,0.8,0.0059604644775390625,1
APA-RCA,A2_etl_logic_error,small,13,ETL_FX_STOCK_3_PRICE,REPORT_LIMIT,2,0,1,1,0.5,0.8,0.4017353057861328,9
APA-RCA-v2,A2_etl_logic_error,small,13,ETL_FX_STOCK_3_PRICE,REPORT_LIMIT,2,0,1,1,0.5,0.8,0.4489421844482422,9
APA-RCA-v3,A2_etl_logic_error,small,13,ETL_FX_STOCK_3_PRICE,REPORT_LIMIT,2,0,1,1,0.5,0.8,0.4138946533203125,9
Schema-Constraint,A2_etl_logic_error,small,13,ETL_FX_STOCK_3_PRICE,REPORT_LIMIT,18,0,0,0,0.05555555555555555,1.0,0.0,0
BFS,A2_etl_logic_error,small,14,ETL_FX_STOCK_1_PRICE,REPORT_LIMIT,10,0,0,0,0.1,1.0,0.36978721618652344,7
Vanilla-RWR,A2_etl_logic_error,small,14,ETL_FX_STOCK_1_PRICE,REPORT_LIMIT,26,0,0,0,0.038461538461538464,1.0,0.4191398620605469,9
Structural-RWR,A2_etl_logic_error,small,14,ETL_FX_STOCK_1_PRICE,REPORT_LIMIT,9,0,0,0,0.1111111111111111,1.0,0.43702125549316406,8
PC+RWR,A2_etl_logic_error,small,14,ETL_FX_STOCK_1_PRICE,REPORT_LIMIT,9,0,0,0,0.1111111111111111,1.0,3.2911300659179688,8
AnomalyOnly,A2_etl_logic_error,small,14,ETL_FX_STOCK_1_PRICE,REPORT_LIMIT,2,0,1,1,0.5,0.8,0.0059604644775390625,1
APA-RCA,A2_etl_logic_error,small,14,ETL_FX_STOCK_1_PRICE,REPORT_LIMIT,2,0,1,1,0.5,0.8,0.4239082336425781,9
APA-RCA-v2,A2_etl_logic_error,small,14,ETL_FX_STOCK_1_PRICE,REPORT_LIMIT,2,0,1,1,0.5,0.8,0.42891502380371094,9
APA-RCA-v3,A2_etl_logic_error,small,14,ETL_FX_STOCK_1_PRICE,REPORT_LIMIT,2,0,1,1,0.5,0.8,0.39696693420410156,9
Schema-Constraint,A2_etl_logic_error,small,14,ETL_FX_STOCK_1_PRICE,REPORT_LIMIT,16,0,0,0,0.0625,1.0,0.0,0
BFS,A2_etl_logic_error,small,15,ETL_FX_STOCK_3_PRICE,REPORT_LIMIT,10,0,0,0,0.1,1.0,0.3769397735595703,7
Vanilla-RWR,A2_etl_logic_error,small,15,ETL_FX_STOCK_3_PRICE,REPORT_LIMIT,28,0,0,0,0.03571428571428571,1.0,0.3941059112548828,9
Structural-RWR,A2_etl_logic_error,small,15,ETL_FX_STOCK_3_PRICE,REPORT_LIMIT,10,0,0,0,0.1,1.0,0.43392181396484375,8
PC+RWR,A2_etl_logic_error,small,15,ETL_FX_STOCK_3_PRICE,REPORT_LIMIT,10,0,0,0,0.1,1.0,3.233194351196289,8
AnomalyOnly,A2_etl_logic_error,small,15,ETL_FX_STOCK_3_PRICE,REPORT_LIMIT,1,1,1,1,1.0,0.8,0.0050067901611328125,1
APA-RCA,A2_etl_logic_error,small,15,ETL_FX_STOCK_3_PRICE,REPORT_LIMIT,3,0,1,1,0.3333333333333333,0.8,0.4150867462158203,9
APA-RCA-v2,A2_etl_logic_error,small,15,ETL_FX_STOCK_3_PRICE,REPORT_LIMIT,3,0,1,1,0.3333333333333333,0.8,0.4630088806152344,9
APA-RCA-v3,A2_etl_logic_error,small,15,ETL_FX_STOCK_3_PRICE,REPORT_LIMIT,3,0,1,1,0.3333333333333333,0.8,0.4191398620605469,9
Schema-Constraint,A2_etl_logic_error,small,15,ETL_FX_STOCK_3_PRICE,REPORT_LIMIT,18,0,0,0,0.05555555555555555,1.0,0.0,0
BFS,A2_etl_logic_error,small,16,ETL_FX_STOCK_2_PRICE,REPORT_LIMIT,10,0,0,0,0.1,1.0,0.34809112548828125,7
Vanilla-RWR,A2_etl_logic_error,small,16,ETL_FX_STOCK_2_PRICE,REPORT_LIMIT,27,0,0,0,0.037037037037037035,1.0,0.4150867462158203,9
Structural-RWR,A2_etl_logic_error,small,16,ETL_FX_STOCK_2_PRICE,REPORT_LIMIT,7,0,0,0,0.14285714285714285,1.0,0.43320655822753906,8
PC+RWR,A2_etl_logic_error,small,16,ETL_FX_STOCK_2_PRICE,REPORT_LIMIT,7,0,0,0,0.14285714285714285,1.0,3.201007843017578,8
AnomalyOnly,A2_etl_logic_error,small,16,ETL_FX_STOCK_2_PRICE,REPORT_LIMIT,3,0,1,1,0.3333333333333333,0.8,0.0050067901611328125,1
APA-RCA,A2_etl_logic_error,small,16,ETL_FX_STOCK_2_PRICE,REPORT_LIMIT,2,0,1,1,0.5,0.8,0.42700767517089844,9
APA-RCA-v2,A2_etl_logic_error,small,16,ETL_FX_STOCK_2_PRICE,REPORT_LIMIT,3,0,1,1,0.3333333333333333,0.8,0.45299530029296875,9
APA-RCA-v3,A2_etl_logic_error,small,16,ETL_FX_STOCK_2_PRICE,REPORT_LIMIT,3,0,1,1,0.3333333333333333,0.8,0.41484832763671875,9
Schema-Constraint,A2_etl_logic_error,small,16,ETL_FX_STOCK_2_PRICE,REPORT_LIMIT,17,0,0,0,0.058823529411764705,1.0,0.0,0
BFS,A2_etl_logic_error,small,17,ETL_FX_STOCK_3_PRICE,REPORT_LIMIT,10,0,0,0,0.1,1.0,0.34689903259277344,7
Vanilla-RWR,A2_etl_logic_error,small,17,ETL_FX_STOCK_3_PRICE,REPORT_LIMIT,28,0,0,0,0.03571428571428571,1.0,0.4191398620605469,9
Structural-RWR,A2_etl_logic_error,small,17,ETL_FX_STOCK_3_PRICE,REPORT_LIMIT,11,0,0,0,0.09090909090909091,1.0,0.4360675811767578,8
PC+RWR,A2_etl_logic_error,small,17,ETL_FX_STOCK_3_PRICE,REPORT_LIMIT,11,0,0,0,0.09090909090909091,1.0,3.187894821166992,8
AnomalyOnly,A2_etl_logic_error,small,17,ETL_FX_STOCK_3_PRICE,REPORT_LIMIT,1,1,1,1,1.0,0.8,0.0050067901611328125,1
APA-RCA,A2_etl_logic_error,small,17,ETL_FX_STOCK_3_PRICE,REPORT_LIMIT,2,0,1,1,0.5,0.8,0.4100799560546875,9
APA-RCA-v2,A2_etl_logic_error,small,17,ETL_FX_STOCK_3_PRICE,REPORT_LIMIT,3,0,1,1,0.3333333333333333,0.8,0.4596710205078125,9
APA-RCA-v3,A2_etl_logic_error,small,17,ETL_FX_STOCK_3_PRICE,REPORT_LIMIT,3,0,1,1,0.3333333333333333,0.8,0.4138946533203125,9
Schema-Constraint,A2_etl_logic_error,small,17,ETL_FX_STOCK_3_PRICE,REPORT_LIMIT,18,0,0,0,0.05555555555555555,1.0,0.0,0
BFS,A2_etl_logic_error,small,18,ETL_FX_STOCK_3_PRICE,REPORT_LIMIT,10,0,0,0,0.1,1.0,0.3330707550048828,7
Vanilla-RWR,A2_etl_logic_error,small,18,ETL_FX_STOCK_3_PRICE,REPORT_LIMIT,28,0,0,0,0.03571428571428571,1.0,0.4143714904785156,9
Structural-RWR,A2_etl_logic_error,small,18,ETL_FX_STOCK_3_PRICE,REPORT_LIMIT,8,0,0,0,0.125,1.0,0.4258155822753906,8
PC+RWR,A2_etl_logic_error,small,18,ETL_FX_STOCK_3_PRICE,REPORT_LIMIT,8,0,0,0,0.125,1.0,3.2241344451904297,8
AnomalyOnly,A2_etl_logic_error,small,18,ETL_FX_STOCK_3_PRICE,REPORT_LIMIT,1,1,1,1,1.0,0.8,0.0050067901611328125,1
APA-RCA,A2_etl_logic_error,small,18,ETL_FX_STOCK_3_PRICE,REPORT_LIMIT,2,0,1,1,0.5,0.8,0.4017353057861328,9
APA-RCA-v2,A2_etl_logic_error,small,18,ETL_FX_STOCK_3_PRICE,REPORT_LIMIT,3,0,1,1,0.3333333333333333,0.8,0.453948974609375,9
APA-RCA-v3,A2_etl_logic_error,small,18,ETL_FX_STOCK_3_PRICE,REPORT_LIMIT,3,0,1,1,0.3333333333333333,0.8,0.44083595275878906,9
Schema-Constraint,A2_etl_logic_error,small,18,ETL_FX_STOCK_3_PRICE,REPORT_LIMIT,18,0,0,0,0.05555555555555555,1.0,0.0,0
BFS,A2_etl_logic_error,small,19,ETL_FX_STOCK_2_PRICE,REPORT_LIMIT,10,0,0,0,0.1,1.0,0.34880638122558594,7
Vanilla-RWR,A2_etl_logic_error,small,19,ETL_FX_STOCK_2_PRICE,REPORT_LIMIT,27,0,0,0,0.037037037037037035,1.0,0.4150867462158203,9
Structural-RWR,A2_etl_logic_error,small,19,ETL_FX_STOCK_2_PRICE,REPORT_LIMIT,7,0,0,0,0.14285714285714285,1.0,0.43082237243652344,8
PC+RWR,A2_etl_logic_error,small,19,ETL_FX_STOCK_2_PRICE,REPORT_LIMIT,7,0,0,0,0.14285714285714285,1.0,3.1957626342773438,8
AnomalyOnly,A2_etl_logic_error,small,19,ETL_FX_STOCK_2_PRICE,REPORT_LIMIT,1,1,1,1,1.0,0.8,0.005245208740234375,1
APA-RCA,A2_etl_logic_error,small,19,ETL_FX_STOCK_2_PRICE,REPORT_LIMIT,2,0,1,1,0.5,0.8,0.40912628173828125,9
APA-RCA-v2,A2_etl_logic_error,small,19,ETL_FX_STOCK_2_PRICE,REPORT_LIMIT,3,0,1,1,0.3333333333333333,0.8,0.45990943908691406,9
APA-RCA-v3,A2_etl_logic_error,small,19,ETL_FX_STOCK_2_PRICE,REPORT_LIMIT,3,0,1,1,0.3333333333333333,0.8,0.4191398620605469,9
Schema-Constraint,A2_etl_logic_error,small,19,ETL_FX_STOCK_2_PRICE,REPORT_LIMIT,17,0,0,0,0.058823529411764705,1.0,0.0,0
BFS,A2_etl_logic_error,small,20,ETL_FX_STOCK_3_PRICE,REPORT_LIMIT,10,0,0,0,0.1,1.0,0.3552436828613281,7
Vanilla-RWR,A2_etl_logic_error,small,20,ETL_FX_STOCK_3_PRICE,REPORT_LIMIT,28,0,0,0,0.03571428571428571,1.0,0.40721893310546875,9
Structural-RWR,A2_etl_logic_error,small,20,ETL_FX_STOCK_3_PRICE,REPORT_LIMIT,7,0,0,0,0.14285714285714285,1.0,0.4413127899169922,8
PC+RWR,A2_etl_logic_error,small,20,ETL_FX_STOCK_3_PRICE,REPORT_LIMIT,7,0,0,0,0.14285714285714285,1.0,3.364086151123047,8
AnomalyOnly,A2_etl_logic_error,small,20,ETL_FX_STOCK_3_PRICE,REPORT_LIMIT,3,0,1,1,0.3333333333333333,0.8,0.0059604644775390625,1
APA-RCA,A2_etl_logic_error,small,20,ETL_FX_STOCK_3_PRICE,REPORT_LIMIT,3,0,1,1,0.3333333333333333,0.8,0.41604042053222656,9
APA-RCA-v2,A2_etl_logic_error,small,20,ETL_FX_STOCK_3_PRICE,REPORT_LIMIT,2,0,1,1,0.5,0.8,0.6549358367919922,9
APA-RCA-v3,A2_etl_logic_error,small,20,ETL_FX_STOCK_3_PRICE,REPORT_LIMIT,2,0,1,1,0.5,0.8,0.43129920959472656,9
Schema-Constraint,A2_etl_logic_error,small,20,ETL_FX_STOCK_3_PRICE,REPORT_LIMIT,18,0,0,0,0.05555555555555555,1.0,0.0,0
BFS,A2_etl_logic_error,small,21,ETL_FX_STOCK_1_PRICE,REPORT_LIMIT,10,0,0,0,0.1,1.0,0.34809112548828125,7
Vanilla-RWR,A2_etl_logic_error,small,21,ETL_FX_STOCK_1_PRICE,REPORT_LIMIT,26,0,0,0,0.038461538461538464,1.0,0.4200935363769531,9
Structural-RWR,A2_etl_logic_error,small,21,ETL_FX_STOCK_1_PRICE,REPORT_LIMIT,9,0,0,0,0.1111111111111111,1.0,0.43702125549316406,8
PC+RWR,A2_etl_logic_error,small,21,ETL_FX_STOCK_1_PRICE,REPORT_LIMIT,9,0,0,0,0.1111111111111111,1.0,3.259897232055664,8
AnomalyOnly,A2_etl_logic_error,small,21,ETL_FX_STOCK_1_PRICE,REPORT_LIMIT,3,0,1,1,0.3333333333333333,0.8,0.0059604644775390625,1
APA-RCA,A2_etl_logic_error,small,21,ETL_FX_STOCK_1_PRICE,REPORT_LIMIT,3,0,1,1,0.3333333333333333,0.8,0.4248619079589844,9
APA-RCA-v2,A2_etl_logic_error,small,21,ETL_FX_STOCK_1_PRICE,REPORT_LIMIT,4,0,0,1,0.25,0.8,0.4570484161376953,9
APA-RCA-v3,A2_etl_logic_error,small,21,ETL_FX_STOCK_1_PRICE,REPORT_LIMIT,4,0,0,1,0.25,0.8,0.41294097900390625,9
Schema-Constraint,A2_etl_logic_error,small,21,ETL_FX_STOCK_1_PRICE,REPORT_LIMIT,16,0,0,0,0.0625,1.0,0.0,0
BFS,A2_etl_logic_error,small,22,ETL_FX_STOCK_3_PRICE,REPORT_LIMIT,10,0,0,0,0.1,1.0,0.34308433532714844,7
Vanilla-RWR,A2_etl_logic_error,small,22,ETL_FX_STOCK_3_PRICE,REPORT_LIMIT,28,0,0,0,0.03571428571428571,1.0,0.4138946533203125,9
Structural-RWR,A2_etl_logic_error,small,22,ETL_FX_STOCK_3_PRICE,REPORT_LIMIT,5,0,0,1,0.2,0.8,0.4279613494873047,8
PC+RWR,A2_etl_logic_error,small,22,ETL_FX_STOCK_3_PRICE,REPORT_LIMIT,5,0,0,1,0.2,0.8,3.1862258911132812,8
AnomalyOnly,A2_etl_logic_error,small,22,ETL_FX_STOCK_3_PRICE,REPORT_LIMIT,2,0,1,1,0.5,0.8,0.00476837158203125,1
APA-RCA,A2_etl_logic_error,small,22,ETL_FX_STOCK_3_PRICE,REPORT_LIMIT,2,0,1,1,0.5,0.8,0.3986358642578125,9
APA-RCA-v2,A2_etl_logic_error,small,22,ETL_FX_STOCK_3_PRICE,REPORT_LIMIT,3,0,1,1,0.3333333333333333,0.8,0.43892860412597656,9
APA-RCA-v3,A2_etl_logic_error,small,22,ETL_FX_STOCK_3_PRICE,REPORT_LIMIT,3,0,1,1,0.3333333333333333,0.8,0.4169940948486328,9
Schema-Constraint,A2_etl_logic_error,small,22,ETL_FX_STOCK_3_PRICE,REPORT_LIMIT,18,0,0,0,0.05555555555555555,1.0,0.0,0
BFS,A2_etl_logic_error,small,23,ETL_FX_STOCK_1_PRICE,REPORT_LIMIT,10,0,0,0,0.1,1.0,0.3859996795654297,7
Vanilla-RWR,A2_etl_logic_error,small,23,ETL_FX_STOCK_1_PRICE,REPORT_LIMIT,26,0,0,0,0.038461538461538464,1.0,0.4169940948486328,9
Structural-RWR,A2_etl_logic_error,small,23,ETL_FX_STOCK_1_PRICE,REPORT_LIMIT,8,0,0,0,0.125,1.0,0.4341602325439453,8
PC+RWR,A2_etl_logic_error,small,23,ETL_FX_STOCK_1_PRICE,REPORT_LIMIT,8,0,0,0,0.125,1.0,3.1731128692626953,8
AnomalyOnly,A2_etl_logic_error,small,23,ETL_FX_STOCK_1_PRICE,REPORT_LIMIT,2,0,1,1,0.5,0.8,0.0050067901611328125,1
APA-RCA,A2_etl_logic_error,small,23,ETL_FX_STOCK_1_PRICE,REPORT_LIMIT,2,0,1,1,0.5,0.8,0.4220008850097656,9
APA-RCA-v2,A2_etl_logic_error,small,23,ETL_FX_STOCK_1_PRICE,REPORT_LIMIT,2,0,1,1,0.5,0.8,0.46896934509277344,9
APA-RCA-v3,A2_etl_logic_error,small,23,ETL_FX_STOCK_1_PRICE,REPORT_LIMIT,2,0,1,1,0.5,0.8,0.4169940948486328,9
Schema-Constraint,A2_etl_logic_error,small,23,ETL_FX_STOCK_1_PRICE,REPORT_LIMIT,16,0,0,0,0.0625,1.0,0.0,0
BFS,A2_etl_logic_error,small,24,ETL_FX_STOCK_2_PRICE,REPORT_LIMIT,10,0,0,0,0.1,1.0,0.3609657287597656,7
Vanilla-RWR,A2_etl_logic_error,small,24,ETL_FX_STOCK_2_PRICE,REPORT_LIMIT,27,0,0,0,0.037037037037037035,1.0,0.4208087921142578,9
Structural-RWR,A2_etl_logic_error,small,24,ETL_FX_STOCK_2_PRICE,REPORT_LIMIT,11,0,0,0,0.09090909090909091,1.0,0.4410743713378906,8
PC+RWR,A2_etl_logic_error,small,24,ETL_FX_STOCK_2_PRICE,REPORT_LIMIT,11,0,0,0,0.09090909090909091,1.0,3.2701492309570312,8
AnomalyOnly,A2_etl_logic_error,small,24,ETL_FX_STOCK_2_PRICE,REPORT_LIMIT,1,1,1,1,1.0,0.8,0.0059604644775390625,1
APA-RCA,A2_etl_logic_error,small,24,ETL_FX_STOCK_2_PRICE,REPORT_LIMIT,2,0,1,1,0.5,0.8,0.4229545593261719,9
APA-RCA-v2,A2_etl_logic_error,small,24,ETL_FX_STOCK_2_PRICE,REPORT_LIMIT,2,0,1,1,0.5,0.8,0.45800209045410156,9
APA-RCA-v3,A2_etl_logic_error,small,24,ETL_FX_STOCK_2_PRICE,REPORT_LIMIT,2,0,1,1,0.5,0.8,0.39505958557128906,9
Schema-Constraint,A2_etl_logic_error,small,24,ETL_FX_STOCK_2_PRICE,REPORT_LIMIT,17,0,0,0,0.058823529411764705,1.0,0.0,0
BFS,A2_etl_logic_error,small,25,ETL_FX_STOCK_2_PRICE,REPORT_LIMIT,10,0,0,0,0.1,1.0,0.3447532653808594,7
Vanilla-RWR,A2_etl_logic_error,small,25,ETL_FX_STOCK_2_PRICE,REPORT_LIMIT,27,0,0,0,0.037037037037037035,1.0,0.41484832763671875,9
Structural-RWR,A2_etl_logic_error,small,25,ETL_FX_STOCK_2_PRICE,REPORT_LIMIT,8,0,0,0,0.125,1.0,0.7128715515136719,8
PC+RWR,A2_etl_logic_error,small,25,ETL_FX_STOCK_2_PRICE,REPORT_LIMIT,8,0,0,0,0.125,1.0,3.180980682373047,8
AnomalyOnly,A2_etl_logic_error,small,25,ETL_FX_STOCK_2_PRICE,REPORT_LIMIT,4,0,0,1,0.25,0.8,0.0050067901611328125,1
APA-RCA,A2_etl_logic_error,small,25,ETL_FX_STOCK_2_PRICE,REPORT_LIMIT,2,0,1,1,0.5,0.8,0.4220008850097656,9
APA-RCA-v2,A2_etl_logic_error,small,25,ETL_FX_STOCK_2_PRICE,REPORT_LIMIT,2,0,1,1,0.5,0.8,0.4508495330810547,9
APA-RCA-v3,A2_etl_logic_error,small,25,ETL_FX_STOCK_2_PRICE,REPORT_LIMIT,2,0,1,1,0.5,0.8,0.4138946533203125,9
Schema-Constraint,A2_etl_logic_error,small,25,ETL_FX_STOCK_2_PRICE,REPORT_LIMIT,17,0,0,0,0.058823529411764705,1.0,0.0,0
BFS,A2_etl_logic_error,small,26,ETL_FX_STOCK_3_PRICE,REPORT_LIMIT,10,0,0,0,0.1,1.0,0.35881996154785156,7
Vanilla-RWR,A2_etl_logic_error,small,26,ETL_FX_STOCK_3_PRICE,REPORT_LIMIT,28,0,0,0,0.03571428571428571,1.0,0.4181861877441406,9
Structural-RWR,A2_etl_logic_error,small,26,ETL_FX_STOCK_3_PRICE,REPORT_LIMIT,6,0,0,0,0.16666666666666666,1.0,0.43392181396484375,8
PC+RWR,A2_etl_logic_error,small,26,ETL_FX_STOCK_3_PRICE,REPORT_LIMIT,6,0,0,0,0.16666666666666666,1.0,3.19671630859375,8
AnomalyOnly,A2_etl_logic_error,small,26,ETL_FX_STOCK_3_PRICE,REPORT_LIMIT,3,0,1,1,0.3333333333333333,0.8,0.006198883056640625,1
APA-RCA,A2_etl_logic_error,small,26,ETL_FX_STOCK_3_PRICE,REPORT_LIMIT,3,0,1,1,0.3333333333333333,0.8,0.4210472106933594,9
APA-RCA-v2,A2_etl_logic_error,small,26,ETL_FX_STOCK_3_PRICE,REPORT_LIMIT,3,0,1,1,0.3333333333333333,0.8,0.45800209045410156,9
APA-RCA-v3,A2_etl_logic_error,small,26,ETL_FX_STOCK_3_PRICE,REPORT_LIMIT,3,0,1,1,0.3333333333333333,0.8,0.41604042053222656,9
Schema-Constraint,A2_etl_logic_error,small,26,ETL_FX_STOCK_3_PRICE,REPORT_LIMIT,18,0,0,0,0.05555555555555555,1.0,0.0,0
BFS,A2_etl_logic_error,small,27,ETL_FX_STOCK_1_PRICE,REPORT_LIMIT,10,0,0,0,0.1,1.0,0.3800392150878906,7
Vanilla-RWR,A2_etl_logic_error,small,27,ETL_FX_STOCK_1_PRICE,REPORT_LIMIT,26,0,0,0,0.038461538461538464,1.0,0.41413307189941406,9
Structural-RWR,A2_etl_logic_error,small,27,ETL_FX_STOCK_1_PRICE,REPORT_LIMIT,8,0,0,0,0.125,1.0,0.43010711669921875,8
PC+RWR,A2_etl_logic_error,small,27,ETL_FX_STOCK_1_PRICE,REPORT_LIMIT,8,0,0,0,0.125,1.0,3.180980682373047,8
AnomalyOnly,A2_etl_logic_error,small,27,ETL_FX_STOCK_1_PRICE,REPORT_LIMIT,3,0,1,1,0.3333333333333333,0.8,0.00476837158203125,1
APA-RCA,A2_etl_logic_error,small,27,ETL_FX_STOCK_1_PRICE,REPORT_LIMIT,2,0,1,1,0.5,0.8,0.4239082336425781,9
APA-RCA-v2,A2_etl_logic_error,small,27,ETL_FX_STOCK_1_PRICE,REPORT_LIMIT,3,0,1,1,0.3333333333333333,0.8,0.45800209045410156,9
APA-RCA-v3,A2_etl_logic_error,small,27,ETL_FX_STOCK_1_PRICE,REPORT_LIMIT,3,0,1,1,0.3333333333333333,0.8,0.41484832763671875,9
Schema-Constraint,A2_etl_logic_error,small,27,ETL_FX_STOCK_1_PRICE,REPORT_LIMIT,16,0,0,0,0.0625,1.0,0.0,0
BFS,A2_etl_logic_error,small,28,ETL_FX_STOCK_2_PRICE,REPORT_LIMIT,10,0,0,0,0.1,1.0,0.37384033203125,7
Vanilla-RWR,A2_etl_logic_error,small,28,ETL_FX_STOCK_2_PRICE,REPORT_LIMIT,27,0,0,0,0.037037037037037035,1.0,0.43082237243652344,9
Structural-RWR,A2_etl_logic_error,small,28,ETL_FX_STOCK_2_PRICE,REPORT_LIMIT,10,0,0,0,0.1,1.0,0.43320655822753906,8
PC+RWR,A2_etl_logic_error,small,28,ETL_FX_STOCK_2_PRICE,REPORT_LIMIT,10,0,0,0,0.1,1.0,3.1909942626953125,8
AnomalyOnly,A2_etl_logic_error,small,28,ETL_FX_STOCK_2_PRICE,REPORT_LIMIT,4,0,0,1,0.25,0.8,0.005245208740234375,1
APA-RCA,A2_etl_logic_error,small,28,ETL_FX_STOCK_2_PRICE,REPORT_LIMIT,3,0,1,1,0.3333333333333333,0.8,0.3960132598876953,9
APA-RCA-v2,A2_etl_logic_error,small,28,ETL_FX_STOCK_2_PRICE,REPORT_LIMIT,2,0,1,1,0.5,0.8,0.4470348358154297,9
APA-RCA-v3,A2_etl_logic_error,small,28,ETL_FX_STOCK_2_PRICE,REPORT_LIMIT,2,0,1,1,0.5,0.8,0.4169940948486328,9
Schema-Constraint,A2_etl_logic_error,small,28,ETL_FX_STOCK_2_PRICE,REPORT_LIMIT,17,0,0,0,0.058823529411764705,1.0,0.0,0
BFS,A2_etl_logic_error,small,29,ETL_FX_STOCK_3_PRICE,REPORT_LIMIT,10,0,0,0,0.1,1.0,0.3609657287597656,7
Vanilla-RWR,A2_etl_logic_error,small,29,ETL_FX_STOCK_3_PRICE,REPORT_LIMIT,28,0,0,0,0.03571428571428571,1.0,0.4169940948486328,9
Structural-RWR,A2_etl_logic_error,small,29,ETL_FX_STOCK_3_PRICE,REPORT_LIMIT,5,0,0,1,0.2,0.8,0.43320655822753906,8
PC+RWR,A2_etl_logic_error,small,29,ETL_FX_STOCK_3_PRICE,REPORT_LIMIT,5,0,0,1,0.2,0.8,3.2167434692382812,8
AnomalyOnly,A2_etl_logic_error,small,29,ETL_FX_STOCK_3_PRICE,REPORT_LIMIT,1,1,1,1,1.0,0.8,0.0050067901611328125,1
APA-RCA,A2_etl_logic_error,small,29,ETL_FX_STOCK_3_PRICE,REPORT_LIMIT,2,0,1,1,0.5,0.8,0.4229545593261719,9
APA-RCA-v2,A2_etl_logic_error,small,29,ETL_FX_STOCK_3_PRICE,REPORT_LIMIT,2,0,1,1,0.5,0.8,0.4596710205078125,9
APA-RCA-v3,A2_etl_logic_error,small,29,ETL_FX_STOCK_3_PRICE,REPORT_LIMIT,2,0,1,1,0.5,0.8,0.4169940948486328,9
Schema-Constraint,A2_etl_logic_error,small,29,ETL_FX_STOCK_3_PRICE,REPORT_LIMIT,18,0,0,0,0.05555555555555555,1.0,0.0,0
BFS,A3_feature_calc_error,small,0,FEAT_VOL20_STOCK_3_PRICE,REPORT_LIMIT,4,0,0,1,0.25,0.8,0.6461143493652344,7
Vanilla-RWR,A3_feature_calc_error,small,0,FEAT_VOL20_STOCK_3_PRICE,REPORT_LIMIT,5,0,0,1,0.2,0.8,0.41604042053222656,9
Structural-RWR,A3_feature_calc_error,small,0,FEAT_VOL20_STOCK_3_PRICE,REPORT_LIMIT,25,0,0,0,0.04,1.0,0.4298686981201172,8
PC+RWR,A3_feature_calc_error,small,0,FEAT_VOL20_STOCK_3_PRICE,REPORT_LIMIT,25,0,0,0,0.04,1.0,3.1740665435791016,8
AnomalyOnly,A3_feature_calc_error,small,0,FEAT_VOL20_STOCK_3_PRICE,REPORT_LIMIT,10,0,0,0,0.1,1.0,0.0050067901611328125,1
APA-RCA,A3_feature_calc_error,small,0,FEAT_VOL20_STOCK_3_PRICE,REPORT_LIMIT,6,0,0,0,0.16666666666666666,1.0,0.4220008850097656,9
APA-RCA-v2,A3_feature_calc_error,small,0,FEAT_VOL20_STOCK_3_PRICE,REPORT_LIMIT,9,0,0,0,0.1111111111111111,1.0,0.4680156707763672,9
APA-RCA-v3,A3_feature_calc_error,small,0,FEAT_VOL20_STOCK_3_PRICE,REPORT_LIMIT,9,0,0,0,0.1111111111111111,1.0,0.4220008850097656,9
Schema-Constraint,A3_feature_calc_error,small,0,FEAT_VOL20_STOCK_3_PRICE,REPORT_LIMIT,27,0,0,0,0.037037037037037035,1.0,0.0,0
BFS,A3_feature_calc_error,small,1,FEAT_VOL20_STOCK_2_PRICE,REPORT_LIMIT,5,0,0,1,0.2,0.8,0.39005279541015625,7
Vanilla-RWR,A3_feature_calc_error,small,1,FEAT_VOL20_STOCK_2_PRICE,REPORT_LIMIT,4,0,0,1,0.25,0.8,0.4150867462158203,9
Structural-RWR,A3_feature_calc_error,small,1,FEAT_VOL20_STOCK_2_PRICE,REPORT_LIMIT,25,0,0,0,0.04,1.0,0.43392181396484375,8
PC+RWR,A3_feature_calc_error,small,1,FEAT_VOL20_STOCK_2_PRICE,REPORT_LIMIT,25,0,0,0,0.04,1.0,3.225088119506836,8
AnomalyOnly,A3_feature_calc_error,small,1,FEAT_VOL20_STOCK_2_PRICE,REPORT_LIMIT,14,0,0,0,0.07142857142857142,1.0,0.00476837158203125,1
APA-RCA,A3_feature_calc_error,small,1,FEAT_VOL20_STOCK_2_PRICE,REPORT_LIMIT,10,0,0,0,0.1,1.0,0.4379749298095703,9
APA-RCA-v2,A3_feature_calc_error,small,1,FEAT_VOL20_STOCK_2_PRICE,REPORT_LIMIT,12,0,0,0,0.08333333333333333,1.0,0.4620552062988281,9
APA-RCA-v3,A3_feature_calc_error,small,1,FEAT_VOL20_STOCK_2_PRICE,REPORT_LIMIT,12,0,0,0,0.08333333333333333,1.0,0.4200935363769531,9
Schema-Constraint,A3_feature_calc_error,small,1,FEAT_VOL20_STOCK_2_PRICE,REPORT_LIMIT,26,0,0,0,0.038461538461538464,1.0,0.0,0
BFS,A3_feature_calc_error,small,2,FEAT_VOL20_STOCK_3_PRICE,REPORT_LIMIT,6,0,0,0,0.16666666666666666,1.0,0.36787986755371094,7
Vanilla-RWR,A3_feature_calc_error,small,2,FEAT_VOL20_STOCK_3_PRICE,REPORT_LIMIT,5,0,0,1,0.2,0.8,0.4341602325439453,9
Structural-RWR,A3_feature_calc_error,small,2,FEAT_VOL20_STOCK_3_PRICE,REPORT_LIMIT,21,0,0,0,0.047619047619047616,1.0,0.43392181396484375,8
PC+RWR,A3_feature_calc_error,small,2,FEAT_VOL20_STOCK_3_PRICE,REPORT_LIMIT,21,0,0,0,0.047619047619047616,1.0,3.1881332397460938,8
AnomalyOnly,A3_feature_calc_error,small,2,FEAT_VOL20_STOCK_3_PRICE,REPORT_LIMIT,11,0,0,0,0.09090909090909091,1.0,0.00476837158203125,1
APA-RCA,A3_feature_calc_error,small,2,FEAT_VOL20_STOCK_3_PRICE,REPORT_LIMIT,8,0,0,0,0.125,1.0,0.4172325134277344,9
APA-RCA-v2,A3_feature_calc_error,small,2,FEAT_VOL20_STOCK_3_PRICE,REPORT_LIMIT,9,0,0,0,0.1111111111111111,1.0,0.6878376007080078,9
APA-RCA-v3,A3_feature_calc_error,small,2,FEAT_VOL20_STOCK_3_PRICE,REPORT_LIMIT,9,0,0,0,0.1111111111111111,1.0,0.38886070251464844,9
Schema-Constraint,A3_feature_calc_error,small,2,FEAT_VOL20_STOCK_3_PRICE,REPORT_LIMIT,27,0,0,0,0.037037037037037035,1.0,0.0,0
BFS,A3_feature_calc_error,small,3,FEAT_VOL20_STOCK_3_PRICE,REPORT_LIMIT,6,0,0,0,0.16666666666666666,1.0,0.37598609924316406,7
Vanilla-RWR,A3_feature_calc_error,small,3,FEAT_VOL20_STOCK_3_PRICE,REPORT_LIMIT,5,0,0,1,0.2,0.8,0.4200935363769531,9
Structural-RWR,A3_feature_calc_error,small,3,FEAT_VOL20_STOCK_3_PRICE,REPORT_LIMIT,27,0,0,0,0.037037037037037035,1.0,0.43702125549316406,8
PC+RWR,A3_feature_calc_error,small,3,FEAT_VOL20_STOCK_3_PRICE,REPORT_LIMIT,27,0,0,0,0.037037037037037035,1.0,3.2091140747070312,8
AnomalyOnly,A3_feature_calc_error,small,3,FEAT_VOL20_STOCK_3_PRICE,REPORT_LIMIT,16,0,0,0,0.0625,1.0,0.005245208740234375,1
APA-RCA,A3_feature_calc_error,small,3,FEAT_VOL20_STOCK_3_PRICE,REPORT_LIMIT,14,0,0,0,0.07142857142857142,1.0,0.39315223693847656,9
APA-RCA-v2,A3_feature_calc_error,small,3,FEAT_VOL20_STOCK_3_PRICE,REPORT_LIMIT,14,0,0,0,0.07142857142857142,1.0,0.4508495330810547,9
APA-RCA-v3,A3_feature_calc_error,small,3,FEAT_VOL20_STOCK_3_PRICE,REPORT_LIMIT,14,0,0,0,0.07142857142857142,1.0,0.41103363037109375,9
Schema-Constraint,A3_feature_calc_error,small,3,FEAT_VOL20_STOCK_3_PRICE,REPORT_LIMIT,27,0,0,0,0.037037037037037035,1.0,0.0,0
BFS,A3_feature_calc_error,small,4,FEAT_VOL20_STOCK_3_PRICE,REPORT_LIMIT,6,0,0,0,0.16666666666666666,1.0,0.3771781921386719,7
Vanilla-RWR,A3_feature_calc_error,small,4,FEAT_VOL20_STOCK_3_PRICE,REPORT_LIMIT,5,0,0,1,0.2,0.8,0.415802001953125,9
Structural-RWR,A3_feature_calc_error,small,4,FEAT_VOL20_STOCK_3_PRICE,REPORT_LIMIT,22,0,0,0,0.045454545454545456,1.0,0.4291534423828125,8
PC+RWR,A3_feature_calc_error,small,4,FEAT_VOL20_STOCK_3_PRICE,REPORT_LIMIT,22,0,0,0,0.045454545454545456,1.0,3.200054168701172,8
AnomalyOnly,A3_feature_calc_error,small,4,FEAT_VOL20_STOCK_3_PRICE,REPORT_LIMIT,13,0,0,0,0.07692307692307693,1.0,0.0050067901611328125,1
APA-RCA,A3_feature_calc_error,small,4,FEAT_VOL20_STOCK_3_PRICE,REPORT_LIMIT,7,0,0,0,0.14285714285714285,1.0,0.41794776916503906,9
APA-RCA-v2,A3_feature_calc_error,small,4,FEAT_VOL20_STOCK_3_PRICE,REPORT_LIMIT,9,0,0,0,0.1111111111111111,1.0,0.45800209045410156,9
APA-RCA-v3,A3_feature_calc_error,small,4,FEAT_VOL20_STOCK_3_PRICE,REPORT_LIMIT,9,0,0,0,0.1111111111111111,1.0,0.41604042053222656,9
Schema-Constraint,A3_feature_calc_error,small,4,FEAT_VOL20_STOCK_3_PRICE,REPORT_LIMIT,27,0,0,0,0.037037037037037035,1.0,0.0,0
BFS,A3_feature_calc_error,small,5,FEAT_VOL20_STOCK_3_PRICE,REPORT_LIMIT,5,0,0,1,0.2,0.8,0.34308433532714844,7
Vanilla-RWR,A3_feature_calc_error,small,5,FEAT_VOL20_STOCK_3_PRICE,REPORT_LIMIT,5,0,0,1,0.2,0.8,0.4448890686035156,9
Structural-RWR,A3_feature_calc_error,small,5,FEAT_VOL20_STOCK_3_PRICE,REPORT_LIMIT,30,0,0,0,0.03333333333333333,1.0,0.3943443298339844,8
PC+RWR,A3_feature_calc_error,small,5,FEAT_VOL20_STOCK_3_PRICE,REPORT_LIMIT,30,0,0,0,0.03333333333333333,1.0,3.1909942626953125,8
AnomalyOnly,A3_feature_calc_error,small,5,FEAT_VOL20_STOCK_3_PRICE,REPORT_LIMIT,14,0,0,0,0.07142857142857142,1.0,0.0050067901611328125,1
APA-RCA,A3_feature_calc_error,small,5,FEAT_VOL20_STOCK_3_PRICE,REPORT_LIMIT,7,0,0,0,0.14285714285714285,1.0,0.4038810729980469,9
APA-RCA-v2,A3_feature_calc_error,small,5,FEAT_VOL20_STOCK_3_PRICE,REPORT_LIMIT,11,0,0,0,0.09090909090909091,1.0,0.4601478576660156,9
APA-RCA-v3,A3_feature_calc_error,small,5,FEAT_VOL20_STOCK_3_PRICE,REPORT_LIMIT,11,0,0,0,0.09090909090909091,1.0,0.4138946533203125,9
Schema-Constraint,A3_feature_calc_error,small,5,FEAT_VOL20_STOCK_3_PRICE,REPORT_LIMIT,27,0,0,0,0.037037037037037035,1.0,0.0,0
BFS,A3_feature_calc_error,small,6,FEAT_VOL20_STOCK_2_PRICE,REPORT_LIMIT,3,0,1,1,0.3333333333333333,0.8,0.3840923309326172,7
Vanilla-RWR,A3_feature_calc_error,small,6,FEAT_VOL20_STOCK_2_PRICE,REPORT_LIMIT,4,0,0,1,0.25,0.8,0.4220008850097656,9
Structural-RWR,A3_feature_calc_error,small,6,FEAT_VOL20_STOCK_2_PRICE,REPORT_LIMIT,15,0,0,0,0.06666666666666667,1.0,0.43702125549316406,8
PC+RWR,A3_feature_calc_error,small,6,FEAT_VOL20_STOCK_2_PRICE,REPORT_LIMIT,15,0,0,0,0.06666666666666667,1.0,3.23486328125,8
AnomalyOnly,A3_feature_calc_error,small,6,FEAT_VOL20_STOCK_2_PRICE,REPORT_LIMIT,2,0,1,1,0.5,0.8,0.00476837158203125,1
APA-RCA,A3_feature_calc_error,small,6,FEAT_VOL20_STOCK_2_PRICE,REPORT_LIMIT,1,1,1,1,1.0,0.8,0.4172325134277344,9
APA-RCA-v2,A3_feature_calc_error,small,6,FEAT_VOL20_STOCK_2_PRICE,REPORT_LIMIT,2,0,1,1,0.5,0.8,0.4639625549316406,9
APA-RCA-v3,A3_feature_calc_error,small,6,FEAT_VOL20_STOCK_2_PRICE,REPORT_LIMIT,2,0,1,1,0.5,0.8,0.41604042053222656,9
Schema-Constraint,A3_feature_calc_error,small,6,FEAT_VOL20_STOCK_2_PRICE,REPORT_LIMIT,26,0,0,0,0.038461538461538464,1.0,0.0,0
BFS,A3_feature_calc_error,small,7,FEAT_VOL20_STOCK_3_PRICE,REPORT_LIMIT,9,0,0,0,0.1111111111111111,1.0,0.38313865661621094,7
Vanilla-RWR,A3_feature_calc_error,small,7,FEAT_VOL20_STOCK_3_PRICE,REPORT_LIMIT,5,0,0,1,0.2,0.8,0.4189014434814453,9
Structural-RWR,A3_feature_calc_error,small,7,FEAT_VOL20_STOCK_3_PRICE,REPORT_LIMIT,42,0,0,0,0.023809523809523808,1.0,0.43487548828125,8
PC+RWR,A3_feature_calc_error,small,7,FEAT_VOL20_STOCK_3_PRICE,REPORT_LIMIT,42,0,0,0,0.023809523809523808,1.0,3.2079219818115234,8
AnomalyOnly,A3_feature_calc_error,small,7,FEAT_VOL20_STOCK_3_PRICE,REPORT_LIMIT,38,0,0,0,0.02631578947368421,1.0,0.00476837158203125,1
APA-RCA,A3_feature_calc_error,small,7,FEAT_VOL20_STOCK_3_PRICE,REPORT_LIMIT,26,0,0,0,0.038461538461538464,1.0,0.4100799560546875,9
APA-RCA-v2,A3_feature_calc_error,small,7,FEAT_VOL20_STOCK_3_PRICE,REPORT_LIMIT,26,0,0,0,0.038461538461538464,1.0,0.7479190826416016,9
APA-RCA-v3,A3_feature_calc_error,small,7,FEAT_VOL20_STOCK_3_PRICE,REPORT_LIMIT,26,0,0,0,0.038461538461538464,1.0,0.39005279541015625,9
Schema-Constraint,A3_feature_calc_error,small,7,FEAT_VOL20_STOCK_3_PRICE,REPORT_LIMIT,27,0,0,0,0.037037037037037035,1.0,0.0,0
BFS,A3_feature_calc_error,small,8,FEAT_VOL20_STOCK_3_PRICE,REPORT_LIMIT,5,0,0,1,0.2,0.8,0.3581047058105469,7
Vanilla-RWR,A3_feature_calc_error,small,8,FEAT_VOL20_STOCK_3_PRICE,REPORT_LIMIT,5,0,0,1,0.2,0.8,0.41604042053222656,9
Structural-RWR,A3_feature_calc_error,small,8,FEAT_VOL20_STOCK_3_PRICE,REPORT_LIMIT,27,0,0,0,0.037037037037037035,1.0,0.4317760467529297,8
PC+RWR,A3_feature_calc_error,small,8,FEAT_VOL20_STOCK_3_PRICE,REPORT_LIMIT,27,0,0,0,0.037037037037037035,1.0,3.2129287719726562,8
AnomalyOnly,A3_feature_calc_error,small,8,FEAT_VOL20_STOCK_3_PRICE,REPORT_LIMIT,18,0,0,0,0.05555555555555555,1.0,0.006198883056640625,1
APA-RCA,A3_feature_calc_error,small,8,FEAT_VOL20_STOCK_3_PRICE,REPORT_LIMIT,10,0,0,0,0.1,1.0,0.41985511779785156,9
APA-RCA-v2,A3_feature_calc_error,small,8,FEAT_VOL20_STOCK_3_PRICE,REPORT_LIMIT,13,0,0,0,0.07692307692307693,1.0,0.4601478576660156,9
APA-RCA-v3,A3_feature_calc_error,small,8,FEAT_VOL20_STOCK_3_PRICE,REPORT_LIMIT,13,0,0,0,0.07692307692307693,1.0,0.415802001953125,9
Schema-Constraint,A3_feature_calc_error,small,8,FEAT_VOL20_STOCK_3_PRICE,REPORT_LIMIT,27,0,0,0,0.037037037037037035,1.0,0.0,0
BFS,A3_feature_calc_error,small,9,FEAT_VOL20_STOCK_2_PRICE,REPORT_LIMIT,5,0,0,1,0.2,0.8,0.36406517028808594,7
Vanilla-RWR,A3_feature_calc_error,small,9,FEAT_VOL20_STOCK_2_PRICE,REPORT_LIMIT,4,0,0,1,0.25,0.8,0.41484832763671875,9
Structural-RWR,A3_feature_calc_error,small,9,FEAT_VOL20_STOCK_2_PRICE,REPORT_LIMIT,29,0,0,0,0.034482758620689655,1.0,0.4470348358154297,8
PC+RWR,A3_feature_calc_error,small,9,FEAT_VOL20_STOCK_2_PRICE,REPORT_LIMIT,29,0,0,0,0.034482758620689655,1.0,3.173828125,8
AnomalyOnly,A3_feature_calc_error,small,9,FEAT_VOL20_STOCK_2_PRICE,REPORT_LIMIT,12,0,0,0,0.08333333333333333,1.0,0.0059604644775390625,1
APA-RCA,A3_feature_calc_error,small,9,FEAT_VOL20_STOCK_2_PRICE,REPORT_LIMIT,11,0,0,0,0.09090909090909091,1.0,0.42176246643066406,9
APA-RCA-v2,A3_feature_calc_error,small,9,FEAT_VOL20_STOCK_2_PRICE,REPORT_LIMIT,12,0,0,0,0.08333333333333333,1.0,0.4563331604003906,9
APA-RCA-v3,A3_feature_calc_error,small,9,FEAT_VOL20_STOCK_2_PRICE,REPORT_LIMIT,12,0,0,0,0.08333333333333333,1.0,0.4200935363769531,9
Schema-Constraint,A3_feature_calc_error,small,9,FEAT_VOL20_STOCK_2_PRICE,REPORT_LIMIT,26,0,0,0,0.038461538461538464,1.0,0.0,0
BFS,A3_feature_calc_error,small,10,FEAT_VOL20_STOCK_3_PRICE,REPORT_LIMIT,4,0,0,1,0.25,0.8,0.3807544708251953,7
Vanilla-RWR,A3_feature_calc_error,small,10,FEAT_VOL20_STOCK_3_PRICE,REPORT_LIMIT,5,0,0,1,0.2,0.8,0.4470348358154297,9
Structural-RWR,A3_feature_calc_error,small,10,FEAT_VOL20_STOCK_3_PRICE,REPORT_LIMIT,19,0,0,0,0.05263157894736842,1.0,0.3719329833984375,8
PC+RWR,A3_feature_calc_error,small,10,FEAT_VOL20_STOCK_3_PRICE,REPORT_LIMIT,19,0,0,0,0.05263157894736842,1.0,3.2279491424560547,8
AnomalyOnly,A3_feature_calc_error,small,10,FEAT_VOL20_STOCK_3_PRICE,REPORT_LIMIT,9,0,0,0,0.1111111111111111,1.0,0.0050067901611328125,1
APA-RCA,A3_feature_calc_error,small,10,FEAT_VOL20_STOCK_3_PRICE,REPORT_LIMIT,6,0,0,0,0.16666666666666666,1.0,0.40602684020996094,9
APA-RCA-v2,A3_feature_calc_error,small,10,FEAT_VOL20_STOCK_3_PRICE,REPORT_LIMIT,6,0,0,0,0.16666666666666666,1.0,0.45990943908691406,9
APA-RCA-v3,A3_feature_calc_error,small,10,FEAT_VOL20_STOCK_3_PRICE,REPORT_LIMIT,6,0,0,0,0.16666666666666666,1.0,0.41103363037109375,9
Schema-Constraint,A3_feature_calc_error,small,10,FEAT_VOL20_STOCK_3_PRICE,REPORT_LIMIT,27,0,0,0,0.037037037037037035,1.0,0.0,0
BFS,A3_feature_calc_error,small,11,FEAT_VOL20_STOCK_1_PRICE,REPORT_LIMIT,3,0,1,1,0.3333333333333333,0.8,0.3609657287597656,7
Vanilla-RWR,A3_feature_calc_error,small,11,FEAT_VOL20_STOCK_1_PRICE,REPORT_LIMIT,3,0,1,1,0.3333333333333333,0.8,0.41794776916503906,9
Structural-RWR,A3_feature_calc_error,small,11,FEAT_VOL20_STOCK_1_PRICE,REPORT_LIMIT,16,0,0,0,0.0625,1.0,0.43511390686035156,8
PC+RWR,A3_feature_calc_error,small,11,FEAT_VOL20_STOCK_1_PRICE,REPORT_LIMIT,16,0,0,0,0.0625,1.0,3.2439231872558594,8
AnomalyOnly,A3_feature_calc_error,small,11,FEAT_VOL20_STOCK_1_PRICE,REPORT_LIMIT,2,0,1,1,0.5,0.8,0.0050067901611328125,1
APA-RCA,A3_feature_calc_error,small,11,FEAT_VOL20_STOCK_1_PRICE,REPORT_LIMIT,1,1,1,1,1.0,0.8,0.4200935363769531,9
APA-RCA-v2,A3_feature_calc_error,small,11,FEAT_VOL20_STOCK_1_PRICE,REPORT_LIMIT,2,0,1,1,0.5,0.8,0.45490264892578125,9
APA-RCA-v3,A3_feature_calc_error,small,11,FEAT_VOL20_STOCK_1_PRICE,REPORT_LIMIT,2,0,1,1,0.5,0.8,0.41484832763671875,9
Schema-Constraint,A3_feature_calc_error,small,11,FEAT_VOL20_STOCK_1_PRICE,REPORT_LIMIT,25,0,0,0,0.04,1.0,0.0,0
BFS,A3_feature_calc_error,small,12,FEAT_VOL20_STOCK_2_PRICE,REPORT_LIMIT,3,0,1,1,0.3333333333333333,0.8,0.3719329833984375,7
Vanilla-RWR,A3_feature_calc_error,small,12,FEAT_VOL20_STOCK_2_PRICE,REPORT_LIMIT,4,0,0,1,0.25,0.8,0.4200935363769531,9
Structural-RWR,A3_feature_calc_error,small,12,FEAT_VOL20_STOCK_2_PRICE,REPORT_LIMIT,13,0,0,0,0.07692307692307693,1.0,0.42819976806640625,8
PC+RWR,A3_feature_calc_error,small,12,FEAT_VOL20_STOCK_2_PRICE,REPORT_LIMIT,13,0,0,0,0.07692307692307693,1.0,3.251314163208008,8
AnomalyOnly,A3_feature_calc_error,small,12,FEAT_VOL20_STOCK_2_PRICE,REPORT_LIMIT,1,1,1,1,1.0,0.8,0.0059604644775390625,1
APA-RCA,A3_feature_calc_error,small,12,FEAT_VOL20_STOCK_2_PRICE,REPORT_LIMIT,1,1,1,1,1.0,0.8,0.4229545593261719,9
APA-RCA-v2,A3_feature_calc_error,small,12,FEAT_VOL20_STOCK_2_PRICE,REPORT_LIMIT,2,0,1,1,0.5,0.8,0.7429122924804688,9
APA-RCA-v3,A3_feature_calc_error,small,12,FEAT_VOL20_STOCK_2_PRICE,REPORT_LIMIT,2,0,1,1,0.5,0.8,0.3859996795654297,9
Schema-Constraint,A3_feature_calc_error,small,12,FEAT_VOL20_STOCK_2_PRICE,REPORT_LIMIT,26,0,0,0,0.038461538461538464,1.0,0.0,0
BFS,A3_feature_calc_error,small,13,FEAT_VOL20_STOCK_3_PRICE,REPORT_LIMIT,3,0,1,1,0.3333333333333333,0.8,0.36907196044921875,7
Vanilla-RWR,A3_feature_calc_error,small,13,FEAT_VOL20_STOCK_3_PRICE,REPORT_LIMIT,5,0,0,1,0.2,0.8,0.4220008850097656,9
Structural-RWR,A3_feature_calc_error,small,13,FEAT_VOL20_STOCK_3_PRICE,REPORT_LIMIT,12,0,0,0,0.08333333333333333,1.0,0.4341602325439453,8
PC+RWR,A3_feature_calc_error,small,13,FEAT_VOL20_STOCK_3_PRICE,REPORT_LIMIT,12,0,0,0,0.08333333333333333,1.0,3.2091140747070312,8
AnomalyOnly,A3_feature_calc_error,small,13,FEAT_VOL20_STOCK_3_PRICE,REPORT_LIMIT,1,1,1,1,1.0,0.8,0.0050067901611328125,1
APA-RCA,A3_feature_calc_error,small,13,FEAT_VOL20_STOCK_3_PRICE,REPORT_LIMIT,1,1,1,1,1.0,0.8,0.40984153747558594,9
APA-RCA-v2,A3_feature_calc_error,small,13,FEAT_VOL20_STOCK_3_PRICE,REPORT_LIMIT,2,0,1,1,0.5,0.8,0.4620552062988281,9
APA-RCA-v3,A3_feature_calc_error,small,13,FEAT_VOL20_STOCK_3_PRICE,REPORT_LIMIT,2,0,1,1,0.5,0.8,0.4150867462158203,9
Schema-Constraint,A3_feature_calc_error,small,13,FEAT_VOL20_STOCK_3_PRICE,REPORT_LIMIT,27,0,0,0,0.037037037037037035,1.0,0.0,0
BFS,A3_feature_calc_error,small,14,FEAT_VOL20_STOCK_1_PRICE,REPORT_LIMIT,3,0,1,1,0.3333333333333333,0.8,0.3998279571533203,7
Vanilla-RWR,A3_feature_calc_error,small,14,FEAT_VOL20_STOCK_1_PRICE,REPORT_LIMIT,3,0,1,1,0.3333333333333333,0.8,0.4239082336425781,9
Structural-RWR,A3_feature_calc_error,small,14,FEAT_VOL20_STOCK_1_PRICE,REPORT_LIMIT,17,0,0,0,0.058823529411764705,1.0,0.431060791015625,8
PC+RWR,A3_feature_calc_error,small,14,FEAT_VOL20_STOCK_1_PRICE,REPORT_LIMIT,17,0,0,0,0.058823529411764705,1.0,3.3409595489501953,8
AnomalyOnly,A3_feature_calc_error,small,14,FEAT_VOL20_STOCK_1_PRICE,REPORT_LIMIT,2,0,1,1,0.5,0.8,0.006198883056640625,1
APA-RCA,A3_feature_calc_error,small,14,FEAT_VOL20_STOCK_1_PRICE,REPORT_LIMIT,1,1,1,1,1.0,0.8,0.4260540008544922,9
APA-RCA-v2,A3_feature_calc_error,small,14,FEAT_VOL20_STOCK_1_PRICE,REPORT_LIMIT,2,0,1,1,0.5,0.8,0.45800209045410156,9
APA-RCA-v3,A3_feature_calc_error,small,14,FEAT_VOL20_STOCK_1_PRICE,REPORT_LIMIT,2,0,1,1,0.5,0.8,0.4181861877441406,9
Schema-Constraint,A3_feature_calc_error,small,14,FEAT_VOL20_STOCK_1_PRICE,REPORT_LIMIT,25,0,0,0,0.04,1.0,0.0,0
BFS,A3_feature_calc_error,small,15,FEAT_VOL20_STOCK_3_PRICE,REPORT_LIMIT,5,0,0,1,0.2,0.8,0.3428459167480469,7
Vanilla-RWR,A3_feature_calc_error,small,15,FEAT_VOL20_STOCK_3_PRICE,REPORT_LIMIT,5,0,0,1,0.2,0.8,0.44989585876464844,9
Structural-RWR,A3_feature_calc_error,small,15,FEAT_VOL20_STOCK_3_PRICE,REPORT_LIMIT,26,0,0,0,0.038461538461538464,1.0,0.3921985626220703,8
PC+RWR,A3_feature_calc_error,small,15,FEAT_VOL20_STOCK_3_PRICE,REPORT_LIMIT,26,0,0,0,0.038461538461538464,1.0,3.280162811279297,8
AnomalyOnly,A3_feature_calc_error,small,15,FEAT_VOL20_STOCK_3_PRICE,REPORT_LIMIT,14,0,0,0,0.07142857142857142,1.0,0.0059604644775390625,1
APA-RCA,A3_feature_calc_error,small,15,FEAT_VOL20_STOCK_3_PRICE,REPORT_LIMIT,9,0,0,0,0.1111111111111111,1.0,0.4210472106933594,9
APA-RCA-v2,A3_feature_calc_error,small,15,FEAT_VOL20_STOCK_3_PRICE,REPORT_LIMIT,12,0,0,0,0.08333333333333333,1.0,0.4658699035644531,9
APA-RCA-v3,A3_feature_calc_error,small,15,FEAT_VOL20_STOCK_3_PRICE,REPORT_LIMIT,12,0,0,0,0.08333333333333333,1.0,0.41174888610839844,9
Schema-Constraint,A3_feature_calc_error,small,15,FEAT_VOL20_STOCK_3_PRICE,REPORT_LIMIT,27,0,0,0,0.037037037037037035,1.0,0.0,0
BFS,A3_feature_calc_error,small,16,FEAT_VOL20_STOCK_2_PRICE,REPORT_LIMIT,5,0,0,1,0.2,0.8,0.40984153747558594,7
Vanilla-RWR,A3_feature_calc_error,small,16,FEAT_VOL20_STOCK_2_PRICE,REPORT_LIMIT,4,0,0,1,0.25,0.8,0.4279613494873047,9
Structural-RWR,A3_feature_calc_error,small,16,FEAT_VOL20_STOCK_2_PRICE,REPORT_LIMIT,25,0,0,0,0.04,1.0,0.43392181396484375,8
PC+RWR,A3_feature_calc_error,small,16,FEAT_VOL20_STOCK_2_PRICE,REPORT_LIMIT,25,0,0,0,0.04,1.0,3.325939178466797,8
AnomalyOnly,A3_feature_calc_error,small,16,FEAT_VOL20_STOCK_2_PRICE,REPORT_LIMIT,15,0,0,0,0.06666666666666667,1.0,0.0050067901611328125,1
APA-RCA,A3_feature_calc_error,small,16,FEAT_VOL20_STOCK_2_PRICE,REPORT_LIMIT,7,0,0,0,0.14285714285714285,1.0,0.4239082336425781,9
APA-RCA-v2,A3_feature_calc_error,small,16,FEAT_VOL20_STOCK_2_PRICE,REPORT_LIMIT,9,0,0,0,0.1111111111111111,1.0,0.4496574401855469,9
APA-RCA-v3,A3_feature_calc_error,small,16,FEAT_VOL20_STOCK_2_PRICE,REPORT_LIMIT,9,0,0,0,0.1111111111111111,1.0,0.4150867462158203,9
Schema-Constraint,A3_feature_calc_error,small,16,FEAT_VOL20_STOCK_2_PRICE,REPORT_LIMIT,26,0,0,0,0.038461538461538464,1.0,0.0,0
BFS,A3_feature_calc_error,small,17,FEAT_VOL20_STOCK_3_PRICE,REPORT_LIMIT,6,0,0,0,0.16666666666666666,1.0,0.37980079650878906,7
Vanilla-RWR,A3_feature_calc_error,small,17,FEAT_VOL20_STOCK_3_PRICE,REPORT_LIMIT,5,0,0,1,0.2,0.8,0.4239082336425781,9
Structural-RWR,A3_feature_calc_error,small,17,FEAT_VOL20_STOCK_3_PRICE,REPORT_LIMIT,35,0,0,0,0.02857142857142857,1.0,0.43702125549316406,8
PC+RWR,A3_feature_calc_error,small,17,FEAT_VOL20_STOCK_3_PRICE,REPORT_LIMIT,35,0,0,0,0.02857142857142857,1.0,3.3071041107177734,8
AnomalyOnly,A3_feature_calc_error,small,17,FEAT_VOL20_STOCK_3_PRICE,REPORT_LIMIT,24,0,0,0,0.041666666666666664,1.0,0.0050067901611328125,1
APA-RCA,A3_feature_calc_error,small,17,FEAT_VOL20_STOCK_3_PRICE,REPORT_LIMIT,15,0,0,0,0.06666666666666667,1.0,0.4220008850097656,9
APA-RCA-v2,A3_feature_calc_error,small,17,FEAT_VOL20_STOCK_3_PRICE,REPORT_LIMIT,17,0,0,0,0.058823529411764705,1.0,0.7510185241699219,9
APA-RCA-v3,A3_feature_calc_error,small,17,FEAT_VOL20_STOCK_3_PRICE,REPORT_LIMIT,17,0,0,0,0.058823529411764705,1.0,0.4150867462158203,9
Schema-Constraint,A3_feature_calc_error,small,17,FEAT_VOL20_STOCK_3_PRICE,REPORT_LIMIT,27,0,0,0,0.037037037037037035,1.0,0.0,0
BFS,A3_feature_calc_error,small,18,FEAT_VOL20_STOCK_3_PRICE,REPORT_LIMIT,3,0,1,1,0.3333333333333333,0.8,0.3840923309326172,7
Vanilla-RWR,A3_feature_calc_error,small,18,FEAT_VOL20_STOCK_3_PRICE,REPORT_LIMIT,5,0,0,1,0.2,0.8,0.4239082336425781,9
Structural-RWR,A3_feature_calc_error,small,18,FEAT_VOL20_STOCK_3_PRICE,REPORT_LIMIT,17,0,0,0,0.058823529411764705,1.0,0.43773651123046875,8
PC+RWR,A3_feature_calc_error,small,18,FEAT_VOL20_STOCK_3_PRICE,REPORT_LIMIT,17,0,0,0,0.058823529411764705,1.0,3.2868385314941406,8
AnomalyOnly,A3_feature_calc_error,small,18,FEAT_VOL20_STOCK_3_PRICE,REPORT_LIMIT,1,1,1,1,1.0,0.8,0.005245208740234375,1
APA-RCA,A3_feature_calc_error,small,18,FEAT_VOL20_STOCK_3_PRICE,REPORT_LIMIT,1,1,1,1,1.0,0.8,0.431060791015625,9
APA-RCA-v2,A3_feature_calc_error,small,18,FEAT_VOL20_STOCK_3_PRICE,REPORT_LIMIT,3,0,1,1,0.3333333333333333,0.8,0.4589557647705078,9
APA-RCA-v3,A3_feature_calc_error,small,18,FEAT_VOL20_STOCK_3_PRICE,REPORT_LIMIT,3,0,1,1,0.3333333333333333,0.8,0.41604042053222656,9
Schema-Constraint,A3_feature_calc_error,small,18,FEAT_VOL20_STOCK_3_PRICE,REPORT_LIMIT,27,0,0,0,0.037037037037037035,1.0,0.0,0
BFS,A3_feature_calc_error,small,19,FEAT_VOL20_STOCK_2_PRICE,REPORT_LIMIT,4,0,0,1,0.25,0.8,0.38886070251464844,7
Vanilla-RWR,A3_feature_calc_error,small,19,FEAT_VOL20_STOCK_2_PRICE,REPORT_LIMIT,4,0,0,1,0.25,0.8,0.4200935363769531,9
Structural-RWR,A3_feature_calc_error,small,19,FEAT_VOL20_STOCK_2_PRICE,REPORT_LIMIT,19,0,0,0,0.05263157894736842,1.0,0.43511390686035156,8
PC+RWR,A3_feature_calc_error,small,19,FEAT_VOL20_STOCK_2_PRICE,REPORT_LIMIT,19,0,0,0,0.05263157894736842,1.0,3.2987594604492188,8
AnomalyOnly,A3_feature_calc_error,small,19,FEAT_VOL20_STOCK_2_PRICE,REPORT_LIMIT,11,0,0,0,0.09090909090909091,1.0,0.006198883056640625,1
APA-RCA,A3_feature_calc_error,small,19,FEAT_VOL20_STOCK_2_PRICE,REPORT_LIMIT,3,0,1,1,0.3333333333333333,0.8,0.4222393035888672,9
APA-RCA-v2,A3_feature_calc_error,small,19,FEAT_VOL20_STOCK_2_PRICE,REPORT_LIMIT,6,0,0,0,0.16666666666666666,1.0,0.45800209045410156,9
APA-RCA-v3,A3_feature_calc_error,small,19,FEAT_VOL20_STOCK_2_PRICE,REPORT_LIMIT,6,0,0,0,0.16666666666666666,1.0,0.4210472106933594,9
Schema-Constraint,A3_feature_calc_error,small,19,FEAT_VOL20_STOCK_2_PRICE,REPORT_LIMIT,26,0,0,0,0.038461538461538464,1.0,0.0,0
BFS,A3_feature_calc_error,small,20,FEAT_VOL20_STOCK_3_PRICE,REPORT_LIMIT,5,0,0,1,0.2,0.8,0.3609657287597656,7
Vanilla-RWR,A3_feature_calc_error,small,20,FEAT_VOL20_STOCK_3_PRICE,REPORT_LIMIT,5,0,0,1,0.2,0.8,0.45013427734375,9
Structural-RWR,A3_feature_calc_error,small,20,FEAT_VOL20_STOCK_3_PRICE,REPORT_LIMIT,21,0,0,0,0.047619047619047616,1.0,0.39196014404296875,8
PC+RWR,A3_feature_calc_error,small,20,FEAT_VOL20_STOCK_3_PRICE,REPORT_LIMIT,21,0,0,0,0.047619047619047616,1.0,3.2880306243896484,8
AnomalyOnly,A3_feature_calc_error,small,20,FEAT_VOL20_STOCK_3_PRICE,REPORT_LIMIT,14,0,0,0,0.07142857142857142,1.0,0.006198883056640625,1
APA-RCA,A3_feature_calc_error,small,20,FEAT_VOL20_STOCK_3_PRICE,REPORT_LIMIT,9,0,0,0,0.1111111111111111,1.0,0.4239082336425781,9
APA-RCA-v2,A3_feature_calc_error,small,20,FEAT_VOL20_STOCK_3_PRICE,REPORT_LIMIT,10,0,0,0,0.1,1.0,0.469207763671875,9
APA-RCA-v3,A3_feature_calc_error,small,20,FEAT_VOL20_STOCK_3_PRICE,REPORT_LIMIT,10,0,0,0,0.1,1.0,0.4119873046875,9
Schema-Constraint,A3_feature_calc_error,small,20,FEAT_VOL20_STOCK_3_PRICE,REPORT_LIMIT,27,0,0,0,0.037037037037037035,1.0,0.0,0
BFS,A3_feature_calc_error,small,21,FEAT_VOL20_STOCK_1_PRICE,REPORT_LIMIT,3,0,1,1,0.3333333333333333,0.8,0.41604042053222656,7
Vanilla-RWR,A3_feature_calc_error,small,21,FEAT_VOL20_STOCK_1_PRICE,REPORT_LIMIT,3,0,1,1,0.3333333333333333,0.8,0.4239082336425781,9
Structural-RWR,A3_feature_calc_error,small,21,FEAT_VOL20_STOCK_1_PRICE,REPORT_LIMIT,17,0,0,0,0.058823529411764705,1.0,0.43487548828125,8
PC+RWR,A3_feature_calc_error,small,21,FEAT_VOL20_STOCK_1_PRICE,REPORT_LIMIT,17,0,0,0,0.058823529411764705,1.0,3.3719539642333984,8
AnomalyOnly,A3_feature_calc_error,small,21,FEAT_VOL20_STOCK_1_PRICE,REPORT_LIMIT,1,1,1,1,1.0,0.8,0.0050067901611328125,1
APA-RCA,A3_feature_calc_error,small,21,FEAT_VOL20_STOCK_1_PRICE,REPORT_LIMIT,1,1,1,1,1.0,0.8,0.4239082336425781,9
APA-RCA-v2,A3_feature_calc_error,small,21,FEAT_VOL20_STOCK_1_PRICE,REPORT_LIMIT,3,0,1,1,0.3333333333333333,0.8,0.45418739318847656,9
APA-RCA-v3,A3_feature_calc_error,small,21,FEAT_VOL20_STOCK_1_PRICE,REPORT_LIMIT,3,0,1,1,0.3333333333333333,0.8,0.41604042053222656,9
Schema-Constraint,A3_feature_calc_error,small,21,FEAT_VOL20_STOCK_1_PRICE,REPORT_LIMIT,25,0,0,0,0.04,1.0,0.0,0
BFS,A3_feature_calc_error,small,22,FEAT_VOL20_STOCK_3_PRICE,REPORT_LIMIT,3,0,1,1,0.3333333333333333,0.8,0.39196014404296875,7
Vanilla-RWR,A3_feature_calc_error,small,22,FEAT_VOL20_STOCK_3_PRICE,REPORT_LIMIT,5,0,0,1,0.2,0.8,0.4279613494873047,9
Structural-RWR,A3_feature_calc_error,small,22,FEAT_VOL20_STOCK_3_PRICE,REPORT_LIMIT,14,0,0,0,0.07142857142857142,1.0,0.42700767517089844,8
PC+RWR,A3_feature_calc_error,small,22,FEAT_VOL20_STOCK_3_PRICE,REPORT_LIMIT,14,0,0,0,0.07142857142857142,1.0,3.3850669860839844,8
AnomalyOnly,A3_feature_calc_error,small,22,FEAT_VOL20_STOCK_3_PRICE,REPORT_LIMIT,1,1,1,1,1.0,0.8,0.0059604644775390625,1
APA-RCA,A3_feature_calc_error,small,22,FEAT_VOL20_STOCK_3_PRICE,REPORT_LIMIT,1,1,1,1,1.0,0.8,0.4208087921142578,9
APA-RCA-v2,A3_feature_calc_error,small,22,FEAT_VOL20_STOCK_3_PRICE,REPORT_LIMIT,3,0,1,1,0.3333333333333333,0.8,0.7572174072265625,9
APA-RCA-v3,A3_feature_calc_error,small,22,FEAT_VOL20_STOCK_3_PRICE,REPORT_LIMIT,3,0,1,1,0.3333333333333333,0.8,0.4119873046875,9
Schema-Constraint,A3_feature_calc_error,small,22,FEAT_VOL20_STOCK_3_PRICE,REPORT_LIMIT,27,0,0,0,0.037037037037037035,1.0,0.0,0
BFS,A3_feature_calc_error,small,23,FEAT_VOL20_STOCK_1_PRICE,REPORT_LIMIT,6,0,0,0,0.16666666666666666,1.0,0.37980079650878906,7
Vanilla-RWR,A3_feature_calc_error,small,23,FEAT_VOL20_STOCK_1_PRICE,REPORT_LIMIT,3,0,1,1,0.3333333333333333,0.8,0.41794776916503906,9
Structural-RWR,A3_feature_calc_error,small,23,FEAT_VOL20_STOCK_1_PRICE,REPORT_LIMIT,27,0,0,0,0.037037037037037035,1.0,0.43010711669921875,8
PC+RWR,A3_feature_calc_error,small,23,FEAT_VOL20_STOCK_1_PRICE,REPORT_LIMIT,27,0,0,0,0.037037037037037035,1.0,3.2930374145507812,8
AnomalyOnly,A3_feature_calc_error,small,23,FEAT_VOL20_STOCK_1_PRICE,REPORT_LIMIT,13,0,0,0,0.07692307692307693,1.0,0.0059604644775390625,1
APA-RCA,A3_feature_calc_error,small,23,FEAT_VOL20_STOCK_1_PRICE,REPORT_LIMIT,8,0,0,0,0.125,1.0,0.4229545593261719,9
APA-RCA-v2,A3_feature_calc_error,small,23,FEAT_VOL20_STOCK_1_PRICE,REPORT_LIMIT,10,0,0,0,0.1,1.0,0.4589557647705078,9
APA-RCA-v3,A3_feature_calc_error,small,23,FEAT_VOL20_STOCK_1_PRICE,REPORT_LIMIT,10,0,0,0,0.1,1.0,0.415802001953125,9
Schema-Constraint,A3_feature_calc_error,small,23,FEAT_VOL20_STOCK_1_PRICE,REPORT_LIMIT,25,0,0,0,0.04,1.0,0.0,0
BFS,A3_feature_calc_error,small,24,FEAT_VOL20_STOCK_2_PRICE,REPORT_LIMIT,6,0,0,0,0.16666666666666666,1.0,0.3800392150878906,7
Vanilla-RWR,A3_feature_calc_error,small,24,FEAT_VOL20_STOCK_2_PRICE,REPORT_LIMIT,4,0,0,1,0.25,0.8,0.4191398620605469,9
Structural-RWR,A3_feature_calc_error,small,24,FEAT_VOL20_STOCK_2_PRICE,REPORT_LIMIT,33,0,0,0,0.030303030303030304,1.0,0.431060791015625,8
PC+RWR,A3_feature_calc_error,small,24,FEAT_VOL20_STOCK_2_PRICE,REPORT_LIMIT,33,0,0,0,0.030303030303030304,1.0,3.317117691040039,8
AnomalyOnly,A3_feature_calc_error,small,24,FEAT_VOL20_STOCK_2_PRICE,REPORT_LIMIT,26,0,0,0,0.038461538461538464,1.0,0.006198883056640625,1
APA-RCA,A3_feature_calc_error,small,24,FEAT_VOL20_STOCK_2_PRICE,REPORT_LIMIT,11,0,0,0,0.09090909090909091,1.0,0.42510032653808594,9
APA-RCA-v2,A3_feature_calc_error,small,24,FEAT_VOL20_STOCK_2_PRICE,REPORT_LIMIT,16,0,0,0,0.0625,1.0,0.45800209045410156,9
APA-RCA-v3,A3_feature_calc_error,small,24,FEAT_VOL20_STOCK_2_PRICE,REPORT_LIMIT,16,0,0,0,0.0625,1.0,0.41604042053222656,9
Schema-Constraint,A3_feature_calc_error,small,24,FEAT_VOL20_STOCK_2_PRICE,REPORT_LIMIT,26,0,0,0,0.038461538461538464,1.0,0.0,0
BFS,A3_feature_calc_error,small,25,FEAT_VOL20_STOCK_2_PRICE,REPORT_DASHBOARD,4,0,0,1,0.25,0.8,0.3657341003417969,6
Vanilla-RWR,A3_feature_calc_error,small,25,FEAT_VOL20_STOCK_2_PRICE,REPORT_DASHBOARD,17,0,0,0,0.058823529411764705,1.0,0.4520416259765625,9
Structural-RWR,A3_feature_calc_error,small,25,FEAT_VOL20_STOCK_2_PRICE,REPORT_DASHBOARD,17,0,0,0,0.058823529411764705,1.0,0.4012584686279297,8
PC+RWR,A3_feature_calc_error,small,25,FEAT_VOL20_STOCK_2_PRICE,REPORT_DASHBOARD,17,0,0,0,0.058823529411764705,1.0,3.3180713653564453,8
AnomalyOnly,A3_feature_calc_error,small,25,FEAT_VOL20_STOCK_2_PRICE,REPORT_DASHBOARD,3,0,1,1,0.3333333333333333,0.8,0.006198883056640625,1
APA-RCA,A3_feature_calc_error,small,25,FEAT_VOL20_STOCK_2_PRICE,REPORT_DASHBOARD,1,1,1,1,1.0,0.8,0.4241466522216797,9
APA-RCA-v2,A3_feature_calc_error,small,25,FEAT_VOL20_STOCK_2_PRICE,REPORT_DASHBOARD,2,0,1,1,0.5,0.8,0.4589557647705078,9
APA-RCA-v3,A3_feature_calc_error,small,25,FEAT_VOL20_STOCK_2_PRICE,REPORT_DASHBOARD,2,0,1,1,0.5,0.8,0.4189014434814453,9
Schema-Constraint,A3_feature_calc_error,small,25,FEAT_VOL20_STOCK_2_PRICE,REPORT_DASHBOARD,26,0,0,0,0.038461538461538464,1.0,0.0,0
BFS,A3_feature_calc_error,small,26,FEAT_VOL20_STOCK_3_PRICE,REPORT_DASHBOARD,4,0,0,1,0.25,0.8,0.3821849822998047,6
Vanilla-RWR,A3_feature_calc_error,small,26,FEAT_VOL20_STOCK_3_PRICE,REPORT_DASHBOARD,18,0,0,0,0.05555555555555555,1.0,0.4177093505859375,9
Structural-RWR,A3_feature_calc_error,small,26,FEAT_VOL20_STOCK_3_PRICE,REPORT_DASHBOARD,13,0,0,0,0.07692307692307693,1.0,0.4439353942871094,8
PC+RWR,A3_feature_calc_error,small,26,FEAT_VOL20_STOCK_3_PRICE,REPORT_DASHBOARD,13,0,0,0,0.07692307692307693,1.0,3.260374069213867,8
AnomalyOnly,A3_feature_calc_error,small,26,FEAT_VOL20_STOCK_3_PRICE,REPORT_DASHBOARD,1,1,1,1,1.0,0.8,0.0059604644775390625,1
APA-RCA,A3_feature_calc_error,small,26,FEAT_VOL20_STOCK_3_PRICE,REPORT_DASHBOARD,1,1,1,1,1.0,0.8,0.4239082336425781,9
APA-RCA-v2,A3_feature_calc_error,small,26,FEAT_VOL20_STOCK_3_PRICE,REPORT_DASHBOARD,2,0,1,1,0.5,0.8,0.45609474182128906,9
APA-RCA-v3,A3_feature_calc_error,small,26,FEAT_VOL20_STOCK_3_PRICE,REPORT_DASHBOARD,2,0,1,1,0.5,0.8,0.41604042053222656,9
Schema-Constraint,A3_feature_calc_error,small,26,FEAT_VOL20_STOCK_3_PRICE,REPORT_DASHBOARD,27,0,0,0,0.037037037037037035,1.0,0.0,0
BFS,A3_feature_calc_error,small,27,FEAT_VOL20_STOCK_1_PRICE,REPORT_LIMIT,6,0,0,0,0.16666666666666666,1.0,0.38504600524902344,7
Vanilla-RWR,A3_feature_calc_error,small,27,FEAT_VOL20_STOCK_1_PRICE,REPORT_LIMIT,3,0,1,1,0.3333333333333333,0.8,0.4191398620605469,9
Structural-RWR,A3_feature_calc_error,small,27,FEAT_VOL20_STOCK_1_PRICE,REPORT_LIMIT,32,0,0,0,0.03125,1.0,0.43487548828125,8
PC+RWR,A3_feature_calc_error,small,27,FEAT_VOL20_STOCK_1_PRICE,REPORT_LIMIT,32,0,0,0,0.03125,1.0,3.2968521118164062,8
AnomalyOnly,A3_feature_calc_error,small,27,FEAT_VOL20_STOCK_1_PRICE,REPORT_LIMIT,20,0,0,0,0.05,1.0,0.0050067901611328125,1
APA-RCA,A3_feature_calc_error,small,27,FEAT_VOL20_STOCK_1_PRICE,REPORT_LIMIT,13,0,0,0,0.07692307692307693,1.0,0.42700767517089844,9
APA-RCA-v2,A3_feature_calc_error,small,27,FEAT_VOL20_STOCK_1_PRICE,REPORT_LIMIT,14,0,0,0,0.07142857142857142,1.0,0.7669925689697266,9
APA-RCA-v3,A3_feature_calc_error,small,27,FEAT_VOL20_STOCK_1_PRICE,REPORT_LIMIT,14,0,0,0,0.07142857142857142,1.0,0.41866302490234375,9
Schema-Constraint,A3_feature_calc_error,small,27,FEAT_VOL20_STOCK_1_PRICE,REPORT_LIMIT,25,0,0,0,0.04,1.0,0.0,0
BFS,A3_feature_calc_error,small,28,FEAT_VOL20_STOCK_2_PRICE,REPORT_LIMIT,6,0,0,0,0.16666666666666666,1.0,0.3981590270996094,7
Vanilla-RWR,A3_feature_calc_error,small,28,FEAT_VOL20_STOCK_2_PRICE,REPORT_LIMIT,4,0,0,1,0.25,0.8,0.41484832763671875,9
Structural-RWR,A3_feature_calc_error,small,28,FEAT_VOL20_STOCK_2_PRICE,REPORT_LIMIT,27,0,0,0,0.037037037037037035,1.0,0.4360675811767578,8
PC+RWR,A3_feature_calc_error,small,28,FEAT_VOL20_STOCK_2_PRICE,REPORT_LIMIT,27,0,0,0,0.037037037037037035,1.0,3.289937973022461,8
AnomalyOnly,A3_feature_calc_error,small,28,FEAT_VOL20_STOCK_2_PRICE,REPORT_LIMIT,17,0,0,0,0.058823529411764705,1.0,0.0057220458984375,1
APA-RCA,A3_feature_calc_error,small,28,FEAT_VOL20_STOCK_2_PRICE,REPORT_LIMIT,10,0,0,0,0.1,1.0,0.4220008850097656,9
APA-RCA-v2,A3_feature_calc_error,small,28,FEAT_VOL20_STOCK_2_PRICE,REPORT_LIMIT,12,0,0,0,0.08333333333333333,1.0,0.4570484161376953,9
APA-RCA-v3,A3_feature_calc_error,small,28,FEAT_VOL20_STOCK_2_PRICE,REPORT_LIMIT,12,0,0,0,0.08333333333333333,1.0,0.41794776916503906,9
Schema-Constraint,A3_feature_calc_error,small,28,FEAT_VOL20_STOCK_2_PRICE,REPORT_LIMIT,26,0,0,0,0.038461538461538464,1.0,0.0,0
BFS,A3_feature_calc_error,small,29,FEAT_VOL20_STOCK_3_PRICE,REPORT_LIMIT,3,0,1,1,0.3333333333333333,0.8,0.3807544708251953,7
Vanilla-RWR,A3_feature_calc_error,small,29,FEAT_VOL20_STOCK_3_PRICE,REPORT_LIMIT,5,0,0,1,0.2,0.8,0.41604042053222656,9
Structural-RWR,A3_feature_calc_error,small,29,FEAT_VOL20_STOCK_3_PRICE,REPORT_LIMIT,13,0,0,0,0.07692307692307693,1.0,0.43392181396484375,8
PC+RWR,A3_feature_calc_error,small,29,FEAT_VOL20_STOCK_3_PRICE,REPORT_LIMIT,13,0,0,0,0.07692307692307693,1.0,3.3330917358398438,8
AnomalyOnly,A3_feature_calc_error,small,29,FEAT_VOL20_STOCK_3_PRICE,REPORT_LIMIT,1,1,1,1,1.0,0.8,0.0059604644775390625,1
APA-RCA,A3_feature_calc_error,small,29,FEAT_VOL20_STOCK_3_PRICE,REPORT_LIMIT,1,1,1,1,1.0,0.8,0.4260540008544922,9
APA-RCA-v2,A3_feature_calc_error,small,29,FEAT_VOL20_STOCK_3_PRICE,REPORT_LIMIT,2,0,1,1,0.5,0.8,0.4627704620361328,9
APA-RCA-v3,A3_feature_calc_error,small,29,FEAT_VOL20_STOCK_3_PRICE,REPORT_LIMIT,2,0,1,1,0.5,0.8,0.4169940948486328,9
Schema-Constraint,A3_feature_calc_error,small,29,FEAT_VOL20_STOCK_3_PRICE,REPORT_LIMIT,27,0,0,0,0.037037037037037035,1.0,0.0,0
BFS,A4_aggregation_error,small,0,FEAT_SECTOR_B,REPORT_LIMIT,35,0,0,0,0.02857142857142857,1.0,0.3609657287597656,7
Vanilla-RWR,A4_aggregation_error,small,0,FEAT_SECTOR_B,REPORT_LIMIT,35,0,0,0,0.02857142857142857,1.0,0.45013427734375,9
Structural-RWR,A4_aggregation_error,small,0,FEAT_SECTOR_B,REPORT_LIMIT,33,0,0,0,0.030303030303030304,1.0,0.39196014404296875,8
PC+RWR,A4_aggregation_error,small,0,FEAT_SECTOR_B,REPORT_LIMIT,33,0,0,0,0.030303030303030304,1.0,3.309011459350586,8
AnomalyOnly,A4_aggregation_error,small,0,FEAT_SECTOR_B,REPORT_LIMIT,27,0,0,0,0.037037037037037035,1.0,0.0059604644775390625,1
APA-RCA,A4_aggregation_error,small,0,FEAT_SECTOR_B,REPORT_LIMIT,33,0,0,0,0.030303030303030304,1.0,0.41985511779785156,9
APA-RCA-v2,A4_aggregation_error,small,0,FEAT_SECTOR_B,REPORT_LIMIT,33,0,0,0,0.030303030303030304,1.0,0.45800209045410156,9
APA-RCA-v3,A4_aggregation_error,small,0,FEAT_SECTOR_B,REPORT_LIMIT,33,0,0,0,0.030303030303030304,1.0,0.4150867462158203,9
Schema-Constraint,A4_aggregation_error,small,0,FEAT_SECTOR_B,REPORT_LIMIT,1,1,1,1,1.0,0.8,0.0021457672119140625,1
BFS,A4_aggregation_error,small,1,FEAT_SECTOR_A,REPORT_DASHBOARD,26,0,0,0,0.038461538461538464,1.0,0.37980079650878906,6
Vanilla-RWR,A4_aggregation_error,small,1,FEAT_SECTOR_A,REPORT_DASHBOARD,35,0,0,0,0.02857142857142857,1.0,0.4169940948486328,9
Structural-RWR,A4_aggregation_error,small,1,FEAT_SECTOR_A,REPORT_DASHBOARD,32,0,0,0,0.03125,1.0,0.4329681396484375,8
PC+RWR,A4_aggregation_error,small,1,FEAT_SECTOR_A,REPORT_DASHBOARD,32,0,0,0,0.03125,1.0,3.2889842987060547,8
AnomalyOnly,A4_aggregation_error,small,1,FEAT_SECTOR_A,REPORT_DASHBOARD,16,0,0,0,0.0625,1.0,0.00476837158203125,1
APA-RCA,A4_aggregation_error,small,1,FEAT_SECTOR_A,REPORT_DASHBOARD,26,0,0,0,0.038461538461538464,1.0,0.4258155822753906,9
APA-RCA-v2,A4_aggregation_error,small,1,FEAT_SECTOR_A,REPORT_DASHBOARD,26,0,0,0,0.038461538461538464,1.0,0.457763671875,9
APA-RCA-v3,A4_aggregation_error,small,1,FEAT_SECTOR_A,REPORT_DASHBOARD,26,0,0,0,0.038461538461538464,1.0,0.41604042053222656,9
Schema-Constraint,A4_aggregation_error,small,1,FEAT_SECTOR_A,REPORT_DASHBOARD,32,0,0,0,0.03125,1.0,0.0,0
BFS,A4_aggregation_error,small,2,FEAT_SECTOR_B,REPORT_LIMIT,37,0,0,0,0.02702702702702703,1.0,0.3802776336669922,7
Vanilla-RWR,A4_aggregation_error,small,2,FEAT_SECTOR_B,REPORT_LIMIT,35,0,0,0,0.02857142857142857,1.0,0.41794776916503906,9
Structural-RWR,A4_aggregation_error,small,2,FEAT_SECTOR_B,REPORT_LIMIT,32,0,0,0,0.03125,1.0,0.4379749298095703,8
PC+RWR,A4_aggregation_error,small,2,FEAT_SECTOR_B,REPORT_LIMIT,32,0,0,0,0.03125,1.0,3.2949447631835938,8
AnomalyOnly,A4_aggregation_error,small,2,FEAT_SECTOR_B,REPORT_LIMIT,31,0,0,0,0.03225806451612903,1.0,0.0050067901611328125,1
APA-RCA,A4_aggregation_error,small,2,FEAT_SECTOR_B,REPORT_LIMIT,36,0,0,0,0.027777777777777776,1.0,0.4227161407470703,9
APA-RCA-v2,A4_aggregation_error,small,2,FEAT_SECTOR_B,REPORT_LIMIT,36,0,0,0,0.027777777777777776,1.0,0.7574558258056641,9
APA-RCA-v3,A4_aggregation_error,small,2,FEAT_SECTOR_B,REPORT_LIMIT,36,0,0,0,0.027777777777777776,1.0,0.41174888610839844,9
Schema-Constraint,A4_aggregation_error,small,2,FEAT_SECTOR_B,REPORT_LIMIT,1,1,1,1,1.0,0.8,0.0021457672119140625,1
BFS,A4_aggregation_error,small,3,FEAT_SECTOR_B,REPORT_STRESS,15,0,0,0,0.06666666666666667,1.0,0.36406517028808594,6
Vanilla-RWR,A4_aggregation_error,small,3,FEAT_SECTOR_B,REPORT_STRESS,34,0,0,0,0.029411764705882353,1.0,0.41675567626953125,9
Structural-RWR,A4_aggregation_error,small,3,FEAT_SECTOR_B,REPORT_STRESS,15,0,0,0,0.06666666666666667,1.0,0.4220008850097656,8
PC+RWR,A4_aggregation_error,small,3,FEAT_SECTOR_B,REPORT_STRESS,15,0,0,0,0.06666666666666667,1.0,3.3249855041503906,8
AnomalyOnly,A4_aggregation_error,small,3,FEAT_SECTOR_B,REPORT_STRESS,2,0,1,1,0.5,0.8,0.006198883056640625,1
APA-RCA,A4_aggregation_error,small,3,FEAT_SECTOR_B,REPORT_STRESS,15,0,0,0,0.06666666666666667,1.0,0.4200935363769531,9
APA-RCA-v2,A4_aggregation_error,small,3,FEAT_SECTOR_B,REPORT_STRESS,15,0,0,0,0.06666666666666667,1.0,0.45108795166015625,9
APA-RCA-v3,A4_aggregation_error,small,3,FEAT_SECTOR_B,REPORT_STRESS,15,0,0,0,0.06666666666666667,1.0,0.40602684020996094,9
Schema-Constraint,A4_aggregation_error,small,3,FEAT_SECTOR_B,REPORT_STRESS,1,1,1,1,1.0,0.8,0.0021457672119140625,1
BFS,A4_aggregation_error,small,4,FEAT_SECTOR_B,REPORT_LIMIT,30,0,0,0,0.03333333333333333,1.0,0.3581047058105469,7
Vanilla-RWR,A4_aggregation_error,small,4,FEAT_SECTOR_B,REPORT_LIMIT,35,0,0,0,0.02857142857142857,1.0,0.41484832763671875,9
Structural-RWR,A4_aggregation_error,small,4,FEAT_SECTOR_B,REPORT_LIMIT,26,0,0,0,0.038461538461538464,1.0,0.4379749298095703,8
PC+RWR,A4_aggregation_error,small,4,FEAT_SECTOR_B,REPORT_LIMIT,26,0,0,0,0.038461538461538464,1.0,3.303050994873047,8
AnomalyOnly,A4_aggregation_error,small,4,FEAT_SECTOR_B,REPORT_LIMIT,14,0,0,0,0.07142857142857142,1.0,0.006198883056640625,1
APA-RCA,A4_aggregation_error,small,4,FEAT_SECTOR_B,REPORT_LIMIT,30,0,0,0,0.03333333333333333,1.0,0.4222393035888672,9
APA-RCA-v2,A4_aggregation_error,small,4,FEAT_SECTOR_B,REPORT_LIMIT,30,0,0,0,0.03333333333333333,1.0,0.4589557647705078,9
APA-RCA-v3,A4_aggregation_error,small,4,FEAT_SECTOR_B,REPORT_LIMIT,30,0,0,0,0.03333333333333333,1.0,0.4169940948486328,9
Schema-Constraint,A4_aggregation_error,small,4,FEAT_SECTOR_B,REPORT_LIMIT,1,1,1,1,1.0,0.8,0.0021457672119140625,1
BFS,A4_aggregation_error,small,5,FEAT_SECTOR_B,REPORT_LIMIT,36,0,0,0,0.027777777777777776,1.0,0.35881996154785156,7
Vanilla-RWR,A4_aggregation_error,small,5,FEAT_SECTOR_B,REPORT_LIMIT,35,0,0,0,0.02857142857142857,1.0,0.4229545593261719,9
Structural-RWR,A4_aggregation_error,small,5,FEAT_SECTOR_B,REPORT_LIMIT,33,0,0,0,0.030303030303030304,1.0,0.43201446533203125,8
PC+RWR,A4_aggregation_error,small,5,FEAT_SECTOR_B,REPORT_LIMIT,33,0,0,0,0.030303030303030304,1.0,3.2989978790283203,8
AnomalyOnly,A4_aggregation_error,small,5,FEAT_SECTOR_B,REPORT_LIMIT,28,0,0,0,0.03571428571428571,1.0,0.00476837158203125,1
APA-RCA,A4_aggregation_error,small,5,FEAT_SECTOR_B,REPORT_LIMIT,34,0,0,0,0.029411764705882353,1.0,0.4298686981201172,9
APA-RCA-v2,A4_aggregation_error,small,5,FEAT_SECTOR_B,REPORT_LIMIT,34,0,0,0,0.029411764705882353,1.0,0.453948974609375,9
APA-RCA-v3,A4_aggregation_error,small,5,FEAT_SECTOR_B,REPORT_LIMIT,34,0,0,0,0.029411764705882353,1.0,0.41294097900390625,9
Schema-Constraint,A4_aggregation_error,small,5,FEAT_SECTOR_B,REPORT_LIMIT,1,1,1,1,1.0,0.8,0.0016689300537109375,1
BFS,A4_aggregation_error,small,6,FEAT_SECTOR_A,REPORT_LIMIT,34,0,0,0,0.029411764705882353,1.0,0.36787986755371094,7
Vanilla-RWR,A4_aggregation_error,small,6,FEAT_SECTOR_A,REPORT_LIMIT,34,0,0,0,0.029411764705882353,1.0,0.41604042053222656,9
Structural-RWR,A4_aggregation_error,small,6,FEAT_SECTOR_A,REPORT_LIMIT,31,0,0,0,0.03225806451612903,1.0,0.4322528839111328,8
PC+RWR,A4_aggregation_error,small,6,FEAT_SECTOR_A,REPORT_LIMIT,31,0,0,0,0.03225806451612903,1.0,3.3369064331054688,8
AnomalyOnly,A4_aggregation_error,small,6,FEAT_SECTOR_A,REPORT_LIMIT,25,0,0,0,0.04,1.0,0.0059604644775390625,1
APA-RCA,A4_aggregation_error,small,6,FEAT_SECTOR_A,REPORT_LIMIT,33,0,0,0,0.030303030303030304,1.0,0.4208087921142578,9
APA-RCA-v2,A4_aggregation_error,small,6,FEAT_SECTOR_A,REPORT_LIMIT,33,0,0,0,0.030303030303030304,1.0,0.4532337188720703,9
APA-RCA-v3,A4_aggregation_error,small,6,FEAT_SECTOR_A,REPORT_LIMIT,33,0,0,0,0.030303030303030304,1.0,0.4131793975830078,9
Schema-Constraint,A4_aggregation_error,small,6,FEAT_SECTOR_A,REPORT_LIMIT,32,0,0,0,0.03125,1.0,0.0,0
BFS,A4_aggregation_error,small,7,FEAT_SECTOR_B,REPORT_LIMIT,31,0,0,0,0.03225806451612903,1.0,0.36716461181640625,7
Vanilla-RWR,A4_aggregation_error,small,7,FEAT_SECTOR_B,REPORT_LIMIT,35,0,0,0,0.02857142857142857,1.0,0.4248619079589844,9
Structural-RWR,A4_aggregation_error,small,7,FEAT_SECTOR_B,REPORT_LIMIT,23,0,0,0,0.043478260869565216,1.0,0.43392181396484375,8
PC+RWR,A4_aggregation_error,small,7,FEAT_SECTOR_B,REPORT_LIMIT,23,0,0,0,0.043478260869565216,1.0,3.3028125762939453,8
AnomalyOnly,A4_aggregation_error,small,7,FEAT_SECTOR_B,REPORT_LIMIT,9,0,0,0,0.1111111111111111,1.0,0.006198883056640625,1
APA-RCA,A4_aggregation_error,small,7,FEAT_SECTOR_B,REPORT_LIMIT,31,0,0,0,0.03225806451612903,1.0,0.43201446533203125,9
APA-RCA-v2,A4_aggregation_error,small,7,FEAT_SECTOR_B,REPORT_LIMIT,31,0,0,0,0.03225806451612903,1.0,0.6780624389648438,9
APA-RCA-v3,A4_aggregation_error,small,7,FEAT_SECTOR_B,REPORT_LIMIT,31,0,0,0,0.03225806451612903,1.0,0.4177093505859375,9
Schema-Constraint,A4_aggregation_error,small,7,FEAT_SECTOR_B,REPORT_LIMIT,1,1,1,1,1.0,0.8,0.0021457672119140625,1
BFS,A4_aggregation_error,small,8,FEAT_SECTOR_B,REPORT_LIMIT,40,0,0,0,0.025,1.0,0.4067420959472656,7
Vanilla-RWR,A4_aggregation_error,small,8,FEAT_SECTOR_B,REPORT_LIMIT,35,0,0,0,0.02857142857142857,1.0,0.4527568817138672,9
Structural-RWR,A4_aggregation_error,small,8,FEAT_SECTOR_B,REPORT_LIMIT,42,0,0,0,0.023809523809523808,1.0,0.492095947265625,8
PC+RWR,A4_aggregation_error,small,8,FEAT_SECTOR_B,REPORT_LIMIT,42,0,0,0,0.023809523809523808,1.0,3.3261775970458984,8
AnomalyOnly,A4_aggregation_error,small,8,FEAT_SECTOR_B,REPORT_LIMIT,40,0,0,0,0.025,1.0,0.0050067901611328125,1
APA-RCA,A4_aggregation_error,small,8,FEAT_SECTOR_B,REPORT_LIMIT,39,0,0,0,0.02564102564102564,1.0,0.4258155822753906,9
APA-RCA-v2,A4_aggregation_error,small,8,FEAT_SECTOR_B,REPORT_LIMIT,39,0,0,0,0.02564102564102564,1.0,0.45800209045410156,9
APA-RCA-v3,A4_aggregation_error,small,8,FEAT_SECTOR_B,REPORT_LIMIT,39,0,0,0,0.02564102564102564,1.0,0.4191398620605469,9
Schema-Constraint,A4_aggregation_error,small,8,FEAT_SECTOR_B,REPORT_LIMIT,1,1,1,1,1.0,0.8,0.0016689300537109375,1
BFS,A4_aggregation_error,small,9,FEAT_SECTOR_A,REPORT_LIMIT,33,0,0,0,0.030303030303030304,1.0,0.37288665771484375,7
Vanilla-RWR,A4_aggregation_error,small,9,FEAT_SECTOR_A,REPORT_LIMIT,34,0,0,0,0.029411764705882353,1.0,0.4200935363769531,9
Structural-RWR,A4_aggregation_error,small,9,FEAT_SECTOR_A,REPORT_LIMIT,30,0,0,0,0.03333333333333333,1.0,0.4329681396484375,8
PC+RWR,A4_aggregation_error,small,9,FEAT_SECTOR_A,REPORT_LIMIT,30,0,0,0,0.03333333333333333,1.0,3.325223922729492,8
AnomalyOnly,A4_aggregation_error,small,9,FEAT_SECTOR_A,REPORT_LIMIT,16,0,0,0,0.0625,1.0,0.005245208740234375,1
APA-RCA,A4_aggregation_error,small,9,FEAT_SECTOR_A,REPORT_LIMIT,31,0,0,0,0.03225806451612903,1.0,0.42510032653808594,9
APA-RCA-v2,A4_aggregation_error,small,9,FEAT_SECTOR_A,REPORT_LIMIT,31,0,0,0,0.03225806451612903,1.0,0.45609474182128906,9
APA-RCA-v3,A4_aggregation_error,small,9,FEAT_SECTOR_A,REPORT_LIMIT,31,0,0,0,0.03225806451612903,1.0,0.415802001953125,9
Schema-Constraint,A4_aggregation_error,small,9,FEAT_SECTOR_A,REPORT_LIMIT,32,0,0,0,0.03125,1.0,0.0,0
BFS,A4_aggregation_error,small,10,FEAT_SECTOR_B,REPORT_LIMIT,30,0,0,0,0.03333333333333333,1.0,0.37384033203125,7
Vanilla-RWR,A4_aggregation_error,small,10,FEAT_SECTOR_B,REPORT_LIMIT,35,0,0,0,0.02857142857142857,1.0,0.4100799560546875,9
Structural-RWR,A4_aggregation_error,small,10,FEAT_SECTOR_B,REPORT_LIMIT,21,0,0,0,0.047619047619047616,1.0,0.4119873046875,8
PC+RWR,A4_aggregation_error,small,10,FEAT_SECTOR_B,REPORT_LIMIT,21,0,0,0,0.047619047619047616,1.0,3.147125244140625,8
AnomalyOnly,A4_aggregation_error,small,10,FEAT_SECTOR_B,REPORT_LIMIT,10,0,0,0,0.1,1.0,0.0050067901611328125,1
APA-RCA,A4_aggregation_error,small,10,FEAT_SECTOR_B,REPORT_LIMIT,30,0,0,0,0.03333333333333333,1.0,0.39505958557128906,9
APA-RCA-v2,A4_aggregation_error,small,10,FEAT_SECTOR_B,REPORT_LIMIT,30,0,0,0,0.03333333333333333,1.0,0.4286766052246094,9
APA-RCA-v3,A4_aggregation_error,small,10,FEAT_SECTOR_B,REPORT_LIMIT,30,0,0,0,0.03333333333333333,1.0,0.38504600524902344,9
Schema-Constraint,A4_aggregation_error,small,10,FEAT_SECTOR_B,REPORT_LIMIT,1,1,1,1,1.0,0.8,0.0021457672119140625,1
BFS,A4_aggregation_error,small,11,FEAT_SECTOR_A,REPORT_LIMIT,30,0,0,0,0.03333333333333333,1.0,0.3769397735595703,7
Vanilla-RWR,A4_aggregation_error,small,11,FEAT_SECTOR_A,REPORT_LIMIT,34,0,0,0,0.029411764705882353,1.0,0.39124488830566406,9
Structural-RWR,A4_aggregation_error,small,11,FEAT_SECTOR_A,REPORT_LIMIT,30,0,0,0,0.03333333333333333,1.0,0.42700767517089844,8
PC+RWR,A4_aggregation_error,small,11,FEAT_SECTOR_A,REPORT_LIMIT,30,0,0,0,0.03333333333333333,1.0,3.2150745391845703,8
AnomalyOnly,A4_aggregation_error,small,11,FEAT_SECTOR_A,REPORT_LIMIT,15,0,0,0,0.06666666666666667,1.0,0.006198883056640625,1
APA-RCA,A4_aggregation_error,small,11,FEAT_SECTOR_A,REPORT_LIMIT,30,0,0,0,0.03333333333333333,1.0,0.4200935363769531,9
APA-RCA-v2,A4_aggregation_error,small,11,FEAT_SECTOR_A,REPORT_LIMIT,30,0,0,0,0.03333333333333333,1.0,0.4601478576660156,9
APA-RCA-v3,A4_aggregation_error,small,11,FEAT_SECTOR_A,REPORT_LIMIT,30,0,0,0,0.03333333333333333,1.0,0.42319297790527344,9
Schema-Constraint,A4_aggregation_error,small,11,FEAT_SECTOR_A,REPORT_LIMIT,32,0,0,0,0.03125,1.0,0.0,0
BFS,A4_aggregation_error,small,12,FEAT_SECTOR_B,REPORT_LIMIT,31,0,0,0,0.03225806451612903,1.0,0.36716461181640625,7
Vanilla-RWR,A4_aggregation_error,small,12,FEAT_SECTOR_B,REPORT_LIMIT,35,0,0,0,0.02857142857142857,1.0,0.4329681396484375,9
Structural-RWR,A4_aggregation_error,small,12,FEAT_SECTOR_B,REPORT_LIMIT,24,0,0,0,0.041666666666666664,1.0,0.7321834564208984,8
PC+RWR,A4_aggregation_error,small,12,FEAT_SECTOR_B,REPORT_LIMIT,24,0,0,0,0.041666666666666664,1.0,3.1800270080566406,8
AnomalyOnly,A4_aggregation_error,small,12,FEAT_SECTOR_B,REPORT_LIMIT,15,0,0,0,0.06666666666666667,1.0,0.005245208740234375,1
APA-RCA,A4_aggregation_error,small,12,FEAT_SECTOR_B,REPORT_LIMIT,31,0,0,0,0.03225806451612903,1.0,0.4100799560546875,9
APA-RCA-v2,A4_aggregation_error,small,12,FEAT_SECTOR_B,REPORT_LIMIT,31,0,0,0,0.03225806451612903,1.0,0.45680999755859375,9
APA-RCA-v3,A4_aggregation_error,small,12,FEAT_SECTOR_B,REPORT_LIMIT,31,0,0,0,0.03225806451612903,1.0,0.4150867462158203,9
Schema-Constraint,A4_aggregation_error,small,12,FEAT_SECTOR_B,REPORT_LIMIT,1,1,1,1,1.0,0.8,0.0007152557373046875,1
BFS,A4_aggregation_error,small,13,FEAT_SECTOR_B,REPORT_LIMIT,30,0,0,0,0.03333333333333333,1.0,0.3402233123779297,7
Vanilla-RWR,A4_aggregation_error,small,13,FEAT_SECTOR_B,REPORT_LIMIT,35,0,0,0,0.02857142857142857,1.0,0.4169940948486328,9
Structural-RWR,A4_aggregation_error,small,13,FEAT_SECTOR_B,REPORT_LIMIT,22,0,0,0,0.045454545454545456,1.0,0.4398822784423828,8
PC+RWR,A4_aggregation_error,small,13,FEAT_SECTOR_B,REPORT_LIMIT,22,0,0,0,0.045454545454545456,1.0,3.2258033752441406,8
AnomalyOnly,A4_aggregation_error,small,13,FEAT_SECTOR_B,REPORT_LIMIT,11,0,0,0,0.09090909090909091,1.0,0.006198883056640625,1
APA-RCA,A4_aggregation_error,small,13,FEAT_SECTOR_B,REPORT_LIMIT,30,0,0,0,0.03333333333333333,1.0,0.4191398620605469,9
APA-RCA-v2,A4_aggregation_error,small,13,FEAT_SECTOR_B,REPORT_LIMIT,30,0,0,0,0.03333333333333333,1.0,0.45680999755859375,9
APA-RCA-v3,A4_aggregation_error,small,13,FEAT_SECTOR_B,REPORT_LIMIT,30,0,0,0,0.03333333333333333,1.0,0.41413307189941406,9
Schema-Constraint,A4_aggregation_error,small,13,FEAT_SECTOR_B,REPORT_LIMIT,1,1,1,1,1.0,0.8,0.0019073486328125,1
BFS,A4_aggregation_error,small,14,FEAT_SECTOR_A,REPORT_LIMIT,31,0,0,0,0.03225806451612903,1.0,0.3578662872314453,7
Vanilla-RWR,A4_aggregation_error,small,14,FEAT_SECTOR_A,REPORT_LIMIT,34,0,0,0,0.029411764705882353,1.0,0.41604042053222656,9
Structural-RWR,A4_aggregation_error,small,14,FEAT_SECTOR_A,REPORT_LIMIT,30,0,0,0,0.03333333333333333,1.0,0.43392181396484375,8
PC+RWR,A4_aggregation_error,small,14,FEAT_SECTOR_A,REPORT_LIMIT,30,0,0,0,0.03333333333333333,1.0,3.1859874725341797,8
AnomalyOnly,A4_aggregation_error,small,14,FEAT_SECTOR_A,REPORT_LIMIT,15,0,0,0,0.06666666666666667,1.0,0.0059604644775390625,1
APA-RCA,A4_aggregation_error,small,14,FEAT_SECTOR_A,REPORT_LIMIT,31,0,0,0,0.03225806451612903,1.0,0.4220008850097656,9
APA-RCA-v2,A4_aggregation_error,small,14,FEAT_SECTOR_A,REPORT_LIMIT,31,0,0,0,0.03225806451612903,1.0,0.4589557647705078,9
APA-RCA-v3,A4_aggregation_error,small,14,FEAT_SECTOR_A,REPORT_LIMIT,31,0,0,0,0.03225806451612903,1.0,0.4169940948486328,9
Schema-Constraint,A4_aggregation_error,small,14,FEAT_SECTOR_A,REPORT_LIMIT,32,0,0,0,0.03125,1.0,0.0,0
BFS,A4_aggregation_error,small,15,FEAT_SECTOR_B,REPORT_LIMIT,36,0,0,0,0.027777777777777776,1.0,0.39887428283691406,7
Vanilla-RWR,A4_aggregation_error,small,15,FEAT_SECTOR_B,REPORT_LIMIT,35,0,0,0,0.02857142857142857,1.0,0.4451274871826172,9
Structural-RWR,A4_aggregation_error,small,15,FEAT_SECTOR_B,REPORT_LIMIT,34,0,0,0,0.029411764705882353,1.0,0.45108795166015625,8
PC+RWR,A4_aggregation_error,small,15,FEAT_SECTOR_B,REPORT_LIMIT,34,0,0,0,0.029411764705882353,1.0,3.4360885620117188,8
AnomalyOnly,A4_aggregation_error,small,15,FEAT_SECTOR_B,REPORT_LIMIT,29,0,0,0,0.034482758620689655,1.0,0.00476837158203125,1
APA-RCA,A4_aggregation_error,small,15,FEAT_SECTOR_B,REPORT_LIMIT,34,0,0,0,0.029411764705882353,1.0,0.4429817199707031,9
APA-RCA-v2,A4_aggregation_error,small,15,FEAT_SECTOR_B,REPORT_LIMIT,34,0,0,0,0.029411764705882353,1.0,0.47707557678222656,9
APA-RCA-v3,A4_aggregation_error,small,15,FEAT_SECTOR_B,REPORT_LIMIT,34,0,0,0,0.029411764705882353,1.0,0.4291534423828125,9
Schema-Constraint,A4_aggregation_error,small,15,FEAT_SECTOR_B,REPORT_LIMIT,1,1,1,1,1.0,0.8,0.003814697265625,1
BFS,A4_aggregation_error,small,16,FEAT_SECTOR_B,REPORT_LIMIT,31,0,0,0,0.03225806451612903,1.0,0.34689903259277344,7
Vanilla-RWR,A4_aggregation_error,small,16,FEAT_SECTOR_B,REPORT_LIMIT,35,0,0,0,0.02857142857142857,1.0,0.4210472106933594,9
Structural-RWR,A4_aggregation_error,small,16,FEAT_SECTOR_B,REPORT_LIMIT,24,0,0,0,0.041666666666666664,1.0,0.43702125549316406,8
PC+RWR,A4_aggregation_error,small,16,FEAT_SECTOR_B,REPORT_LIMIT,24,0,0,0,0.041666666666666664,1.0,3.269195556640625,8
AnomalyOnly,A4_aggregation_error,small,16,FEAT_SECTOR_B,REPORT_LIMIT,17,0,0,0,0.058823529411764705,1.0,0.006198883056640625,1
APA-RCA,A4_aggregation_error,small,16,FEAT_SECTOR_B,REPORT_LIMIT,31,0,0,0,0.03225806451612903,1.0,0.4220008850097656,9
APA-RCA-v2,A4_aggregation_error,small,16,FEAT_SECTOR_B,REPORT_LIMIT,31,0,0,0,0.03225806451612903,1.0,0.4601478576660156,9
APA-RCA-v3,A4_aggregation_error,small,16,FEAT_SECTOR_B,REPORT_LIMIT,31,0,0,0,0.03225806451612903,1.0,0.4177093505859375,9
Schema-Constraint,A4_aggregation_error,small,16,FEAT_SECTOR_B,REPORT_LIMIT,1,1,1,1,1.0,0.8,0.0019073486328125,1
BFS,A4_aggregation_error,small,17,FEAT_SECTOR_B,REPORT_LIMIT,32,0,0,0,0.03125,1.0,0.6558895111083984,7
Vanilla-RWR,A4_aggregation_error,small,17,FEAT_SECTOR_B,REPORT_LIMIT,35,0,0,0,0.02857142857142857,1.0,0.4291534423828125,9
Structural-RWR,A4_aggregation_error,small,17,FEAT_SECTOR_B,REPORT_LIMIT,25,0,0,0,0.04,1.0,0.4410743713378906,8
PC+RWR,A4_aggregation_error,small,17,FEAT_SECTOR_B,REPORT_LIMIT,25,0,0,0,0.04,1.0,3.2613277435302734,8
AnomalyOnly,A4_aggregation_error,small,17,FEAT_SECTOR_B,REPORT_LIMIT,20,0,0,0,0.05,1.0,0.006198883056640625,1
APA-RCA,A4_aggregation_error,small,17,FEAT_SECTOR_B,REPORT_LIMIT,32,0,0,0,0.03125,1.0,0.41985511779785156,9
APA-RCA-v2,A4_aggregation_error,small,17,FEAT_SECTOR_B,REPORT_LIMIT,32,0,0,0,0.03125,1.0,0.45228004455566406,9
APA-RCA-v3,A4_aggregation_error,small,17,FEAT_SECTOR_B,REPORT_LIMIT,32,0,0,0,0.03125,1.0,0.4143714904785156,9
Schema-Constraint,A4_aggregation_error,small,17,FEAT_SECTOR_B,REPORT_LIMIT,1,1,1,1,1.0,0.8,0.0021457672119140625,1
BFS,A4_aggregation_error,small,18,FEAT_SECTOR_B,REPORT_LIMIT,33,0,0,0,0.030303030303030304,1.0,0.3809928894042969,7
Vanilla-RWR,A4_aggregation_error,small,18,FEAT_SECTOR_B,REPORT_LIMIT,35,0,0,0,0.02857142857142857,1.0,0.4169940948486328,9
Structural-RWR,A4_aggregation_error,small,18,FEAT_SECTOR_B,REPORT_LIMIT,26,0,0,0,0.038461538461538464,1.0,0.4341602325439453,8
PC+RWR,A4_aggregation_error,small,18,FEAT_SECTOR_B,REPORT_LIMIT,26,0,0,0,0.038461538461538464,1.0,3.184080123901367,8
AnomalyOnly,A4_aggregation_error,small,18,FEAT_SECTOR_B,REPORT_LIMIT,19,0,0,0,0.05263157894736842,1.0,0.0050067901611328125,1
APA-RCA,A4_aggregation_error,small,18,FEAT_SECTOR_B,REPORT_LIMIT,33,0,0,0,0.030303030303030304,1.0,0.4267692565917969,9
APA-RCA-v2,A4_aggregation_error,small,18,FEAT_SECTOR_B,REPORT_LIMIT,33,0,0,0,0.030303030303030304,1.0,0.46515464782714844,9
APA-RCA-v3,A4_aggregation_error,small,18,FEAT_SECTOR_B,REPORT_LIMIT,33,0,0,0,0.030303030303030304,1.0,0.4131793975830078,9
Schema-Constraint,A4_aggregation_error,small,18,FEAT_SECTOR_B,REPORT_LIMIT,1,1,1,1,1.0,0.8,0.00095367431640625,1
BFS,A4_aggregation_error,small,19,FEAT_SECTOR_B,REPORT_LIMIT,33,0,0,0,0.030303030303030304,1.0,0.37217140197753906,7
Vanilla-RWR,A4_aggregation_error,small,19,FEAT_SECTOR_B,REPORT_LIMIT,35,0,0,0,0.02857142857142857,1.0,0.415802001953125,9
Structural-RWR,A4_aggregation_error,small,19,FEAT_SECTOR_B,REPORT_LIMIT,30,0,0,0,0.03333333333333333,1.0,0.4258155822753906,8
PC+RWR,A4_aggregation_error,small,19,FEAT_SECTOR_B,REPORT_LIMIT,30,0,0,0,0.03333333333333333,1.0,3.238201141357422,8
AnomalyOnly,A4_aggregation_error,small,19,FEAT_SECTOR_B,REPORT_LIMIT,24,0,0,0,0.041666666666666664,1.0,0.00476837158203125,1
APA-RCA,A4_aggregation_error,small,19,FEAT_SECTOR_B,REPORT_LIMIT,31,0,0,0,0.03225806451612903,1.0,0.39386749267578125,9
APA-RCA-v2,A4_aggregation_error,small,19,FEAT_SECTOR_B,REPORT_LIMIT,31,0,0,0,0.03225806451612903,1.0,0.67901611328125,9
APA-RCA-v3,A4_aggregation_error,small,19,FEAT_SECTOR_B,REPORT_LIMIT,31,0,0,0,0.03225806451612903,1.0,0.4150867462158203,9
Schema-Constraint,A4_aggregation_error,small,19,FEAT_SECTOR_B,REPORT_LIMIT,1,1,1,1,1.0,0.8,0.0016689300537109375,1
BFS,A4_aggregation_error,small,20,FEAT_SECTOR_B,REPORT_LIMIT,33,0,0,0,0.030303030303030304,1.0,0.3571510314941406,7
Vanilla-RWR,A4_aggregation_error,small,20,FEAT_SECTOR_B,REPORT_LIMIT,35,0,0,0,0.02857142857142857,1.0,0.4169940948486328,9
Structural-RWR,A4_aggregation_error,small,20,FEAT_SECTOR_B,REPORT_LIMIT,25,0,0,0,0.04,1.0,0.43010711669921875,8
PC+RWR,A4_aggregation_error,small,20,FEAT_SECTOR_B,REPORT_LIMIT,25,0,0,0,0.04,1.0,3.259897232055664,8
AnomalyOnly,A4_aggregation_error,small,20,FEAT_SECTOR_B,REPORT_LIMIT,21,0,0,0,0.047619047619047616,1.0,0.00476837158203125,1
APA-RCA,A4_aggregation_error,small,20,FEAT_SECTOR_B,REPORT_LIMIT,32,0,0,0,0.03125,1.0,0.4181861877441406,9
APA-RCA-v2,A4_aggregation_error,small,20,FEAT_SECTOR_B,REPORT_LIMIT,32,0,0,0,0.03125,1.0,0.45371055603027344,9
APA-RCA-v3,A4_aggregation_error,small,20,FEAT_SECTOR_B,REPORT_LIMIT,32,0,0,0,0.03125,1.0,0.41484832763671875,9
Schema-Constraint,A4_aggregation_error,small,20,FEAT_SECTOR_B,REPORT_LIMIT,1,1,1,1,1.0,0.8,0.0016689300537109375,1
BFS,A4_aggregation_error,small,21,FEAT_SECTOR_A,REPORT_LIMIT,30,0,0,0,0.03333333333333333,1.0,0.38504600524902344,7
Vanilla-RWR,A4_aggregation_error,small,21,FEAT_SECTOR_A,REPORT_LIMIT,34,0,0,0,0.029411764705882353,1.0,0.4220008850097656,9
Structural-RWR,A4_aggregation_error,small,21,FEAT_SECTOR_A,REPORT_LIMIT,28,0,0,0,0.03571428571428571,1.0,0.4248619079589844,8
PC+RWR,A4_aggregation_error,small,21,FEAT_SECTOR_A,REPORT_LIMIT,28,0,0,0,0.03571428571428571,1.0,3.262758255004883,8
AnomalyOnly,A4_aggregation_error,small,21,FEAT_SECTOR_A,REPORT_LIMIT,14,0,0,0,0.07142857142857142,1.0,0.0059604644775390625,1
APA-RCA,A4_aggregation_error,small,21,FEAT_SECTOR_A,REPORT_LIMIT,30,0,0,0,0.03333333333333333,1.0,0.4279613494873047,9
APA-RCA-v2,A4_aggregation_error,small,21,FEAT_SECTOR_A,REPORT_LIMIT,30,0,0,0,0.03333333333333333,1.0,0.453948974609375,9
APA-RCA-v3,A4_aggregation_error,small,21,FEAT_SECTOR_A,REPORT_LIMIT,30,0,0,0,0.03333333333333333,1.0,0.4138946533203125,9
Schema-Constraint,A4_aggregation_error,small,21,FEAT_SECTOR_A,REPORT_LIMIT,32,0,0,0,0.03125,1.0,0.0,0
BFS,A4_aggregation_error,small,22,FEAT_SECTOR_B,REPORT_LIMIT,32,0,0,0,0.03125,1.0,0.37384033203125,7
Vanilla-RWR,A4_aggregation_error,small,22,FEAT_SECTOR_B,REPORT_LIMIT,35,0,0,0,0.02857142857142857,1.0,0.45180320739746094,9
Structural-RWR,A4_aggregation_error,small,22,FEAT_SECTOR_B,REPORT_LIMIT,22,0,0,0,0.045454545454545456,1.0,0.3962516784667969,8
PC+RWR,A4_aggregation_error,small,22,FEAT_SECTOR_B,REPORT_LIMIT,22,0,0,0,0.045454545454545456,1.0,3.287076950073242,8
AnomalyOnly,A4_aggregation_error,small,22,FEAT_SECTOR_B,REPORT_LIMIT,15,0,0,0,0.06666666666666667,1.0,0.0057220458984375,1
APA-RCA,A4_aggregation_error,small,22,FEAT_SECTOR_B,REPORT_LIMIT,32,0,0,0,0.03125,1.0,0.43201446533203125,9
APA-RCA-v2,A4_aggregation_error,small,22,FEAT_SECTOR_B,REPORT_LIMIT,32,0,0,0,0.03125,1.0,0.46515464782714844,9
APA-RCA-v3,A4_aggregation_error,small,22,FEAT_SECTOR_B,REPORT_LIMIT,32,0,0,0,0.03125,1.0,0.41484832763671875,9
Schema-Constraint,A4_aggregation_error,small,22,FEAT_SECTOR_B,REPORT_LIMIT,1,1,1,1,1.0,0.8,0.0011920928955078125,1
BFS,A4_aggregation_error,small,23,FEAT_SECTOR_A,REPORT_LIMIT,33,0,0,0,0.030303030303030304,1.0,0.3638267517089844,7
Vanilla-RWR,A4_aggregation_error,small,23,FEAT_SECTOR_A,REPORT_LIMIT,34,0,0,0,0.029411764705882353,1.0,0.41484832763671875,9
Structural-RWR,A4_aggregation_error,small,23,FEAT_SECTOR_A,REPORT_LIMIT,32,0,0,0,0.03125,1.0,0.4391670227050781,8
PC+RWR,A4_aggregation_error,small,23,FEAT_SECTOR_A,REPORT_LIMIT,32,0,0,0,0.03125,1.0,3.2570362091064453,8
AnomalyOnly,A4_aggregation_error,small,23,FEAT_SECTOR_A,REPORT_LIMIT,21,0,0,0,0.047619047619047616,1.0,0.0050067901611328125,1
APA-RCA,A4_aggregation_error,small,23,FEAT_SECTOR_A,REPORT_LIMIT,32,0,0,0,0.03125,1.0,0.43010711669921875,9
APA-RCA-v2,A4_aggregation_error,small,23,FEAT_SECTOR_A,REPORT_LIMIT,32,0,0,0,0.03125,1.0,0.4627704620361328,9
APA-RCA-v3,A4_aggregation_error,small,23,FEAT_SECTOR_A,REPORT_LIMIT,32,0,0,0,0.03125,1.0,0.41484832763671875,9
Schema-Constraint,A4_aggregation_error,small,23,FEAT_SECTOR_A,REPORT_LIMIT,32,0,0,0,0.03125,1.0,0.0,0
BFS,A4_aggregation_error,small,24,FEAT_SECTOR_A,REPORT_LIMIT,34,0,0,0,0.029411764705882353,1.0,0.3898143768310547,7
Vanilla-RWR,A4_aggregation_error,small,24,FEAT_SECTOR_A,REPORT_LIMIT,34,0,0,0,0.029411764705882353,1.0,0.41484832763671875,9
Structural-RWR,A4_aggregation_error,small,24,FEAT_SECTOR_A,REPORT_LIMIT,33,0,0,0,0.030303030303030304,1.0,0.43129920959472656,8
PC+RWR,A4_aggregation_error,small,24,FEAT_SECTOR_A,REPORT_LIMIT,33,0,0,0,0.030303030303030304,1.0,3.2782554626464844,8
AnomalyOnly,A4_aggregation_error,small,24,FEAT_SECTOR_A,REPORT_LIMIT,16,0,0,0,0.0625,1.0,0.0059604644775390625,1
APA-RCA,A4_aggregation_error,small,24,FEAT_SECTOR_A,REPORT_LIMIT,34,0,0,0,0.029411764705882353,1.0,0.41794776916503906,9
APA-RCA-v2,A4_aggregation_error,small,24,FEAT_SECTOR_A,REPORT_LIMIT,34,0,0,0,0.029411764705882353,1.0,0.7386207580566406,9
APA-RCA-v3,A4_aggregation_error,small,24,FEAT_SECTOR_A,REPORT_LIMIT,34,0,0,0,0.029411764705882353,1.0,0.3838539123535156,9
Schema-Constraint,A4_aggregation_error,small,24,FEAT_SECTOR_A,REPORT_LIMIT,32,0,0,0,0.03125,1.0,0.0,0
BFS,A4_aggregation_error,small,25,FEAT_SECTOR_B,REPORT_LIMIT,31,0,0,0,0.03225806451612903,1.0,0.37407875061035156,7
Vanilla-RWR,A4_aggregation_error,small,25,FEAT_SECTOR_B,REPORT_LIMIT,35,0,0,0,0.02857142857142857,1.0,0.40984153747558594,9
Structural-RWR,A4_aggregation_error,small,25,FEAT_SECTOR_B,REPORT_LIMIT,21,0,0,0,0.047619047619047616,1.0,0.43511390686035156,8
PC+RWR,A4_aggregation_error,small,25,FEAT_SECTOR_B,REPORT_LIMIT,21,0,0,0,0.047619047619047616,1.0,3.2012462615966797,8
AnomalyOnly,A4_aggregation_error,small,25,FEAT_SECTOR_B,REPORT_LIMIT,12,0,0,0,0.08333333333333333,1.0,0.005245208740234375,1
APA-RCA,A4_aggregation_error,small,25,FEAT_SECTOR_B,REPORT_LIMIT,31,0,0,0,0.03225806451612903,1.0,0.4169940948486328,9
APA-RCA-v2,A4_aggregation_error,small,25,FEAT_SECTOR_B,REPORT_LIMIT,31,0,0,0,0.03225806451612903,1.0,0.4570484161376953,9
APA-RCA-v3,A4_aggregation_error,small,25,FEAT_SECTOR_B,REPORT_LIMIT,31,0,0,0,0.03225806451612903,1.0,0.4260540008544922,9
Schema-Constraint,A4_aggregation_error,small,25,FEAT_SECTOR_B,REPORT_LIMIT,1,1,1,1,1.0,0.8,0.0019073486328125,1
BFS,A4_aggregation_error,small,26,FEAT_SECTOR_B,REPORT_DASHBOARD,26,0,0,0,0.038461538461538464,1.0,0.3781318664550781,6
Vanilla-RWR,A4_aggregation_error,small,26,FEAT_SECTOR_B,REPORT_DASHBOARD,36,0,0,0,0.027777777777777776,1.0,0.4200935363769531,9
Structural-RWR,A4_aggregation_error,small,26,FEAT_SECTOR_B,REPORT_DASHBOARD,26,0,0,0,0.038461538461538464,1.0,0.43010711669921875,8
PC+RWR,A4_aggregation_error,small,26,FEAT_SECTOR_B,REPORT_DASHBOARD,26,0,0,0,0.038461538461538464,1.0,3.245830535888672,8
AnomalyOnly,A4_aggregation_error,small,26,FEAT_SECTOR_B,REPORT_DASHBOARD,18,0,0,0,0.05555555555555555,1.0,0.005245208740234375,1
APA-RCA,A4_aggregation_error,small,26,FEAT_SECTOR_B,REPORT_DASHBOARD,25,0,0,0,0.04,1.0,0.4191398620605469,9
APA-RCA-v2,A4_aggregation_error,small,26,FEAT_SECTOR_B,REPORT_DASHBOARD,25,0,0,0,0.04,1.0,0.45800209045410156,9
APA-RCA-v3,A4_aggregation_error,small,26,FEAT_SECTOR_B,REPORT_DASHBOARD,25,0,0,0,0.04,1.0,0.4107952117919922,9
Schema-Constraint,A4_aggregation_error,small,26,FEAT_SECTOR_B,REPORT_DASHBOARD,1,1,1,1,1.0,0.8,0.0021457672119140625,1
BFS,A4_aggregation_error,small,27,FEAT_SECTOR_A,REPORT_LIMIT,31,0,0,0,0.03225806451612903,1.0,0.35309791564941406,7
Vanilla-RWR,A4_aggregation_error,small,27,FEAT_SECTOR_A,REPORT_LIMIT,34,0,0,0,0.029411764705882353,1.0,0.4439353942871094,9
Structural-RWR,A4_aggregation_error,small,27,FEAT_SECTOR_A,REPORT_LIMIT,28,0,0,0,0.03571428571428571,1.0,0.392913818359375,8
PC+RWR,A4_aggregation_error,small,27,FEAT_SECTOR_A,REPORT_LIMIT,28,0,0,0,0.03571428571428571,1.0,3.2079219818115234,8
AnomalyOnly,A4_aggregation_error,small,27,FEAT_SECTOR_A,REPORT_LIMIT,16,0,0,0,0.0625,1.0,0.0050067901611328125,1
APA-RCA,A4_aggregation_error,small,27,FEAT_SECTOR_A,REPORT_LIMIT,31,0,0,0,0.03225806451612903,1.0,0.4222393035888672,9
APA-RCA-v2,A4_aggregation_error,small,27,FEAT_SECTOR_A,REPORT_LIMIT,31,0,0,0,0.03225806451612903,1.0,0.45680999755859375,9
APA-RCA-v3,A4_aggregation_error,small,27,FEAT_SECTOR_A,REPORT_LIMIT,31,0,0,0,0.03225806451612903,1.0,0.4138946533203125,9
Schema-Constraint,A4_aggregation_error,small,27,FEAT_SECTOR_A,REPORT_LIMIT,32,0,0,0,0.03125,1.0,0.0,0
BFS,A4_aggregation_error,small,28,FEAT_SECTOR_B,REPORT_LIMIT,32,0,0,0,0.03125,1.0,0.3681182861328125,7
Vanilla-RWR,A4_aggregation_error,small,28,FEAT_SECTOR_B,REPORT_LIMIT,35,0,0,0,0.02857142857142857,1.0,0.4100799560546875,9
Structural-RWR,A4_aggregation_error,small,28,FEAT_SECTOR_B,REPORT_LIMIT,25,0,0,0,0.04,1.0,0.4291534423828125,8
PC+RWR,A4_aggregation_error,small,28,FEAT_SECTOR_B,REPORT_LIMIT,25,0,0,0,0.04,1.0,3.2279491424560547,8
AnomalyOnly,A4_aggregation_error,small,28,FEAT_SECTOR_B,REPORT_LIMIT,22,0,0,0,0.045454545454545456,1.0,0.00476837158203125,1
APA-RCA,A4_aggregation_error,small,28,FEAT_SECTOR_B,REPORT_LIMIT,31,0,0,0,0.03225806451612903,1.0,0.392913818359375,9
APA-RCA-v2,A4_aggregation_error,small,28,FEAT_SECTOR_B,REPORT_LIMIT,31,0,0,0,0.03225806451612903,1.0,0.4570484161376953,9
APA-RCA-v3,A4_aggregation_error,small,28,FEAT_SECTOR_B,REPORT_LIMIT,31,0,0,0,0.03225806451612903,1.0,0.4220008850097656,9
Schema-Constraint,A4_aggregation_error,small,28,FEAT_SECTOR_B,REPORT_LIMIT,1,1,1,1,1.0,0.8,0.0019073486328125,1
BFS,A4_aggregation_error,small,29,FEAT_SECTOR_B,REPORT_LIMIT,30,0,0,0,0.03333333333333333,1.0,0.5300045013427734,7
Vanilla-RWR,A4_aggregation_error,small,29,FEAT_SECTOR_B,REPORT_LIMIT,35,0,0,0,0.02857142857142857,1.0,0.5478858947753906,9
Structural-RWR,A4_aggregation_error,small,29,FEAT_SECTOR_B,REPORT_LIMIT,14,0,0,0,0.07142857142857142,1.0,0.4820823669433594,8
PC+RWR,A4_aggregation_error,small,29,FEAT_SECTOR_B,REPORT_LIMIT,14,0,0,0,0.07142857142857142,1.0,3.5851001739501953,8
AnomalyOnly,A4_aggregation_error,small,29,FEAT_SECTOR_B,REPORT_LIMIT,10,0,0,0,0.1,1.0,0.0069141387939453125,1
APA-RCA,A4_aggregation_error,small,29,FEAT_SECTOR_B,REPORT_LIMIT,30,0,0,0,0.03333333333333333,1.0,0.45490264892578125,9
APA-RCA-v2,A4_aggregation_error,small,29,FEAT_SECTOR_B,REPORT_LIMIT,30,0,0,0,0.03333333333333333,1.0,0.9191036224365234,9
APA-RCA-v3,A4_aggregation_error,small,29,FEAT_SECTOR_B,REPORT_LIMIT,30,0,0,0,0.03333333333333333,1.0,0.4398822784423828,9
Schema-Constraint,A4_aggregation_error,small,29,FEAT_SECTOR_B,REPORT_LIMIT,1,1,1,1,1.0,0.8,0.0019073486328125,1
BFS,A5_downstream_masking,small,0,SRC_STOCK_3_PRICE,REPORT_LIMIT,27,0,0,0,0.037037037037037035,1.0,0.3800392150878906,7
Vanilla-RWR,A5_downstream_masking,small,0,SRC_STOCK_3_PRICE,REPORT_LIMIT,21,0,0,0,0.047619047619047616,1.0,0.39505958557128906,9
Structural-RWR,A5_downstream_masking,small,0,SRC_STOCK_3_PRICE,REPORT_LIMIT,20,0,0,0,0.05,1.0,0.41103363037109375,8
PC+RWR,A5_downstream_masking,small,0,SRC_STOCK_3_PRICE,REPORT_LIMIT,20,0,0,0,0.05,1.0,3.340005874633789,8
AnomalyOnly,A5_downstream_masking,small,0,SRC_STOCK_3_PRICE,REPORT_LIMIT,7,0,0,0,0.14285714285714285,1.0,0.0050067901611328125,1
APA-RCA,A5_downstream_masking,small,0,SRC_STOCK_3_PRICE,REPORT_LIMIT,4,0,0,1,0.25,0.8,0.4138946533203125,9
APA-RCA-v2,A5_downstream_masking,small,0,SRC_STOCK_3_PRICE,REPORT_LIMIT,2,0,1,1,0.5,0.8,0.4673004150390625,9
APA-RCA-v3,A5_downstream_masking,small,0,SRC_STOCK_3_PRICE,REPORT_LIMIT,2,0,1,1,0.5,0.8,0.4298686981201172,9
Schema-Constraint,A5_downstream_masking,small,0,SRC_STOCK_3_PRICE,REPORT_LIMIT,3,0,1,1,0.3333333333333333,0.8,0.0,0
BFS,A5_downstream_masking,small,1,SRC_STOCK_2_PRICE,REPORT_STRESS,11,0,0,0,0.09090909090909091,1.0,0.37789344787597656,6
Vanilla-RWR,A5_downstream_masking,small,1,SRC_STOCK_2_PRICE,REPORT_STRESS,12,0,0,0,0.08333333333333333,1.0,0.4336833953857422,9
Structural-RWR,A5_downstream_masking,small,1,SRC_STOCK_2_PRICE,REPORT_STRESS,21,0,0,0,0.047619047619047616,1.0,0.43201446533203125,8
PC+RWR,A5_downstream_masking,small,1,SRC_STOCK_2_PRICE,REPORT_STRESS,21,0,0,0,0.047619047619047616,1.0,3.242969512939453,8
AnomalyOnly,A5_downstream_masking,small,1,SRC_STOCK_2_PRICE,REPORT_STRESS,4,0,0,1,0.25,0.8,0.0050067901611328125,1
APA-RCA,A5_downstream_masking,small,1,SRC_STOCK_2_PRICE,REPORT_STRESS,2,0,1,1,0.5,0.8,0.396728515625,9
APA-RCA-v2,A5_downstream_masking,small,1,SRC_STOCK_2_PRICE,REPORT_STRESS,2,0,1,1,0.5,0.8,0.45490264892578125,9
APA-RCA-v3,A5_downstream_masking,small,1,SRC_STOCK_2_PRICE,REPORT_STRESS,2,0,1,1,0.5,0.8,0.41103363037109375,9
Schema-Constraint,A5_downstream_masking,small,1,SRC_STOCK_2_PRICE,REPORT_STRESS,2,0,1,1,0.5,0.8,0.0,0
BFS,A5_downstream_masking,small,2,SRC_STOCK_3_PRICE,REPORT_LIMIT,28,0,0,0,0.03571428571428571,1.0,0.396728515625,7
Vanilla-RWR,A5_downstream_masking,small,2,SRC_STOCK_3_PRICE,REPORT_LIMIT,21,0,0,0,0.047619047619047616,1.0,0.4181861877441406,9
Structural-RWR,A5_downstream_masking,small,2,SRC_STOCK_3_PRICE,REPORT_LIMIT,31,0,0,0,0.03225806451612903,1.0,0.43582916259765625,8
PC+RWR,A5_downstream_masking,small,2,SRC_STOCK_3_PRICE,REPORT_LIMIT,31,0,0,0,0.03225806451612903,1.0,3.242015838623047,8
AnomalyOnly,A5_downstream_masking,small,2,SRC_STOCK_3_PRICE,REPORT_LIMIT,15,0,0,0,0.06666666666666667,1.0,0.0050067901611328125,1
APA-RCA,A5_downstream_masking,small,2,SRC_STOCK_3_PRICE,REPORT_LIMIT,14,0,0,0,0.07142857142857142,1.0,0.4029273986816406,9
APA-RCA-v2,A5_downstream_masking,small,2,SRC_STOCK_3_PRICE,REPORT_LIMIT,8,0,0,0,0.125,1.0,0.4591941833496094,9
APA-RCA-v3,A5_downstream_masking,small,2,SRC_STOCK_3_PRICE,REPORT_LIMIT,8,0,0,0,0.125,1.0,0.41413307189941406,9
Schema-Constraint,A5_downstream_masking,small,2,SRC_STOCK_3_PRICE,REPORT_LIMIT,3,0,1,1,0.3333333333333333,0.8,0.0,0
BFS,A5_downstream_masking,small,3,SRC_STOCK_3_PRICE,REPORT_DASHBOARD,16,0,0,0,0.0625,1.0,0.3581047058105469,6
Vanilla-RWR,A5_downstream_masking,small,3,SRC_STOCK_3_PRICE,REPORT_DASHBOARD,15,0,0,0,0.06666666666666667,1.0,0.43082237243652344,9
Structural-RWR,A5_downstream_masking,small,3,SRC_STOCK_3_PRICE,REPORT_DASHBOARD,24,0,0,0,0.041666666666666664,1.0,0.43511390686035156,8
PC+RWR,A5_downstream_masking,small,3,SRC_STOCK_3_PRICE,REPORT_DASHBOARD,24,0,0,0,0.041666666666666664,1.0,3.1859874725341797,8
AnomalyOnly,A5_downstream_masking,small,3,SRC_STOCK_3_PRICE,REPORT_DASHBOARD,5,0,0,1,0.2,0.8,0.00476837158203125,1
APA-RCA,A5_downstream_masking,small,3,SRC_STOCK_3_PRICE,REPORT_DASHBOARD,2,0,1,1,0.5,0.8,0.3979206085205078,9
APA-RCA-v2,A5_downstream_masking,small,3,SRC_STOCK_3_PRICE,REPORT_DASHBOARD,1,1,1,1,1.0,0.8,0.45800209045410156,9
APA-RCA-v3,A5_downstream_masking,small,3,SRC_STOCK_3_PRICE,REPORT_DASHBOARD,1,1,1,1,1.0,0.8,0.4150867462158203,9
Schema-Constraint,A5_downstream_masking,small,3,SRC_STOCK_3_PRICE,REPORT_DASHBOARD,3,0,1,1,0.3333333333333333,0.8,0.0,0
BFS,A5_downstream_masking,small,4,SRC_STOCK_3_PRICE,REPORT_LIMIT,28,0,0,0,0.03571428571428571,1.0,0.3819465637207031,7
Vanilla-RWR,A5_downstream_masking,small,4,SRC_STOCK_3_PRICE,REPORT_LIMIT,21,0,0,0,0.047619047619047616,1.0,0.4138946533203125,9
Structural-RWR,A5_downstream_masking,small,4,SRC_STOCK_3_PRICE,REPORT_LIMIT,30,0,0,0,0.03333333333333333,1.0,0.7088184356689453,8
PC+RWR,A5_downstream_masking,small,4,SRC_STOCK_3_PRICE,REPORT_LIMIT,30,0,0,0,0.03333333333333333,1.0,3.1571388244628906,8
AnomalyOnly,A5_downstream_masking,small,4,SRC_STOCK_3_PRICE,REPORT_LIMIT,16,0,0,0,0.0625,1.0,0.0050067901611328125,1
APA-RCA,A5_downstream_masking,small,4,SRC_STOCK_3_PRICE,REPORT_LIMIT,15,0,0,0,0.06666666666666667,1.0,0.3941059112548828,9
APA-RCA-v2,A5_downstream_masking,small,4,SRC_STOCK_3_PRICE,REPORT_LIMIT,4,0,0,1,0.25,0.8,0.43392181396484375,9
APA-RCA-v3,A5_downstream_masking,small,4,SRC_STOCK_3_PRICE,REPORT_LIMIT,4,0,0,1,0.25,0.8,0.4189014434814453,9
Schema-Constraint,A5_downstream_masking,small,4,SRC_STOCK_3_PRICE,REPORT_LIMIT,3,0,1,1,0.3333333333333333,0.8,0.0,0
BFS,A5_downstream_masking,small,5,SRC_STOCK_3_PRICE,REPORT_LIMIT,27,0,0,0,0.037037037037037035,1.0,0.3762245178222656,7
Vanilla-RWR,A5_downstream_masking,small,5,SRC_STOCK_3_PRICE,REPORT_LIMIT,21,0,0,0,0.047619047619047616,1.0,0.41604042053222656,9
Structural-RWR,A5_downstream_masking,small,5,SRC_STOCK_3_PRICE,REPORT_LIMIT,35,0,0,0,0.02857142857142857,1.0,0.4329681396484375,8
PC+RWR,A5_downstream_masking,small,5,SRC_STOCK_3_PRICE,REPORT_LIMIT,35,0,0,0,0.02857142857142857,1.0,3.201007843017578,8
AnomalyOnly,A5_downstream_masking,small,5,SRC_STOCK_3_PRICE,REPORT_LIMIT,20,0,0,0,0.05,1.0,0.005245208740234375,1
APA-RCA,A5_downstream_masking,small,5,SRC_STOCK_3_PRICE,REPORT_LIMIT,13,0,0,0,0.07692307692307693,1.0,0.42510032653808594,9
APA-RCA-v2,A5_downstream_masking,small,5,SRC_STOCK_3_PRICE,REPORT_LIMIT,8,0,0,0,0.125,1.0,0.45990943908691406,9
APA-RCA-v3,A5_downstream_masking,small,5,SRC_STOCK_3_PRICE,REPORT_LIMIT,8,0,0,0,0.125,1.0,0.41604042053222656,9
Schema-Constraint,A5_downstream_masking,small,5,SRC_STOCK_3_PRICE,REPORT_LIMIT,3,0,1,1,0.3333333333333333,0.8,0.0,0
BFS,A5_downstream_masking,small,6,SRC_STOCK_2_PRICE,REPORT_LIMIT,28,0,0,0,0.03571428571428571,1.0,0.36406517028808594,7
Vanilla-RWR,A5_downstream_masking,small,6,SRC_STOCK_2_PRICE,REPORT_LIMIT,20,0,0,0,0.05,1.0,0.4200935363769531,9
Structural-RWR,A5_downstream_masking,small,6,SRC_STOCK_2_PRICE,REPORT_LIMIT,37,0,0,0,0.02702702702702703,1.0,0.4329681396484375,8
PC+RWR,A5_downstream_masking,small,6,SRC_STOCK_2_PRICE,REPORT_LIMIT,37,0,0,0,0.02702702702702703,1.0,3.213167190551758,8
AnomalyOnly,A5_downstream_masking,small,6,SRC_STOCK_2_PRICE,REPORT_LIMIT,23,0,0,0,0.043478260869565216,1.0,0.0059604644775390625,1
APA-RCA,A5_downstream_masking,small,6,SRC_STOCK_2_PRICE,REPORT_LIMIT,16,0,0,0,0.0625,1.0,0.42819976806640625,9
APA-RCA-v2,A5_downstream_masking,small,6,SRC_STOCK_2_PRICE,REPORT_LIMIT,11,0,0,0,0.09090909090909091,1.0,0.4589557647705078,9
APA-RCA-v3,A5_downstream_masking,small,6,SRC_STOCK_2_PRICE,REPORT_LIMIT,11,0,0,0,0.09090909090909091,1.0,0.4200935363769531,9
Schema-Constraint,A5_downstream_masking,small,6,SRC_STOCK_2_PRICE,REPORT_LIMIT,2,0,1,1,0.5,0.8,0.0,0
BFS,A5_downstream_masking,small,7,SRC_STOCK_3_PRICE,REPORT_LIMIT,26,0,0,0,0.038461538461538464,1.0,0.3769397735595703,7
Vanilla-RWR,A5_downstream_masking,small,7,SRC_STOCK_3_PRICE,REPORT_LIMIT,21,0,0,0,0.047619047619047616,1.0,0.4248619079589844,9
Structural-RWR,A5_downstream_masking,small,7,SRC_STOCK_3_PRICE,REPORT_LIMIT,21,0,0,0,0.047619047619047616,1.0,0.44417381286621094,8
PC+RWR,A5_downstream_masking,small,7,SRC_STOCK_3_PRICE,REPORT_LIMIT,21,0,0,0,0.047619047619047616,1.0,3.3180713653564453,8
AnomalyOnly,A5_downstream_masking,small,7,SRC_STOCK_3_PRICE,REPORT_LIMIT,8,0,0,0,0.125,1.0,0.005245208740234375,1
APA-RCA,A5_downstream_masking,small,7,SRC_STOCK_3_PRICE,REPORT_LIMIT,5,0,0,1,0.2,0.8,0.42128562927246094,9
APA-RCA-v2,A5_downstream_masking,small,7,SRC_STOCK_3_PRICE,REPORT_LIMIT,1,1,1,1,1.0,0.8,0.4551410675048828,9
APA-RCA-v3,A5_downstream_masking,small,7,SRC_STOCK_3_PRICE,REPORT_LIMIT,1,1,1,1,1.0,0.8,0.41604042053222656,9
Schema-Constraint,A5_downstream_masking,small,7,SRC_STOCK_3_PRICE,REPORT_LIMIT,3,0,1,1,0.3333333333333333,0.8,0.0,0
BFS,A5_downstream_masking,small,8,SRC_STOCK_3_PRICE,REPORT_DASHBOARD,17,0,0,0,0.058823529411764705,1.0,0.3788471221923828,6
Vanilla-RWR,A5_downstream_masking,small,8,SRC_STOCK_3_PRICE,REPORT_DASHBOARD,15,0,0,0,0.06666666666666667,1.0,0.41604042053222656,9
Structural-RWR,A5_downstream_masking,small,8,SRC_STOCK_3_PRICE,REPORT_DASHBOARD,21,0,0,0,0.047619047619047616,1.0,0.43082237243652344,8
PC+RWR,A5_downstream_masking,small,8,SRC_STOCK_3_PRICE,REPORT_DASHBOARD,21,0,0,0,0.047619047619047616,1.0,3.158092498779297,8
AnomalyOnly,A5_downstream_masking,small,8,SRC_STOCK_3_PRICE,REPORT_DASHBOARD,5,0,0,1,0.2,0.8,0.005245208740234375,1
APA-RCA,A5_downstream_masking,small,8,SRC_STOCK_3_PRICE,REPORT_DASHBOARD,2,0,1,1,0.5,0.8,0.3948211669921875,9
APA-RCA-v2,A5_downstream_masking,small,8,SRC_STOCK_3_PRICE,REPORT_DASHBOARD,1,1,1,1,1.0,0.8,0.4379749298095703,9
APA-RCA-v3,A5_downstream_masking,small,8,SRC_STOCK_3_PRICE,REPORT_DASHBOARD,1,1,1,1,1.0,0.8,0.4162788391113281,9
Schema-Constraint,A5_downstream_masking,small,8,SRC_STOCK_3_PRICE,REPORT_DASHBOARD,3,0,1,1,0.3333333333333333,0.8,0.0,0
BFS,A5_downstream_masking,small,9,SRC_STOCK_2_PRICE,REPORT_LIMIT,27,0,0,0,0.037037037037037035,1.0,0.6420612335205078,7
Vanilla-RWR,A5_downstream_masking,small,9,SRC_STOCK_2_PRICE,REPORT_LIMIT,20,0,0,0,0.05,1.0,0.4029273986816406,9
Structural-RWR,A5_downstream_masking,small,9,SRC_STOCK_2_PRICE,REPORT_LIMIT,25,0,0,0,0.04,1.0,0.43511390686035156,8
PC+RWR,A5_downstream_masking,small,9,SRC_STOCK_2_PRICE,REPORT_LIMIT,25,0,0,0,0.04,1.0,3.21197509765625,8
AnomalyOnly,A5_downstream_masking,small,9,SRC_STOCK_2_PRICE,REPORT_LIMIT,12,0,0,0,0.08333333333333333,1.0,0.00476837158203125,1
APA-RCA,A5_downstream_masking,small,9,SRC_STOCK_2_PRICE,REPORT_LIMIT,8,0,0,0,0.125,1.0,0.3960132598876953,9
APA-RCA-v2,A5_downstream_masking,small,9,SRC_STOCK_2_PRICE,REPORT_LIMIT,2,0,1,1,0.5,0.8,0.4451274871826172,9
APA-RCA-v3,A5_downstream_masking,small,9,SRC_STOCK_2_PRICE,REPORT_LIMIT,2,0,1,1,0.5,0.8,0.4150867462158203,9
Schema-Constraint,A5_downstream_masking,small,9,SRC_STOCK_2_PRICE,REPORT_LIMIT,2,0,1,1,0.5,0.8,0.0,0
BFS,A5_downstream_masking,small,10,SRC_STOCK_3_PRICE,REPORT_LIMIT,27,0,0,0,0.037037037037037035,1.0,0.39505958557128906,7
Vanilla-RWR,A5_downstream_masking,small,10,SRC_STOCK_3_PRICE,REPORT_LIMIT,21,0,0,0,0.047619047619047616,1.0,0.4220008850097656,9
Structural-RWR,A5_downstream_masking,small,10,SRC_STOCK_3_PRICE,REPORT_LIMIT,20,0,0,0,0.05,1.0,0.43702125549316406,8
PC+RWR,A5_downstream_masking,small,10,SRC_STOCK_3_PRICE,REPORT_LIMIT,20,0,0,0,0.05,1.0,3.2007694244384766,8
AnomalyOnly,A5_downstream_masking,small,10,SRC_STOCK_3_PRICE,REPORT_LIMIT,4,0,0,1,0.25,0.8,0.006198883056640625,1
APA-RCA,A5_downstream_masking,small,10,SRC_STOCK_3_PRICE,REPORT_LIMIT,4,0,0,1,0.25,0.8,0.4258155822753906,9
APA-RCA-v2,A5_downstream_masking,small,10,SRC_STOCK_3_PRICE,REPORT_LIMIT,1,1,1,1,1.0,0.8,0.4582405090332031,9
APA-RCA-v3,A5_downstream_masking,small,10,SRC_STOCK_3_PRICE,REPORT_LIMIT,1,1,1,1,1.0,0.8,0.4150867462158203,9
Schema-Constraint,A5_downstream_masking,small,10,SRC_STOCK_3_PRICE,REPORT_LIMIT,3,0,1,1,0.3333333333333333,0.8,0.0,0
BFS,A5_downstream_masking,small,11,SRC_STOCK_1_PRICE,REPORT_LIMIT,27,0,0,0,0.037037037037037035,1.0,0.3859996795654297,7
Vanilla-RWR,A5_downstream_masking,small,11,SRC_STOCK_1_PRICE,REPORT_LIMIT,19,0,0,0,0.05263157894736842,1.0,0.40721893310546875,9
Structural-RWR,A5_downstream_masking,small,11,SRC_STOCK_1_PRICE,REPORT_LIMIT,34,0,0,0,0.029411764705882353,1.0,0.4379749298095703,8
PC+RWR,A5_downstream_masking,small,11,SRC_STOCK_1_PRICE,REPORT_LIMIT,34,0,0,0,0.029411764705882353,1.0,3.269195556640625,8
AnomalyOnly,A5_downstream_masking,small,11,SRC_STOCK_1_PRICE,REPORT_LIMIT,16,0,0,0,0.0625,1.0,0.0050067901611328125,1
APA-RCA,A5_downstream_masking,small,11,SRC_STOCK_1_PRICE,REPORT_LIMIT,11,0,0,0,0.09090909090909091,1.0,0.42700767517089844,9
APA-RCA-v2,A5_downstream_masking,small,11,SRC_STOCK_1_PRICE,REPORT_LIMIT,9,0,0,0,0.1111111111111111,1.0,0.6978511810302734,9
APA-RCA-v3,A5_downstream_masking,small,11,SRC_STOCK_1_PRICE,REPORT_LIMIT,9,0,0,0,0.1111111111111111,1.0,0.39196014404296875,9
Schema-Constraint,A5_downstream_masking,small,11,SRC_STOCK_1_PRICE,REPORT_LIMIT,1,1,1,1,1.0,0.8,0.0,0
BFS,A5_downstream_masking,small,12,SRC_STOCK_2_PRICE,REPORT_LIMIT,26,0,0,0,0.038461538461538464,1.0,0.42700767517089844,7
Vanilla-RWR,A5_downstream_masking,small,12,SRC_STOCK_2_PRICE,REPORT_LIMIT,20,0,0,0,0.05,1.0,0.4379749298095703,9
Structural-RWR,A5_downstream_masking,small,12,SRC_STOCK_2_PRICE,REPORT_LIMIT,16,0,0,0,0.0625,1.0,0.4489421844482422,8
PC+RWR,A5_downstream_masking,small,12,SRC_STOCK_2_PRICE,REPORT_LIMIT,16,0,0,0,0.0625,1.0,3.4317970275878906,8
AnomalyOnly,A5_downstream_masking,small,12,SRC_STOCK_2_PRICE,REPORT_LIMIT,1,1,1,1,1.0,0.8,0.0050067901611328125,1
APA-RCA,A5_downstream_masking,small,12,SRC_STOCK_2_PRICE,REPORT_LIMIT,3,0,1,1,0.3333333333333333,0.8,0.43582916259765625,9
APA-RCA-v2,A5_downstream_masking,small,12,SRC_STOCK_2_PRICE,REPORT_LIMIT,1,1,1,1,1.0,0.8,0.4680156707763672,9
APA-RCA-v3,A5_downstream_masking,small,12,SRC_STOCK_2_PRICE,REPORT_LIMIT,1,1,1,1,1.0,0.8,0.4260540008544922,9
Schema-Constraint,A5_downstream_masking,small,12,SRC_STOCK_2_PRICE,REPORT_LIMIT,2,0,1,1,0.5,0.8,0.0,0
BFS,A5_downstream_masking,small,13,SRC_STOCK_3_PRICE,REPORT_LIMIT,27,0,0,0,0.037037037037037035,1.0,0.43201446533203125,7
Vanilla-RWR,A5_downstream_masking,small,13,SRC_STOCK_3_PRICE,REPORT_LIMIT,21,0,0,0,0.047619047619047616,1.0,0.43201446533203125,9
Structural-RWR,A5_downstream_masking,small,13,SRC_STOCK_3_PRICE,REPORT_LIMIT,36,0,0,0,0.027777777777777776,1.0,0.4367828369140625,8
PC+RWR,A5_downstream_masking,small,13,SRC_STOCK_3_PRICE,REPORT_LIMIT,36,0,0,0,0.027777777777777776,1.0,3.476858139038086,8
AnomalyOnly,A5_downstream_masking,small,13,SRC_STOCK_3_PRICE,REPORT_LIMIT,15,0,0,0,0.06666666666666667,1.0,0.00476837158203125,1
APA-RCA,A5_downstream_masking,small,13,SRC_STOCK_3_PRICE,REPORT_LIMIT,13,0,0,0,0.07692307692307693,1.0,0.43201446533203125,9
APA-RCA-v2,A5_downstream_masking,small,13,SRC_STOCK_3_PRICE,REPORT_LIMIT,10,0,0,0,0.1,1.0,0.47516822814941406,9
APA-RCA-v3,A5_downstream_masking,small,13,SRC_STOCK_3_PRICE,REPORT_LIMIT,10,0,0,0,0.1,1.0,0.4200935363769531,9
Schema-Constraint,A5_downstream_masking,small,13,SRC_STOCK_3_PRICE,REPORT_LIMIT,3,0,1,1,0.3333333333333333,0.8,0.0,0
BFS,A5_downstream_masking,small,14,SRC_STOCK_1_PRICE,REPORT_LIMIT,27,0,0,0,0.037037037037037035,1.0,0.3840923309326172,7
Vanilla-RWR,A5_downstream_masking,small,14,SRC_STOCK_1_PRICE,REPORT_LIMIT,19,0,0,0,0.05263157894736842,1.0,0.39887428283691406,9
Structural-RWR,A5_downstream_masking,small,14,SRC_STOCK_1_PRICE,REPORT_LIMIT,33,0,0,0,0.030303030303030304,1.0,0.43582916259765625,8
PC+RWR,A5_downstream_masking,small,14,SRC_STOCK_1_PRICE,REPORT_LIMIT,33,0,0,0,0.030303030303030304,1.0,3.2987594604492188,8
AnomalyOnly,A5_downstream_masking,small,14,SRC_STOCK_1_PRICE,REPORT_LIMIT,18,0,0,0,0.05555555555555555,1.0,0.0057220458984375,1
APA-RCA,A5_downstream_masking,small,14,SRC_STOCK_1_PRICE,REPORT_LIMIT,13,0,0,0,0.07692307692307693,1.0,0.4029273986816406,9
APA-RCA-v2,A5_downstream_masking,small,14,SRC_STOCK_1_PRICE,REPORT_LIMIT,9,0,0,0,0.1111111111111111,1.0,0.43511390686035156,9
APA-RCA-v3,A5_downstream_masking,small,14,SRC_STOCK_1_PRICE,REPORT_LIMIT,9,0,0,0,0.1111111111111111,1.0,0.41604042053222656,9
Schema-Constraint,A5_downstream_masking,small,14,SRC_STOCK_1_PRICE,REPORT_LIMIT,1,1,1,1,1.0,0.8,0.0,0
BFS,A5_downstream_masking,small,15,SRC_STOCK_3_PRICE,REPORT_LIMIT,28,0,0,0,0.03571428571428571,1.0,0.38123130798339844,7
Vanilla-RWR,A5_downstream_masking,small,15,SRC_STOCK_3_PRICE,REPORT_LIMIT,21,0,0,0,0.047619047619047616,1.0,0.4248619079589844,9
Structural-RWR,A5_downstream_masking,small,15,SRC_STOCK_3_PRICE,REPORT_LIMIT,35,0,0,0,0.02857142857142857,1.0,0.4410743713378906,8
PC+RWR,A5_downstream_masking,small,15,SRC_STOCK_3_PRICE,REPORT_LIMIT,35,0,0,0,0.02857142857142857,1.0,3.255128860473633,8
AnomalyOnly,A5_downstream_masking,small,15,SRC_STOCK_3_PRICE,REPORT_LIMIT,20,0,0,0,0.05,1.0,0.0050067901611328125,1
APA-RCA,A5_downstream_masking,small,15,SRC_STOCK_3_PRICE,REPORT_LIMIT,15,0,0,0,0.06666666666666667,1.0,0.3941059112548828,9
APA-RCA-v2,A5_downstream_masking,small,15,SRC_STOCK_3_PRICE,REPORT_LIMIT,12,0,0,0,0.08333333333333333,1.0,0.4429817199707031,9
APA-RCA-v3,A5_downstream_masking,small,15,SRC_STOCK_3_PRICE,REPORT_LIMIT,12,0,0,0,0.08333333333333333,1.0,0.41985511779785156,9
Schema-Constraint,A5_downstream_masking,small,15,SRC_STOCK_3_PRICE,REPORT_LIMIT,3,0,1,1,0.3333333333333333,0.8,0.0,0
BFS,A5_downstream_masking,small,16,SRC_STOCK_2_PRICE,REPORT_LIMIT,26,0,0,0,0.038461538461538464,1.0,0.4050731658935547,7
Vanilla-RWR,A5_downstream_masking,small,16,SRC_STOCK_2_PRICE,REPORT_LIMIT,20,0,0,0,0.05,1.0,0.43082237243652344,9
Structural-RWR,A5_downstream_masking,small,16,SRC_STOCK_2_PRICE,REPORT_LIMIT,22,0,0,0,0.045454545454545456,1.0,0.823974609375,8
PC+RWR,A5_downstream_masking,small,16,SRC_STOCK_2_PRICE,REPORT_LIMIT,22,0,0,0,0.045454545454545456,1.0,3.5309791564941406,8
AnomalyOnly,A5_downstream_masking,small,16,SRC_STOCK_2_PRICE,REPORT_LIMIT,4,0,0,1,0.25,0.8,0.006198883056640625,1
APA-RCA,A5_downstream_masking,small,16,SRC_STOCK_2_PRICE,REPORT_LIMIT,5,0,0,1,0.2,0.8,0.4410743713378906,9
APA-RCA-v2,A5_downstream_masking,small,16,SRC_STOCK_2_PRICE,REPORT_LIMIT,1,1,1,1,1.0,0.8,21.6522216796875,9
APA-RCA-v3,A5_downstream_masking,small,16,SRC_STOCK_2_PRICE,REPORT_LIMIT,1,1,1,1,1.0,0.8,0.40602684020996094,9
Schema-Constraint,A5_downstream_masking,small,16,SRC_STOCK_2_PRICE,REPORT_LIMIT,2,0,1,1,0.5,0.8,0.0,0
BFS,A5_downstream_masking,small,17,SRC_STOCK_3_PRICE,REPORT_LIMIT,28,0,0,0,0.03571428571428571,1.0,0.37026405334472656,7
Vanilla-RWR,A5_downstream_masking,small,17,SRC_STOCK_3_PRICE,REPORT_LIMIT,21,0,0,0,0.047619047619047616,1.0,0.415802001953125,9
Structural-RWR,A5_downstream_masking,small,17,SRC_STOCK_3_PRICE,REPORT_LIMIT,38,0,0,0,0.02631578947368421,1.0,0.43320655822753906,8
PC+RWR,A5_downstream_masking,small,17,SRC_STOCK_3_PRICE,REPORT_LIMIT,38,0,0,0,0.02631578947368421,1.0,3.242015838623047,8
AnomalyOnly,A5_downstream_masking,small,17,SRC_STOCK_3_PRICE,REPORT_LIMIT,24,0,0,0,0.041666666666666664,1.0,0.006198883056640625,1
APA-RCA,A5_downstream_masking,small,17,SRC_STOCK_3_PRICE,REPORT_LIMIT,17,0,0,0,0.058823529411764705,1.0,0.4200935363769531,9
APA-RCA-v2,A5_downstream_masking,small,17,SRC_STOCK_3_PRICE,REPORT_LIMIT,14,0,0,0,0.07142857142857142,1.0,0.45800209045410156,9
APA-RCA-v3,A5_downstream_masking,small,17,SRC_STOCK_3_PRICE,REPORT_LIMIT,14,0,0,0,0.07142857142857142,1.0,0.3857612609863281,9
Schema-Constraint,A5_downstream_masking,small,17,SRC_STOCK_3_PRICE,REPORT_LIMIT,3,0,1,1,0.3333333333333333,0.8,0.0,0
BFS,A5_downstream_masking,small,18,SRC_STOCK_3_PRICE,REPORT_LIMIT,26,0,0,0,0.038461538461538464,1.0,0.3619194030761719,7
Vanilla-RWR,A5_downstream_masking,small,18,SRC_STOCK_3_PRICE,REPORT_LIMIT,21,0,0,0,0.047619047619047616,1.0,0.4169940948486328,9
Structural-RWR,A5_downstream_masking,small,18,SRC_STOCK_3_PRICE,REPORT_LIMIT,18,0,0,0,0.05555555555555555,1.0,0.4291534423828125,8
PC+RWR,A5_downstream_masking,small,18,SRC_STOCK_3_PRICE,REPORT_LIMIT,18,0,0,0,0.05555555555555555,1.0,3.220081329345703,8
AnomalyOnly,A5_downstream_masking,small,18,SRC_STOCK_3_PRICE,REPORT_LIMIT,2,0,1,1,0.5,0.8,0.0059604644775390625,1
APA-RCA,A5_downstream_masking,small,18,SRC_STOCK_3_PRICE,REPORT_LIMIT,5,0,0,1,0.2,0.8,0.4220008850097656,9
APA-RCA-v2,A5_downstream_masking,small,18,SRC_STOCK_3_PRICE,REPORT_LIMIT,1,1,1,1,1.0,0.8,0.4551410675048828,9
APA-RCA-v3,A5_downstream_masking,small,18,SRC_STOCK_3_PRICE,REPORT_LIMIT,1,1,1,1,1.0,0.8,0.38909912109375,9
Schema-Constraint,A5_downstream_masking,small,18,SRC_STOCK_3_PRICE,REPORT_LIMIT,3,0,1,1,0.3333333333333333,0.8,0.0,0
BFS,A5_downstream_masking,small,19,SRC_STOCK_2_PRICE,REPORT_LIMIT,26,0,0,0,0.038461538461538464,1.0,0.3788471221923828,7
Vanilla-RWR,A5_downstream_masking,small,19,SRC_STOCK_2_PRICE,REPORT_LIMIT,20,0,0,0,0.05,1.0,0.4119873046875,9
Structural-RWR,A5_downstream_masking,small,19,SRC_STOCK_2_PRICE,REPORT_LIMIT,21,0,0,0,0.047619047619047616,1.0,0.42891502380371094,8
PC+RWR,A5_downstream_masking,small,19,SRC_STOCK_2_PRICE,REPORT_LIMIT,21,0,0,0,0.047619047619047616,1.0,3.1681060791015625,8
AnomalyOnly,A5_downstream_masking,small,19,SRC_STOCK_2_PRICE,REPORT_LIMIT,3,0,1,1,0.3333333333333333,0.8,0.0050067901611328125,1
APA-RCA,A5_downstream_masking,small,19,SRC_STOCK_2_PRICE,REPORT_LIMIT,4,0,0,1,0.25,0.8,0.39124488830566406,9
APA-RCA-v2,A5_downstream_masking,small,19,SRC_STOCK_2_PRICE,REPORT_LIMIT,1,1,1,1,1.0,0.8,0.4439353942871094,9
APA-RCA-v3,A5_downstream_masking,small,19,SRC_STOCK_2_PRICE,REPORT_LIMIT,1,1,1,1,1.0,0.8,0.41294097900390625,9
Schema-Constraint,A5_downstream_masking,small,19,SRC_STOCK_2_PRICE,REPORT_LIMIT,2,0,1,1,0.5,0.8,0.0,0
BFS,A5_downstream_masking,small,20,SRC_STOCK_3_PRICE,REPORT_LIMIT,26,0,0,0,0.038461538461538464,1.0,0.33473968505859375,7
Vanilla-RWR,A5_downstream_masking,small,20,SRC_STOCK_3_PRICE,REPORT_LIMIT,21,0,0,0,0.047619047619047616,1.0,0.41103363037109375,9
Structural-RWR,A5_downstream_masking,small,20,SRC_STOCK_3_PRICE,REPORT_LIMIT,18,0,0,0,0.05555555555555555,1.0,0.43392181396484375,8
PC+RWR,A5_downstream_masking,small,20,SRC_STOCK_3_PRICE,REPORT_LIMIT,18,0,0,0,0.05555555555555555,1.0,3.2219886779785156,8
AnomalyOnly,A5_downstream_masking,small,20,SRC_STOCK_3_PRICE,REPORT_LIMIT,3,0,1,1,0.3333333333333333,0.8,0.00476837158203125,1
APA-RCA,A5_downstream_masking,small,20,SRC_STOCK_3_PRICE,REPORT_LIMIT,5,0,0,1,0.2,0.8,0.4177093505859375,9
APA-RCA-v2,A5_downstream_masking,small,20,SRC_STOCK_3_PRICE,REPORT_LIMIT,1,1,1,1,1.0,0.8,0.45800209045410156,9
APA-RCA-v3,A5_downstream_masking,small,20,SRC_STOCK_3_PRICE,REPORT_LIMIT,1,1,1,1,1.0,0.8,0.41484832763671875,9
Schema-Constraint,A5_downstream_masking,small,20,SRC_STOCK_3_PRICE,REPORT_LIMIT,3,0,1,1,0.3333333333333333,0.8,0.0,0
BFS,A5_downstream_masking,small,21,SRC_STOCK_1_PRICE,REPORT_LIMIT,26,0,0,0,0.038461538461538464,1.0,0.35190582275390625,7
Vanilla-RWR,A5_downstream_masking,small,21,SRC_STOCK_1_PRICE,REPORT_LIMIT,19,0,0,0,0.05263157894736842,1.0,0.39196014404296875,9
Structural-RWR,A5_downstream_masking,small,21,SRC_STOCK_1_PRICE,REPORT_LIMIT,21,0,0,0,0.047619047619047616,1.0,0.6840229034423828,8
PC+RWR,A5_downstream_masking,small,21,SRC_STOCK_1_PRICE,REPORT_LIMIT,21,0,0,0,0.047619047619047616,1.0,3.262042999267578,8
AnomalyOnly,A5_downstream_masking,small,21,SRC_STOCK_1_PRICE,REPORT_LIMIT,3,0,1,1,0.3333333333333333,0.8,0.0059604644775390625,1
APA-RCA,A5_downstream_masking,small,21,SRC_STOCK_1_PRICE,REPORT_LIMIT,5,0,0,1,0.2,0.8,0.4298686981201172,9
APA-RCA-v2,A5_downstream_masking,small,21,SRC_STOCK_1_PRICE,REPORT_LIMIT,1,1,1,1,1.0,0.8,0.45299530029296875,9
APA-RCA-v3,A5_downstream_masking,small,21,SRC_STOCK_1_PRICE,REPORT_LIMIT,1,1,1,1,1.0,0.8,0.4100799560546875,9
Schema-Constraint,A5_downstream_masking,small,21,SRC_STOCK_1_PRICE,REPORT_LIMIT,1,1,1,1,1.0,0.8,0.0,0
BFS,A5_downstream_masking,small,22,SRC_STOCK_3_PRICE,REPORT_LIMIT,26,0,0,0,0.038461538461538464,1.0,0.3790855407714844,7
Vanilla-RWR,A5_downstream_masking,small,22,SRC_STOCK_3_PRICE,REPORT_LIMIT,21,0,0,0,0.047619047619047616,1.0,0.43272972106933594,9
Structural-RWR,A5_downstream_masking,small,22,SRC_STOCK_3_PRICE,REPORT_LIMIT,15,0,0,0,0.06666666666666667,1.0,0.4420280456542969,8
PC+RWR,A5_downstream_masking,small,22,SRC_STOCK_3_PRICE,REPORT_LIMIT,15,0,0,0,0.06666666666666667,1.0,3.464937210083008,8
AnomalyOnly,A5_downstream_masking,small,22,SRC_STOCK_3_PRICE,REPORT_LIMIT,2,0,1,1,0.5,0.8,0.0057220458984375,1
APA-RCA,A5_downstream_masking,small,22,SRC_STOCK_3_PRICE,REPORT_LIMIT,4,0,0,1,0.25,0.8,0.4508495330810547,9
APA-RCA-v2,A5_downstream_masking,small,22,SRC_STOCK_3_PRICE,REPORT_LIMIT,1,1,1,1,1.0,0.8,0.46896934509277344,9
APA-RCA-v3,A5_downstream_masking,small,22,SRC_STOCK_3_PRICE,REPORT_LIMIT,1,1,1,1,1.0,0.8,0.4420280456542969,9
Schema-Constraint,A5_downstream_masking,small,22,SRC_STOCK_3_PRICE,REPORT_LIMIT,3,0,1,1,0.3333333333333333,0.8,0.0,0
BFS,A5_downstream_masking,small,23,SRC_STOCK_1_PRICE,REPORT_LIMIT,27,0,0,0,0.037037037037037035,1.0,0.35119056701660156,7
Vanilla-RWR,A5_downstream_masking,small,23,SRC_STOCK_1_PRICE,REPORT_LIMIT,19,0,0,0,0.05263157894736842,1.0,0.4248619079589844,9
Structural-RWR,A5_downstream_masking,small,23,SRC_STOCK_1_PRICE,REPORT_LIMIT,33,0,0,0,0.030303030303030304,1.0,0.4382133483886719,8
PC+RWR,A5_downstream_masking,small,23,SRC_STOCK_1_PRICE,REPORT_LIMIT,33,0,0,0,0.030303030303030304,1.0,3.3261775970458984,8
AnomalyOnly,A5_downstream_masking,small,23,SRC_STOCK_1_PRICE,REPORT_LIMIT,16,0,0,0,0.0625,1.0,0.0059604644775390625,1
APA-RCA,A5_downstream_masking,small,23,SRC_STOCK_1_PRICE,REPORT_LIMIT,12,0,0,0,0.08333333333333333,1.0,0.4260540008544922,9
APA-RCA-v2,A5_downstream_masking,small,23,SRC_STOCK_1_PRICE,REPORT_LIMIT,3,0,1,1,0.3333333333333333,0.8,0.45800209045410156,9
APA-RCA-v3,A5_downstream_masking,small,23,SRC_STOCK_1_PRICE,REPORT_LIMIT,3,0,1,1,0.3333333333333333,0.8,0.41294097900390625,9
Schema-Constraint,A5_downstream_masking,small,23,SRC_STOCK_1_PRICE,REPORT_LIMIT,1,1,1,1,1.0,0.8,0.0,0
BFS,A5_downstream_masking,small,24,SRC_STOCK_2_PRICE,REPORT_LIMIT,26,0,0,0,0.038461538461538464,1.0,0.3380775451660156,7
Vanilla-RWR,A5_downstream_masking,small,24,SRC_STOCK_2_PRICE,REPORT_LIMIT,20,0,0,0,0.05,1.0,0.4153251647949219,9
Structural-RWR,A5_downstream_masking,small,24,SRC_STOCK_2_PRICE,REPORT_LIMIT,17,0,0,0,0.058823529411764705,1.0,0.43487548828125,8
PC+RWR,A5_downstream_masking,small,24,SRC_STOCK_2_PRICE,REPORT_LIMIT,17,0,0,0,0.058823529411764705,1.0,3.281116485595703,8
AnomalyOnly,A5_downstream_masking,small,24,SRC_STOCK_2_PRICE,REPORT_LIMIT,1,1,1,1,1.0,0.8,0.0059604644775390625,1
APA-RCA,A5_downstream_masking,small,24,SRC_STOCK_2_PRICE,REPORT_LIMIT,5,0,0,1,0.2,0.8,0.4222393035888672,9
APA-RCA-v2,A5_downstream_masking,small,24,SRC_STOCK_2_PRICE,REPORT_LIMIT,2,0,1,1,0.5,0.8,0.4611015319824219,9
APA-RCA-v3,A5_downstream_masking,small,24,SRC_STOCK_2_PRICE,REPORT_LIMIT,2,0,1,1,0.5,0.8,0.4150867462158203,9
Schema-Constraint,A5_downstream_masking,small,24,SRC_STOCK_2_PRICE,REPORT_LIMIT,2,0,1,1,0.5,0.8,0.0,0
BFS,A5_downstream_masking,small,25,SRC_STOCK_2_PRICE,REPORT_STRESS,12,0,0,0,0.08333333333333333,1.0,0.34928321838378906,6
Vanilla-RWR,A5_downstream_masking,small,25,SRC_STOCK_2_PRICE,REPORT_STRESS,12,0,0,0,0.08333333333333333,1.0,0.4138946533203125,9
Structural-RWR,A5_downstream_masking,small,25,SRC_STOCK_2_PRICE,REPORT_STRESS,25,0,0,0,0.04,1.0,0.43511390686035156,8
PC+RWR,A5_downstream_masking,small,25,SRC_STOCK_2_PRICE,REPORT_STRESS,25,0,0,0,0.04,1.0,3.3190250396728516,8
AnomalyOnly,A5_downstream_masking,small,25,SRC_STOCK_2_PRICE,REPORT_STRESS,12,0,0,0,0.08333333333333333,1.0,0.0050067901611328125,1
APA-RCA,A5_downstream_masking,small,25,SRC_STOCK_2_PRICE,REPORT_STRESS,5,0,0,1,0.2,0.8,0.39386749267578125,9
APA-RCA-v2,A5_downstream_masking,small,25,SRC_STOCK_2_PRICE,REPORT_STRESS,2,0,1,1,0.5,0.8,0.44989585876464844,9
APA-RCA-v3,A5_downstream_masking,small,25,SRC_STOCK_2_PRICE,REPORT_STRESS,2,0,1,1,0.5,0.8,0.41031837463378906,9
Schema-Constraint,A5_downstream_masking,small,25,SRC_STOCK_2_PRICE,REPORT_STRESS,2,0,1,1,0.5,0.8,0.0,0
BFS,A5_downstream_masking,small,26,SRC_STOCK_3_PRICE,REPORT_DASHBOARD,16,0,0,0,0.0625,1.0,0.3662109375,6
Vanilla-RWR,A5_downstream_masking,small,26,SRC_STOCK_3_PRICE,REPORT_DASHBOARD,15,0,0,0,0.06666666666666667,1.0,0.4150867462158203,9
Structural-RWR,A5_downstream_masking,small,26,SRC_STOCK_3_PRICE,REPORT_DASHBOARD,19,0,0,0,0.05263157894736842,1.0,0.4329681396484375,8
PC+RWR,A5_downstream_masking,small,26,SRC_STOCK_3_PRICE,REPORT_DASHBOARD,19,0,0,0,0.05263157894736842,1.0,3.255128860473633,8
AnomalyOnly,A5_downstream_masking,small,26,SRC_STOCK_3_PRICE,REPORT_DASHBOARD,3,0,1,1,0.3333333333333333,0.8,0.006198883056640625,1
APA-RCA,A5_downstream_masking,small,26,SRC_STOCK_3_PRICE,REPORT_DASHBOARD,2,0,1,1,0.5,0.8,0.4181861877441406,9
APA-RCA-v2,A5_downstream_masking,small,26,SRC_STOCK_3_PRICE,REPORT_DASHBOARD,1,1,1,1,1.0,0.8,0.45800209045410156,9
APA-RCA-v3,A5_downstream_masking,small,26,SRC_STOCK_3_PRICE,REPORT_DASHBOARD,1,1,1,1,1.0,0.8,0.4112720489501953,9
Schema-Constraint,A5_downstream_masking,small,26,SRC_STOCK_3_PRICE,REPORT_DASHBOARD,3,0,1,1,0.3333333333333333,0.8,0.0,0
BFS,A5_downstream_masking,small,27,SRC_STOCK_1_PRICE,REPORT_LIMIT,28,0,0,0,0.03571428571428571,1.0,0.3380775451660156,7
Vanilla-RWR,A5_downstream_masking,small,27,SRC_STOCK_1_PRICE,REPORT_LIMIT,19,0,0,0,0.05263157894736842,1.0,0.40984153747558594,9
Structural-RWR,A5_downstream_masking,small,27,SRC_STOCK_1_PRICE,REPORT_LIMIT,38,0,0,0,0.02631578947368421,1.0,0.4353523254394531,8
PC+RWR,A5_downstream_masking,small,27,SRC_STOCK_1_PRICE,REPORT_LIMIT,38,0,0,0,0.02631578947368421,1.0,3.262042999267578,8
AnomalyOnly,A5_downstream_masking,small,27,SRC_STOCK_1_PRICE,REPORT_LIMIT,23,0,0,0,0.043478260869565216,1.0,0.0059604644775390625,1
APA-RCA,A5_downstream_masking,small,27,SRC_STOCK_1_PRICE,REPORT_LIMIT,17,0,0,0,0.058823529411764705,1.0,0.4189014434814453,9
APA-RCA-v2,A5_downstream_masking,small,27,SRC_STOCK_1_PRICE,REPORT_LIMIT,10,0,0,0,0.1,1.0,0.4620552062988281,9
APA-RCA-v3,A5_downstream_masking,small,27,SRC_STOCK_1_PRICE,REPORT_LIMIT,10,0,0,0,0.1,1.0,0.4119873046875,9
Schema-Constraint,A5_downstream_masking,small,27,SRC_STOCK_1_PRICE,REPORT_LIMIT,1,1,1,1,1.0,0.8,0.0,0
BFS,A5_downstream_masking,small,28,SRC_STOCK_2_PRICE,REPORT_LIMIT,27,0,0,0,0.037037037037037035,1.0,0.35881996154785156,7
Vanilla-RWR,A5_downstream_masking,small,28,SRC_STOCK_2_PRICE,REPORT_LIMIT,20,0,0,0,0.05,1.0,0.4143714904785156,9
Structural-RWR,A5_downstream_masking,small,28,SRC_STOCK_2_PRICE,REPORT_LIMIT,26,0,0,0,0.038461538461538464,1.0,0.4329681396484375,8
PC+RWR,A5_downstream_masking,small,28,SRC_STOCK_2_PRICE,REPORT_LIMIT,26,0,0,0,0.038461538461538464,1.0,3.2379627227783203,8
AnomalyOnly,A5_downstream_masking,small,28,SRC_STOCK_2_PRICE,REPORT_LIMIT,9,0,0,0,0.1111111111111111,1.0,0.005245208740234375,1
APA-RCA,A5_downstream_masking,small,28,SRC_STOCK_2_PRICE,REPORT_LIMIT,6,0,0,0,0.16666666666666666,1.0,0.4286766052246094,9
APA-RCA-v2,A5_downstream_masking,small,28,SRC_STOCK_2_PRICE,REPORT_LIMIT,2,0,1,1,0.5,0.8,0.6802082061767578,9
APA-RCA-v3,A5_downstream_masking,small,28,SRC_STOCK_2_PRICE,REPORT_LIMIT,2,0,1,1,0.5,0.8,0.3960132598876953,9
Schema-Constraint,A5_downstream_masking,small,28,SRC_STOCK_2_PRICE,REPORT_LIMIT,2,0,1,1,0.5,0.8,0.0,0
BFS,A5_downstream_masking,small,29,SRC_STOCK_3_PRICE,REPORT_LIMIT,26,0,0,0,0.038461538461538464,1.0,0.37598609924316406,7
Vanilla-RWR,A5_downstream_masking,small,29,SRC_STOCK_3_PRICE,REPORT_LIMIT,21,0,0,0,0.047619047619047616,1.0,0.431060791015625,9
Structural-RWR,A5_downstream_masking,small,29,SRC_STOCK_3_PRICE,REPORT_LIMIT,17,0,0,0,0.058823529411764705,1.0,0.4420280456542969,8
PC+RWR,A5_downstream_masking,small,29,SRC_STOCK_3_PRICE,REPORT_LIMIT,17,0,0,0,0.058823529411764705,1.0,3.2660961151123047,8
AnomalyOnly,A5_downstream_masking,small,29,SRC_STOCK_3_PRICE,REPORT_LIMIT,2,0,1,1,0.5,0.8,0.005245208740234375,1
APA-RCA,A5_downstream_masking,small,29,SRC_STOCK_3_PRICE,REPORT_LIMIT,4,0,0,1,0.25,0.8,0.4248619079589844,9
APA-RCA-v2,A5_downstream_masking,small,29,SRC_STOCK_3_PRICE,REPORT_LIMIT,1,1,1,1,1.0,0.8,0.46324729919433594,9
APA-RCA-v3,A5_downstream_masking,small,29,SRC_STOCK_3_PRICE,REPORT_LIMIT,1,1,1,1,1.0,0.8,0.4153251647949219,9
Schema-Constraint,A5_downstream_masking,small,29,SRC_STOCK_3_PRICE,REPORT_LIMIT,3,0,1,1,0.3333333333333333,0.8,0.0,0
BFS,A6_multi_source,small,0,SRC_STOCK_3_PRICE,REPORT_DASHBOARD,17,0,0,0,0.058823529411764705,1.0,0.36716461181640625,6
Vanilla-RWR,A6_multi_source,small,0,SRC_STOCK_3_PRICE,REPORT_DASHBOARD,15,0,0,0,0.06666666666666667,1.0,0.4177093505859375,9
Structural-RWR,A6_multi_source,small,0,SRC_STOCK_3_PRICE,REPORT_DASHBOARD,24,0,0,0,0.041666666666666664,1.0,0.43392181396484375,8
PC+RWR,A6_multi_source,small,0,SRC_STOCK_3_PRICE,REPORT_DASHBOARD,24,0,0,0,0.041666666666666664,1.0,3.3080577850341797,8
AnomalyOnly,A6_multi_source,small,0,SRC_STOCK_3_PRICE,REPORT_DASHBOARD,5,0,0,1,0.2,0.8,0.0059604644775390625,1
APA-RCA,A6_multi_source,small,0,SRC_STOCK_3_PRICE,REPORT_DASHBOARD,2,0,1,1,0.5,0.8,0.4220008850097656,9
APA-RCA-v2,A6_multi_source,small,0,SRC_STOCK_3_PRICE,REPORT_DASHBOARD,1,1,1,1,1.0,0.8,0.4589557647705078,9
APA-RCA-v3,A6_multi_source,small,0,SRC_STOCK_3_PRICE,REPORT_DASHBOARD,1,1,1,1,1.0,0.8,0.4153251647949219,9
Schema-Constraint,A6_multi_source,small,0,SRC_STOCK_3_PRICE,REPORT_DASHBOARD,3,0,1,1,0.3333333333333333,0.8,0.0,0
BFS,A6_multi_source,small,1,SRC_STOCK_1_PRICE,REPORT_DASHBOARD,16,0,0,0,0.0625,1.0,0.4100799560546875,6
Vanilla-RWR,A6_multi_source,small,1,SRC_STOCK_1_PRICE,REPORT_DASHBOARD,13,0,0,0,0.07692307692307693,1.0,0.41985511779785156,9
Structural-RWR,A6_multi_source,small,1,SRC_STOCK_1_PRICE,REPORT_DASHBOARD,22,0,0,0,0.045454545454545456,1.0,0.4398822784423828,8
PC+RWR,A6_multi_source,small,1,SRC_STOCK_1_PRICE,REPORT_DASHBOARD,22,0,0,0,0.045454545454545456,1.0,3.271818161010742,8
AnomalyOnly,A6_multi_source,small,1,SRC_STOCK_1_PRICE,REPORT_DASHBOARD,3,0,1,1,0.3333333333333333,0.8,0.0059604644775390625,1
APA-RCA,A6_multi_source,small,1,SRC_STOCK_1_PRICE,REPORT_DASHBOARD,3,0,1,1,0.3333333333333333,0.8,0.4229545593261719,9
APA-RCA-v2,A6_multi_source,small,1,SRC_STOCK_1_PRICE,REPORT_DASHBOARD,2,0,1,1,0.5,0.8,0.4589557647705078,9
APA-RCA-v3,A6_multi_source,small,1,SRC_STOCK_1_PRICE,REPORT_DASHBOARD,2,0,1,1,0.5,0.8,0.41484832763671875,9
Schema-Constraint,A6_multi_source,small,1,SRC_STOCK_1_PRICE,REPORT_DASHBOARD,1,1,1,1,1.0,0.8,0.0,0
BFS,A6_multi_source,small,2,SRC_STOCK_2_PRICE,REPORT_DASHBOARD,16,0,0,0,0.0625,1.0,0.38909912109375,6
Vanilla-RWR,A6_multi_source,small,2,SRC_STOCK_2_PRICE,REPORT_DASHBOARD,14,0,0,0,0.07142857142857142,1.0,0.4169940948486328,9
Structural-RWR,A6_multi_source,small,2,SRC_STOCK_2_PRICE,REPORT_DASHBOARD,23,0,0,0,0.043478260869565216,1.0,0.4410743713378906,8
PC+RWR,A6_multi_source,small,2,SRC_STOCK_2_PRICE,REPORT_DASHBOARD,23,0,0,0,0.043478260869565216,1.0,3.2749176025390625,8
AnomalyOnly,A6_multi_source,small,2,SRC_STOCK_2_PRICE,REPORT_DASHBOARD,3,0,1,1,0.3333333333333333,0.8,0.006198883056640625,1
APA-RCA,A6_multi_source,small,2,SRC_STOCK_2_PRICE,REPORT_DASHBOARD,3,0,1,1,0.3333333333333333,0.8,0.4220008850097656,9
APA-RCA-v2,A6_multi_source,small,2,SRC_STOCK_2_PRICE,REPORT_DASHBOARD,1,1,1,1,1.0,0.8,0.45800209045410156,9
APA-RCA-v3,A6_multi_source,small,2,SRC_STOCK_2_PRICE,REPORT_DASHBOARD,1,1,1,1,1.0,0.8,0.41174888610839844,9
Schema-Constraint,A6_multi_source,small,2,SRC_STOCK_2_PRICE,REPORT_DASHBOARD,2,0,1,1,0.5,0.8,0.0,0
BFS,A6_multi_source,small,3,SRC_STOCK_2_PRICE,REPORT_LIMIT,26,0,0,0,0.038461538461538464,1.0,0.4169940948486328,7
Vanilla-RWR,A6_multi_source,small,3,SRC_STOCK_2_PRICE,REPORT_LIMIT,20,0,0,0,0.05,1.0,0.4410743713378906,9
Structural-RWR,A6_multi_source,small,3,SRC_STOCK_2_PRICE,REPORT_LIMIT,19,0,0,0,0.05263157894736842,1.0,0.7557868957519531,8
PC+RWR,A6_multi_source,small,3,SRC_STOCK_2_PRICE,REPORT_LIMIT,19,0,0,0,0.05263157894736842,1.0,3.3147335052490234,8
AnomalyOnly,A6_multi_source,small,3,SRC_STOCK_2_PRICE,REPORT_LIMIT,1,1,1,1,1.0,0.8,0.005245208740234375,1
APA-RCA,A6_multi_source,small,3,SRC_STOCK_2_PRICE,REPORT_LIMIT,5,0,0,1,0.2,0.8,0.4248619079589844,9
APA-RCA-v2,A6_multi_source,small,3,SRC_STOCK_2_PRICE,REPORT_LIMIT,2,0,1,1,0.5,0.8,0.46515464782714844,9
APA-RCA-v3,A6_multi_source,small,3,SRC_STOCK_2_PRICE,REPORT_LIMIT,2,0,1,1,0.5,0.8,0.42510032653808594,9
Schema-Constraint,A6_multi_source,small,3,SRC_STOCK_2_PRICE,REPORT_LIMIT,2,0,1,1,0.5,0.8,0.0,0
BFS,A6_multi_source,small,4,SRC_STOCK_1_PRICE,REPORT_DASHBOARD,16,0,0,0,0.0625,1.0,0.3902912139892578,6
Vanilla-RWR,A6_multi_source,small,4,SRC_STOCK_1_PRICE,REPORT_DASHBOARD,13,0,0,0,0.07692307692307693,1.0,0.4220008850097656,9
Structural-RWR,A6_multi_source,small,4,SRC_STOCK_1_PRICE,REPORT_DASHBOARD,23,0,0,0,0.043478260869565216,1.0,0.4470348358154297,8
PC+RWR,A6_multi_source,small,4,SRC_STOCK_1_PRICE,REPORT_DASHBOARD,23,0,0,0,0.043478260869565216,1.0,3.237009048461914,8
AnomalyOnly,A6_multi_source,small,4,SRC_STOCK_1_PRICE,REPORT_DASHBOARD,1,1,1,1,1.0,0.8,0.0059604644775390625,1
APA-RCA,A6_multi_source,small,4,SRC_STOCK_1_PRICE,REPORT_DASHBOARD,3,0,1,1,0.3333333333333333,0.8,0.42510032653808594,9
APA-RCA-v2,A6_multi_source,small,4,SRC_STOCK_1_PRICE,REPORT_DASHBOARD,1,1,1,1,1.0,0.8,0.4642009735107422,9
APA-RCA-v3,A6_multi_source,small,4,SRC_STOCK_1_PRICE,REPORT_DASHBOARD,1,1,1,1,1.0,0.8,0.4298686981201172,9
Schema-Constraint,A6_multi_source,small,4,SRC_STOCK_1_PRICE,REPORT_DASHBOARD,1,1,1,1,1.0,0.8,0.0,0
BFS,A6_multi_source,small,5,SRC_STOCK_3_PRICE,REPORT_DASHBOARD,17,0,0,0,0.058823529411764705,1.0,0.3859996795654297,6
Vanilla-RWR,A6_multi_source,small,5,SRC_STOCK_3_PRICE,REPORT_DASHBOARD,15,0,0,0,0.06666666666666667,1.0,0.4169940948486328,9
Structural-RWR,A6_multi_source,small,5,SRC_STOCK_3_PRICE,REPORT_DASHBOARD,28,0,0,0,0.03571428571428571,1.0,0.43392181396484375,8
PC+RWR,A6_multi_source,small,5,SRC_STOCK_3_PRICE,REPORT_DASHBOARD,28,0,0,0,0.03571428571428571,1.0,3.2377243041992188,8
AnomalyOnly,A6_multi_source,small,5,SRC_STOCK_3_PRICE,REPORT_DASHBOARD,5,0,0,1,0.2,0.8,0.0059604644775390625,1
APA-RCA,A6_multi_source,small,5,SRC_STOCK_3_PRICE,REPORT_DASHBOARD,3,0,1,1,0.3333333333333333,0.8,0.4208087921142578,9
APA-RCA-v2,A6_multi_source,small,5,SRC_STOCK_3_PRICE,REPORT_DASHBOARD,1,1,1,1,1.0,0.8,0.4551410675048828,9
APA-RCA-v3,A6_multi_source,small,5,SRC_STOCK_3_PRICE,REPORT_DASHBOARD,1,1,1,1,1.0,0.8,0.4150867462158203,9
Schema-Constraint,A6_multi_source,small,5,SRC_STOCK_3_PRICE,REPORT_DASHBOARD,3,0,1,1,0.3333333333333333,0.8,0.0,0
BFS,A6_multi_source,small,6,SRC_STOCK_3_PRICE,REPORT_DASHBOARD,17,0,0,0,0.058823529411764705,1.0,0.37980079650878906,6
Vanilla-RWR,A6_multi_source,small,6,SRC_STOCK_3_PRICE,REPORT_DASHBOARD,15,0,0,0,0.06666666666666667,1.0,0.41604042053222656,9
Structural-RWR,A6_multi_source,small,6,SRC_STOCK_3_PRICE,REPORT_DASHBOARD,25,0,0,0,0.04,1.0,0.4322528839111328,8
PC+RWR,A6_multi_source,small,6,SRC_STOCK_3_PRICE,REPORT_DASHBOARD,25,0,0,0,0.04,1.0,3.1991004943847656,8
AnomalyOnly,A6_multi_source,small,6,SRC_STOCK_3_PRICE,REPORT_DASHBOARD,5,0,0,1,0.2,0.8,0.0059604644775390625,1
APA-RCA,A6_multi_source,small,6,SRC_STOCK_3_PRICE,REPORT_DASHBOARD,3,0,1,1,0.3333333333333333,0.8,0.4229545593261719,9
APA-RCA-v2,A6_multi_source,small,6,SRC_STOCK_3_PRICE,REPORT_DASHBOARD,1,1,1,1,1.0,0.8,0.45800209045410156,9
APA-RCA-v3,A6_multi_source,small,6,SRC_STOCK_3_PRICE,REPORT_DASHBOARD,1,1,1,1,1.0,0.8,0.41604042053222656,9
Schema-Constraint,A6_multi_source,small,6,SRC_STOCK_3_PRICE,REPORT_DASHBOARD,3,0,1,1,0.3333333333333333,0.8,0.0,0
BFS,A6_multi_source,small,7,SRC_STOCK_1_PRICE,REPORT_DASHBOARD,16,0,0,0,0.0625,1.0,0.4000663757324219,6
Vanilla-RWR,A6_multi_source,small,7,SRC_STOCK_1_PRICE,REPORT_DASHBOARD,13,0,0,0,0.07692307692307693,1.0,0.4210472106933594,9
Structural-RWR,A6_multi_source,small,7,SRC_STOCK_1_PRICE,REPORT_DASHBOARD,22,0,0,0,0.045454545454545456,1.0,0.43010711669921875,8
PC+RWR,A6_multi_source,small,7,SRC_STOCK_1_PRICE,REPORT_DASHBOARD,22,0,0,0,0.045454545454545456,1.0,3.3152103424072266,8
AnomalyOnly,A6_multi_source,small,7,SRC_STOCK_1_PRICE,REPORT_DASHBOARD,4,0,0,1,0.25,0.8,0.006198883056640625,1
APA-RCA,A6_multi_source,small,7,SRC_STOCK_1_PRICE,REPORT_DASHBOARD,2,0,1,1,0.5,0.8,0.4222393035888672,9
APA-RCA-v2,A6_multi_source,small,7,SRC_STOCK_1_PRICE,REPORT_DASHBOARD,1,1,1,1,1.0,0.8,0.45108795166015625,9
APA-RCA-v3,A6_multi_source,small,7,SRC_STOCK_1_PRICE,REPORT_DASHBOARD,1,1,1,1,1.0,0.8,0.4138946533203125,9
Schema-Constraint,A6_multi_source,small,7,SRC_STOCK_1_PRICE,REPORT_DASHBOARD,1,1,1,1,1.0,0.8,0.0,0
BFS,A6_multi_source,small,8,SRC_STOCK_3_PRICE,REPORT_STRESS,12,0,0,0,0.08333333333333333,1.0,0.682830810546875,6
Vanilla-RWR,A6_multi_source,small,8,SRC_STOCK_3_PRICE,REPORT_STRESS,13,0,0,0,0.07692307692307693,1.0,0.4181861877441406,9
Structural-RWR,A6_multi_source,small,8,SRC_STOCK_3_PRICE,REPORT_STRESS,23,0,0,0,0.043478260869565216,1.0,0.4286766052246094,8
PC+RWR,A6_multi_source,small,8,SRC_STOCK_3_PRICE,REPORT_STRESS,23,0,0,0,0.043478260869565216,1.0,3.1838417053222656,8
AnomalyOnly,A6_multi_source,small,8,SRC_STOCK_3_PRICE,REPORT_STRESS,3,0,1,1,0.3333333333333333,0.8,0.0057220458984375,1
APA-RCA,A6_multi_source,small,8,SRC_STOCK_3_PRICE,REPORT_STRESS,1,1,1,1,1.0,0.8,0.4169940948486328,9
APA-RCA-v2,A6_multi_source,small,8,SRC_STOCK_3_PRICE,REPORT_STRESS,1,1,1,1,1.0,0.8,0.45299530029296875,9
APA-RCA-v3,A6_multi_source,small,8,SRC_STOCK_3_PRICE,REPORT_STRESS,1,1,1,1,1.0,0.8,0.41413307189941406,9
Schema-Constraint,A6_multi_source,small,8,SRC_STOCK_3_PRICE,REPORT_STRESS,3,0,1,1,0.3333333333333333,0.8,0.0,0
BFS,A6_multi_source,small,9,SRC_STOCK_2_PRICE,REPORT_DASHBOARD,17,0,0,0,0.058823529411764705,1.0,0.3867149353027344,6
Vanilla-RWR,A6_multi_source,small,9,SRC_STOCK_2_PRICE,REPORT_DASHBOARD,14,0,0,0,0.07142857142857142,1.0,0.43320655822753906,9
Structural-RWR,A6_multi_source,small,9,SRC_STOCK_2_PRICE,REPORT_DASHBOARD,24,0,0,0,0.041666666666666664,1.0,0.43320655822753906,8
PC+RWR,A6_multi_source,small,9,SRC_STOCK_2_PRICE,REPORT_DASHBOARD,24,0,0,0,0.041666666666666664,1.0,3.244161605834961,8
AnomalyOnly,A6_multi_source,small,9,SRC_STOCK_2_PRICE,REPORT_DASHBOARD,6,0,0,0,0.16666666666666666,1.0,0.0059604644775390625,1
APA-RCA,A6_multi_source,small,9,SRC_STOCK_2_PRICE,REPORT_DASHBOARD,3,0,1,1,0.3333333333333333,0.8,0.42700767517089844,9
APA-RCA-v2,A6_multi_source,small,9,SRC_STOCK_2_PRICE,REPORT_DASHBOARD,1,1,1,1,1.0,0.8,0.45990943908691406,9
APA-RCA-v3,A6_multi_source,small,9,SRC_STOCK_2_PRICE,REPORT_DASHBOARD,1,1,1,1,1.0,0.8,0.41604042053222656,9
Schema-Constraint,A6_multi_source,small,9,SRC_STOCK_2_PRICE,REPORT_DASHBOARD,2,0,1,1,0.5,0.8,0.0,0
BFS,A6_multi_source,small,10,SRC_STOCK_2_PRICE,REPORT_DASHBOARD,16,0,0,0,0.0625,1.0,0.3960132598876953,6
Vanilla-RWR,A6_multi_source,small,10,SRC_STOCK_2_PRICE,REPORT_DASHBOARD,14,0,0,0,0.07142857142857142,1.0,0.41985511779785156,9
Structural-RWR,A6_multi_source,small,10,SRC_STOCK_2_PRICE,REPORT_DASHBOARD,22,0,0,0,0.045454545454545456,1.0,0.43487548828125,8
PC+RWR,A6_multi_source,small,10,SRC_STOCK_2_PRICE,REPORT_DASHBOARD,22,0,0,0,0.045454545454545456,1.0,3.2660961151123047,8
AnomalyOnly,A6_multi_source,small,10,SRC_STOCK_2_PRICE,REPORT_DASHBOARD,3,0,1,1,0.3333333333333333,0.8,0.0050067901611328125,1
APA-RCA,A6_multi_source,small,10,SRC_STOCK_2_PRICE,REPORT_DASHBOARD,4,0,0,1,0.25,0.8,0.4248619079589844,9
APA-RCA-v2,A6_multi_source,small,10,SRC_STOCK_2_PRICE,REPORT_DASHBOARD,2,0,1,1,0.5,0.8,0.7028579711914062,9
APA-RCA-v3,A6_multi_source,small,10,SRC_STOCK_2_PRICE,REPORT_DASHBOARD,2,0,1,1,0.5,0.8,0.4150867462158203,9
Schema-Constraint,A6_multi_source,small,10,SRC_STOCK_2_PRICE,REPORT_DASHBOARD,2,0,1,1,0.5,0.8,0.0,0
BFS,A6_multi_source,small,11,SRC_STOCK_2_PRICE,REPORT_LIMIT,27,0,0,0,0.037037037037037035,1.0,0.3771781921386719,7
Vanilla-RWR,A6_multi_source,small,11,SRC_STOCK_2_PRICE,REPORT_LIMIT,20,0,0,0,0.05,1.0,0.42819976806640625,9
Structural-RWR,A6_multi_source,small,11,SRC_STOCK_2_PRICE,REPORT_LIMIT,21,0,0,0,0.047619047619047616,1.0,0.4417896270751953,8
PC+RWR,A6_multi_source,small,11,SRC_STOCK_2_PRICE,REPORT_LIMIT,21,0,0,0,0.047619047619047616,1.0,3.2677650451660156,8
AnomalyOnly,A6_multi_source,small,11,SRC_STOCK_2_PRICE,REPORT_LIMIT,3,0,1,1,0.3333333333333333,0.8,0.0050067901611328125,1
APA-RCA,A6_multi_source,small,11,SRC_STOCK_2_PRICE,REPORT_LIMIT,5,0,0,1,0.2,0.8,0.42128562927246094,9
APA-RCA-v2,A6_multi_source,small,11,SRC_STOCK_2_PRICE,REPORT_LIMIT,2,0,1,1,0.5,0.8,0.4611015319824219,9
APA-RCA-v3,A6_multi_source,small,11,SRC_STOCK_2_PRICE,REPORT_LIMIT,2,0,1,1,0.5,0.8,0.41484832763671875,9
Schema-Constraint,A6_multi_source,small,11,SRC_STOCK_2_PRICE,REPORT_LIMIT,2,0,1,1,0.5,0.8,0.0,0
BFS,A6_multi_source,small,12,SRC_STOCK_1_PRICE,REPORT_DASHBOARD,16,0,0,0,0.0625,1.0,0.38623809814453125,6
Vanilla-RWR,A6_multi_source,small,12,SRC_STOCK_1_PRICE,REPORT_DASHBOARD,13,0,0,0,0.07692307692307693,1.0,0.41794776916503906,9
Structural-RWR,A6_multi_source,small,12,SRC_STOCK_1_PRICE,REPORT_DASHBOARD,21,0,0,0,0.047619047619047616,1.0,0.42819976806640625,8
PC+RWR,A6_multi_source,small,12,SRC_STOCK_1_PRICE,REPORT_DASHBOARD,21,0,0,0,0.047619047619047616,1.0,3.2689571380615234,8
AnomalyOnly,A6_multi_source,small,12,SRC_STOCK_1_PRICE,REPORT_DASHBOARD,6,0,0,0,0.16666666666666666,1.0,0.006198883056640625,1
APA-RCA,A6_multi_source,small,12,SRC_STOCK_1_PRICE,REPORT_DASHBOARD,3,0,1,1,0.3333333333333333,0.8,0.4220008850097656,9
APA-RCA-v2,A6_multi_source,small,12,SRC_STOCK_1_PRICE,REPORT_DASHBOARD,1,1,1,1,1.0,0.8,0.45800209045410156,9
APA-RCA-v3,A6_multi_source,small,12,SRC_STOCK_1_PRICE,REPORT_DASHBOARD,1,1,1,1,1.0,0.8,0.41294097900390625,9
Schema-Constraint,A6_multi_source,small,12,SRC_STOCK_1_PRICE,REPORT_DASHBOARD,1,1,1,1,1.0,0.8,0.0,0
BFS,A6_multi_source,small,13,SRC_STOCK_1_PRICE,REPORT_LIMIT,26,0,0,0,0.038461538461538464,1.0,0.39196014404296875,7
Vanilla-RWR,A6_multi_source,small,13,SRC_STOCK_1_PRICE,REPORT_LIMIT,19,0,0,0,0.05263157894736842,1.0,0.4169940948486328,9
Structural-RWR,A6_multi_source,small,13,SRC_STOCK_1_PRICE,REPORT_LIMIT,19,0,0,0,0.05263157894736842,1.0,0.43487548828125,8
PC+RWR,A6_multi_source,small,13,SRC_STOCK_1_PRICE,REPORT_LIMIT,19,0,0,0,0.05263157894736842,1.0,3.231048583984375,8
AnomalyOnly,A6_multi_source,small,13,SRC_STOCK_1_PRICE,REPORT_LIMIT,1,1,1,1,1.0,0.8,0.0059604644775390625,1
APA-RCA,A6_multi_source,small,13,SRC_STOCK_1_PRICE,REPORT_LIMIT,4,0,0,1,0.25,0.8,0.4229545593261719,9
APA-RCA-v2,A6_multi_source,small,13,SRC_STOCK_1_PRICE,REPORT_LIMIT,1,1,1,1,1.0,0.8,0.45609474182128906,9
APA-RCA-v3,A6_multi_source,small,13,SRC_STOCK_1_PRICE,REPORT_LIMIT,1,1,1,1,1.0,0.8,0.41294097900390625,9
Schema-Constraint,A6_multi_source,small,13,SRC_STOCK_1_PRICE,REPORT_LIMIT,1,1,1,1,1.0,0.8,0.0,0
BFS,A6_multi_source,small,14,SRC_STOCK_3_PRICE,REPORT_DASHBOARD,16,0,0,0,0.0625,1.0,0.3859996795654297,6
Vanilla-RWR,A6_multi_source,small,14,SRC_STOCK_3_PRICE,REPORT_DASHBOARD,15,0,0,0,0.06666666666666667,1.0,0.41294097900390625,9
Structural-RWR,A6_multi_source,small,14,SRC_STOCK_3_PRICE,REPORT_DASHBOARD,22,0,0,0,0.045454545454545456,1.0,0.43487548828125,8
PC+RWR,A6_multi_source,small,14,SRC_STOCK_3_PRICE,REPORT_DASHBOARD,22,0,0,0,0.045454545454545456,1.0,3.255128860473633,8
AnomalyOnly,A6_multi_source,small,14,SRC_STOCK_3_PRICE,REPORT_DASHBOARD,3,0,1,1,0.3333333333333333,0.8,0.0050067901611328125,1
APA-RCA,A6_multi_source,small,14,SRC_STOCK_3_PRICE,REPORT_DASHBOARD,2,0,1,1,0.5,0.8,0.4239082336425781,9
APA-RCA-v2,A6_multi_source,small,14,SRC_STOCK_3_PRICE,REPORT_DASHBOARD,1,1,1,1,1.0,0.8,0.4611015319824219,9
APA-RCA-v3,A6_multi_source,small,14,SRC_STOCK_3_PRICE,REPORT_DASHBOARD,1,1,1,1,1.0,0.8,0.4181861877441406,9
Schema-Constraint,A6_multi_source,small,14,SRC_STOCK_3_PRICE,REPORT_DASHBOARD,3,0,1,1,0.3333333333333333,0.8,0.0,0
BFS,A6_multi_source,small,15,SRC_STOCK_1_PRICE,REPORT_STRESS,11,0,0,0,0.09090909090909091,1.0,0.38814544677734375,6
Vanilla-RWR,A6_multi_source,small,15,SRC_STOCK_1_PRICE,REPORT_STRESS,11,0,0,0,0.09090909090909091,1.0,0.41675567626953125,9
Structural-RWR,A6_multi_source,small,15,SRC_STOCK_1_PRICE,REPORT_STRESS,23,0,0,0,0.043478260869565216,1.0,0.7212162017822266,8
PC+RWR,A6_multi_source,small,15,SRC_STOCK_1_PRICE,REPORT_STRESS,23,0,0,0,0.043478260869565216,1.0,3.2241344451904297,8
AnomalyOnly,A6_multi_source,small,15,SRC_STOCK_1_PRICE,REPORT_STRESS,2,0,1,1,0.5,0.8,0.0050067901611328125,1
APA-RCA,A6_multi_source,small,15,SRC_STOCK_1_PRICE,REPORT_STRESS,1,1,1,1,1.0,0.8,0.4222393035888672,9
APA-RCA-v2,A6_multi_source,small,15,SRC_STOCK_1_PRICE,REPORT_STRESS,1,1,1,1,1.0,0.8,0.45108795166015625,9
APA-RCA-v3,A6_multi_source,small,15,SRC_STOCK_1_PRICE,REPORT_STRESS,1,1,1,1,1.0,0.8,0.4119873046875,9
Schema-Constraint,A6_multi_source,small,15,SRC_STOCK_1_PRICE,REPORT_STRESS,1,1,1,1,1.0,0.8,0.0,0
BFS,A6_multi_source,small,16,SRC_STOCK_2_PRICE,REPORT_DASHBOARD,17,0,0,0,0.058823529411764705,1.0,0.36907196044921875,6
Vanilla-RWR,A6_multi_source,small,16,SRC_STOCK_2_PRICE,REPORT_DASHBOARD,14,0,0,0,0.07142857142857142,1.0,0.4208087921142578,9
Structural-RWR,A6_multi_source,small,16,SRC_STOCK_2_PRICE,REPORT_DASHBOARD,25,0,0,0,0.04,1.0,0.4353523254394531,8
PC+RWR,A6_multi_source,small,16,SRC_STOCK_2_PRICE,REPORT_DASHBOARD,25,0,0,0,0.04,1.0,3.2541751861572266,8
AnomalyOnly,A6_multi_source,small,16,SRC_STOCK_2_PRICE,REPORT_DASHBOARD,4,0,0,1,0.25,0.8,0.0050067901611328125,1
APA-RCA,A6_multi_source,small,16,SRC_STOCK_2_PRICE,REPORT_DASHBOARD,3,0,1,1,0.3333333333333333,0.8,0.3998279571533203,9
APA-RCA-v2,A6_multi_source,small,16,SRC_STOCK_2_PRICE,REPORT_DASHBOARD,2,0,1,1,0.5,0.8,0.4417896270751953,9
APA-RCA-v3,A6_multi_source,small,16,SRC_STOCK_2_PRICE,REPORT_DASHBOARD,2,0,1,1,0.5,0.8,0.4150867462158203,9
Schema-Constraint,A6_multi_source,small,16,SRC_STOCK_2_PRICE,REPORT_DASHBOARD,2,0,1,1,0.5,0.8,0.0,0
BFS,A6_multi_source,small,17,SRC_STOCK_2_PRICE,REPORT_DASHBOARD,16,0,0,0,0.0625,1.0,0.4029273986816406,6
Vanilla-RWR,A6_multi_source,small,17,SRC_STOCK_2_PRICE,REPORT_DASHBOARD,14,0,0,0,0.07142857142857142,1.0,0.42176246643066406,9
Structural-RWR,A6_multi_source,small,17,SRC_STOCK_2_PRICE,REPORT_DASHBOARD,22,0,0,0,0.045454545454545456,1.0,0.43582916259765625,8
PC+RWR,A6_multi_source,small,17,SRC_STOCK_2_PRICE,REPORT_DASHBOARD,22,0,0,0,0.045454545454545456,1.0,3.2660961151123047,8
AnomalyOnly,A6_multi_source,small,17,SRC_STOCK_2_PRICE,REPORT_DASHBOARD,3,0,1,1,0.3333333333333333,0.8,0.0050067901611328125,1
APA-RCA,A6_multi_source,small,17,SRC_STOCK_2_PRICE,REPORT_DASHBOARD,2,0,1,1,0.5,0.8,0.4291534423828125,9
APA-RCA-v2,A6_multi_source,small,17,SRC_STOCK_2_PRICE,REPORT_DASHBOARD,1,1,1,1,1.0,0.8,0.45800209045410156,9
APA-RCA-v3,A6_multi_source,small,17,SRC_STOCK_2_PRICE,REPORT_DASHBOARD,1,1,1,1,1.0,0.8,0.4200935363769531,9
Schema-Constraint,A6_multi_source,small,17,SRC_STOCK_2_PRICE,REPORT_DASHBOARD,2,0,1,1,0.5,0.8,0.0,0
BFS,A6_multi_source,small,18,SRC_STOCK_3_PRICE,REPORT_DASHBOARD,17,0,0,0,0.058823529411764705,1.0,0.3829002380371094,6
Vanilla-RWR,A6_multi_source,small,18,SRC_STOCK_3_PRICE,REPORT_DASHBOARD,15,0,0,0,0.06666666666666667,1.0,0.4200935363769531,9
Structural-RWR,A6_multi_source,small,18,SRC_STOCK_3_PRICE,REPORT_DASHBOARD,25,0,0,0,0.04,1.0,0.43702125549316406,8
PC+RWR,A6_multi_source,small,18,SRC_STOCK_3_PRICE,REPORT_DASHBOARD,25,0,0,0,0.04,1.0,3.2591819763183594,8
AnomalyOnly,A6_multi_source,small,18,SRC_STOCK_3_PRICE,REPORT_DASHBOARD,4,0,0,1,0.25,0.8,0.0050067901611328125,1
APA-RCA,A6_multi_source,small,18,SRC_STOCK_3_PRICE,REPORT_DASHBOARD,3,0,1,1,0.3333333333333333,0.8,0.4260540008544922,9
APA-RCA-v2,A6_multi_source,small,18,SRC_STOCK_3_PRICE,REPORT_DASHBOARD,2,0,1,1,0.5,0.8,0.4627704620361328,9
APA-RCA-v3,A6_multi_source,small,18,SRC_STOCK_3_PRICE,REPORT_DASHBOARD,2,0,1,1,0.5,0.8,0.41604042053222656,9
Schema-Constraint,A6_multi_source,small,18,SRC_STOCK_3_PRICE,REPORT_DASHBOARD,3,0,1,1,0.3333333333333333,0.8,0.0,0
BFS,A6_multi_source,small,19,SRC_STOCK_1_PRICE,REPORT_DASHBOARD,16,0,0,0,0.0625,1.0,0.36406517028808594,6
Vanilla-RWR,A6_multi_source,small,19,SRC_STOCK_1_PRICE,REPORT_DASHBOARD,13,0,0,0,0.07692307692307693,1.0,0.4181861877441406,9
Structural-RWR,A6_multi_source,small,19,SRC_STOCK_1_PRICE,REPORT_DASHBOARD,24,0,0,0,0.041666666666666664,1.0,0.43201446533203125,8
PC+RWR,A6_multi_source,small,19,SRC_STOCK_1_PRICE,REPORT_DASHBOARD,24,0,0,0,0.041666666666666664,1.0,3.264904022216797,8
AnomalyOnly,A6_multi_source,small,19,SRC_STOCK_1_PRICE,REPORT_DASHBOARD,3,0,1,1,0.3333333333333333,0.8,0.0057220458984375,1
APA-RCA,A6_multi_source,small,19,SRC_STOCK_1_PRICE,REPORT_DASHBOARD,3,0,1,1,0.3333333333333333,0.8,0.41413307189941406,9
APA-RCA-v2,A6_multi_source,small,19,SRC_STOCK_1_PRICE,REPORT_DASHBOARD,2,0,1,1,0.5,0.8,0.4589557647705078,9
APA-RCA-v3,A6_multi_source,small,19,SRC_STOCK_1_PRICE,REPORT_DASHBOARD,2,0,1,1,0.5,0.8,0.41604042053222656,9
Schema-Constraint,A6_multi_source,small,19,SRC_STOCK_1_PRICE,REPORT_DASHBOARD,1,1,1,1,1.0,0.8,0.0,0
BFS,A6_multi_source,small,20,SRC_STOCK_2_PRICE,REPORT_DASHBOARD,16,0,0,0,0.0625,1.0,0.6628036499023438,6
Vanilla-RWR,A6_multi_source,small,20,SRC_STOCK_2_PRICE,REPORT_DASHBOARD,14,0,0,0,0.07142857142857142,1.0,0.4210472106933594,9
Structural-RWR,A6_multi_source,small,20,SRC_STOCK_2_PRICE,REPORT_DASHBOARD,22,0,0,0,0.045454545454545456,1.0,0.4329681396484375,8
PC+RWR,A6_multi_source,small,20,SRC_STOCK_2_PRICE,REPORT_DASHBOARD,22,0,0,0,0.045454545454545456,1.0,3.242015838623047,8
AnomalyOnly,A6_multi_source,small,20,SRC_STOCK_2_PRICE,REPORT_DASHBOARD,3,0,1,1,0.3333333333333333,0.8,0.0050067901611328125,1
APA-RCA,A6_multi_source,small,20,SRC_STOCK_2_PRICE,REPORT_DASHBOARD,3,0,1,1,0.3333333333333333,0.8,0.4258155822753906,9
APA-RCA-v2,A6_multi_source,small,20,SRC_STOCK_2_PRICE,REPORT_DASHBOARD,2,0,1,1,0.5,0.8,0.45800209045410156,9
APA-RCA-v3,A6_multi_source,small,20,SRC_STOCK_2_PRICE,REPORT_DASHBOARD,2,0,1,1,0.5,0.8,0.4191398620605469,9
Schema-Constraint,A6_multi_source,small,20,SRC_STOCK_2_PRICE,REPORT_DASHBOARD,2,0,1,1,0.5,0.8,0.0,0
BFS,A6_multi_source,small,21,SRC_STOCK_1_PRICE,REPORT_DASHBOARD,16,0,0,0,0.0625,1.0,0.3840923309326172,6
Vanilla-RWR,A6_multi_source,small,21,SRC_STOCK_1_PRICE,REPORT_DASHBOARD,13,0,0,0,0.07692307692307693,1.0,0.41484832763671875,9
Structural-RWR,A6_multi_source,small,21,SRC_STOCK_1_PRICE,REPORT_DASHBOARD,23,0,0,0,0.043478260869565216,1.0,0.43010711669921875,8
PC+RWR,A6_multi_source,small,21,SRC_STOCK_1_PRICE,REPORT_DASHBOARD,23,0,0,0,0.043478260869565216,1.0,3.2639503479003906,8
AnomalyOnly,A6_multi_source,small,21,SRC_STOCK_1_PRICE,REPORT_DASHBOARD,3,0,1,1,0.3333333333333333,0.8,0.005245208740234375,1
APA-RCA,A6_multi_source,small,21,SRC_STOCK_1_PRICE,REPORT_DASHBOARD,3,0,1,1,0.3333333333333333,0.8,0.42319297790527344,9
APA-RCA-v2,A6_multi_source,small,21,SRC_STOCK_1_PRICE,REPORT_DASHBOARD,1,1,1,1,1.0,0.8,0.4658699035644531,9
APA-RCA-v3,A6_multi_source,small,21,SRC_STOCK_1_PRICE,REPORT_DASHBOARD,1,1,1,1,1.0,0.8,0.41484832763671875,9
Schema-Constraint,A6_multi_source,small,21,SRC_STOCK_1_PRICE,REPORT_DASHBOARD,1,1,1,1,1.0,0.8,0.0,0
BFS,A6_multi_source,small,22,SRC_STOCK_3_PRICE,REPORT_DASHBOARD,17,0,0,0,0.058823529411764705,1.0,0.3750324249267578,6
Vanilla-RWR,A6_multi_source,small,22,SRC_STOCK_3_PRICE,REPORT_DASHBOARD,15,0,0,0,0.06666666666666667,1.0,0.39505958557128906,9
Structural-RWR,A6_multi_source,small,22,SRC_STOCK_3_PRICE,REPORT_DASHBOARD,22,0,0,0,0.045454545454545456,1.0,0.4343986511230469,8
PC+RWR,A6_multi_source,small,22,SRC_STOCK_3_PRICE,REPORT_DASHBOARD,22,0,0,0,0.045454545454545456,1.0,3.316164016723633,8
AnomalyOnly,A6_multi_source,small,22,SRC_STOCK_3_PRICE,REPORT_DASHBOARD,3,0,1,1,0.3333333333333333,0.8,0.0050067901611328125,1
APA-RCA,A6_multi_source,small,22,SRC_STOCK_3_PRICE,REPORT_DASHBOARD,2,0,1,1,0.5,0.8,0.41794776916503906,9
APA-RCA-v2,A6_multi_source,small,22,SRC_STOCK_3_PRICE,REPORT_DASHBOARD,1,1,1,1,1.0,0.8,0.7162094116210938,9
APA-RCA-v3,A6_multi_source,small,22,SRC_STOCK_3_PRICE,REPORT_DASHBOARD,1,1,1,1,1.0,0.8,0.3972053527832031,9
Schema-Constraint,A6_multi_source,small,22,SRC_STOCK_3_PRICE,REPORT_DASHBOARD,3,0,1,1,0.3333333333333333,0.8,0.0,0
BFS,A6_multi_source,small,23,SRC_STOCK_1_PRICE,REPORT_LIMIT,26,0,0,0,0.038461538461538464,1.0,0.3960132598876953,7
Vanilla-RWR,A6_multi_source,small,23,SRC_STOCK_1_PRICE,REPORT_LIMIT,19,0,0,0,0.05263157894736842,1.0,0.42510032653808594,9
Structural-RWR,A6_multi_source,small,23,SRC_STOCK_1_PRICE,REPORT_LIMIT,23,0,0,0,0.043478260869565216,1.0,0.4458427429199219,8
PC+RWR,A6_multi_source,small,23,SRC_STOCK_1_PRICE,REPORT_LIMIT,23,0,0,0,0.043478260869565216,1.0,3.323078155517578,8
AnomalyOnly,A6_multi_source,small,23,SRC_STOCK_1_PRICE,REPORT_LIMIT,2,0,1,1,0.5,0.8,0.0050067901611328125,1
APA-RCA,A6_multi_source,small,23,SRC_STOCK_1_PRICE,REPORT_LIMIT,4,0,0,1,0.25,0.8,0.4258155822753906,9
APA-RCA-v2,A6_multi_source,small,23,SRC_STOCK_1_PRICE,REPORT_LIMIT,1,1,1,1,1.0,0.8,0.46706199645996094,9
APA-RCA-v3,A6_multi_source,small,23,SRC_STOCK_1_PRICE,REPORT_LIMIT,1,1,1,1,1.0,0.8,0.42510032653808594,9
Schema-Constraint,A6_multi_source,small,23,SRC_STOCK_1_PRICE,REPORT_LIMIT,1,1,1,1,1.0,0.8,0.0,0
BFS,A6_multi_source,small,24,SRC_STOCK_2_PRICE,REPORT_DASHBOARD,17,0,0,0,0.058823529411764705,1.0,0.4222393035888672,6
Vanilla-RWR,A6_multi_source,small,24,SRC_STOCK_2_PRICE,REPORT_DASHBOARD,14,0,0,0,0.07142857142857142,1.0,0.4420280456542969,9
Structural-RWR,A6_multi_source,small,24,SRC_STOCK_2_PRICE,REPORT_DASHBOARD,22,0,0,0,0.045454545454545456,1.0,0.4711151123046875,8
PC+RWR,A6_multi_source,small,24,SRC_STOCK_2_PRICE,REPORT_DASHBOARD,22,0,0,0,0.045454545454545456,1.0,3.6110877990722656,8
AnomalyOnly,A6_multi_source,small,24,SRC_STOCK_2_PRICE,REPORT_DASHBOARD,4,0,0,1,0.25,0.8,0.006198883056640625,1
APA-RCA,A6_multi_source,small,24,SRC_STOCK_2_PRICE,REPORT_DASHBOARD,3,0,1,1,0.3333333333333333,0.8,0.43773651123046875,9
APA-RCA-v2,A6_multi_source,small,24,SRC_STOCK_2_PRICE,REPORT_DASHBOARD,2,0,1,1,0.5,0.8,0.47278404235839844,9
APA-RCA-v3,A6_multi_source,small,24,SRC_STOCK_2_PRICE,REPORT_DASHBOARD,2,0,1,1,0.5,0.8,0.4470348358154297,9
Schema-Constraint,A6_multi_source,small,24,SRC_STOCK_2_PRICE,REPORT_DASHBOARD,2,0,1,1,0.5,0.8,0.0,0
BFS,A6_multi_source,small,25,SRC_STOCK_2_PRICE,REPORT_STRESS,12,0,0,0,0.08333333333333333,1.0,0.4279613494873047,6
Vanilla-RWR,A6_multi_source,small,25,SRC_STOCK_2_PRICE,REPORT_STRESS,12,0,0,0,0.08333333333333333,1.0,0.4239082336425781,9
Structural-RWR,A6_multi_source,small,25,SRC_STOCK_2_PRICE,REPORT_STRESS,24,0,0,0,0.041666666666666664,1.0,0.4520416259765625,8
PC+RWR,A6_multi_source,small,25,SRC_STOCK_2_PRICE,REPORT_STRESS,24,0,0,0,0.041666666666666664,1.0,3.3462047576904297,8
AnomalyOnly,A6_multi_source,small,25,SRC_STOCK_2_PRICE,REPORT_STRESS,3,0,1,1,0.3333333333333333,0.8,0.006198883056640625,1
APA-RCA,A6_multi_source,small,25,SRC_STOCK_2_PRICE,REPORT_STRESS,2,0,1,1,0.5,0.8,0.42438507080078125,9
APA-RCA-v2,A6_multi_source,small,25,SRC_STOCK_2_PRICE,REPORT_STRESS,2,0,1,1,0.5,0.8,0.4532337188720703,9
APA-RCA-v3,A6_multi_source,small,25,SRC_STOCK_2_PRICE,REPORT_STRESS,2,0,1,1,0.5,0.8,0.4119873046875,9
Schema-Constraint,A6_multi_source,small,25,SRC_STOCK_2_PRICE,REPORT_STRESS,2,0,1,1,0.5,0.8,0.0,0
BFS,A6_multi_source,small,26,SRC_STOCK_3_PRICE,REPORT_DASHBOARD,17,0,0,0,0.058823529411764705,1.0,0.38504600524902344,6
Vanilla-RWR,A6_multi_source,small,26,SRC_STOCK_3_PRICE,REPORT_DASHBOARD,15,0,0,0,0.06666666666666667,1.0,0.41484832763671875,9
Structural-RWR,A6_multi_source,small,26,SRC_STOCK_3_PRICE,REPORT_DASHBOARD,24,0,0,0,0.041666666666666664,1.0,0.4401206970214844,8
PC+RWR,A6_multi_source,small,26,SRC_STOCK_3_PRICE,REPORT_DASHBOARD,24,0,0,0,0.041666666666666664,1.0,3.284931182861328,8
AnomalyOnly,A6_multi_source,small,26,SRC_STOCK_3_PRICE,REPORT_DASHBOARD,4,0,0,1,0.25,0.8,0.0050067901611328125,1
APA-RCA,A6_multi_source,small,26,SRC_STOCK_3_PRICE,REPORT_DASHBOARD,3,0,1,1,0.3333333333333333,0.8,0.4248619079589844,9
APA-RCA-v2,A6_multi_source,small,26,SRC_STOCK_3_PRICE,REPORT_DASHBOARD,2,0,1,1,0.5,0.8,0.4630088806152344,9
APA-RCA-v3,A6_multi_source,small,26,SRC_STOCK_3_PRICE,REPORT_DASHBOARD,2,0,1,1,0.5,0.8,0.4150867462158203,9
Schema-Constraint,A6_multi_source,small,26,SRC_STOCK_3_PRICE,REPORT_DASHBOARD,3,0,1,1,0.3333333333333333,0.8,0.0,0
BFS,A6_multi_source,small,27,SRC_STOCK_2_PRICE,REPORT_STRESS,11,0,0,0,0.09090909090909091,1.0,0.3821849822998047,6
Vanilla-RWR,A6_multi_source,small,27,SRC_STOCK_2_PRICE,REPORT_STRESS,12,0,0,0,0.08333333333333333,1.0,0.41794776916503906,9
Structural-RWR,A6_multi_source,small,27,SRC_STOCK_2_PRICE,REPORT_STRESS,21,0,0,0,0.047619047619047616,1.0,0.7269382476806641,8
PC+RWR,A6_multi_source,small,27,SRC_STOCK_2_PRICE,REPORT_STRESS,21,0,0,0,0.047619047619047616,1.0,3.1752586364746094,8
AnomalyOnly,A6_multi_source,small,27,SRC_STOCK_2_PRICE,REPORT_STRESS,3,0,1,1,0.3333333333333333,0.8,0.0057220458984375,1
APA-RCA,A6_multi_source,small,27,SRC_STOCK_2_PRICE,REPORT_STRESS,1,1,1,1,1.0,0.8,0.4239082336425781,9
APA-RCA-v2,A6_multi_source,small,27,SRC_STOCK_2_PRICE,REPORT_STRESS,1,1,1,1,1.0,0.8,0.4520416259765625,9
APA-RCA-v3,A6_multi_source,small,27,SRC_STOCK_2_PRICE,REPORT_STRESS,1,1,1,1,1.0,0.8,0.41294097900390625,9
Schema-Constraint,A6_multi_source,small,27,SRC_STOCK_2_PRICE,REPORT_STRESS,2,0,1,1,0.5,0.8,0.0,0
BFS,A6_multi_source,small,28,SRC_STOCK_3_PRICE,REPORT_DASHBOARD,17,0,0,0,0.058823529411764705,1.0,0.36716461181640625,6
Vanilla-RWR,A6_multi_source,small,28,SRC_STOCK_3_PRICE,REPORT_DASHBOARD,15,0,0,0,0.06666666666666667,1.0,0.4200935363769531,9
Structural-RWR,A6_multi_source,small,28,SRC_STOCK_3_PRICE,REPORT_DASHBOARD,25,0,0,0,0.04,1.0,0.43702125549316406,8
PC+RWR,A6_multi_source,small,28,SRC_STOCK_3_PRICE,REPORT_DASHBOARD,25,0,0,0,0.04,1.0,3.2417774200439453,8
AnomalyOnly,A6_multi_source,small,28,SRC_STOCK_3_PRICE,REPORT_DASHBOARD,5,0,0,1,0.2,0.8,0.0050067901611328125,1
APA-RCA,A6_multi_source,small,28,SRC_STOCK_3_PRICE,REPORT_DASHBOARD,2,0,1,1,0.5,0.8,0.4239082336425781,9
APA-RCA-v2,A6_multi_source,small,28,SRC_STOCK_3_PRICE,REPORT_DASHBOARD,1,1,1,1,1.0,0.8,0.45800209045410156,9
APA-RCA-v3,A6_multi_source,small,28,SRC_STOCK_3_PRICE,REPORT_DASHBOARD,1,1,1,1,1.0,0.8,0.41294097900390625,9
Schema-Constraint,A6_multi_source,small,28,SRC_STOCK_3_PRICE,REPORT_DASHBOARD,3,0,1,1,0.3333333333333333,0.8,0.0,0
BFS,A6_multi_source,small,29,SRC_STOCK_1_PRICE,REPORT_DASHBOARD,16,0,0,0,0.0625,1.0,0.3650188446044922,6
Vanilla-RWR,A6_multi_source,small,29,SRC_STOCK_1_PRICE,REPORT_DASHBOARD,13,0,0,0,0.07692307692307693,1.0,0.4010200500488281,9
Structural-RWR,A6_multi_source,small,29,SRC_STOCK_1_PRICE,REPORT_DASHBOARD,24,0,0,0,0.041666666666666664,1.0,0.43392181396484375,8
PC+RWR,A6_multi_source,small,29,SRC_STOCK_1_PRICE,REPORT_DASHBOARD,24,0,0,0,0.041666666666666664,1.0,3.268003463745117,8
AnomalyOnly,A6_multi_source,small,29,SRC_STOCK_1_PRICE,REPORT_DASHBOARD,4,0,0,1,0.25,0.8,0.0059604644775390625,1
APA-RCA,A6_multi_source,small,29,SRC_STOCK_1_PRICE,REPORT_DASHBOARD,3,0,1,1,0.3333333333333333,0.8,0.43702125549316406,9
APA-RCA-v2,A6_multi_source,small,29,SRC_STOCK_1_PRICE,REPORT_DASHBOARD,1,1,1,1,1.0,0.8,0.4680156707763672,9
APA-RCA-v3,A6_multi_source,small,29,SRC_STOCK_1_PRICE,REPORT_DASHBOARD,1,1,1,1,1.0,0.8,0.4258155822753906,9
Schema-Constraint,A6_multi_source,small,29,SRC_STOCK_1_PRICE,REPORT_DASHBOARD,1,1,1,1,1.0,0.8,0.0,0
BFS,A7_coincidental,small,0,SRC_STOCK_3_PRICE,REPORT_LIMIT,26,0,0,0,0.038461538461538464,1.0,0.3757476806640625,7
Vanilla-RWR,A7_coincidental,small,0,SRC_STOCK_3_PRICE,REPORT_LIMIT,21,0,0,0,0.047619047619047616,1.0,0.42819976806640625,9
Structural-RWR,A7_coincidental,small,0,SRC_STOCK_3_PRICE,REPORT_LIMIT,16,0,0,0,0.0625,1.0,0.4329681396484375,8
PC+RWR,A7_coincidental,small,0,SRC_STOCK_3_PRICE,REPORT_LIMIT,16,0,0,0,0.0625,1.0,3.258943557739258,8
AnomalyOnly,A7_coincidental,small,0,SRC_STOCK_3_PRICE,REPORT_LIMIT,2,0,1,1,0.5,0.8,0.0057220458984375,1
APA-RCA,A7_coincidental,small,0,SRC_STOCK_3_PRICE,REPORT_LIMIT,3,0,1,1,0.3333333333333333,0.8,0.4360675811767578,9
APA-RCA-v2,A7_coincidental,small,0,SRC_STOCK_3_PRICE,REPORT_LIMIT,1,1,1,1,1.0,0.8,0.4601478576660156,9
APA-RCA-v3,A7_coincidental,small,0,SRC_STOCK_3_PRICE,REPORT_LIMIT,1,1,1,1,1.0,0.8,0.41985511779785156,9
Schema-Constraint,A7_coincidental,small,0,SRC_STOCK_3_PRICE,REPORT_LIMIT,3,0,1,1,0.3333333333333333,0.8,0.0,0
BFS,A7_coincidental,small,1,SRC_STOCK_2_PRICE,REPORT_DASHBOARD,16,0,0,0,0.0625,1.0,0.34308433532714844,6
Vanilla-RWR,A7_coincidental,small,1,SRC_STOCK_2_PRICE,REPORT_DASHBOARD,14,0,0,0,0.07142857142857142,1.0,0.4138946533203125,9
Structural-RWR,A7_coincidental,small,1,SRC_STOCK_2_PRICE,REPORT_DASHBOARD,20,0,0,0,0.05,1.0,0.4260540008544922,8
PC+RWR,A7_coincidental,small,1,SRC_STOCK_2_PRICE,REPORT_DASHBOARD,20,0,0,0,0.05,1.0,3.2949447631835938,8
AnomalyOnly,A7_coincidental,small,1,SRC_STOCK_2_PRICE,REPORT_DASHBOARD,3,0,1,1,0.3333333333333333,0.8,0.0057220458984375,1
APA-RCA,A7_coincidental,small,1,SRC_STOCK_2_PRICE,REPORT_DASHBOARD,3,0,1,1,0.3333333333333333,0.8,0.4172325134277344,9
APA-RCA-v2,A7_coincidental,small,1,SRC_STOCK_2_PRICE,REPORT_DASHBOARD,1,1,1,1,1.0,0.8,0.45108795166015625,9
APA-RCA-v3,A7_coincidental,small,1,SRC_STOCK_2_PRICE,REPORT_DASHBOARD,1,1,1,1,1.0,0.8,0.40602684020996094,9
Schema-Constraint,A7_coincidental,small,1,SRC_STOCK_2_PRICE,REPORT_DASHBOARD,2,0,1,1,0.5,0.8,0.0,0
BFS,A7_coincidental,small,2,SRC_STOCK_3_PRICE,REPORT_LIMIT,26,0,0,0,0.038461538461538464,1.0,0.33974647521972656,7
Vanilla-RWR,A7_coincidental,small,2,SRC_STOCK_3_PRICE,REPORT_LIMIT,21,0,0,0,0.047619047619047616,1.0,0.41484832763671875,9
Structural-RWR,A7_coincidental,small,2,SRC_STOCK_3_PRICE,REPORT_LIMIT,18,0,0,0,0.05555555555555555,1.0,0.7171630859375,8
PC+RWR,A7_coincidental,small,2,SRC_STOCK_3_PRICE,REPORT_LIMIT,18,0,0,0,0.05555555555555555,1.0,3.2579898834228516,8
AnomalyOnly,A7_coincidental,small,2,SRC_STOCK_3_PRICE,REPORT_LIMIT,3,0,1,1,0.3333333333333333,0.8,0.0059604644775390625,1
APA-RCA,A7_coincidental,small,2,SRC_STOCK_3_PRICE,REPORT_LIMIT,6,0,0,0,0.16666666666666666,1.0,0.4248619079589844,9
APA-RCA-v2,A7_coincidental,small,2,SRC_STOCK_3_PRICE,REPORT_LIMIT,1,1,1,1,1.0,0.8,0.45490264892578125,9
APA-RCA-v3,A7_coincidental,small,2,SRC_STOCK_3_PRICE,REPORT_LIMIT,1,1,1,1,1.0,0.8,0.41604042053222656,9
Schema-Constraint,A7_coincidental,small,2,SRC_STOCK_3_PRICE,REPORT_LIMIT,3,0,1,1,0.3333333333333333,0.8,0.0,0
BFS,A7_coincidental,small,3,SRC_STOCK_3_PRICE,REPORT_LIMIT,26,0,0,0,0.038461538461538464,1.0,0.35691261291503906,7
Vanilla-RWR,A7_coincidental,small,3,SRC_STOCK_3_PRICE,REPORT_LIMIT,21,0,0,0,0.047619047619047616,1.0,0.4169940948486328,9
Structural-RWR,A7_coincidental,small,3,SRC_STOCK_3_PRICE,REPORT_LIMIT,19,0,0,0,0.05263157894736842,1.0,0.45299530029296875,8
PC+RWR,A7_coincidental,small,3,SRC_STOCK_3_PRICE,REPORT_LIMIT,19,0,0,0,0.05263157894736842,1.0,3.3402442932128906,8
AnomalyOnly,A7_coincidental,small,3,SRC_STOCK_3_PRICE,REPORT_LIMIT,2,0,1,1,0.5,0.8,0.0059604644775390625,1
APA-RCA,A7_coincidental,small,3,SRC_STOCK_3_PRICE,REPORT_LIMIT,5,0,0,1,0.2,0.8,0.4391670227050781,9
APA-RCA-v2,A7_coincidental,small,3,SRC_STOCK_3_PRICE,REPORT_LIMIT,1,1,1,1,1.0,0.8,0.4780292510986328,9
APA-RCA-v3,A7_coincidental,small,3,SRC_STOCK_3_PRICE,REPORT_LIMIT,1,1,1,1,1.0,0.8,0.43702125549316406,9
Schema-Constraint,A7_coincidental,small,3,SRC_STOCK_3_PRICE,REPORT_LIMIT,3,0,1,1,0.3333333333333333,0.8,0.0,0
BFS,A7_coincidental,small,4,SRC_STOCK_3_PRICE,REPORT_DASHBOARD,16,0,0,0,0.0625,1.0,0.3552436828613281,6
Vanilla-RWR,A7_coincidental,small,4,SRC_STOCK_3_PRICE,REPORT_DASHBOARD,15,0,0,0,0.06666666666666667,1.0,0.4208087921142578,9
Structural-RWR,A7_coincidental,small,4,SRC_STOCK_3_PRICE,REPORT_DASHBOARD,21,0,0,0,0.047619047619047616,1.0,0.4317760467529297,8
PC+RWR,A7_coincidental,small,4,SRC_STOCK_3_PRICE,REPORT_DASHBOARD,21,0,0,0,0.047619047619047616,1.0,3.2608509063720703,8
AnomalyOnly,A7_coincidental,small,4,SRC_STOCK_3_PRICE,REPORT_DASHBOARD,4,0,0,1,0.25,0.8,0.006198883056640625,1
APA-RCA,A7_coincidental,small,4,SRC_STOCK_3_PRICE,REPORT_DASHBOARD,3,0,1,1,0.3333333333333333,0.8,0.4177093505859375,9
APA-RCA-v2,A7_coincidental,small,4,SRC_STOCK_3_PRICE,REPORT_DASHBOARD,1,1,1,1,1.0,0.8,0.4589557647705078,9
APA-RCA-v3,A7_coincidental,small,4,SRC_STOCK_3_PRICE,REPORT_DASHBOARD,1,1,1,1,1.0,0.8,0.41413307189941406,9
Schema-Constraint,A7_coincidental,small,4,SRC_STOCK_3_PRICE,REPORT_DASHBOARD,3,0,1,1,0.3333333333333333,0.8,0.0,0
BFS,A7_coincidental,small,5,SRC_STOCK_3_PRICE,REPORT_LIMIT,26,0,0,0,0.038461538461538464,1.0,0.3561973571777344,7
Vanilla-RWR,A7_coincidental,small,5,SRC_STOCK_3_PRICE,REPORT_LIMIT,21,0,0,0,0.047619047619047616,1.0,0.4119873046875,9
Structural-RWR,A7_coincidental,small,5,SRC_STOCK_3_PRICE,REPORT_LIMIT,18,0,0,0,0.05555555555555555,1.0,0.43010711669921875,8
PC+RWR,A7_coincidental,small,5,SRC_STOCK_3_PRICE,REPORT_LIMIT,18,0,0,0,0.05555555555555555,1.0,3.2241344451904297,8
AnomalyOnly,A7_coincidental,small,5,SRC_STOCK_3_PRICE,REPORT_LIMIT,3,0,1,1,0.3333333333333333,0.8,0.00476837158203125,1
APA-RCA,A7_coincidental,small,5,SRC_STOCK_3_PRICE,REPORT_LIMIT,4,0,0,1,0.25,0.8,0.4220008850097656,9
APA-RCA-v2,A7_coincidental,small,5,SRC_STOCK_3_PRICE,REPORT_LIMIT,1,1,1,1,1.0,0.8,0.4608631134033203,9
APA-RCA-v3,A7_coincidental,small,5,SRC_STOCK_3_PRICE,REPORT_LIMIT,1,1,1,1,1.0,0.8,0.4210472106933594,9
Schema-Constraint,A7_coincidental,small,5,SRC_STOCK_3_PRICE,REPORT_LIMIT,3,0,1,1,0.3333333333333333,0.8,0.0,0
BFS,A7_coincidental,small,6,SRC_STOCK_2_PRICE,REPORT_LIMIT,26,0,0,0,0.038461538461538464,1.0,0.3559589385986328,7
Vanilla-RWR,A7_coincidental,small,6,SRC_STOCK_2_PRICE,REPORT_LIMIT,20,0,0,0,0.05,1.0,0.41794776916503906,9
Structural-RWR,A7_coincidental,small,6,SRC_STOCK_2_PRICE,REPORT_LIMIT,21,0,0,0,0.047619047619047616,1.0,0.43702125549316406,8
PC+RWR,A7_coincidental,small,6,SRC_STOCK_2_PRICE,REPORT_LIMIT,21,0,0,0,0.047619047619047616,1.0,3.2129287719726562,8
AnomalyOnly,A7_coincidental,small,6,SRC_STOCK_2_PRICE,REPORT_LIMIT,3,0,1,1,0.3333333333333333,0.8,0.006198883056640625,1
APA-RCA,A7_coincidental,small,6,SRC_STOCK_2_PRICE,REPORT_LIMIT,6,0,0,0,0.16666666666666666,1.0,0.4222393035888672,9
APA-RCA-v2,A7_coincidental,small,6,SRC_STOCK_2_PRICE,REPORT_LIMIT,1,1,1,1,1.0,0.8,0.46181678771972656,9
APA-RCA-v3,A7_coincidental,small,6,SRC_STOCK_2_PRICE,REPORT_LIMIT,1,1,1,1,1.0,0.8,0.4200935363769531,9
Schema-Constraint,A7_coincidental,small,6,SRC_STOCK_2_PRICE,REPORT_LIMIT,2,0,1,1,0.5,0.8,0.0,0
BFS,A7_coincidental,small,7,SRC_STOCK_3_PRICE,REPORT_DASHBOARD,16,0,0,0,0.0625,1.0,0.34308433532714844,6
Vanilla-RWR,A7_coincidental,small,7,SRC_STOCK_3_PRICE,REPORT_DASHBOARD,15,0,0,0,0.06666666666666667,1.0,0.42176246643066406,9
Structural-RWR,A7_coincidental,small,7,SRC_STOCK_3_PRICE,REPORT_DASHBOARD,20,0,0,0,0.05,1.0,0.4317760467529297,8
PC+RWR,A7_coincidental,small,7,SRC_STOCK_3_PRICE,REPORT_DASHBOARD,20,0,0,0,0.05,1.0,3.2911300659179688,8
AnomalyOnly,A7_coincidental,small,7,SRC_STOCK_3_PRICE,REPORT_DASHBOARD,3,0,1,1,0.3333333333333333,0.8,0.006198883056640625,1
APA-RCA,A7_coincidental,small,7,SRC_STOCK_3_PRICE,REPORT_DASHBOARD,2,0,1,1,0.5,0.8,0.42319297790527344,9
APA-RCA-v2,A7_coincidental,small,7,SRC_STOCK_3_PRICE,REPORT_DASHBOARD,1,1,1,1,1.0,0.8,0.4558563232421875,9
APA-RCA-v3,A7_coincidental,small,7,SRC_STOCK_3_PRICE,REPORT_DASHBOARD,1,1,1,1,1.0,0.8,0.4150867462158203,9
Schema-Constraint,A7_coincidental,small,7,SRC_STOCK_3_PRICE,REPORT_DASHBOARD,3,0,1,1,0.3333333333333333,0.8,0.0,0
BFS,A7_coincidental,small,8,SRC_STOCK_3_PRICE,REPORT_LIMIT,26,0,0,0,0.038461538461538464,1.0,0.3612041473388672,7
Vanilla-RWR,A7_coincidental,small,8,SRC_STOCK_3_PRICE,REPORT_LIMIT,21,0,0,0,0.047619047619047616,1.0,0.41794776916503906,9
Structural-RWR,A7_coincidental,small,8,SRC_STOCK_3_PRICE,REPORT_LIMIT,19,0,0,0,0.05263157894736842,1.0,0.438690185546875,8
PC+RWR,A7_coincidental,small,8,SRC_STOCK_3_PRICE,REPORT_LIMIT,19,0,0,0,0.05263157894736842,1.0,3.2541751861572266,8
AnomalyOnly,A7_coincidental,small,8,SRC_STOCK_3_PRICE,REPORT_LIMIT,2,0,1,1,0.5,0.8,0.0059604644775390625,1
APA-RCA,A7_coincidental,small,8,SRC_STOCK_3_PRICE,REPORT_LIMIT,5,0,0,1,0.2,0.8,0.42819976806640625,9
APA-RCA-v2,A7_coincidental,small,8,SRC_STOCK_3_PRICE,REPORT_LIMIT,1,1,1,1,1.0,0.8,0.4591941833496094,9
APA-RCA-v3,A7_coincidental,small,8,SRC_STOCK_3_PRICE,REPORT_LIMIT,1,1,1,1,1.0,0.8,0.4298686981201172,9
Schema-Constraint,A7_coincidental,small,8,SRC_STOCK_3_PRICE,REPORT_LIMIT,3,0,1,1,0.3333333333333333,0.8,0.0,0
BFS,A7_coincidental,small,9,SRC_STOCK_2_PRICE,REPORT_DASHBOARD,16,0,0,0,0.0625,1.0,0.3552436828613281,6
Vanilla-RWR,A7_coincidental,small,9,SRC_STOCK_2_PRICE,REPORT_DASHBOARD,14,0,0,0,0.07142857142857142,1.0,0.42319297790527344,9
Structural-RWR,A7_coincidental,small,9,SRC_STOCK_2_PRICE,REPORT_DASHBOARD,20,0,0,0,0.05,1.0,0.42819976806640625,8
PC+RWR,A7_coincidental,small,9,SRC_STOCK_2_PRICE,REPORT_DASHBOARD,20,0,0,0,0.05,1.0,3.237009048461914,8
AnomalyOnly,A7_coincidental,small,9,SRC_STOCK_2_PRICE,REPORT_DASHBOARD,5,0,0,1,0.2,0.8,0.005245208740234375,1
APA-RCA,A7_coincidental,small,9,SRC_STOCK_2_PRICE,REPORT_DASHBOARD,3,0,1,1,0.3333333333333333,0.8,0.4248619079589844,9
APA-RCA-v2,A7_coincidental,small,9,SRC_STOCK_2_PRICE,REPORT_DASHBOARD,1,1,1,1,1.0,0.8,0.6818771362304688,9
APA-RCA-v3,A7_coincidental,small,9,SRC_STOCK_2_PRICE,REPORT_DASHBOARD,1,1,1,1,1.0,0.8,0.39386749267578125,9
Schema-Constraint,A7_coincidental,small,9,SRC_STOCK_2_PRICE,REPORT_DASHBOARD,2,0,1,1,0.5,0.8,0.0,0
BFS,A7_coincidental,small,10,SRC_STOCK_3_PRICE,REPORT_LIMIT,26,0,0,0,0.038461538461538464,1.0,0.3693103790283203,7
Vanilla-RWR,A7_coincidental,small,10,SRC_STOCK_3_PRICE,REPORT_LIMIT,21,0,0,0,0.047619047619047616,1.0,0.4200935363769531,9
Structural-RWR,A7_coincidental,small,10,SRC_STOCK_3_PRICE,REPORT_LIMIT,17,0,0,0,0.058823529411764705,1.0,0.4379749298095703,8
PC+RWR,A7_coincidental,small,10,SRC_STOCK_3_PRICE,REPORT_LIMIT,17,0,0,0,0.058823529411764705,1.0,3.2758712768554688,8
AnomalyOnly,A7_coincidental,small,10,SRC_STOCK_3_PRICE,REPORT_LIMIT,3,0,1,1,0.3333333333333333,0.8,0.006198883056640625,1
APA-RCA,A7_coincidental,small,10,SRC_STOCK_3_PRICE,REPORT_LIMIT,5,0,0,1,0.2,0.8,0.4260540008544922,9
APA-RCA-v2,A7_coincidental,small,10,SRC_STOCK_3_PRICE,REPORT_LIMIT,1,1,1,1,1.0,0.8,0.4572868347167969,9
APA-RCA-v3,A7_coincidental,small,10,SRC_STOCK_3_PRICE,REPORT_LIMIT,1,1,1,1,1.0,0.8,0.4119873046875,9
Schema-Constraint,A7_coincidental,small,10,SRC_STOCK_3_PRICE,REPORT_LIMIT,3,0,1,1,0.3333333333333333,0.8,0.0,0
BFS,A7_coincidental,small,11,SRC_STOCK_1_PRICE,REPORT_LIMIT,26,0,0,0,0.038461538461538464,1.0,0.3757476806640625,7
Vanilla-RWR,A7_coincidental,small,11,SRC_STOCK_1_PRICE,REPORT_LIMIT,19,0,0,0,0.05263157894736842,1.0,0.4239082336425781,9
Structural-RWR,A7_coincidental,small,11,SRC_STOCK_1_PRICE,REPORT_LIMIT,18,0,0,0,0.05555555555555555,1.0,0.43082237243652344,8
PC+RWR,A7_coincidental,small,11,SRC_STOCK_1_PRICE,REPORT_LIMIT,18,0,0,0,0.05555555555555555,1.0,3.267049789428711,8
AnomalyOnly,A7_coincidental,small,11,SRC_STOCK_1_PRICE,REPORT_LIMIT,1,1,1,1,1.0,0.8,0.0059604644775390625,1
APA-RCA,A7_coincidental,small,11,SRC_STOCK_1_PRICE,REPORT_LIMIT,4,0,0,1,0.25,0.8,0.4360675811767578,9
APA-RCA-v2,A7_coincidental,small,11,SRC_STOCK_1_PRICE,REPORT_LIMIT,1,1,1,1,1.0,0.8,0.45800209045410156,9
APA-RCA-v3,A7_coincidental,small,11,SRC_STOCK_1_PRICE,REPORT_LIMIT,1,1,1,1,1.0,0.8,0.4191398620605469,9
Schema-Constraint,A7_coincidental,small,11,SRC_STOCK_1_PRICE,REPORT_LIMIT,1,1,1,1,1.0,0.8,0.0,0
BFS,A7_coincidental,small,12,SRC_STOCK_2_PRICE,REPORT_LIMIT,26,0,0,0,0.038461538461538464,1.0,0.3840923309326172,7
Vanilla-RWR,A7_coincidental,small,12,SRC_STOCK_2_PRICE,REPORT_LIMIT,20,0,0,0,0.05,1.0,0.4200935363769531,9
Structural-RWR,A7_coincidental,small,12,SRC_STOCK_2_PRICE,REPORT_LIMIT,17,0,0,0,0.058823529411764705,1.0,0.45108795166015625,8
PC+RWR,A7_coincidental,small,12,SRC_STOCK_2_PRICE,REPORT_LIMIT,17,0,0,0,0.058823529411764705,1.0,3.2219886779785156,8
AnomalyOnly,A7_coincidental,small,12,SRC_STOCK_2_PRICE,REPORT_LIMIT,2,0,1,1,0.5,0.8,0.0057220458984375,1
APA-RCA,A7_coincidental,small,12,SRC_STOCK_2_PRICE,REPORT_LIMIT,5,0,0,1,0.2,0.8,0.4248619079589844,9
APA-RCA-v2,A7_coincidental,small,12,SRC_STOCK_2_PRICE,REPORT_LIMIT,1,1,1,1,1.0,0.8,0.4611015319824219,9
APA-RCA-v3,A7_coincidental,small,12,SRC_STOCK_2_PRICE,REPORT_LIMIT,1,1,1,1,1.0,0.8,0.41294097900390625,9
Schema-Constraint,A7_coincidental,small,12,SRC_STOCK_2_PRICE,REPORT_LIMIT,2,0,1,1,0.5,0.8,0.0,0
BFS,A7_coincidental,small,13,SRC_STOCK_3_PRICE,REPORT_LIMIT,26,0,0,0,0.038461538461538464,1.0,0.36597251892089844,7
Vanilla-RWR,A7_coincidental,small,13,SRC_STOCK_3_PRICE,REPORT_LIMIT,21,0,0,0,0.047619047619047616,1.0,0.415802001953125,9
Structural-RWR,A7_coincidental,small,13,SRC_STOCK_3_PRICE,REPORT_LIMIT,19,0,0,0,0.05263157894736842,1.0,0.43392181396484375,8
PC+RWR,A7_coincidental,small,13,SRC_STOCK_3_PRICE,REPORT_LIMIT,19,0,0,0,0.05263157894736842,1.0,3.227710723876953,8
AnomalyOnly,A7_coincidental,small,13,SRC_STOCK_3_PRICE,REPORT_LIMIT,1,1,1,1,1.0,0.8,0.006198883056640625,1
APA-RCA,A7_coincidental,small,13,SRC_STOCK_3_PRICE,REPORT_LIMIT,6,0,0,0,0.16666666666666666,1.0,0.4210472106933594,9
APA-RCA-v2,A7_coincidental,small,13,SRC_STOCK_3_PRICE,REPORT_LIMIT,1,1,1,1,1.0,0.8,0.45800209045410156,9
APA-RCA-v3,A7_coincidental,small,13,SRC_STOCK_3_PRICE,REPORT_LIMIT,1,1,1,1,1.0,0.8,0.41604042053222656,9
Schema-Constraint,A7_coincidental,small,13,SRC_STOCK_3_PRICE,REPORT_LIMIT,3,0,1,1,0.3333333333333333,0.8,0.0,0
BFS,A7_coincidental,small,14,SRC_STOCK_1_PRICE,REPORT_LIMIT,26,0,0,0,0.038461538461538464,1.0,0.3800392150878906,7
Vanilla-RWR,A7_coincidental,small,14,SRC_STOCK_1_PRICE,REPORT_LIMIT,19,0,0,0,0.05263157894736842,1.0,0.4191398620605469,9
Structural-RWR,A7_coincidental,small,14,SRC_STOCK_1_PRICE,REPORT_LIMIT,20,0,0,0,0.05,1.0,0.7271766662597656,8
PC+RWR,A7_coincidental,small,14,SRC_STOCK_1_PRICE,REPORT_LIMIT,20,0,0,0,0.05,1.0,3.1807422637939453,8
AnomalyOnly,A7_coincidental,small,14,SRC_STOCK_1_PRICE,REPORT_LIMIT,1,1,1,1,1.0,0.8,0.005245208740234375,1
APA-RCA,A7_coincidental,small,14,SRC_STOCK_1_PRICE,REPORT_LIMIT,7,0,0,0,0.14285714285714285,1.0,0.42438507080078125,9
APA-RCA-v2,A7_coincidental,small,14,SRC_STOCK_1_PRICE,REPORT_LIMIT,1,1,1,1,1.0,0.8,0.4558563232421875,9
APA-RCA-v3,A7_coincidental,small,14,SRC_STOCK_1_PRICE,REPORT_LIMIT,1,1,1,1,1.0,0.8,0.4153251647949219,9
Schema-Constraint,A7_coincidental,small,14,SRC_STOCK_1_PRICE,REPORT_LIMIT,1,1,1,1,1.0,0.8,0.0,0
BFS,A7_coincidental,small,15,SRC_STOCK_3_PRICE,REPORT_DASHBOARD,16,0,0,0,0.0625,1.0,0.3981590270996094,6
Vanilla-RWR,A7_coincidental,small,15,SRC_STOCK_3_PRICE,REPORT_DASHBOARD,15,0,0,0,0.06666666666666667,1.0,0.39696693420410156,9
Structural-RWR,A7_coincidental,small,15,SRC_STOCK_3_PRICE,REPORT_DASHBOARD,18,0,0,0,0.05555555555555555,1.0,0.4119873046875,8
PC+RWR,A7_coincidental,small,15,SRC_STOCK_3_PRICE,REPORT_DASHBOARD,18,0,0,0,0.05555555555555555,1.0,3.259897232055664,8
AnomalyOnly,A7_coincidental,small,15,SRC_STOCK_3_PRICE,REPORT_DASHBOARD,4,0,0,1,0.25,0.8,0.005245208740234375,1
APA-RCA,A7_coincidental,small,15,SRC_STOCK_3_PRICE,REPORT_DASHBOARD,2,0,1,1,0.5,0.8,0.4200935363769531,9
APA-RCA-v2,A7_coincidental,small,15,SRC_STOCK_3_PRICE,REPORT_DASHBOARD,1,1,1,1,1.0,0.8,0.4489421844482422,9
APA-RCA-v3,A7_coincidental,small,15,SRC_STOCK_3_PRICE,REPORT_DASHBOARD,1,1,1,1,1.0,0.8,0.40793418884277344,9
Schema-Constraint,A7_coincidental,small,15,SRC_STOCK_3_PRICE,REPORT_DASHBOARD,3,0,1,1,0.3333333333333333,0.8,0.0,0
BFS,A7_coincidental,small,16,SRC_STOCK_2_PRICE,REPORT_LIMIT,26,0,0,0,0.038461538461538464,1.0,0.35881996154785156,7
Vanilla-RWR,A7_coincidental,small,16,SRC_STOCK_2_PRICE,REPORT_LIMIT,20,0,0,0,0.05,1.0,0.39005279541015625,9
Structural-RWR,A7_coincidental,small,16,SRC_STOCK_2_PRICE,REPORT_LIMIT,17,0,0,0,0.058823529411764705,1.0,0.42700767517089844,8
PC+RWR,A7_coincidental,small,16,SRC_STOCK_2_PRICE,REPORT_LIMIT,17,0,0,0,0.058823529411764705,1.0,3.262042999267578,8
AnomalyOnly,A7_coincidental,small,16,SRC_STOCK_2_PRICE,REPORT_LIMIT,1,1,1,1,1.0,0.8,0.00476837158203125,1
APA-RCA,A7_coincidental,small,16,SRC_STOCK_2_PRICE,REPORT_LIMIT,4,0,0,1,0.25,0.8,0.392913818359375,9
APA-RCA-v2,A7_coincidental,small,16,SRC_STOCK_2_PRICE,REPORT_LIMIT,1,1,1,1,1.0,0.8,0.4451274871826172,9
APA-RCA-v3,A7_coincidental,small,16,SRC_STOCK_2_PRICE,REPORT_LIMIT,1,1,1,1,1.0,0.8,0.4112720489501953,9
Schema-Constraint,A7_coincidental,small,16,SRC_STOCK_2_PRICE,REPORT_LIMIT,2,0,1,1,0.5,0.8,0.0,0
BFS,A7_coincidental,small,17,SRC_STOCK_3_PRICE,REPORT_LIMIT,26,0,0,0,0.038461538461538464,1.0,0.3879070281982422,7
Vanilla-RWR,A7_coincidental,small,17,SRC_STOCK_3_PRICE,REPORT_LIMIT,21,0,0,0,0.047619047619047616,1.0,0.4448890686035156,9
Structural-RWR,A7_coincidental,small,17,SRC_STOCK_3_PRICE,REPORT_LIMIT,19,0,0,0,0.05263157894736842,1.0,0.4432201385498047,8
PC+RWR,A7_coincidental,small,17,SRC_STOCK_3_PRICE,REPORT_LIMIT,19,0,0,0,0.05263157894736842,1.0,3.6110877990722656,8
AnomalyOnly,A7_coincidental,small,17,SRC_STOCK_3_PRICE,REPORT_LIMIT,2,0,1,1,0.5,0.8,0.0050067901611328125,1
APA-RCA,A7_coincidental,small,17,SRC_STOCK_3_PRICE,REPORT_LIMIT,5,0,0,1,0.2,0.8,0.42819976806640625,9
APA-RCA-v2,A7_coincidental,small,17,SRC_STOCK_3_PRICE,REPORT_LIMIT,1,1,1,1,1.0,0.8,0.4620552062988281,9
APA-RCA-v3,A7_coincidental,small,17,SRC_STOCK_3_PRICE,REPORT_LIMIT,1,1,1,1,1.0,0.8,0.41604042053222656,9
Schema-Constraint,A7_coincidental,small,17,SRC_STOCK_3_PRICE,REPORT_LIMIT,3,0,1,1,0.3333333333333333,0.8,0.0,0
BFS,A7_coincidental,small,18,SRC_STOCK_3_PRICE,REPORT_DASHBOARD,16,0,0,0,0.0625,1.0,0.4029273986816406,6
Vanilla-RWR,A7_coincidental,small,18,SRC_STOCK_3_PRICE,REPORT_DASHBOARD,15,0,0,0,0.06666666666666667,1.0,0.4298686981201172,9
Structural-RWR,A7_coincidental,small,18,SRC_STOCK_3_PRICE,REPORT_DASHBOARD,17,0,0,0,0.058823529411764705,1.0,0.43082237243652344,8
PC+RWR,A7_coincidental,small,18,SRC_STOCK_3_PRICE,REPORT_DASHBOARD,17,0,0,0,0.058823529411764705,1.0,3.3538341522216797,8
AnomalyOnly,A7_coincidental,small,18,SRC_STOCK_3_PRICE,REPORT_DASHBOARD,4,0,0,1,0.25,0.8,0.0059604644775390625,1
APA-RCA,A7_coincidental,small,18,SRC_STOCK_3_PRICE,REPORT_DASHBOARD,2,0,1,1,0.5,0.8,0.431060791015625,9
APA-RCA-v2,A7_coincidental,small,18,SRC_STOCK_3_PRICE,REPORT_DASHBOARD,1,1,1,1,1.0,0.8,0.45418739318847656,9
APA-RCA-v3,A7_coincidental,small,18,SRC_STOCK_3_PRICE,REPORT_DASHBOARD,1,1,1,1,1.0,0.8,0.4200935363769531,9
Schema-Constraint,A7_coincidental,small,18,SRC_STOCK_3_PRICE,REPORT_DASHBOARD,3,0,1,1,0.3333333333333333,0.8,0.0,0
BFS,A7_coincidental,small,19,SRC_STOCK_2_PRICE,REPORT_DASHBOARD,16,0,0,0,0.0625,1.0,0.6818771362304688,6
Vanilla-RWR,A7_coincidental,small,19,SRC_STOCK_2_PRICE,REPORT_DASHBOARD,14,0,0,0,0.07142857142857142,1.0,0.42700767517089844,9
Structural-RWR,A7_coincidental,small,19,SRC_STOCK_2_PRICE,REPORT_DASHBOARD,22,0,0,0,0.045454545454545456,1.0,0.4360675811767578,8
PC+RWR,A7_coincidental,small,19,SRC_STOCK_2_PRICE,REPORT_DASHBOARD,22,0,0,0,0.045454545454545456,1.0,3.298044204711914,8
AnomalyOnly,A7_coincidental,small,19,SRC_STOCK_2_PRICE,REPORT_DASHBOARD,3,0,1,1,0.3333333333333333,0.8,0.0057220458984375,1
APA-RCA,A7_coincidental,small,19,SRC_STOCK_2_PRICE,REPORT_DASHBOARD,2,0,1,1,0.5,0.8,0.4220008850097656,9
APA-RCA-v2,A7_coincidental,small,19,SRC_STOCK_2_PRICE,REPORT_DASHBOARD,1,1,1,1,1.0,0.8,0.45490264892578125,9
APA-RCA-v3,A7_coincidental,small,19,SRC_STOCK_2_PRICE,REPORT_DASHBOARD,1,1,1,1,1.0,0.8,0.41604042053222656,9
Schema-Constraint,A7_coincidental,small,19,SRC_STOCK_2_PRICE,REPORT_DASHBOARD,2,0,1,1,0.5,0.8,0.0,0
BFS,A7_coincidental,small,20,SRC_STOCK_3_PRICE,REPORT_LIMIT,26,0,0,0,0.038461538461538464,1.0,0.39696693420410156,7
Vanilla-RWR,A7_coincidental,small,20,SRC_STOCK_3_PRICE,REPORT_LIMIT,21,0,0,0,0.047619047619047616,1.0,0.42700767517089844,9
Structural-RWR,A7_coincidental,small,20,SRC_STOCK_3_PRICE,REPORT_LIMIT,18,0,0,0,0.05555555555555555,1.0,0.4398822784423828,8
PC+RWR,A7_coincidental,small,20,SRC_STOCK_3_PRICE,REPORT_LIMIT,18,0,0,0,0.05555555555555555,1.0,3.3130645751953125,8
AnomalyOnly,A7_coincidental,small,20,SRC_STOCK_3_PRICE,REPORT_LIMIT,3,0,1,1,0.3333333333333333,0.8,0.0057220458984375,1
APA-RCA,A7_coincidental,small,20,SRC_STOCK_3_PRICE,REPORT_LIMIT,4,0,0,1,0.25,0.8,0.4258155822753906,9
APA-RCA-v2,A7_coincidental,small,20,SRC_STOCK_3_PRICE,REPORT_LIMIT,1,1,1,1,1.0,0.8,0.46181678771972656,9
APA-RCA-v3,A7_coincidental,small,20,SRC_STOCK_3_PRICE,REPORT_LIMIT,1,1,1,1,1.0,0.8,0.4169940948486328,9
Schema-Constraint,A7_coincidental,small,20,SRC_STOCK_3_PRICE,REPORT_LIMIT,3,0,1,1,0.3333333333333333,0.8,0.0,0
BFS,A7_coincidental,small,21,SRC_STOCK_1_PRICE,REPORT_DASHBOARD,16,0,0,0,0.0625,1.0,0.3859996795654297,6
Vanilla-RWR,A7_coincidental,small,21,SRC_STOCK_1_PRICE,REPORT_DASHBOARD,13,0,0,0,0.07692307692307693,1.0,0.43010711669921875,9
Structural-RWR,A7_coincidental,small,21,SRC_STOCK_1_PRICE,REPORT_DASHBOARD,22,0,0,0,0.045454545454545456,1.0,0.431060791015625,8
PC+RWR,A7_coincidental,small,21,SRC_STOCK_1_PRICE,REPORT_DASHBOARD,22,0,0,0,0.045454545454545456,1.0,3.27301025390625,8
AnomalyOnly,A7_coincidental,small,21,SRC_STOCK_1_PRICE,REPORT_DASHBOARD,3,0,1,1,0.3333333333333333,0.8,0.0059604644775390625,1
APA-RCA,A7_coincidental,small,21,SRC_STOCK_1_PRICE,REPORT_DASHBOARD,3,0,1,1,0.3333333333333333,0.8,0.4208087921142578,9
APA-RCA-v2,A7_coincidental,small,21,SRC_STOCK_1_PRICE,REPORT_DASHBOARD,1,1,1,1,1.0,0.8,0.6921291351318359,9
APA-RCA-v3,A7_coincidental,small,21,SRC_STOCK_1_PRICE,REPORT_DASHBOARD,1,1,1,1,1.0,0.8,0.4277229309082031,9
Schema-Constraint,A7_coincidental,small,21,SRC_STOCK_1_PRICE,REPORT_DASHBOARD,1,1,1,1,1.0,0.8,0.0,0
BFS,A7_coincidental,small,22,SRC_STOCK_3_PRICE,REPORT_LIMIT,26,0,0,0,0.038461538461538464,1.0,0.408172607421875,7
Vanilla-RWR,A7_coincidental,small,22,SRC_STOCK_3_PRICE,REPORT_LIMIT,21,0,0,0,0.047619047619047616,1.0,0.4241466522216797,9
Structural-RWR,A7_coincidental,small,22,SRC_STOCK_3_PRICE,REPORT_LIMIT,14,0,0,0,0.07142857142857142,1.0,0.43702125549316406,8
PC+RWR,A7_coincidental,small,22,SRC_STOCK_3_PRICE,REPORT_LIMIT,14,0,0,0,0.07142857142857142,1.0,3.3631324768066406,8
AnomalyOnly,A7_coincidental,small,22,SRC_STOCK_3_PRICE,REPORT_LIMIT,1,1,1,1,1.0,0.8,0.00476837158203125,1
APA-RCA,A7_coincidental,small,22,SRC_STOCK_3_PRICE,REPORT_LIMIT,6,0,0,0,0.16666666666666666,1.0,0.4279613494873047,9
APA-RCA-v2,A7_coincidental,small,22,SRC_STOCK_3_PRICE,REPORT_LIMIT,1,1,1,1,1.0,0.8,0.4570484161376953,9
APA-RCA-v3,A7_coincidental,small,22,SRC_STOCK_3_PRICE,REPORT_LIMIT,1,1,1,1,1.0,0.8,0.4143714904785156,9
Schema-Constraint,A7_coincidental,small,22,SRC_STOCK_3_PRICE,REPORT_LIMIT,3,0,1,1,0.3333333333333333,0.8,0.0,0
BFS,A7_coincidental,small,23,SRC_STOCK_1_PRICE,REPORT_DASHBOARD,16,0,0,0,0.0625,1.0,0.40984153747558594,6
Vanilla-RWR,A7_coincidental,small,23,SRC_STOCK_1_PRICE,REPORT_DASHBOARD,13,0,0,0,0.07692307692307693,1.0,0.4239082336425781,9
Structural-RWR,A7_coincidental,small,23,SRC_STOCK_1_PRICE,REPORT_DASHBOARD,19,0,0,0,0.05263157894736842,1.0,0.4367828369140625,8
PC+RWR,A7_coincidental,small,23,SRC_STOCK_1_PRICE,REPORT_DASHBOARD,19,0,0,0,0.05263157894736842,1.0,3.3979415893554688,8
AnomalyOnly,A7_coincidental,small,23,SRC_STOCK_1_PRICE,REPORT_DASHBOARD,2,0,1,1,0.5,0.8,0.0057220458984375,1
APA-RCA,A7_coincidental,small,23,SRC_STOCK_1_PRICE,REPORT_DASHBOARD,2,0,1,1,0.5,0.8,0.43129920959472656,9
APA-RCA-v2,A7_coincidental,small,23,SRC_STOCK_1_PRICE,REPORT_DASHBOARD,1,1,1,1,1.0,0.8,0.4820823669433594,9
APA-RCA-v3,A7_coincidental,small,23,SRC_STOCK_1_PRICE,REPORT_DASHBOARD,1,1,1,1,1.0,0.8,0.41866302490234375,9
Schema-Constraint,A7_coincidental,small,23,SRC_STOCK_1_PRICE,REPORT_DASHBOARD,1,1,1,1,1.0,0.8,0.0,0
BFS,A7_coincidental,small,24,SRC_STOCK_2_PRICE,REPORT_DASHBOARD,16,0,0,0,0.0625,1.0,0.40793418884277344,6
Vanilla-RWR,A7_coincidental,small,24,SRC_STOCK_2_PRICE,REPORT_DASHBOARD,14,0,0,0,0.07142857142857142,1.0,0.4229545593261719,9
Structural-RWR,A7_coincidental,small,24,SRC_STOCK_2_PRICE,REPORT_DASHBOARD,20,0,0,0,0.05,1.0,0.4401206970214844,8
PC+RWR,A7_coincidental,small,24,SRC_STOCK_2_PRICE,REPORT_DASHBOARD,20,0,0,0,0.05,1.0,3.322124481201172,8
AnomalyOnly,A7_coincidental,small,24,SRC_STOCK_2_PRICE,REPORT_DASHBOARD,4,0,0,1,0.25,0.8,0.006198883056640625,1
APA-RCA,A7_coincidental,small,24,SRC_STOCK_2_PRICE,REPORT_DASHBOARD,2,0,1,1,0.5,0.8,0.4200935363769531,9
APA-RCA-v2,A7_coincidental,small,24,SRC_STOCK_2_PRICE,REPORT_DASHBOARD,1,1,1,1,1.0,0.8,0.45609474182128906,9
APA-RCA-v3,A7_coincidental,small,24,SRC_STOCK_2_PRICE,REPORT_DASHBOARD,1,1,1,1,1.0,0.8,0.41413307189941406,9
Schema-Constraint,A7_coincidental,small,24,SRC_STOCK_2_PRICE,REPORT_DASHBOARD,2,0,1,1,0.5,0.8,0.0,0
BFS,A7_coincidental,small,25,SRC_STOCK_2_PRICE,REPORT_STRESS,11,0,0,0,0.09090909090909091,1.0,0.42819976806640625,6
Vanilla-RWR,A7_coincidental,small,25,SRC_STOCK_2_PRICE,REPORT_STRESS,12,0,0,0,0.08333333333333333,1.0,0.4572868347167969,9
Structural-RWR,A7_coincidental,small,25,SRC_STOCK_2_PRICE,REPORT_STRESS,23,0,0,0,0.043478260869565216,1.0,0.4820823669433594,8
PC+RWR,A7_coincidental,small,25,SRC_STOCK_2_PRICE,REPORT_STRESS,23,0,0,0,0.043478260869565216,1.0,3.5588741302490234,8
AnomalyOnly,A7_coincidental,small,25,SRC_STOCK_2_PRICE,REPORT_STRESS,3,0,1,1,0.3333333333333333,0.8,0.00476837158203125,1
APA-RCA,A7_coincidental,small,25,SRC_STOCK_2_PRICE,REPORT_STRESS,1,1,1,1,1.0,0.8,0.45800209045410156,9
APA-RCA-v2,A7_coincidental,small,25,SRC_STOCK_2_PRICE,REPORT_STRESS,1,1,1,1,1.0,0.8,0.4990100860595703,9
APA-RCA-v3,A7_coincidental,small,25,SRC_STOCK_2_PRICE,REPORT_STRESS,1,1,1,1,1.0,0.8,0.42819976806640625,9
Schema-Constraint,A7_coincidental,small,25,SRC_STOCK_2_PRICE,REPORT_STRESS,2,0,1,1,0.5,0.8,0.0,0
BFS,A7_coincidental,small,26,SRC_STOCK_3_PRICE,REPORT_LIMIT,26,0,0,0,0.038461538461538464,1.0,0.4470348358154297,7
Vanilla-RWR,A7_coincidental,small,26,SRC_STOCK_3_PRICE,REPORT_LIMIT,21,0,0,0,0.047619047619047616,1.0,0.45800209045410156,9
Structural-RWR,A7_coincidental,small,26,SRC_STOCK_3_PRICE,REPORT_LIMIT,19,0,0,0,0.05263157894736842,1.0,0.8008480072021484,8
PC+RWR,A7_coincidental,small,26,SRC_STOCK_3_PRICE,REPORT_LIMIT,19,0,0,0,0.05263157894736842,1.0,3.3740997314453125,8
AnomalyOnly,A7_coincidental,small,26,SRC_STOCK_3_PRICE,REPORT_LIMIT,2,0,1,1,0.5,0.8,0.006198883056640625,1
APA-RCA,A7_coincidental,small,26,SRC_STOCK_3_PRICE,REPORT_LIMIT,3,0,1,1,0.3333333333333333,0.8,0.4341602325439453,9
APA-RCA-v2,A7_coincidental,small,26,SRC_STOCK_3_PRICE,REPORT_LIMIT,1,1,1,1,1.0,0.8,0.4591941833496094,9
APA-RCA-v3,A7_coincidental,small,26,SRC_STOCK_3_PRICE,REPORT_LIMIT,1,1,1,1,1.0,0.8,0.42176246643066406,9
Schema-Constraint,A7_coincidental,small,26,SRC_STOCK_3_PRICE,REPORT_LIMIT,3,0,1,1,0.3333333333333333,0.8,0.0,0
BFS,A7_coincidental,small,27,SRC_STOCK_1_PRICE,REPORT_LIMIT,26,0,0,0,0.038461538461538464,1.0,0.4169940948486328,7
Vanilla-RWR,A7_coincidental,small,27,SRC_STOCK_1_PRICE,REPORT_LIMIT,19,0,0,0,0.05263157894736842,1.0,0.4100799560546875,9
Structural-RWR,A7_coincidental,small,27,SRC_STOCK_1_PRICE,REPORT_LIMIT,17,0,0,0,0.058823529411764705,1.0,0.4658699035644531,8
PC+RWR,A7_coincidental,small,27,SRC_STOCK_1_PRICE,REPORT_LIMIT,17,0,0,0,0.058823529411764705,1.0,4.203081130981445,8
AnomalyOnly,A7_coincidental,small,27,SRC_STOCK_1_PRICE,REPORT_LIMIT,1,1,1,1,1.0,0.8,0.0069141387939453125,1
APA-RCA,A7_coincidental,small,27,SRC_STOCK_1_PRICE,REPORT_LIMIT,3,0,1,1,0.3333333333333333,0.8,0.4420280456542969,9
APA-RCA-v2,A7_coincidental,small,27,SRC_STOCK_1_PRICE,REPORT_LIMIT,1,1,1,1,1.0,0.8,0.4780292510986328,9
APA-RCA-v3,A7_coincidental,small,27,SRC_STOCK_1_PRICE,REPORT_LIMIT,1,1,1,1,1.0,0.8,0.4220008850097656,9
Schema-Constraint,A7_coincidental,small,27,SRC_STOCK_1_PRICE,REPORT_LIMIT,1,1,1,1,1.0,0.8,0.0,0
BFS,A7_coincidental,small,28,SRC_STOCK_2_PRICE,REPORT_DASHBOARD,16,0,0,0,0.0625,1.0,0.4189014434814453,6
Vanilla-RWR,A7_coincidental,small,28,SRC_STOCK_2_PRICE,REPORT_DASHBOARD,14,0,0,0,0.07142857142857142,1.0,0.4379749298095703,9
Structural-RWR,A7_coincidental,small,28,SRC_STOCK_2_PRICE,REPORT_DASHBOARD,19,0,0,0,0.05263157894736842,1.0,0.44798851013183594,8
PC+RWR,A7_coincidental,small,28,SRC_STOCK_2_PRICE,REPORT_DASHBOARD,19,0,0,0,0.05263157894736842,1.0,3.621816635131836,8
AnomalyOnly,A7_coincidental,small,28,SRC_STOCK_2_PRICE,REPORT_DASHBOARD,3,0,1,1,0.3333333333333333,0.8,0.0059604644775390625,1
APA-RCA,A7_coincidental,small,28,SRC_STOCK_2_PRICE,REPORT_DASHBOARD,2,0,1,1,0.5,0.8,0.4611015319824219,9
APA-RCA-v2,A7_coincidental,small,28,SRC_STOCK_2_PRICE,REPORT_DASHBOARD,1,1,1,1,1.0,0.8,0.48470497131347656,9
APA-RCA-v3,A7_coincidental,small,28,SRC_STOCK_2_PRICE,REPORT_DASHBOARD,1,1,1,1,1.0,0.8,0.4470348358154297,9
Schema-Constraint,A7_coincidental,small,28,SRC_STOCK_2_PRICE,REPORT_DASHBOARD,2,0,1,1,0.5,0.8,0.0,0
BFS,A7_coincidental,small,29,SRC_STOCK_3_PRICE,REPORT_LIMIT,26,0,0,0,0.038461538461538464,1.0,0.4229545593261719,7
Vanilla-RWR,A7_coincidental,small,29,SRC_STOCK_3_PRICE,REPORT_LIMIT,21,0,0,0,0.047619047619047616,1.0,0.45013427734375,9
Structural-RWR,A7_coincidental,small,29,SRC_STOCK_3_PRICE,REPORT_LIMIT,19,0,0,0,0.05263157894736842,1.0,0.4642009735107422,8
PC+RWR,A7_coincidental,small,29,SRC_STOCK_3_PRICE,REPORT_LIMIT,19,0,0,0,0.05263157894736842,1.0,3.465890884399414,8
AnomalyOnly,A7_coincidental,small,29,SRC_STOCK_3_PRICE,REPORT_LIMIT,3,0,1,1,0.3333333333333333,0.8,0.0057220458984375,1
APA-RCA,A7_coincidental,small,29,SRC_STOCK_3_PRICE,REPORT_LIMIT,5,0,0,1,0.2,0.8,0.4405975341796875,9
APA-RCA-v2,A7_coincidental,small,29,SRC_STOCK_3_PRICE,REPORT_LIMIT,1,1,1,1,1.0,0.8,0.47707557678222656,9
APA-RCA-v3,A7_coincidental,small,29,SRC_STOCK_3_PRICE,REPORT_LIMIT,1,1,1,1,1.0,0.8,0.4220008850097656,9
Schema-Constraint,A7_coincidental,small,29,SRC_STOCK_3_PRICE,REPORT_LIMIT,3,0,1,1,0.3333333333333333,0.8,0.0,0
BFS,A1_source_corruption,medium,0,SRC_STOCK_5_PRICE,REPORT_LIMIT,40,0,0,0,0.025,1.0,0.5729198455810547,7
Vanilla-RWR,A1_source_corruption,medium,0,SRC_STOCK_5_PRICE,REPORT_LIMIT,34,0,0,0,0.029411764705882353,1.0,0.6310939788818359,9
Structural-RWR,A1_source_corruption,medium,0,SRC_STOCK_5_PRICE,REPORT_LIMIT,21,0,0,0,0.047619047619047616,1.0,0.5931854248046875,8
PC+RWR,A1_source_corruption,medium,0,SRC_STOCK_5_PRICE,REPORT_LIMIT,21,0,0,0,0.047619047619047616,1.0,5.886077880859375,8
AnomalyOnly,A1_source_corruption,medium,0,SRC_STOCK_5_PRICE,REPORT_LIMIT,4,0,0,1,0.25,0.8,0.009059906005859375,1
APA-RCA,A1_source_corruption,medium,0,SRC_STOCK_5_PRICE,REPORT_LIMIT,3,0,1,1,0.3333333333333333,0.8,0.6232261657714844,9
APA-RCA-v2,A1_source_corruption,medium,0,SRC_STOCK_5_PRICE,REPORT_LIMIT,1,1,1,1,1.0,0.8,0.6699562072753906,9
APA-RCA-v3,A1_source_corruption,medium,0,SRC_STOCK_5_PRICE,REPORT_LIMIT,1,1,1,1,1.0,0.8,0.6449222564697266,9
Schema-Constraint,A1_source_corruption,medium,0,SRC_STOCK_5_PRICE,REPORT_LIMIT,5,0,0,1,0.2,0.8,0.0,0
BFS,A1_source_corruption,medium,1,SRC_STOCK_3_PRICE,REPORT_DASHBOARD,24,0,0,0,0.041666666666666664,1.0,0.5719661712646484,6
Vanilla-RWR,A1_source_corruption,medium,1,SRC_STOCK_3_PRICE,REPORT_DASHBOARD,21,0,0,0,0.047619047619047616,1.0,0.6337165832519531,9
Structural-RWR,A1_source_corruption,medium,1,SRC_STOCK_3_PRICE,REPORT_DASHBOARD,28,0,0,0,0.03571428571428571,1.0,0.6451606750488281,8
PC+RWR,A1_source_corruption,medium,1,SRC_STOCK_3_PRICE,REPORT_DASHBOARD,28,0,0,0,0.03571428571428571,1.0,5.864858627319336,8
AnomalyOnly,A1_source_corruption,medium,1,SRC_STOCK_3_PRICE,REPORT_DASHBOARD,3,0,1,1,0.3333333333333333,0.8,0.007867813110351562,1
APA-RCA,A1_source_corruption,medium,1,SRC_STOCK_3_PRICE,REPORT_DASHBOARD,2,0,1,1,0.5,0.8,0.6299018859863281,9
APA-RCA-v2,A1_source_corruption,medium,1,SRC_STOCK_3_PRICE,REPORT_DASHBOARD,1,1,1,1,1.0,0.8,0.6721019744873047,9
APA-RCA-v3,A1_source_corruption,medium,1,SRC_STOCK_3_PRICE,REPORT_DASHBOARD,1,1,1,1,1.0,0.8,0.6537437438964844,9
Schema-Constraint,A1_source_corruption,medium,1,SRC_STOCK_3_PRICE,REPORT_DASHBOARD,3,0,1,1,0.3333333333333333,0.8,0.0,0
BFS,A1_source_corruption,medium,2,SRC_STOCK_5_PRICE,REPORT_LIMIT,40,0,0,0,0.025,1.0,0.5629062652587891,7
Vanilla-RWR,A1_source_corruption,medium,2,SRC_STOCK_5_PRICE,REPORT_LIMIT,34,0,0,0,0.029411764705882353,1.0,0.6070137023925781,9
Structural-RWR,A1_source_corruption,medium,2,SRC_STOCK_5_PRICE,REPORT_LIMIT,18,0,0,0,0.05555555555555555,1.0,0.5810260772705078,8
PC+RWR,A1_source_corruption,medium,2,SRC_STOCK_5_PRICE,REPORT_LIMIT,18,0,0,0,0.05555555555555555,1.0,47.946929931640625,8
AnomalyOnly,A1_source_corruption,medium,2,SRC_STOCK_5_PRICE,REPORT_LIMIT,1,1,1,1,1.0,0.8,0.007867813110351562,1
APA-RCA,A1_source_corruption,medium,2,SRC_STOCK_5_PRICE,REPORT_LIMIT,3,0,1,1,0.3333333333333333,0.8,0.6239414215087891,9
APA-RCA-v2,A1_source_corruption,medium,2,SRC_STOCK_5_PRICE,REPORT_LIMIT,1,1,1,1,1.0,0.8,1.0919570922851562,9
APA-RCA-v3,A1_source_corruption,medium,2,SRC_STOCK_5_PRICE,REPORT_LIMIT,1,1,1,1,1.0,0.8,0.6377696990966797,9
Schema-Constraint,A1_source_corruption,medium,2,SRC_STOCK_5_PRICE,REPORT_LIMIT,5,0,0,1,0.2,0.8,0.0,0
BFS,A1_source_corruption,medium,3,SRC_STOCK_5_PRICE,REPORT_LIMIT,40,0,0,0,0.025,1.0,0.5550384521484375,7
Vanilla-RWR,A1_source_corruption,medium,3,SRC_STOCK_5_PRICE,REPORT_LIMIT,34,0,0,0,0.029411764705882353,1.0,0.6101131439208984,9
Structural-RWR,A1_source_corruption,medium,3,SRC_STOCK_5_PRICE,REPORT_LIMIT,18,0,0,0,0.05555555555555555,1.0,0.5629062652587891,8
PC+RWR,A1_source_corruption,medium,3,SRC_STOCK_5_PRICE,REPORT_LIMIT,18,0,0,0,0.05555555555555555,1.0,5.829811096191406,8
AnomalyOnly,A1_source_corruption,medium,3,SRC_STOCK_5_PRICE,REPORT_LIMIT,1,1,1,1,1.0,0.8,0.007867813110351562,1
APA-RCA,A1_source_corruption,medium,3,SRC_STOCK_5_PRICE,REPORT_LIMIT,2,0,1,1,0.5,0.8,0.6091594696044922,9
APA-RCA-v2,A1_source_corruption,medium,3,SRC_STOCK_5_PRICE,REPORT_LIMIT,1,1,1,1,1.0,0.8,0.6809234619140625,9
APA-RCA-v3,A1_source_corruption,medium,3,SRC_STOCK_5_PRICE,REPORT_LIMIT,1,1,1,1,1.0,0.8,0.6361007690429688,9
Schema-Constraint,A1_source_corruption,medium,3,SRC_STOCK_5_PRICE,REPORT_LIMIT,5,0,0,1,0.2,0.8,0.0,0
BFS,A1_source_corruption,medium,4,SRC_STOCK_4_PRICE,REPORT_LIMIT,40,0,0,0,0.025,1.0,0.5397796630859375,7
Vanilla-RWR,A1_source_corruption,medium,4,SRC_STOCK_4_PRICE,REPORT_LIMIT,33,0,0,0,0.030303030303030304,1.0,0.6260871887207031,9
Structural-RWR,A1_source_corruption,medium,4,SRC_STOCK_4_PRICE,REPORT_LIMIT,20,0,0,0,0.05,1.0,0.6289482116699219,8
PC+RWR,A1_source_corruption,medium,4,SRC_STOCK_4_PRICE,REPORT_LIMIT,20,0,0,0,0.05,1.0,5.810737609863281,8
AnomalyOnly,A1_source_corruption,medium,4,SRC_STOCK_4_PRICE,REPORT_LIMIT,1,1,1,1,1.0,0.8,0.007867813110351562,1
APA-RCA,A1_source_corruption,medium,4,SRC_STOCK_4_PRICE,REPORT_LIMIT,1,1,1,1,1.0,0.8,0.6062984466552734,9
APA-RCA-v2,A1_source_corruption,medium,4,SRC_STOCK_4_PRICE,REPORT_LIMIT,1,1,1,1,1.0,0.8,0.6463527679443359,9
APA-RCA-v3,A1_source_corruption,medium,4,SRC_STOCK_4_PRICE,REPORT_LIMIT,1,1,1,1,1.0,0.8,0.6339550018310547,9
Schema-Constraint,A1_source_corruption,medium,4,SRC_STOCK_4_PRICE,REPORT_LIMIT,4,0,0,1,0.25,0.8,0.0,0
BFS,A1_source_corruption,medium,5,SRC_STOCK_4_PRICE,REPORT_DASHBOARD,24,0,0,0,0.041666666666666664,1.0,0.5290508270263672,6
Vanilla-RWR,A1_source_corruption,medium,5,SRC_STOCK_4_PRICE,REPORT_DASHBOARD,22,0,0,0,0.045454545454545456,1.0,0.6041526794433594,9
Structural-RWR,A1_source_corruption,medium,5,SRC_STOCK_4_PRICE,REPORT_DASHBOARD,23,0,0,0,0.043478260869565216,1.0,0.6120204925537109,8
PC+RWR,A1_source_corruption,medium,5,SRC_STOCK_4_PRICE,REPORT_DASHBOARD,23,0,0,0,0.043478260869565216,1.0,6.0482025146484375,8
AnomalyOnly,A1_source_corruption,medium,5,SRC_STOCK_4_PRICE,REPORT_DASHBOARD,3,0,1,1,0.3333333333333333,0.8,0.008106231689453125,1
APA-RCA,A1_source_corruption,medium,5,SRC_STOCK_4_PRICE,REPORT_DASHBOARD,2,0,1,1,0.5,0.8,0.6029605865478516,9
APA-RCA-v2,A1_source_corruption,medium,5,SRC_STOCK_4_PRICE,REPORT_DASHBOARD,1,1,1,1,1.0,0.8,0.6399154663085938,9
APA-RCA-v3,A1_source_corruption,medium,5,SRC_STOCK_4_PRICE,REPORT_DASHBOARD,1,1,1,1,1.0,0.8,0.6551742553710938,9
Schema-Constraint,A1_source_corruption,medium,5,SRC_STOCK_4_PRICE,REPORT_DASHBOARD,4,0,0,1,0.25,0.8,0.0,0
BFS,A1_source_corruption,medium,6,SRC_STOCK_3_PRICE,REPORT_LIMIT,40,0,0,0,0.025,1.0,0.5202293395996094,7
Vanilla-RWR,A1_source_corruption,medium,6,SRC_STOCK_3_PRICE,REPORT_LIMIT,32,0,0,0,0.03125,1.0,0.6098747253417969,9
Structural-RWR,A1_source_corruption,medium,6,SRC_STOCK_3_PRICE,REPORT_LIMIT,21,0,0,0,0.047619047619047616,1.0,0.614166259765625,8
PC+RWR,A1_source_corruption,medium,6,SRC_STOCK_3_PRICE,REPORT_LIMIT,21,0,0,0,0.047619047619047616,1.0,7.176876068115234,8
AnomalyOnly,A1_source_corruption,medium,6,SRC_STOCK_3_PRICE,REPORT_LIMIT,2,0,1,1,0.5,0.8,0.008106231689453125,1
APA-RCA,A1_source_corruption,medium,6,SRC_STOCK_3_PRICE,REPORT_LIMIT,2,0,1,1,0.5,0.8,0.6151199340820312,9
APA-RCA-v2,A1_source_corruption,medium,6,SRC_STOCK_3_PRICE,REPORT_LIMIT,1,1,1,1,1.0,0.8,0.6520748138427734,9
APA-RCA-v3,A1_source_corruption,medium,6,SRC_STOCK_3_PRICE,REPORT_LIMIT,1,1,1,1,1.0,0.8,0.63323974609375,9
Schema-Constraint,A1_source_corruption,medium,6,SRC_STOCK_3_PRICE,REPORT_LIMIT,3,0,1,1,0.3333333333333333,0.8,0.0,0
BFS,A1_source_corruption,medium,7,SRC_STOCK_5_PRICE,REPORT_LIMIT,40,0,0,0,0.025,1.0,0.537872314453125,7
Vanilla-RWR,A1_source_corruption,medium,7,SRC_STOCK_5_PRICE,REPORT_LIMIT,34,0,0,0,0.029411764705882353,1.0,0.5929470062255859,9
Structural-RWR,A1_source_corruption,medium,7,SRC_STOCK_5_PRICE,REPORT_LIMIT,19,0,0,0,0.05263157894736842,1.0,0.5691051483154297,8
PC+RWR,A1_source_corruption,medium,7,SRC_STOCK_5_PRICE,REPORT_LIMIT,19,0,0,0,0.05263157894736842,1.0,5.68389892578125,8
AnomalyOnly,A1_source_corruption,medium,7,SRC_STOCK_5_PRICE,REPORT_LIMIT,1,1,1,1,1.0,0.8,0.007867813110351562,1
APA-RCA,A1_source_corruption,medium,7,SRC_STOCK_5_PRICE,REPORT_LIMIT,1,1,1,1,1.0,0.8,0.6151199340820312,9
APA-RCA-v2,A1_source_corruption,medium,7,SRC_STOCK_5_PRICE,REPORT_LIMIT,1,1,1,1,1.0,0.8,0.6511211395263672,9
APA-RCA-v3,A1_source_corruption,medium,7,SRC_STOCK_5_PRICE,REPORT_LIMIT,1,1,1,1,1.0,0.8,0.9877681732177734,9
Schema-Constraint,A1_source_corruption,medium,7,SRC_STOCK_5_PRICE,REPORT_LIMIT,5,0,0,1,0.2,0.8,0.0,0
BFS,A1_source_corruption,medium,8,SRC_STOCK_4_PRICE,REPORT_LIMIT,40,0,0,0,0.025,1.0,0.5698204040527344,7
Vanilla-RWR,A1_source_corruption,medium,8,SRC_STOCK_4_PRICE,REPORT_LIMIT,33,0,0,0,0.030303030303030304,1.0,0.6031990051269531,9
Structural-RWR,A1_source_corruption,medium,8,SRC_STOCK_4_PRICE,REPORT_LIMIT,19,0,0,0,0.05263157894736842,1.0,0.6089210510253906,8
PC+RWR,A1_source_corruption,medium,8,SRC_STOCK_4_PRICE,REPORT_LIMIT,19,0,0,0,0.05263157894736842,1.0,5.728960037231445,8
AnomalyOnly,A1_source_corruption,medium,8,SRC_STOCK_4_PRICE,REPORT_LIMIT,3,0,1,1,0.3333333333333333,0.8,0.008106231689453125,1
APA-RCA,A1_source_corruption,medium,8,SRC_STOCK_4_PRICE,REPORT_LIMIT,3,0,1,1,0.3333333333333333,0.8,0.6060600280761719,9
APA-RCA-v2,A1_source_corruption,medium,8,SRC_STOCK_4_PRICE,REPORT_LIMIT,1,1,1,1,1.0,0.8,0.6470680236816406,9
APA-RCA-v3,A1_source_corruption,medium,8,SRC_STOCK_4_PRICE,REPORT_LIMIT,1,1,1,1,1.0,0.8,0.6358623504638672,9
Schema-Constraint,A1_source_corruption,medium,8,SRC_STOCK_4_PRICE,REPORT_LIMIT,4,0,0,1,0.25,0.8,0.0,0
BFS,A1_source_corruption,medium,9,SRC_STOCK_3_PRICE,REPORT_LIMIT,40,0,0,0,0.025,1.0,0.8730888366699219,7
Vanilla-RWR,A1_source_corruption,medium,9,SRC_STOCK_3_PRICE,REPORT_LIMIT,32,0,0,0,0.03125,1.0,0.6048679351806641,9
Structural-RWR,A1_source_corruption,medium,9,SRC_STOCK_3_PRICE,REPORT_LIMIT,18,0,0,0,0.05555555555555555,1.0,0.6089210510253906,8
PC+RWR,A1_source_corruption,medium,9,SRC_STOCK_3_PRICE,REPORT_LIMIT,18,0,0,0,0.05555555555555555,1.0,5.685091018676758,8
AnomalyOnly,A1_source_corruption,medium,9,SRC_STOCK_3_PRICE,REPORT_LIMIT,3,0,1,1,0.3333333333333333,0.8,0.008344650268554688,1
APA-RCA,A1_source_corruption,medium,9,SRC_STOCK_3_PRICE,REPORT_LIMIT,3,0,1,1,0.3333333333333333,0.8,0.6101131439208984,9
APA-RCA-v2,A1_source_corruption,medium,9,SRC_STOCK_3_PRICE,REPORT_LIMIT,1,1,1,1,1.0,0.8,0.6470680236816406,9
APA-RCA-v3,A1_source_corruption,medium,9,SRC_STOCK_3_PRICE,REPORT_LIMIT,1,1,1,1,1.0,0.8,0.6320476531982422,9
Schema-Constraint,A1_source_corruption,medium,9,SRC_STOCK_3_PRICE,REPORT_LIMIT,3,0,1,1,0.3333333333333333,0.8,0.0,0
BFS,A1_source_corruption,medium,10,SRC_STOCK_4_PRICE,REPORT_LIMIT,40,0,0,0,0.025,1.0,0.5528926849365234,7
Vanilla-RWR,A1_source_corruption,medium,10,SRC_STOCK_4_PRICE,REPORT_LIMIT,33,0,0,0,0.030303030303030304,1.0,0.6051063537597656,9
Structural-RWR,A1_source_corruption,medium,10,SRC_STOCK_4_PRICE,REPORT_LIMIT,21,0,0,0,0.047619047619047616,1.0,0.6158351898193359,8
PC+RWR,A1_source_corruption,medium,10,SRC_STOCK_4_PRICE,REPORT_LIMIT,21,0,0,0,0.047619047619047616,1.0,5.685091018676758,8
AnomalyOnly,A1_source_corruption,medium,10,SRC_STOCK_4_PRICE,REPORT_LIMIT,1,1,1,1,1.0,0.8,0.0069141387939453125,1
APA-RCA,A1_source_corruption,medium,10,SRC_STOCK_4_PRICE,REPORT_LIMIT,1,1,1,1,1.0,0.8,0.6127357482910156,9
APA-RCA-v2,A1_source_corruption,medium,10,SRC_STOCK_4_PRICE,REPORT_LIMIT,1,1,1,1,1.0,0.8,0.6539821624755859,9
APA-RCA-v3,A1_source_corruption,medium,10,SRC_STOCK_4_PRICE,REPORT_LIMIT,1,1,1,1,1.0,0.8,0.6279945373535156,9
Schema-Constraint,A1_source_corruption,medium,10,SRC_STOCK_4_PRICE,REPORT_LIMIT,4,0,0,1,0.25,0.8,0.0,0
BFS,A1_source_corruption,medium,11,SRC_STOCK_1_PRICE,REPORT_LIMIT,40,0,0,0,0.025,1.0,0.5199909210205078,7
Vanilla-RWR,A1_source_corruption,medium,11,SRC_STOCK_1_PRICE,REPORT_LIMIT,30,0,0,0,0.03333333333333333,1.0,0.6270408630371094,9
Structural-RWR,A1_source_corruption,medium,11,SRC_STOCK_1_PRICE,REPORT_LIMIT,21,0,0,0,0.047619047619047616,1.0,0.5698204040527344,8
PC+RWR,A1_source_corruption,medium,11,SRC_STOCK_1_PRICE,REPORT_LIMIT,21,0,0,0,0.047619047619047616,1.0,5.602836608886719,8
AnomalyOnly,A1_source_corruption,medium,11,SRC_STOCK_1_PRICE,REPORT_LIMIT,3,0,1,1,0.3333333333333333,0.8,0.007867813110351562,1
APA-RCA,A1_source_corruption,medium,11,SRC_STOCK_1_PRICE,REPORT_LIMIT,3,0,1,1,0.3333333333333333,0.8,0.6086826324462891,9
APA-RCA-v2,A1_source_corruption,medium,11,SRC_STOCK_1_PRICE,REPORT_LIMIT,1,1,1,1,1.0,0.8,0.6508827209472656,9
APA-RCA-v3,A1_source_corruption,medium,11,SRC_STOCK_1_PRICE,REPORT_LIMIT,1,1,1,1,1.0,0.8,0.6330013275146484,9
Schema-Constraint,A1_source_corruption,medium,11,SRC_STOCK_1_PRICE,REPORT_LIMIT,1,1,1,1,1.0,0.8,0.0,0
BFS,A1_source_corruption,medium,12,SRC_STOCK_4_PRICE,REPORT_LIMIT,40,0,0,0,0.025,1.0,0.5381107330322266,7
Vanilla-RWR,A1_source_corruption,medium,12,SRC_STOCK_4_PRICE,REPORT_LIMIT,33,0,0,0,0.030303030303030304,1.0,0.6031990051269531,9
Structural-RWR,A1_source_corruption,medium,12,SRC_STOCK_4_PRICE,REPORT_LIMIT,23,0,0,0,0.043478260869565216,1.0,0.9939670562744141,8
PC+RWR,A1_source_corruption,medium,12,SRC_STOCK_4_PRICE,REPORT_LIMIT,23,0,0,0,0.043478260869565216,1.0,5.545854568481445,8
AnomalyOnly,A1_source_corruption,medium,12,SRC_STOCK_4_PRICE,REPORT_LIMIT,3,0,1,1,0.3333333333333333,0.8,0.007152557373046875,1
APA-RCA,A1_source_corruption,medium,12,SRC_STOCK_4_PRICE,REPORT_LIMIT,3,0,1,1,0.3333333333333333,0.8,0.6132125854492188,9
APA-RCA-v2,A1_source_corruption,medium,12,SRC_STOCK_4_PRICE,REPORT_LIMIT,1,1,1,1,1.0,0.8,0.6449222564697266,9
APA-RCA-v3,A1_source_corruption,medium,12,SRC_STOCK_4_PRICE,REPORT_LIMIT,1,1,1,1,1.0,0.8,0.6270408630371094,9
Schema-Constraint,A1_source_corruption,medium,12,SRC_STOCK_4_PRICE,REPORT_LIMIT,4,0,0,1,0.25,0.8,0.0,0
BFS,A1_source_corruption,medium,13,SRC_STOCK_5_PRICE,REPORT_LIMIT,40,0,0,0,0.025,1.0,0.5629062652587891,7
Vanilla-RWR,A1_source_corruption,medium,13,SRC_STOCK_5_PRICE,REPORT_LIMIT,34,0,0,0,0.029411764705882353,1.0,0.6062984466552734,9
Structural-RWR,A1_source_corruption,medium,13,SRC_STOCK_5_PRICE,REPORT_LIMIT,21,0,0,0,0.047619047619047616,1.0,0.614166259765625,8
PC+RWR,A1_source_corruption,medium,13,SRC_STOCK_5_PRICE,REPORT_LIMIT,21,0,0,0,0.047619047619047616,1.0,5.605936050415039,8
AnomalyOnly,A1_source_corruption,medium,13,SRC_STOCK_5_PRICE,REPORT_LIMIT,3,0,1,1,0.3333333333333333,0.8,0.0069141387939453125,1
APA-RCA,A1_source_corruption,medium,13,SRC_STOCK_5_PRICE,REPORT_LIMIT,2,0,1,1,0.5,0.8,0.6098747253417969,9
APA-RCA-v2,A1_source_corruption,medium,13,SRC_STOCK_5_PRICE,REPORT_LIMIT,1,1,1,1,1.0,0.8,0.6489753723144531,9
APA-RCA-v3,A1_source_corruption,medium,13,SRC_STOCK_5_PRICE,REPORT_LIMIT,1,1,1,1,1.0,0.8,0.6258487701416016,9
Schema-Constraint,A1_source_corruption,medium,13,SRC_STOCK_5_PRICE,REPORT_LIMIT,5,0,0,1,0.2,0.8,0.0,0
BFS,A1_source_corruption,medium,14,SRC_STOCK_1_PRICE,REPORT_LIMIT,40,0,0,0,0.025,1.0,0.5450248718261719,7
Vanilla-RWR,A1_source_corruption,medium,14,SRC_STOCK_1_PRICE,REPORT_LIMIT,30,0,0,0,0.03333333333333333,1.0,0.6079673767089844,9
Structural-RWR,A1_source_corruption,medium,14,SRC_STOCK_1_PRICE,REPORT_LIMIT,19,0,0,0,0.05263157894736842,1.0,0.5717277526855469,8
PC+RWR,A1_source_corruption,medium,14,SRC_STOCK_1_PRICE,REPORT_LIMIT,19,0,0,0,0.05263157894736842,1.0,5.633115768432617,8
AnomalyOnly,A1_source_corruption,medium,14,SRC_STOCK_1_PRICE,REPORT_LIMIT,2,0,1,1,0.5,0.8,0.007867813110351562,1
APA-RCA,A1_source_corruption,medium,14,SRC_STOCK_1_PRICE,REPORT_LIMIT,3,0,1,1,0.3333333333333333,0.8,0.6148815155029297,9
APA-RCA-v2,A1_source_corruption,medium,14,SRC_STOCK_1_PRICE,REPORT_LIMIT,1,1,1,1,1.0,0.8,0.6508827209472656,9
APA-RCA-v3,A1_source_corruption,medium,14,SRC_STOCK_1_PRICE,REPORT_LIMIT,1,1,1,1,1.0,0.8,0.6382465362548828,9
Schema-Constraint,A1_source_corruption,medium,14,SRC_STOCK_1_PRICE,REPORT_LIMIT,1,1,1,1,1.0,0.8,0.0,0
BFS,A1_source_corruption,medium,15,SRC_STOCK_5_PRICE,REPORT_LIMIT,40,0,0,0,0.025,1.0,0.55694580078125,7
Vanilla-RWR,A1_source_corruption,medium,15,SRC_STOCK_5_PRICE,REPORT_LIMIT,34,0,0,0,0.029411764705882353,1.0,0.6051063537597656,9
Structural-RWR,A1_source_corruption,medium,15,SRC_STOCK_5_PRICE,REPORT_LIMIT,18,0,0,0,0.05555555555555555,1.0,0.6082057952880859,8
PC+RWR,A1_source_corruption,medium,15,SRC_STOCK_5_PRICE,REPORT_LIMIT,18,0,0,0,0.05555555555555555,1.0,5.699872970581055,8
AnomalyOnly,A1_source_corruption,medium,15,SRC_STOCK_5_PRICE,REPORT_LIMIT,2,0,1,1,0.5,0.8,0.007867813110351562,1
APA-RCA,A1_source_corruption,medium,15,SRC_STOCK_5_PRICE,REPORT_LIMIT,2,0,1,1,0.5,0.8,0.6153583526611328,9
APA-RCA-v2,A1_source_corruption,medium,15,SRC_STOCK_5_PRICE,REPORT_LIMIT,1,1,1,1,1.0,0.8,0.9868144989013672,9
APA-RCA-v3,A1_source_corruption,medium,15,SRC_STOCK_5_PRICE,REPORT_LIMIT,1,1,1,1,1.0,0.8,0.614166259765625,9
Schema-Constraint,A1_source_corruption,medium,15,SRC_STOCK_5_PRICE,REPORT_LIMIT,5,0,0,1,0.2,0.8,0.0,0
BFS,A1_source_corruption,medium,16,SRC_STOCK_3_PRICE,REPORT_LIMIT,40,0,0,0,0.025,1.0,0.5681514739990234,7
Vanilla-RWR,A1_source_corruption,medium,16,SRC_STOCK_3_PRICE,REPORT_LIMIT,32,0,0,0,0.03125,1.0,0.6029605865478516,9
Structural-RWR,A1_source_corruption,medium,16,SRC_STOCK_3_PRICE,REPORT_LIMIT,18,0,0,0,0.05555555555555555,1.0,0.6163120269775391,8
PC+RWR,A1_source_corruption,medium,16,SRC_STOCK_3_PRICE,REPORT_LIMIT,18,0,0,0,0.05555555555555555,1.0,5.630970001220703,8
AnomalyOnly,A1_source_corruption,medium,16,SRC_STOCK_3_PRICE,REPORT_LIMIT,1,1,1,1,1.0,0.8,0.0069141387939453125,1
APA-RCA,A1_source_corruption,medium,16,SRC_STOCK_3_PRICE,REPORT_LIMIT,1,1,1,1,1.0,0.8,0.5948543548583984,9
APA-RCA-v2,A1_source_corruption,medium,16,SRC_STOCK_3_PRICE,REPORT_LIMIT,1,1,1,1,1.0,0.8,0.6530284881591797,9
APA-RCA-v3,A1_source_corruption,medium,16,SRC_STOCK_3_PRICE,REPORT_LIMIT,1,1,1,1,1.0,0.8,0.6301403045654297,9
Schema-Constraint,A1_source_corruption,medium,16,SRC_STOCK_3_PRICE,REPORT_LIMIT,3,0,1,1,0.3333333333333333,0.8,0.0,0
BFS,A1_source_corruption,medium,17,SRC_STOCK_4_PRICE,REPORT_LIMIT,40,0,0,0,0.025,1.0,0.5280971527099609,7
Vanilla-RWR,A1_source_corruption,medium,17,SRC_STOCK_4_PRICE,REPORT_LIMIT,33,0,0,0,0.030303030303030304,1.0,0.5998611450195312,9
Structural-RWR,A1_source_corruption,medium,17,SRC_STOCK_4_PRICE,REPORT_LIMIT,21,0,0,0,0.047619047619047616,1.0,0.6158351898193359,8
PC+RWR,A1_source_corruption,medium,17,SRC_STOCK_4_PRICE,REPORT_LIMIT,21,0,0,0,0.047619047619047616,1.0,5.543947219848633,8
AnomalyOnly,A1_source_corruption,medium,17,SRC_STOCK_4_PRICE,REPORT_LIMIT,1,1,1,1,1.0,0.8,0.0069141387939453125,1
APA-RCA,A1_source_corruption,medium,17,SRC_STOCK_4_PRICE,REPORT_LIMIT,3,0,1,1,0.3333333333333333,0.8,0.5998611450195312,9
APA-RCA-v2,A1_source_corruption,medium,17,SRC_STOCK_4_PRICE,REPORT_LIMIT,1,1,1,1,1.0,0.8,0.6470680236816406,9
APA-RCA-v3,A1_source_corruption,medium,17,SRC_STOCK_4_PRICE,REPORT_LIMIT,1,1,1,1,1.0,0.8,0.6279945373535156,9
Schema-Constraint,A1_source_corruption,medium,17,SRC_STOCK_4_PRICE,REPORT_LIMIT,4,0,0,1,0.25,0.8,0.0,0
BFS,A1_source_corruption,medium,18,SRC_STOCK_5_PRICE,REPORT_LIMIT,40,0,0,0,0.025,1.0,0.5371570587158203,7
Vanilla-RWR,A1_source_corruption,medium,18,SRC_STOCK_5_PRICE,REPORT_LIMIT,34,0,0,0,0.029411764705882353,1.0,0.5998611450195312,9
Structural-RWR,A1_source_corruption,medium,18,SRC_STOCK_5_PRICE,REPORT_LIMIT,19,0,0,0,0.05263157894736842,1.0,0.5738735198974609,8
PC+RWR,A1_source_corruption,medium,18,SRC_STOCK_5_PRICE,REPORT_LIMIT,19,0,0,0,0.05263157894736842,1.0,5.661964416503906,8
AnomalyOnly,A1_source_corruption,medium,18,SRC_STOCK_5_PRICE,REPORT_LIMIT,1,1,1,1,1.0,0.8,0.008344650268554688,1
APA-RCA,A1_source_corruption,medium,18,SRC_STOCK_5_PRICE,REPORT_LIMIT,1,1,1,1,1.0,0.8,0.6091594696044922,9
APA-RCA-v2,A1_source_corruption,medium,18,SRC_STOCK_5_PRICE,REPORT_LIMIT,1,1,1,1,1.0,0.8,0.6520748138427734,9
APA-RCA-v3,A1_source_corruption,medium,18,SRC_STOCK_5_PRICE,REPORT_LIMIT,1,1,1,1,1.0,0.8,0.6289482116699219,9
Schema-Constraint,A1_source_corruption,medium,18,SRC_STOCK_5_PRICE,REPORT_LIMIT,5,0,0,1,0.2,0.8,0.0,0
BFS,A1_source_corruption,medium,19,SRC_STOCK_3_PRICE,REPORT_LIMIT,40,0,0,0,0.025,1.0,0.5309581756591797,7
Vanilla-RWR,A1_source_corruption,medium,19,SRC_STOCK_3_PRICE,REPORT_LIMIT,32,0,0,0,0.03125,1.0,0.5960464477539062,9
Structural-RWR,A1_source_corruption,medium,19,SRC_STOCK_3_PRICE,REPORT_LIMIT,21,0,0,0,0.047619047619047616,1.0,0.6160736083984375,8
PC+RWR,A1_source_corruption,medium,19,SRC_STOCK_3_PRICE,REPORT_LIMIT,21,0,0,0,0.047619047619047616,1.0,5.594015121459961,8
AnomalyOnly,A1_source_corruption,medium,19,SRC_STOCK_3_PRICE,REPORT_LIMIT,1,1,1,1,1.0,0.8,0.007152557373046875,1
APA-RCA,A1_source_corruption,medium,19,SRC_STOCK_3_PRICE,REPORT_LIMIT,3,0,1,1,0.3333333333333333,0.8,0.6010532379150391,9
APA-RCA-v2,A1_source_corruption,medium,19,SRC_STOCK_3_PRICE,REPORT_LIMIT,1,1,1,1,1.0,0.8,0.6508827209472656,9
APA-RCA-v3,A1_source_corruption,medium,19,SRC_STOCK_3_PRICE,REPORT_LIMIT,1,1,1,1,1.0,0.8,0.6268024444580078,9
Schema-Constraint,A1_source_corruption,medium,19,SRC_STOCK_3_PRICE,REPORT_LIMIT,3,0,1,1,0.3333333333333333,0.8,0.0,0
BFS,A1_source_corruption,medium,20,SRC_STOCK_5_PRICE,REPORT_LIMIT,40,0,0,0,0.025,1.0,0.5362033843994141,7
Vanilla-RWR,A1_source_corruption,medium,20,SRC_STOCK_5_PRICE,REPORT_LIMIT,34,0,0,0,0.029411764705882353,1.0,0.6031990051269531,9
Structural-RWR,A1_source_corruption,medium,20,SRC_STOCK_5_PRICE,REPORT_LIMIT,18,0,0,0,0.05555555555555555,1.0,0.5660057067871094,8
PC+RWR,A1_source_corruption,medium,20,SRC_STOCK_5_PRICE,REPORT_LIMIT,18,0,0,0,0.05555555555555555,1.0,5.624294281005859,8
AnomalyOnly,A1_source_corruption,medium,20,SRC_STOCK_5_PRICE,REPORT_LIMIT,1,1,1,1,1.0,0.8,0.007867813110351562,1
APA-RCA,A1_source_corruption,medium,20,SRC_STOCK_5_PRICE,REPORT_LIMIT,1,1,1,1,1.0,0.8,0.6079673767089844,9
APA-RCA-v2,A1_source_corruption,medium,20,SRC_STOCK_5_PRICE,REPORT_LIMIT,1,1,1,1,1.0,0.8,0.9870529174804688,9
APA-RCA-v3,A1_source_corruption,medium,20,SRC_STOCK_5_PRICE,REPORT_LIMIT,1,1,1,1,1.0,0.8,0.6079673767089844,9
Schema-Constraint,A1_source_corruption,medium,20,SRC_STOCK_5_PRICE,REPORT_LIMIT,5,0,0,1,0.2,0.8,0.0,0
BFS,A1_source_corruption,medium,21,SRC_STOCK_2_PRICE,REPORT_LIMIT,40,0,0,0,0.025,1.0,0.530242919921875,7
Vanilla-RWR,A1_source_corruption,medium,21,SRC_STOCK_2_PRICE,REPORT_LIMIT,31,0,0,0,0.03225806451612903,1.0,0.6089210510253906,9
Structural-RWR,A1_source_corruption,medium,21,SRC_STOCK_2_PRICE,REPORT_LIMIT,21,0,0,0,0.047619047619047616,1.0,0.5700588226318359,8
PC+RWR,A1_source_corruption,medium,21,SRC_STOCK_2_PRICE,REPORT_LIMIT,21,0,0,0,0.047619047619047616,1.0,5.59687614440918,8
AnomalyOnly,A1_source_corruption,medium,21,SRC_STOCK_2_PRICE,REPORT_LIMIT,2,0,1,1,0.5,0.8,0.008106231689453125,1
APA-RCA,A1_source_corruption,medium,21,SRC_STOCK_2_PRICE,REPORT_LIMIT,2,0,1,1,0.5,0.8,0.6299018859863281,9
APA-RCA-v2,A1_source_corruption,medium,21,SRC_STOCK_2_PRICE,REPORT_LIMIT,1,1,1,1,1.0,0.8,0.6437301635742188,9
APA-RCA-v3,A1_source_corruption,medium,21,SRC_STOCK_2_PRICE,REPORT_LIMIT,1,1,1,1,1.0,0.8,0.6318092346191406,9
Schema-Constraint,A1_source_corruption,medium,21,SRC_STOCK_2_PRICE,REPORT_LIMIT,2,0,1,1,0.5,0.8,0.0,0
BFS,A1_source_corruption,medium,22,SRC_STOCK_4_PRICE,REPORT_DASHBOARD,24,0,0,0,0.041666666666666664,1.0,0.5059242248535156,6
Vanilla-RWR,A1_source_corruption,medium,22,SRC_STOCK_4_PRICE,REPORT_DASHBOARD,22,0,0,0,0.045454545454545456,1.0,0.5981922149658203,9
Structural-RWR,A1_source_corruption,medium,22,SRC_STOCK_4_PRICE,REPORT_DASHBOARD,25,0,0,0,0.04,1.0,0.6091594696044922,8
PC+RWR,A1_source_corruption,medium,22,SRC_STOCK_4_PRICE,REPORT_DASHBOARD,25,0,0,0,0.04,1.0,5.529880523681641,8
AnomalyOnly,A1_source_corruption,medium,22,SRC_STOCK_4_PRICE,REPORT_DASHBOARD,3,0,1,1,0.3333333333333333,0.8,0.007867813110351562,1
APA-RCA,A1_source_corruption,medium,22,SRC_STOCK_4_PRICE,REPORT_DASHBOARD,2,0,1,1,0.5,0.8,0.6062984466552734,9
APA-RCA-v2,A1_source_corruption,medium,22,SRC_STOCK_4_PRICE,REPORT_DASHBOARD,1,1,1,1,1.0,0.8,0.6468296051025391,9
APA-RCA-v3,A1_source_corruption,medium,22,SRC_STOCK_4_PRICE,REPORT_DASHBOARD,1,1,1,1,1.0,0.8,0.6282329559326172,9
Schema-Constraint,A1_source_corruption,medium,22,SRC_STOCK_4_PRICE,REPORT_DASHBOARD,4,0,0,1,0.25,0.8,0.0,0
BFS,A1_source_corruption,medium,23,SRC_STOCK_1_PRICE,REPORT_LIMIT,40,0,0,0,0.025,1.0,0.5519390106201172,7
Vanilla-RWR,A1_source_corruption,medium,23,SRC_STOCK_1_PRICE,REPORT_LIMIT,30,0,0,0,0.03333333333333333,1.0,0.6070137023925781,9
Structural-RWR,A1_source_corruption,medium,23,SRC_STOCK_1_PRICE,REPORT_LIMIT,20,0,0,0,0.05,1.0,0.5810260772705078,8
PC+RWR,A1_source_corruption,medium,23,SRC_STOCK_1_PRICE,REPORT_LIMIT,20,0,0,0,0.05,1.0,5.670070648193359,8
AnomalyOnly,A1_source_corruption,medium,23,SRC_STOCK_1_PRICE,REPORT_LIMIT,2,0,1,1,0.5,0.8,0.008821487426757812,1
APA-RCA,A1_source_corruption,medium,23,SRC_STOCK_1_PRICE,REPORT_LIMIT,2,0,1,1,0.5,0.8,0.61798095703125,9
APA-RCA-v2,A1_source_corruption,medium,23,SRC_STOCK_1_PRICE,REPORT_LIMIT,1,1,1,1,1.0,0.8,0.6508827209472656,9
APA-RCA-v3,A1_source_corruption,medium,23,SRC_STOCK_1_PRICE,REPORT_LIMIT,1,1,1,1,1.0,0.8,0.6229877471923828,9
Schema-Constraint,A1_source_corruption,medium,23,SRC_STOCK_1_PRICE,REPORT_LIMIT,1,1,1,1,1.0,0.8,0.0,0
BFS,A1_source_corruption,medium,24,SRC_STOCK_2_PRICE,REPORT_LIMIT,40,0,0,0,0.025,1.0,0.530242919921875,7
Vanilla-RWR,A1_source_corruption,medium,24,SRC_STOCK_2_PRICE,REPORT_LIMIT,31,0,0,0,0.03225806451612903,1.0,0.5950927734375,9
Structural-RWR,A1_source_corruption,medium,24,SRC_STOCK_2_PRICE,REPORT_LIMIT,25,0,0,0,0.04,1.0,0.6320476531982422,8
PC+RWR,A1_source_corruption,medium,24,SRC_STOCK_2_PRICE,REPORT_LIMIT,25,0,0,0,0.04,1.0,5.630970001220703,8
AnomalyOnly,A1_source_corruption,medium,24,SRC_STOCK_2_PRICE,REPORT_LIMIT,1,1,1,1,1.0,0.8,0.007152557373046875,1
APA-RCA,A1_source_corruption,medium,24,SRC_STOCK_2_PRICE,REPORT_LIMIT,4,0,0,1,0.25,0.8,0.6120204925537109,9
APA-RCA-v2,A1_source_corruption,medium,24,SRC_STOCK_2_PRICE,REPORT_LIMIT,1,1,1,1,1.0,0.8,0.6489753723144531,9
APA-RCA-v3,A1_source_corruption,medium,24,SRC_STOCK_2_PRICE,REPORT_LIMIT,1,1,1,1,1.0,0.8,0.6327629089355469,9
Schema-Constraint,A1_source_corruption,medium,24,SRC_STOCK_2_PRICE,REPORT_LIMIT,2,0,1,1,0.5,0.8,0.0,0
BFS,A1_source_corruption,medium,25,SRC_STOCK_3_PRICE,REPORT_STRESS,17,0,0,0,0.058823529411764705,1.0,0.5238056182861328,6
Vanilla-RWR,A1_source_corruption,medium,25,SRC_STOCK_3_PRICE,REPORT_STRESS,19,0,0,0,0.05263157894736842,1.0,0.6000995635986328,9
Structural-RWR,A1_source_corruption,medium,25,SRC_STOCK_3_PRICE,REPORT_STRESS,27,0,0,0,0.037037037037037035,1.0,0.6153583526611328,8
PC+RWR,A1_source_corruption,medium,25,SRC_STOCK_3_PRICE,REPORT_STRESS,27,0,0,0,0.037037037037037035,1.0,5.671024322509766,8
AnomalyOnly,A1_source_corruption,medium,25,SRC_STOCK_3_PRICE,REPORT_STRESS,1,1,1,1,1.0,0.8,0.007867813110351562,1
APA-RCA,A1_source_corruption,medium,25,SRC_STOCK_3_PRICE,REPORT_STRESS,1,1,1,1,1.0,0.8,0.6341934204101562,9
APA-RCA-v2,A1_source_corruption,medium,25,SRC_STOCK_3_PRICE,REPORT_STRESS,1,1,1,1,1.0,0.8,0.7359981536865234,9
APA-RCA-v3,A1_source_corruption,medium,25,SRC_STOCK_3_PRICE,REPORT_STRESS,1,1,1,1,1.0,0.8,1.0907649993896484,9
Schema-Constraint,A1_source_corruption,medium,25,SRC_STOCK_3_PRICE,REPORT_STRESS,3,0,1,1,0.3333333333333333,0.8,0.0,0
BFS,A1_source_corruption,medium,26,SRC_STOCK_5_PRICE,REPORT_DASHBOARD,24,0,0,0,0.041666666666666664,1.0,0.5178451538085938,6
Vanilla-RWR,A1_source_corruption,medium,26,SRC_STOCK_5_PRICE,REPORT_DASHBOARD,23,0,0,0,0.043478260869565216,1.0,0.6148815155029297,9
Structural-RWR,A1_source_corruption,medium,26,SRC_STOCK_5_PRICE,REPORT_DASHBOARD,26,0,0,0,0.038461538461538464,1.0,0.61798095703125,8
PC+RWR,A1_source_corruption,medium,26,SRC_STOCK_5_PRICE,REPORT_DASHBOARD,26,0,0,0,0.038461538461538464,1.0,5.753278732299805,8
AnomalyOnly,A1_source_corruption,medium,26,SRC_STOCK_5_PRICE,REPORT_DASHBOARD,3,0,1,1,0.3333333333333333,0.8,0.008106231689453125,1
APA-RCA,A1_source_corruption,medium,26,SRC_STOCK_5_PRICE,REPORT_DASHBOARD,2,0,1,1,0.5,0.8,0.6058216094970703,9
APA-RCA-v2,A1_source_corruption,medium,26,SRC_STOCK_5_PRICE,REPORT_DASHBOARD,1,1,1,1,1.0,0.8,0.6380081176757812,9
APA-RCA-v3,A1_source_corruption,medium,26,SRC_STOCK_5_PRICE,REPORT_DASHBOARD,1,1,1,1,1.0,0.8,0.6208419799804688,9
Schema-Constraint,A1_source_corruption,medium,26,SRC_STOCK_5_PRICE,REPORT_DASHBOARD,5,0,0,1,0.2,0.8,0.0,0
BFS,A1_source_corruption,medium,27,SRC_STOCK_1_PRICE,REPORT_LIMIT,40,0,0,0,0.025,1.0,0.5350112915039062,7
Vanilla-RWR,A1_source_corruption,medium,27,SRC_STOCK_1_PRICE,REPORT_LIMIT,30,0,0,0,0.03333333333333333,1.0,0.6136894226074219,9
Structural-RWR,A1_source_corruption,medium,27,SRC_STOCK_1_PRICE,REPORT_LIMIT,17,0,0,0,0.058823529411764705,1.0,0.5419254302978516,8
PC+RWR,A1_source_corruption,medium,27,SRC_STOCK_1_PRICE,REPORT_LIMIT,17,0,0,0,0.058823529411764705,1.0,5.617856979370117,8
AnomalyOnly,A1_source_corruption,medium,27,SRC_STOCK_1_PRICE,REPORT_LIMIT,2,0,1,1,0.5,0.8,0.0069141387939453125,1
APA-RCA,A1_source_corruption,medium,27,SRC_STOCK_1_PRICE,REPORT_LIMIT,2,0,1,1,0.5,0.8,0.6098747253417969,9
APA-RCA-v2,A1_source_corruption,medium,27,SRC_STOCK_1_PRICE,REPORT_LIMIT,1,1,1,1,1.0,0.8,0.6451606750488281,9
APA-RCA-v3,A1_source_corruption,medium,27,SRC_STOCK_1_PRICE,REPORT_LIMIT,1,1,1,1,1.0,0.8,0.6299018859863281,9
Schema-Constraint,A1_source_corruption,medium,27,SRC_STOCK_1_PRICE,REPORT_LIMIT,1,1,1,1,1.0,0.8,0.0,0
BFS,A1_source_corruption,medium,28,SRC_STOCK_4_PRICE,REPORT_LIMIT,40,0,0,0,0.025,1.0,0.5371570587158203,7
Vanilla-RWR,A1_source_corruption,medium,28,SRC_STOCK_4_PRICE,REPORT_LIMIT,33,0,0,0,0.030303030303030304,1.0,0.6020069122314453,9
Structural-RWR,A1_source_corruption,medium,28,SRC_STOCK_4_PRICE,REPORT_LIMIT,23,0,0,0,0.043478260869565216,1.0,0.5769729614257812,8
PC+RWR,A1_source_corruption,medium,28,SRC_STOCK_4_PRICE,REPORT_LIMIT,23,0,0,0,0.043478260869565216,1.0,5.613088607788086,8
AnomalyOnly,A1_source_corruption,medium,28,SRC_STOCK_4_PRICE,REPORT_LIMIT,3,0,1,1,0.3333333333333333,0.8,0.007152557373046875,1
APA-RCA,A1_source_corruption,medium,28,SRC_STOCK_4_PRICE,REPORT_LIMIT,2,0,1,1,0.5,0.8,0.6079673767089844,9
APA-RCA-v2,A1_source_corruption,medium,28,SRC_STOCK_4_PRICE,REPORT_LIMIT,1,1,1,1,1.0,0.8,0.6499290466308594,9
APA-RCA-v3,A1_source_corruption,medium,28,SRC_STOCK_4_PRICE,REPORT_LIMIT,1,1,1,1,1.0,0.8,0.6361007690429688,9
Schema-Constraint,A1_source_corruption,medium,28,SRC_STOCK_4_PRICE,REPORT_LIMIT,4,0,0,1,0.25,0.8,0.0,0
BFS,A1_source_corruption,medium,29,SRC_STOCK_5_PRICE,REPORT_LIMIT,40,0,0,0,0.025,1.0,0.5249977111816406,7
Vanilla-RWR,A1_source_corruption,medium,29,SRC_STOCK_5_PRICE,REPORT_LIMIT,34,0,0,0,0.029411764705882353,1.0,0.6260871887207031,9
Structural-RWR,A1_source_corruption,medium,29,SRC_STOCK_5_PRICE,REPORT_LIMIT,19,0,0,0,0.05263157894736842,1.0,0.6091594696044922,8
PC+RWR,A1_source_corruption,medium,29,SRC_STOCK_5_PRICE,REPORT_LIMIT,19,0,0,0,0.05263157894736842,1.0,5.591869354248047,8
AnomalyOnly,A1_source_corruption,medium,29,SRC_STOCK_5_PRICE,REPORT_LIMIT,2,0,1,1,0.5,0.8,0.007867813110351562,1
APA-RCA,A1_source_corruption,medium,29,SRC_STOCK_5_PRICE,REPORT_LIMIT,2,0,1,1,0.5,0.8,0.6017684936523438,9
APA-RCA-v2,A1_source_corruption,medium,29,SRC_STOCK_5_PRICE,REPORT_LIMIT,1,1,1,1,1.0,0.8,0.6482601165771484,9
APA-RCA-v3,A1_source_corruption,medium,29,SRC_STOCK_5_PRICE,REPORT_LIMIT,1,1,1,1,1.0,0.8,0.6248950958251953,9
Schema-Constraint,A1_source_corruption,medium,29,SRC_STOCK_5_PRICE,REPORT_LIMIT,5,0,0,1,0.2,0.8,0.0,0
BFS,A2_etl_logic_error,medium,0,ETL_FX_STOCK_5_PRICE,REPORT_LIMIT,14,0,0,0,0.07142857142857142,1.0,0.5471706390380859,7
Vanilla-RWR,A2_etl_logic_error,medium,0,ETL_FX_STOCK_5_PRICE,REPORT_LIMIT,44,0,0,0,0.022727272727272728,1.0,0.6089210510253906,9
Structural-RWR,A2_etl_logic_error,medium,0,ETL_FX_STOCK_5_PRICE,REPORT_LIMIT,6,0,0,0,0.16666666666666666,1.0,0.6358623504638672,8
PC+RWR,A2_etl_logic_error,medium,0,ETL_FX_STOCK_5_PRICE,REPORT_LIMIT,6,0,0,0,0.16666666666666666,1.0,5.6610107421875,8
AnomalyOnly,A2_etl_logic_error,medium,0,ETL_FX_STOCK_5_PRICE,REPORT_LIMIT,1,1,1,1,1.0,0.8,0.008106231689453125,1
APA-RCA,A2_etl_logic_error,medium,0,ETL_FX_STOCK_5_PRICE,REPORT_LIMIT,2,0,1,1,0.5,0.8,0.6110668182373047,9
APA-RCA-v2,A2_etl_logic_error,medium,0,ETL_FX_STOCK_5_PRICE,REPORT_LIMIT,1,1,1,1,1.0,0.8,0.6470680236816406,9
APA-RCA-v3,A2_etl_logic_error,medium,0,ETL_FX_STOCK_5_PRICE,REPORT_LIMIT,1,1,1,1,1.0,0.8,0.6337165832519531,9
Schema-Constraint,A2_etl_logic_error,medium,0,ETL_FX_STOCK_5_PRICE,REPORT_LIMIT,30,0,0,0,0.03333333333333333,1.0,0.0,0
BFS,A2_etl_logic_error,medium,1,ETL_FX_STOCK_3_PRICE,REPORT_LIMIT,14,0,0,0,0.07142857142857142,1.0,0.5791187286376953,7
Vanilla-RWR,A2_etl_logic_error,medium,1,ETL_FX_STOCK_3_PRICE,REPORT_LIMIT,42,0,0,0,0.023809523809523808,1.0,0.6122589111328125,9
Structural-RWR,A2_etl_logic_error,medium,1,ETL_FX_STOCK_3_PRICE,REPORT_LIMIT,12,0,0,0,0.08333333333333333,1.0,0.6248950958251953,8
PC+RWR,A2_etl_logic_error,medium,1,ETL_FX_STOCK_3_PRICE,REPORT_LIMIT,12,0,0,0,0.08333333333333333,1.0,5.618810653686523,8
AnomalyOnly,A2_etl_logic_error,medium,1,ETL_FX_STOCK_3_PRICE,REPORT_LIMIT,5,0,0,1,0.2,0.8,0.008106231689453125,1
APA-RCA,A2_etl_logic_error,medium,1,ETL_FX_STOCK_3_PRICE,REPORT_LIMIT,3,0,1,1,0.3333333333333333,0.8,0.6151199340820312,9
APA-RCA-v2,A2_etl_logic_error,medium,1,ETL_FX_STOCK_3_PRICE,REPORT_LIMIT,1,1,1,1,1.0,0.8,0.6542205810546875,9
APA-RCA-v3,A2_etl_logic_error,medium,1,ETL_FX_STOCK_3_PRICE,REPORT_LIMIT,1,1,1,1,1.0,0.8,0.6320476531982422,9
Schema-Constraint,A2_etl_logic_error,medium,1,ETL_FX_STOCK_3_PRICE,REPORT_LIMIT,28,0,0,0,0.03571428571428571,1.0,0.0,0
BFS,A2_etl_logic_error,medium,2,ETL_FX_STOCK_5_PRICE,REPORT_LIMIT,14,0,0,0,0.07142857142857142,1.0,0.5660057067871094,7
Vanilla-RWR,A2_etl_logic_error,medium,2,ETL_FX_STOCK_5_PRICE,REPORT_LIMIT,44,0,0,0,0.022727272727272728,1.0,0.6070137023925781,9
Structural-RWR,A2_etl_logic_error,medium,2,ETL_FX_STOCK_5_PRICE,REPORT_LIMIT,10,0,0,0,0.1,1.0,0.9028911590576172,8
PC+RWR,A2_etl_logic_error,medium,2,ETL_FX_STOCK_5_PRICE,REPORT_LIMIT,10,0,0,0,0.1,1.0,5.550861358642578,8
AnomalyOnly,A2_etl_logic_error,medium,2,ETL_FX_STOCK_5_PRICE,REPORT_LIMIT,1,1,1,1,1.0,0.8,0.008106231689453125,1
APA-RCA,A2_etl_logic_error,medium,2,ETL_FX_STOCK_5_PRICE,REPORT_LIMIT,2,0,1,1,0.5,0.8,0.6072521209716797,9
APA-RCA-v2,A2_etl_logic_error,medium,2,ETL_FX_STOCK_5_PRICE,REPORT_LIMIT,1,1,1,1,1.0,0.8,0.6480216979980469,9
APA-RCA-v3,A2_etl_logic_error,medium,2,ETL_FX_STOCK_5_PRICE,REPORT_LIMIT,1,1,1,1,1.0,0.8,0.6289482116699219,9
Schema-Constraint,A2_etl_logic_error,medium,2,ETL_FX_STOCK_5_PRICE,REPORT_LIMIT,30,0,0,0,0.03333333333333333,1.0,0.0,0
BFS,A2_etl_logic_error,medium,3,ETL_FX_STOCK_5_PRICE,REPORT_LIMIT,14,0,0,0,0.07142857142857142,1.0,0.5769729614257812,7
Vanilla-RWR,A2_etl_logic_error,medium,3,ETL_FX_STOCK_5_PRICE,REPORT_LIMIT,44,0,0,0,0.022727272727272728,1.0,0.6070137023925781,9
Structural-RWR,A2_etl_logic_error,medium,3,ETL_FX_STOCK_5_PRICE,REPORT_LIMIT,10,0,0,0,0.1,1.0,0.6110668182373047,8
PC+RWR,A2_etl_logic_error,medium,3,ETL_FX_STOCK_5_PRICE,REPORT_LIMIT,10,0,0,0,0.1,1.0,5.623817443847656,8
AnomalyOnly,A2_etl_logic_error,medium,3,ETL_FX_STOCK_5_PRICE,REPORT_LIMIT,1,1,1,1,1.0,0.8,0.0069141387939453125,1
APA-RCA,A2_etl_logic_error,medium,3,ETL_FX_STOCK_5_PRICE,REPORT_LIMIT,2,0,1,1,0.5,0.8,0.6086826324462891,9
APA-RCA-v2,A2_etl_logic_error,medium,3,ETL_FX_STOCK_5_PRICE,REPORT_LIMIT,2,0,1,1,0.5,0.8,0.6511211395263672,9
APA-RCA-v3,A2_etl_logic_error,medium,3,ETL_FX_STOCK_5_PRICE,REPORT_LIMIT,2,0,1,1,0.5,0.8,0.6289482116699219,9
Schema-Constraint,A2_etl_logic_error,medium,3,ETL_FX_STOCK_5_PRICE,REPORT_LIMIT,30,0,0,0,0.03333333333333333,1.0,0.0,0
BFS,A2_etl_logic_error,medium,4,ETL_FX_STOCK_4_PRICE,REPORT_LIMIT,14,0,0,0,0.07142857142857142,1.0,0.5278587341308594,7
Vanilla-RWR,A2_etl_logic_error,medium,4,ETL_FX_STOCK_4_PRICE,REPORT_LIMIT,43,0,0,0,0.023255813953488372,1.0,0.6110668182373047,9
Structural-RWR,A2_etl_logic_error,medium,4,ETL_FX_STOCK_4_PRICE,REPORT_LIMIT,8,0,0,0,0.125,1.0,0.5841255187988281,8
PC+RWR,A2_etl_logic_error,medium,4,ETL_FX_STOCK_4_PRICE,REPORT_LIMIT,8,0,0,0,0.125,1.0,5.697965621948242,8
AnomalyOnly,A2_etl_logic_error,medium,4,ETL_FX_STOCK_4_PRICE,REPORT_LIMIT,1,1,1,1,1.0,0.8,0.008106231689453125,1
APA-RCA,A2_etl_logic_error,medium,4,ETL_FX_STOCK_4_PRICE,REPORT_LIMIT,2,0,1,1,0.5,0.8,0.6270408630371094,9
APA-RCA-v2,A2_etl_logic_error,medium,4,ETL_FX_STOCK_4_PRICE,REPORT_LIMIT,3,0,1,1,0.3333333333333333,0.8,0.6489753723144531,9
APA-RCA-v3,A2_etl_logic_error,medium,4,ETL_FX_STOCK_4_PRICE,REPORT_LIMIT,3,0,1,1,0.3333333333333333,0.8,0.6351470947265625,9
Schema-Constraint,A2_etl_logic_error,medium,4,ETL_FX_STOCK_4_PRICE,REPORT_LIMIT,29,0,0,0,0.034482758620689655,1.0,0.0,0
BFS,A2_etl_logic_error,medium,5,ETL_FX_STOCK_4_PRICE,REPORT_LIMIT,14,0,0,0,0.07142857142857142,1.0,0.5478858947753906,7
Vanilla-RWR,A2_etl_logic_error,medium,5,ETL_FX_STOCK_4_PRICE,REPORT_LIMIT,43,0,0,0,0.023255813953488372,1.0,0.6029605865478516,9
Structural-RWR,A2_etl_logic_error,medium,5,ETL_FX_STOCK_4_PRICE,REPORT_LIMIT,12,0,0,0,0.08333333333333333,1.0,0.6120204925537109,8
PC+RWR,A2_etl_logic_error,medium,5,ETL_FX_STOCK_4_PRICE,REPORT_LIMIT,12,0,0,0,0.08333333333333333,1.0,5.6209564208984375,8
AnomalyOnly,A2_etl_logic_error,medium,5,ETL_FX_STOCK_4_PRICE,REPORT_LIMIT,3,0,1,1,0.3333333333333333,0.8,0.007152557373046875,1
APA-RCA,A2_etl_logic_error,medium,5,ETL_FX_STOCK_4_PRICE,REPORT_LIMIT,3,0,1,1,0.3333333333333333,0.8,0.6079673767089844,9
APA-RCA-v2,A2_etl_logic_error,medium,5,ETL_FX_STOCK_4_PRICE,REPORT_LIMIT,2,0,1,1,0.5,0.8,0.9889602661132812,9
APA-RCA-v3,A2_etl_logic_error,medium,5,ETL_FX_STOCK_4_PRICE,REPORT_LIMIT,2,0,1,1,0.5,0.8,0.6380081176757812,9
Schema-Constraint,A2_etl_logic_error,medium,5,ETL_FX_STOCK_4_PRICE,REPORT_LIMIT,29,0,0,0,0.034482758620689655,1.0,0.0,0
BFS,A2_etl_logic_error,medium,6,ETL_FX_STOCK_3_PRICE,REPORT_LIMIT,14,0,0,0,0.07142857142857142,1.0,0.5598068237304688,7
Vanilla-RWR,A2_etl_logic_error,medium,6,ETL_FX_STOCK_3_PRICE,REPORT_LIMIT,42,0,0,0,0.023809523809523808,1.0,0.598907470703125,9
Structural-RWR,A2_etl_logic_error,medium,6,ETL_FX_STOCK_3_PRICE,REPORT_LIMIT,6,0,0,0,0.16666666666666666,1.0,0.6163120269775391,8
PC+RWR,A2_etl_logic_error,medium,6,ETL_FX_STOCK_3_PRICE,REPORT_LIMIT,6,0,0,0,0.16666666666666666,1.0,5.5789947509765625,8
AnomalyOnly,A2_etl_logic_error,medium,6,ETL_FX_STOCK_3_PRICE,REPORT_LIMIT,3,0,1,1,0.3333333333333333,0.8,0.008106231689453125,1
APA-RCA,A2_etl_logic_error,medium,6,ETL_FX_STOCK_3_PRICE,REPORT_LIMIT,3,0,1,1,0.3333333333333333,0.8,0.6189346313476562,9
APA-RCA-v2,A2_etl_logic_error,medium,6,ETL_FX_STOCK_3_PRICE,REPORT_LIMIT,3,0,1,1,0.3333333333333333,0.8,0.6542205810546875,9
APA-RCA-v3,A2_etl_logic_error,medium,6,ETL_FX_STOCK_3_PRICE,REPORT_LIMIT,3,0,1,1,0.3333333333333333,0.8,0.6289482116699219,9
Schema-Constraint,A2_etl_logic_error,medium,6,ETL_FX_STOCK_3_PRICE,REPORT_LIMIT,28,0,0,0,0.03571428571428571,1.0,0.0,0
BFS,A2_etl_logic_error,medium,7,ETL_FX_STOCK_5_PRICE,REPORT_LIMIT,14,0,0,0,0.07142857142857142,1.0,0.537872314453125,7
Vanilla-RWR,A2_etl_logic_error,medium,7,ETL_FX_STOCK_5_PRICE,REPORT_LIMIT,44,0,0,0,0.022727272727272728,1.0,0.6048679351806641,9
Structural-RWR,A2_etl_logic_error,medium,7,ETL_FX_STOCK_5_PRICE,REPORT_LIMIT,13,0,0,0,0.07692307692307693,1.0,0.5779266357421875,8
PC+RWR,A2_etl_logic_error,medium,7,ETL_FX_STOCK_5_PRICE,REPORT_LIMIT,13,0,0,0,0.07692307692307693,1.0,5.646705627441406,8
AnomalyOnly,A2_etl_logic_error,medium,7,ETL_FX_STOCK_5_PRICE,REPORT_LIMIT,3,0,1,1,0.3333333333333333,0.8,0.007867813110351562,1
APA-RCA,A2_etl_logic_error,medium,7,ETL_FX_STOCK_5_PRICE,REPORT_LIMIT,2,0,1,1,0.5,0.8,0.6167888641357422,9
APA-RCA-v2,A2_etl_logic_error,medium,7,ETL_FX_STOCK_5_PRICE,REPORT_LIMIT,2,0,1,1,0.5,0.8,0.6520748138427734,9
APA-RCA-v3,A2_etl_logic_error,medium,7,ETL_FX_STOCK_5_PRICE,REPORT_LIMIT,2,0,1,1,0.5,0.8,0.6301403045654297,9
Schema-Constraint,A2_etl_logic_error,medium,7,ETL_FX_STOCK_5_PRICE,REPORT_LIMIT,30,0,0,0,0.03333333333333333,1.0,0.0,0
BFS,A2_etl_logic_error,medium,8,ETL_FX_STOCK_4_PRICE,REPORT_LIMIT,14,0,0,0,0.07142857142857142,1.0,0.5359649658203125,7
Vanilla-RWR,A2_etl_logic_error,medium,8,ETL_FX_STOCK_4_PRICE,REPORT_LIMIT,43,0,0,0,0.023255813953488372,1.0,0.5991458892822266,9
Structural-RWR,A2_etl_logic_error,medium,8,ETL_FX_STOCK_4_PRICE,REPORT_LIMIT,8,0,0,0,0.125,1.0,0.6000995635986328,8
PC+RWR,A2_etl_logic_error,medium,8,ETL_FX_STOCK_4_PRICE,REPORT_LIMIT,8,0,0,0,0.125,1.0,5.654811859130859,8
AnomalyOnly,A2_etl_logic_error,medium,8,ETL_FX_STOCK_4_PRICE,REPORT_LIMIT,4,0,0,1,0.25,0.8,0.0069141387939453125,1
APA-RCA,A2_etl_logic_error,medium,8,ETL_FX_STOCK_4_PRICE,REPORT_LIMIT,3,0,1,1,0.3333333333333333,0.8,0.6079673767089844,9
APA-RCA-v2,A2_etl_logic_error,medium,8,ETL_FX_STOCK_4_PRICE,REPORT_LIMIT,3,0,1,1,0.3333333333333333,0.8,0.6492137908935547,9
APA-RCA-v3,A2_etl_logic_error,medium,8,ETL_FX_STOCK_4_PRICE,REPORT_LIMIT,3,0,1,1,0.3333333333333333,0.8,0.9837150573730469,9
Schema-Constraint,A2_etl_logic_error,medium,8,ETL_FX_STOCK_4_PRICE,REPORT_LIMIT,29,0,0,0,0.034482758620689655,1.0,0.0,0
BFS,A2_etl_logic_error,medium,9,ETL_FX_STOCK_3_PRICE,REPORT_LIMIT,14,0,0,0,0.07142857142857142,1.0,0.5640983581542969,7
Vanilla-RWR,A2_etl_logic_error,medium,9,ETL_FX_STOCK_3_PRICE,REPORT_LIMIT,42,0,0,0,0.023809523809523808,1.0,0.6139278411865234,9
Structural-RWR,A2_etl_logic_error,medium,9,ETL_FX_STOCK_3_PRICE,REPORT_LIMIT,10,0,0,0,0.1,1.0,0.6260871887207031,8
PC+RWR,A2_etl_logic_error,medium,9,ETL_FX_STOCK_3_PRICE,REPORT_LIMIT,10,0,0,0,0.1,1.0,5.577802658081055,8
AnomalyOnly,A2_etl_logic_error,medium,9,ETL_FX_STOCK_3_PRICE,REPORT_LIMIT,3,0,1,1,0.3333333333333333,0.8,0.007867813110351562,1
APA-RCA,A2_etl_logic_error,medium,9,ETL_FX_STOCK_3_PRICE,REPORT_LIMIT,3,0,1,1,0.3333333333333333,0.8,0.6098747253417969,9
APA-RCA-v2,A2_etl_logic_error,medium,9,ETL_FX_STOCK_3_PRICE,REPORT_LIMIT,3,0,1,1,0.3333333333333333,0.8,0.6539821624755859,9
APA-RCA-v3,A2_etl_logic_error,medium,9,ETL_FX_STOCK_3_PRICE,REPORT_LIMIT,3,0,1,1,0.3333333333333333,0.8,0.6289482116699219,9
Schema-Constraint,A2_etl_logic_error,medium,9,ETL_FX_STOCK_3_PRICE,REPORT_LIMIT,28,0,0,0,0.03571428571428571,1.0,0.0,0
BFS,A2_etl_logic_error,medium,10,ETL_FX_STOCK_4_PRICE,REPORT_LIMIT,14,0,0,0,0.07142857142857142,1.0,0.5078315734863281,7
Vanilla-RWR,A2_etl_logic_error,medium,10,ETL_FX_STOCK_4_PRICE,REPORT_LIMIT,43,0,0,0,0.023255813953488372,1.0,0.621795654296875,9
Structural-RWR,A2_etl_logic_error,medium,10,ETL_FX_STOCK_4_PRICE,REPORT_LIMIT,12,0,0,0,0.08333333333333333,1.0,0.6198883056640625,8
PC+RWR,A2_etl_logic_error,medium,10,ETL_FX_STOCK_4_PRICE,REPORT_LIMIT,12,0,0,0,0.08333333333333333,1.0,5.651950836181641,8
AnomalyOnly,A2_etl_logic_error,medium,10,ETL_FX_STOCK_4_PRICE,REPORT_LIMIT,1,1,1,1,1.0,0.8,0.007867813110351562,1
APA-RCA,A2_etl_logic_error,medium,10,ETL_FX_STOCK_4_PRICE,REPORT_LIMIT,2,0,1,1,0.5,0.8,0.6151199340820312,9
APA-RCA-v2,A2_etl_logic_error,medium,10,ETL_FX_STOCK_4_PRICE,REPORT_LIMIT,2,0,1,1,0.5,0.8,0.6511211395263672,9
APA-RCA-v3,A2_etl_logic_error,medium,10,ETL_FX_STOCK_4_PRICE,REPORT_LIMIT,2,0,1,1,0.5,0.8,0.6279945373535156,9
Schema-Constraint,A2_etl_logic_error,medium,10,ETL_FX_STOCK_4_PRICE,REPORT_LIMIT,29,0,0,0,0.034482758620689655,1.0,0.0,0
BFS,A2_etl_logic_error,medium,11,ETL_FX_STOCK_1_PRICE,REPORT_LIMIT,14,0,0,0,0.07142857142857142,1.0,0.5400180816650391,7
Vanilla-RWR,A2_etl_logic_error,medium,11,ETL_FX_STOCK_1_PRICE,REPORT_LIMIT,40,0,0,0,0.025,1.0,0.6129741668701172,9
Structural-RWR,A2_etl_logic_error,medium,11,ETL_FX_STOCK_1_PRICE,REPORT_LIMIT,8,0,0,0,0.125,1.0,0.6098747253417969,8
PC+RWR,A2_etl_logic_error,medium,11,ETL_FX_STOCK_1_PRICE,REPORT_LIMIT,8,0,0,0,0.125,1.0,5.661964416503906,8
AnomalyOnly,A2_etl_logic_error,medium,11,ETL_FX_STOCK_1_PRICE,REPORT_LIMIT,1,1,1,1,1.0,0.8,0.008344650268554688,1
APA-RCA,A2_etl_logic_error,medium,11,ETL_FX_STOCK_1_PRICE,REPORT_LIMIT,2,0,1,1,0.5,0.8,0.614166259765625,9
APA-RCA-v2,A2_etl_logic_error,medium,11,ETL_FX_STOCK_1_PRICE,REPORT_LIMIT,1,1,1,1,1.0,0.8,0.6530284881591797,9
APA-RCA-v3,A2_etl_logic_error,medium,11,ETL_FX_STOCK_1_PRICE,REPORT_LIMIT,1,1,1,1,1.0,0.8,0.6289482116699219,9
Schema-Constraint,A2_etl_logic_error,medium,11,ETL_FX_STOCK_1_PRICE,REPORT_LIMIT,26,0,0,0,0.038461538461538464,1.0,0.0,0
BFS,A2_etl_logic_error,medium,12,ETL_FX_STOCK_4_PRICE,REPORT_LIMIT,14,0,0,0,0.07142857142857142,1.0,0.5381107330322266,7
Vanilla-RWR,A2_etl_logic_error,medium,12,ETL_FX_STOCK_4_PRICE,REPORT_LIMIT,43,0,0,0,0.023255813953488372,1.0,0.6020069122314453,9
Structural-RWR,A2_etl_logic_error,medium,12,ETL_FX_STOCK_4_PRICE,REPORT_LIMIT,10,0,0,0,0.1,1.0,0.6208419799804688,8
PC+RWR,A2_etl_logic_error,medium,12,ETL_FX_STOCK_4_PRICE,REPORT_LIMIT,10,0,0,0,0.1,1.0,5.588769912719727,8
AnomalyOnly,A2_etl_logic_error,medium,12,ETL_FX_STOCK_4_PRICE,REPORT_LIMIT,2,0,1,1,0.5,0.8,0.007867813110351562,1
APA-RCA,A2_etl_logic_error,medium,12,ETL_FX_STOCK_4_PRICE,REPORT_LIMIT,3,0,1,1,0.3333333333333333,0.8,0.6079673767089844,9
APA-RCA-v2,A2_etl_logic_error,medium,12,ETL_FX_STOCK_4_PRICE,REPORT_LIMIT,2,0,1,1,0.5,0.8,0.6511211395263672,9
APA-RCA-v3,A2_etl_logic_error,medium,12,ETL_FX_STOCK_4_PRICE,REPORT_LIMIT,2,0,1,1,0.5,0.8,0.6320476531982422,9
Schema-Constraint,A2_etl_logic_error,medium,12,ETL_FX_STOCK_4_PRICE,REPORT_LIMIT,29,0,0,0,0.034482758620689655,1.0,0.0,0
BFS,A2_etl_logic_error,medium,13,ETL_FX_STOCK_5_PRICE,REPORT_LIMIT,14,0,0,0,0.07142857142857142,1.0,0.5500316619873047,7
Vanilla-RWR,A2_etl_logic_error,medium,13,ETL_FX_STOCK_5_PRICE,REPORT_LIMIT,44,0,0,0,0.022727272727272728,1.0,0.6070137023925781,9
Structural-RWR,A2_etl_logic_error,medium,13,ETL_FX_STOCK_5_PRICE,REPORT_LIMIT,10,0,0,0,0.1,1.0,0.6129741668701172,8
PC+RWR,A2_etl_logic_error,medium,13,ETL_FX_STOCK_5_PRICE,REPORT_LIMIT,10,0,0,0,0.1,1.0,5.633115768432617,8
AnomalyOnly,A2_etl_logic_error,medium,13,ETL_FX_STOCK_5_PRICE,REPORT_LIMIT,3,0,1,1,0.3333333333333333,0.8,0.007867813110351562,1
APA-RCA,A2_etl_logic_error,medium,13,ETL_FX_STOCK_5_PRICE,REPORT_LIMIT,3,0,1,1,0.3333333333333333,0.8,0.6136894226074219,9
APA-RCA-v2,A2_etl_logic_error,medium,13,ETL_FX_STOCK_5_PRICE,REPORT_LIMIT,2,0,1,1,0.5,0.8,0.6620883941650391,9
APA-RCA-v3,A2_etl_logic_error,medium,13,ETL_FX_STOCK_5_PRICE,REPORT_LIMIT,2,0,1,1,0.5,0.8,0.9961128234863281,9
Schema-Constraint,A2_etl_logic_error,medium,13,ETL_FX_STOCK_5_PRICE,REPORT_LIMIT,30,0,0,0,0.03333333333333333,1.0,0.0,0
BFS,A2_etl_logic_error,medium,14,ETL_FX_STOCK_1_PRICE,REPORT_LIMIT,14,0,0,0,0.07142857142857142,1.0,0.537872314453125,7
Vanilla-RWR,A2_etl_logic_error,medium,14,ETL_FX_STOCK_1_PRICE,REPORT_LIMIT,40,0,0,0,0.025,1.0,0.6060600280761719,9
Structural-RWR,A2_etl_logic_error,medium,14,ETL_FX_STOCK_1_PRICE,REPORT_LIMIT,11,0,0,0,0.09090909090909091,1.0,0.6191730499267578,8
PC+RWR,A2_etl_logic_error,medium,14,ETL_FX_STOCK_1_PRICE,REPORT_LIMIT,11,0,0,0,0.09090909090909091,1.0,5.635976791381836,8
AnomalyOnly,A2_etl_logic_error,medium,14,ETL_FX_STOCK_1_PRICE,REPORT_LIMIT,2,0,1,1,0.5,0.8,0.007867813110351562,1
APA-RCA,A2_etl_logic_error,medium,14,ETL_FX_STOCK_1_PRICE,REPORT_LIMIT,2,0,1,1,0.5,0.8,0.6189346313476562,9
APA-RCA-v2,A2_etl_logic_error,medium,14,ETL_FX_STOCK_1_PRICE,REPORT_LIMIT,2,0,1,1,0.5,0.8,0.6589889526367188,9
APA-RCA-v3,A2_etl_logic_error,medium,14,ETL_FX_STOCK_1_PRICE,REPORT_LIMIT,2,0,1,1,0.5,0.8,0.6361007690429688,9
Schema-Constraint,A2_etl_logic_error,medium,14,ETL_FX_STOCK_1_PRICE,REPORT_LIMIT,26,0,0,0,0.038461538461538464,1.0,0.0,0
BFS,A2_etl_logic_error,medium,15,ETL_FX_STOCK_5_PRICE,REPORT_LIMIT,14,0,0,0,0.07142857142857142,1.0,0.5147457122802734,7
Vanilla-RWR,A2_etl_logic_error,medium,15,ETL_FX_STOCK_5_PRICE,REPORT_LIMIT,44,0,0,0,0.022727272727272728,1.0,0.6117820739746094,9
Structural-RWR,A2_etl_logic_error,medium,15,ETL_FX_STOCK_5_PRICE,REPORT_LIMIT,6,0,0,0,0.16666666666666666,1.0,1.0840892791748047,8
PC+RWR,A2_etl_logic_error,medium,15,ETL_FX_STOCK_5_PRICE,REPORT_LIMIT,6,0,0,0,0.16666666666666666,1.0,5.641937255859375,8
AnomalyOnly,A2_etl_logic_error,medium,15,ETL_FX_STOCK_5_PRICE,REPORT_LIMIT,2,0,1,1,0.5,0.8,0.007867813110351562,1
APA-RCA,A2_etl_logic_error,medium,15,ETL_FX_STOCK_5_PRICE,REPORT_LIMIT,3,0,1,1,0.3333333333333333,0.8,0.6110668182373047,9
APA-RCA-v2,A2_etl_logic_error,medium,15,ETL_FX_STOCK_5_PRICE,REPORT_LIMIT,3,0,1,1,0.3333333333333333,0.8,0.6511211395263672,9
APA-RCA-v3,A2_etl_logic_error,medium,15,ETL_FX_STOCK_5_PRICE,REPORT_LIMIT,3,0,1,1,0.3333333333333333,0.8,0.6318092346191406,9
Schema-Constraint,A2_etl_logic_error,medium,15,ETL_FX_STOCK_5_PRICE,REPORT_LIMIT,30,0,0,0,0.03333333333333333,1.0,0.0,0
BFS,A2_etl_logic_error,medium,16,ETL_FX_STOCK_3_PRICE,REPORT_LIMIT,14,0,0,0,0.07142857142857142,1.0,0.57220458984375,7
Vanilla-RWR,A2_etl_logic_error,medium,16,ETL_FX_STOCK_3_PRICE,REPORT_LIMIT,42,0,0,0,0.023809523809523808,1.0,0.6227493286132812,9
Structural-RWR,A2_etl_logic_error,medium,16,ETL_FX_STOCK_3_PRICE,REPORT_LIMIT,7,0,0,0,0.14285714285714285,1.0,0.6258487701416016,8
PC+RWR,A2_etl_logic_error,medium,16,ETL_FX_STOCK_3_PRICE,REPORT_LIMIT,7,0,0,0,0.14285714285714285,1.0,5.943059921264648,8
AnomalyOnly,A2_etl_logic_error,medium,16,ETL_FX_STOCK_3_PRICE,REPORT_LIMIT,1,1,1,1,1.0,0.8,0.0069141387939453125,1
APA-RCA,A2_etl_logic_error,medium,16,ETL_FX_STOCK_3_PRICE,REPORT_LIMIT,2,0,1,1,0.5,0.8,0.6248950958251953,9
APA-RCA-v2,A2_etl_logic_error,medium,16,ETL_FX_STOCK_3_PRICE,REPORT_LIMIT,1,1,1,1,1.0,0.8,0.6630420684814453,9
APA-RCA-v3,A2_etl_logic_error,medium,16,ETL_FX_STOCK_3_PRICE,REPORT_LIMIT,1,1,1,1,1.0,0.8,0.6430149078369141,9
Schema-Constraint,A2_etl_logic_error,medium,16,ETL_FX_STOCK_3_PRICE,REPORT_LIMIT,28,0,0,0,0.03571428571428571,1.0,0.0,0
BFS,A2_etl_logic_error,medium,17,ETL_FX_STOCK_4_PRICE,REPORT_LIMIT,14,0,0,0,0.07142857142857142,1.0,0.5629062652587891,7
Vanilla-RWR,A2_etl_logic_error,medium,17,ETL_FX_STOCK_4_PRICE,REPORT_LIMIT,43,0,0,0,0.023255813953488372,1.0,0.6210803985595703,9
Structural-RWR,A2_etl_logic_error,medium,17,ETL_FX_STOCK_4_PRICE,REPORT_LIMIT,10,0,0,0,0.1,1.0,0.6299018859863281,8
PC+RWR,A2_etl_logic_error,medium,17,ETL_FX_STOCK_4_PRICE,REPORT_LIMIT,10,0,0,0,0.1,1.0,5.9051513671875,8
AnomalyOnly,A2_etl_logic_error,medium,17,ETL_FX_STOCK_4_PRICE,REPORT_LIMIT,2,0,1,1,0.5,0.8,0.007867813110351562,1
APA-RCA,A2_etl_logic_error,medium,17,ETL_FX_STOCK_4_PRICE,REPORT_LIMIT,2,0,1,1,0.5,0.8,0.6330013275146484,9
APA-RCA-v2,A2_etl_logic_error,medium,17,ETL_FX_STOCK_4_PRICE,REPORT_LIMIT,2,0,1,1,0.5,0.8,0.6742477416992188,9
APA-RCA-v3,A2_etl_logic_error,medium,17,ETL_FX_STOCK_4_PRICE,REPORT_LIMIT,2,0,1,1,0.5,0.8,0.6668567657470703,9
Schema-Constraint,A2_etl_logic_error,medium,17,ETL_FX_STOCK_4_PRICE,REPORT_LIMIT,29,0,0,0,0.034482758620689655,1.0,0.0,0
BFS,A2_etl_logic_error,medium,18,ETL_FX_STOCK_5_PRICE,REPORT_LIMIT,14,0,0,0,0.07142857142857142,1.0,0.5729198455810547,7
Vanilla-RWR,A2_etl_logic_error,medium,18,ETL_FX_STOCK_5_PRICE,REPORT_LIMIT,44,0,0,0,0.022727272727272728,1.0,0.6232261657714844,9
Structural-RWR,A2_etl_logic_error,medium,18,ETL_FX_STOCK_5_PRICE,REPORT_LIMIT,11,0,0,0,0.09090909090909091,1.0,0.6299018859863281,8
PC+RWR,A2_etl_logic_error,medium,18,ETL_FX_STOCK_5_PRICE,REPORT_LIMIT,11,0,0,0,0.09090909090909091,1.0,5.939006805419922,8
AnomalyOnly,A2_etl_logic_error,medium,18,ETL_FX_STOCK_5_PRICE,REPORT_LIMIT,2,0,1,1,0.5,0.8,0.009059906005859375,1
APA-RCA,A2_etl_logic_error,medium,18,ETL_FX_STOCK_5_PRICE,REPORT_LIMIT,2,0,1,1,0.5,0.8,0.6301403045654297,9
APA-RCA-v2,A2_etl_logic_error,medium,18,ETL_FX_STOCK_5_PRICE,REPORT_LIMIT,2,0,1,1,0.5,0.8,0.6659030914306641,9
APA-RCA-v3,A2_etl_logic_error,medium,18,ETL_FX_STOCK_5_PRICE,REPORT_LIMIT,2,0,1,1,0.5,0.8,0.6470680236816406,9
Schema-Constraint,A2_etl_logic_error,medium,18,ETL_FX_STOCK_5_PRICE,REPORT_LIMIT,30,0,0,0,0.03333333333333333,1.0,0.0,0
BFS,A2_etl_logic_error,medium,19,ETL_FX_STOCK_3_PRICE,REPORT_LIMIT,15,0,0,0,0.06666666666666667,1.0,0.5710124969482422,7
Vanilla-RWR,A2_etl_logic_error,medium,19,ETL_FX_STOCK_3_PRICE,REPORT_LIMIT,42,0,0,0,0.023809523809523808,1.0,0.6258487701416016,9
Structural-RWR,A2_etl_logic_error,medium,19,ETL_FX_STOCK_3_PRICE,REPORT_LIMIT,11,0,0,0,0.09090909090909091,1.0,0.6420612335205078,8
PC+RWR,A2_etl_logic_error,medium,19,ETL_FX_STOCK_3_PRICE,REPORT_LIMIT,11,0,0,0,0.09090909090909091,1.0,5.934953689575195,8
AnomalyOnly,A2_etl_logic_error,medium,19,ETL_FX_STOCK_3_PRICE,REPORT_LIMIT,5,0,0,1,0.2,0.8,0.007867813110351562,1
APA-RCA,A2_etl_logic_error,medium,19,ETL_FX_STOCK_3_PRICE,REPORT_LIMIT,3,0,1,1,0.3333333333333333,0.8,0.6279945373535156,9
APA-RCA-v2,A2_etl_logic_error,medium,19,ETL_FX_STOCK_3_PRICE,REPORT_LIMIT,2,0,1,1,0.5,0.8,0.6809234619140625,9
APA-RCA-v3,A2_etl_logic_error,medium,19,ETL_FX_STOCK_3_PRICE,REPORT_LIMIT,2,0,1,1,0.5,0.8,0.6549358367919922,9
Schema-Constraint,A2_etl_logic_error,medium,19,ETL_FX_STOCK_3_PRICE,REPORT_LIMIT,28,0,0,0,0.03571428571428571,1.0,0.0,0
BFS,A2_etl_logic_error,medium,20,ETL_FX_STOCK_5_PRICE,REPORT_LIMIT,14,0,0,0,0.07142857142857142,1.0,0.576019287109375,7
Vanilla-RWR,A2_etl_logic_error,medium,20,ETL_FX_STOCK_5_PRICE,REPORT_LIMIT,44,0,0,0,0.022727272727272728,1.0,0.6239414215087891,9
Structural-RWR,A2_etl_logic_error,medium,20,ETL_FX_STOCK_5_PRICE,REPORT_LIMIT,9,0,0,0,0.1111111111111111,1.0,0.6306171417236328,8
PC+RWR,A2_etl_logic_error,medium,20,ETL_FX_STOCK_5_PRICE,REPORT_LIMIT,9,0,0,0,0.1111111111111111,1.0,5.923748016357422,8
AnomalyOnly,A2_etl_logic_error,medium,20,ETL_FX_STOCK_5_PRICE,REPORT_LIMIT,3,0,1,1,0.3333333333333333,0.8,0.008344650268554688,1
APA-RCA,A2_etl_logic_error,medium,20,ETL_FX_STOCK_5_PRICE,REPORT_LIMIT,2,0,1,1,0.5,0.8,0.6320476531982422,9
APA-RCA-v2,A2_etl_logic_error,medium,20,ETL_FX_STOCK_5_PRICE,REPORT_LIMIT,2,0,1,1,0.5,0.8,1.0461807250976562,9
APA-RCA-v3,A2_etl_logic_error,medium,20,ETL_FX_STOCK_5_PRICE,REPORT_LIMIT,2,0,1,1,0.5,0.8,0.6451606750488281,9
Schema-Constraint,A2_etl_logic_error,medium,20,ETL_FX_STOCK_5_PRICE,REPORT_LIMIT,30,0,0,0,0.03333333333333333,1.0,0.0,0
BFS,A2_etl_logic_error,medium,21,ETL_FX_STOCK_2_PRICE,REPORT_LIMIT,14,0,0,0,0.07142857142857142,1.0,0.5719661712646484,7
Vanilla-RWR,A2_etl_logic_error,medium,21,ETL_FX_STOCK_2_PRICE,REPORT_LIMIT,41,0,0,0,0.024390243902439025,1.0,0.6289482116699219,9
Structural-RWR,A2_etl_logic_error,medium,21,ETL_FX_STOCK_2_PRICE,REPORT_LIMIT,13,0,0,0,0.07692307692307693,1.0,0.6310939788818359,8
PC+RWR,A2_etl_logic_error,medium,21,ETL_FX_STOCK_2_PRICE,REPORT_LIMIT,13,0,0,0,0.07692307692307693,1.0,5.973100662231445,8
AnomalyOnly,A2_etl_logic_error,medium,21,ETL_FX_STOCK_2_PRICE,REPORT_LIMIT,1,1,1,1,1.0,0.8,0.007867813110351562,1
APA-RCA,A2_etl_logic_error,medium,21,ETL_FX_STOCK_2_PRICE,REPORT_LIMIT,2,0,1,1,0.5,0.8,0.6291866302490234,9
APA-RCA-v2,A2_etl_logic_error,medium,21,ETL_FX_STOCK_2_PRICE,REPORT_LIMIT,2,0,1,1,0.5,0.8,0.6721019744873047,9
APA-RCA-v3,A2_etl_logic_error,medium,21,ETL_FX_STOCK_2_PRICE,REPORT_LIMIT,2,0,1,1,0.5,0.8,0.6601810455322266,9
Schema-Constraint,A2_etl_logic_error,medium,21,ETL_FX_STOCK_2_PRICE,REPORT_LIMIT,27,0,0,0,0.037037037037037035,1.0,0.0,0
BFS,A2_etl_logic_error,medium,22,ETL_FX_STOCK_4_PRICE,REPORT_LIMIT,14,0,0,0,0.07142857142857142,1.0,0.5638599395751953,7
Vanilla-RWR,A2_etl_logic_error,medium,22,ETL_FX_STOCK_4_PRICE,REPORT_LIMIT,43,0,0,0,0.023255813953488372,1.0,0.6201267242431641,9
Structural-RWR,A2_etl_logic_error,medium,22,ETL_FX_STOCK_4_PRICE,REPORT_LIMIT,9,0,0,0,0.1111111111111111,1.0,0.6210803985595703,8
PC+RWR,A2_etl_logic_error,medium,22,ETL_FX_STOCK_4_PRICE,REPORT_LIMIT,9,0,0,0,0.1111111111111111,1.0,5.949258804321289,8
AnomalyOnly,A2_etl_logic_error,medium,22,ETL_FX_STOCK_4_PRICE,REPORT_LIMIT,2,0,1,1,0.5,0.8,0.007867813110351562,1
APA-RCA,A2_etl_logic_error,medium,22,ETL_FX_STOCK_4_PRICE,REPORT_LIMIT,2,0,1,1,0.5,0.8,0.6229877471923828,9
APA-RCA-v2,A2_etl_logic_error,medium,22,ETL_FX_STOCK_4_PRICE,REPORT_LIMIT,2,0,1,1,0.5,0.8,0.6628036499023438,9
APA-RCA-v3,A2_etl_logic_error,medium,22,ETL_FX_STOCK_4_PRICE,REPORT_LIMIT,2,0,1,1,0.5,0.8,0.6451606750488281,9
Schema-Constraint,A2_etl_logic_error,medium,22,ETL_FX_STOCK_4_PRICE,REPORT_LIMIT,29,0,0,0,0.034482758620689655,1.0,0.0,0
BFS,A2_etl_logic_error,medium,23,ETL_FX_STOCK_1_PRICE,REPORT_LIMIT,14,0,0,0,0.07142857142857142,1.0,0.5660057067871094,7
Vanilla-RWR,A2_etl_logic_error,medium,23,ETL_FX_STOCK_1_PRICE,REPORT_LIMIT,40,0,0,0,0.025,1.0,0.6170272827148438,9
Structural-RWR,A2_etl_logic_error,medium,23,ETL_FX_STOCK_1_PRICE,REPORT_LIMIT,8,0,0,0,0.125,1.0,0.6289482116699219,8
PC+RWR,A2_etl_logic_error,medium,23,ETL_FX_STOCK_1_PRICE,REPORT_LIMIT,8,0,0,0,0.125,1.0,5.759954452514648,8
AnomalyOnly,A2_etl_logic_error,medium,23,ETL_FX_STOCK_1_PRICE,REPORT_LIMIT,2,0,1,1,0.5,0.8,0.008106231689453125,1
APA-RCA,A2_etl_logic_error,medium,23,ETL_FX_STOCK_1_PRICE,REPORT_LIMIT,3,0,1,1,0.3333333333333333,0.8,0.6289482116699219,9
APA-RCA-v2,A2_etl_logic_error,medium,23,ETL_FX_STOCK_1_PRICE,REPORT_LIMIT,2,0,1,1,0.5,0.8,0.6711483001708984,9
APA-RCA-v3,A2_etl_logic_error,medium,23,ETL_FX_STOCK_1_PRICE,REPORT_LIMIT,2,0,1,1,0.5,0.8,0.6546974182128906,9
Schema-Constraint,A2_etl_logic_error,medium,23,ETL_FX_STOCK_1_PRICE,REPORT_LIMIT,26,0,0,0,0.038461538461538464,1.0,0.0,0
BFS,A2_etl_logic_error,medium,24,ETL_FX_STOCK_2_PRICE,REPORT_LIMIT,14,0,0,0,0.07142857142857142,1.0,0.5617141723632812,7
Vanilla-RWR,A2_etl_logic_error,medium,24,ETL_FX_STOCK_2_PRICE,REPORT_LIMIT,41,0,0,0,0.024390243902439025,1.0,0.61798095703125,9
Structural-RWR,A2_etl_logic_error,medium,24,ETL_FX_STOCK_2_PRICE,REPORT_LIMIT,10,0,0,0,0.1,1.0,0.6122589111328125,8
PC+RWR,A2_etl_logic_error,medium,24,ETL_FX_STOCK_2_PRICE,REPORT_LIMIT,10,0,0,0,0.1,1.0,5.697965621948242,8
AnomalyOnly,A2_etl_logic_error,medium,24,ETL_FX_STOCK_2_PRICE,REPORT_LIMIT,3,0,1,1,0.3333333333333333,0.8,0.008106231689453125,1
APA-RCA,A2_etl_logic_error,medium,24,ETL_FX_STOCK_2_PRICE,REPORT_LIMIT,2,0,1,1,0.5,0.8,0.6132125854492188,9
APA-RCA-v2,A2_etl_logic_error,medium,24,ETL_FX_STOCK_2_PRICE,REPORT_LIMIT,2,0,1,1,0.5,0.8,0.6420612335205078,9
APA-RCA-v3,A2_etl_logic_error,medium,24,ETL_FX_STOCK_2_PRICE,REPORT_LIMIT,2,0,1,1,0.5,0.8,0.6291866302490234,9
Schema-Constraint,A2_etl_logic_error,medium,24,ETL_FX_STOCK_2_PRICE,REPORT_LIMIT,27,0,0,0,0.037037037037037035,1.0,0.0,0
BFS,A2_etl_logic_error,medium,25,ETL_FX_STOCK_3_PRICE,REPORT_LIMIT,14,0,0,0,0.07142857142857142,1.0,0.5230903625488281,7
Vanilla-RWR,A2_etl_logic_error,medium,25,ETL_FX_STOCK_3_PRICE,REPORT_LIMIT,42,0,0,0,0.023809523809523808,1.0,0.6022453308105469,9
Structural-RWR,A2_etl_logic_error,medium,25,ETL_FX_STOCK_3_PRICE,REPORT_LIMIT,15,0,0,0,0.06666666666666667,1.0,0.6110668182373047,8
PC+RWR,A2_etl_logic_error,medium,25,ETL_FX_STOCK_3_PRICE,REPORT_LIMIT,15,0,0,0,0.06666666666666667,1.0,5.656957626342773,8
AnomalyOnly,A2_etl_logic_error,medium,25,ETL_FX_STOCK_3_PRICE,REPORT_LIMIT,4,0,0,1,0.25,0.8,0.008344650268554688,1
APA-RCA,A2_etl_logic_error,medium,25,ETL_FX_STOCK_3_PRICE,REPORT_LIMIT,2,0,1,1,0.5,0.8,0.6120204925537109,9
APA-RCA-v2,A2_etl_logic_error,medium,25,ETL_FX_STOCK_3_PRICE,REPORT_LIMIT,2,0,1,1,0.5,0.8,0.6439685821533203,9
APA-RCA-v3,A2_etl_logic_error,medium,25,ETL_FX_STOCK_3_PRICE,REPORT_LIMIT,2,0,1,1,0.5,0.8,0.8912086486816406,9
Schema-Constraint,A2_etl_logic_error,medium,25,ETL_FX_STOCK_3_PRICE,REPORT_LIMIT,28,0,0,0,0.03571428571428571,1.0,0.0,0
BFS,A2_etl_logic_error,medium,26,ETL_FX_STOCK_5_PRICE,REPORT_LIMIT,14,0,0,0,0.07142857142857142,1.0,0.5669593811035156,7
Vanilla-RWR,A2_etl_logic_error,medium,26,ETL_FX_STOCK_5_PRICE,REPORT_LIMIT,44,0,0,0,0.022727272727272728,1.0,0.6020069122314453,9
Structural-RWR,A2_etl_logic_error,medium,26,ETL_FX_STOCK_5_PRICE,REPORT_LIMIT,13,0,0,0,0.07692307692307693,1.0,0.6129741668701172,8
PC+RWR,A2_etl_logic_error,medium,26,ETL_FX_STOCK_5_PRICE,REPORT_LIMIT,13,0,0,0,0.07692307692307693,1.0,5.679130554199219,8
AnomalyOnly,A2_etl_logic_error,medium,26,ETL_FX_STOCK_5_PRICE,REPORT_LIMIT,3,0,1,1,0.3333333333333333,0.8,0.007867813110351562,1
APA-RCA,A2_etl_logic_error,medium,26,ETL_FX_STOCK_5_PRICE,REPORT_LIMIT,2,0,1,1,0.5,0.8,0.6148815155029297,9
APA-RCA-v2,A2_etl_logic_error,medium,26,ETL_FX_STOCK_5_PRICE,REPORT_LIMIT,2,0,1,1,0.5,0.8,0.6601810455322266,9
APA-RCA-v3,A2_etl_logic_error,medium,26,ETL_FX_STOCK_5_PRICE,REPORT_LIMIT,2,0,1,1,0.5,0.8,0.6299018859863281,9
Schema-Constraint,A2_etl_logic_error,medium,26,ETL_FX_STOCK_5_PRICE,REPORT_LIMIT,30,0,0,0,0.03333333333333333,1.0,0.0,0
BFS,A2_etl_logic_error,medium,27,ETL_FX_STOCK_1_PRICE,REPORT_LIMIT,14,0,0,0,0.07142857142857142,1.0,0.5428791046142578,7
Vanilla-RWR,A2_etl_logic_error,medium,27,ETL_FX_STOCK_1_PRICE,REPORT_LIMIT,40,0,0,0,0.025,1.0,0.6039142608642578,9
Structural-RWR,A2_etl_logic_error,medium,27,ETL_FX_STOCK_1_PRICE,REPORT_LIMIT,10,0,0,0,0.1,1.0,0.6158351898193359,8
PC+RWR,A2_etl_logic_error,medium,27,ETL_FX_STOCK_1_PRICE,REPORT_LIMIT,10,0,0,0,0.1,1.0,5.702733993530273,8
AnomalyOnly,A2_etl_logic_error,medium,27,ETL_FX_STOCK_1_PRICE,REPORT_LIMIT,2,0,1,1,0.5,0.8,0.008106231689453125,1
APA-RCA,A2_etl_logic_error,medium,27,ETL_FX_STOCK_1_PRICE,REPORT_LIMIT,3,0,1,1,0.3333333333333333,0.8,0.6101131439208984,9
APA-RCA-v2,A2_etl_logic_error,medium,27,ETL_FX_STOCK_1_PRICE,REPORT_LIMIT,3,0,1,1,0.3333333333333333,0.8,0.6480216979980469,9
APA-RCA-v3,A2_etl_logic_error,medium,27,ETL_FX_STOCK_1_PRICE,REPORT_LIMIT,3,0,1,1,0.3333333333333333,0.8,0.6337165832519531,9
Schema-Constraint,A2_etl_logic_error,medium,27,ETL_FX_STOCK_1_PRICE,REPORT_LIMIT,26,0,0,0,0.038461538461538464,1.0,0.0,0
BFS,A2_etl_logic_error,medium,28,ETL_FX_STOCK_4_PRICE,REPORT_LIMIT,14,0,0,0,0.07142857142857142,1.0,0.5657672882080078,7
Vanilla-RWR,A2_etl_logic_error,medium,28,ETL_FX_STOCK_4_PRICE,REPORT_LIMIT,43,0,0,0,0.023255813953488372,1.0,0.6058216094970703,9
Structural-RWR,A2_etl_logic_error,medium,28,ETL_FX_STOCK_4_PRICE,REPORT_LIMIT,9,0,0,0,0.1111111111111111,1.0,0.6189346313476562,8
PC+RWR,A2_etl_logic_error,medium,28,ETL_FX_STOCK_4_PRICE,REPORT_LIMIT,9,0,0,0,0.1111111111111111,1.0,5.648136138916016,8
AnomalyOnly,A2_etl_logic_error,medium,28,ETL_FX_STOCK_4_PRICE,REPORT_LIMIT,1,1,1,1,1.0,0.8,0.0069141387939453125,1
APA-RCA,A2_etl_logic_error,medium,28,ETL_FX_STOCK_4_PRICE,REPORT_LIMIT,2,0,1,1,0.5,0.8,0.6139278411865234,9
APA-RCA-v2,A2_etl_logic_error,medium,28,ETL_FX_STOCK_4_PRICE,REPORT_LIMIT,2,0,1,1,0.5,0.8,0.6458759307861328,9
APA-RCA-v3,A2_etl_logic_error,medium,28,ETL_FX_STOCK_4_PRICE,REPORT_LIMIT,2,0,1,1,0.5,0.8,0.904083251953125,9
Schema-Constraint,A2_etl_logic_error,medium,28,ETL_FX_STOCK_4_PRICE,REPORT_LIMIT,29,0,0,0,0.034482758620689655,1.0,0.0,0
BFS,A2_etl_logic_error,medium,29,ETL_FX_STOCK_5_PRICE,REPORT_LIMIT,14,0,0,0,0.07142857142857142,1.0,0.5669593811035156,7
Vanilla-RWR,A2_etl_logic_error,medium,29,ETL_FX_STOCK_5_PRICE,REPORT_LIMIT,44,0,0,0,0.022727272727272728,1.0,0.6020069122314453,9
Structural-RWR,A2_etl_logic_error,medium,29,ETL_FX_STOCK_5_PRICE,REPORT_LIMIT,7,0,0,0,0.14285714285714285,1.0,0.6310939788818359,8
PC+RWR,A2_etl_logic_error,medium,29,ETL_FX_STOCK_5_PRICE,REPORT_LIMIT,7,0,0,0,0.14285714285714285,1.0,5.5942535400390625,8
AnomalyOnly,A2_etl_logic_error,medium,29,ETL_FX_STOCK_5_PRICE,REPORT_LIMIT,3,0,1,1,0.3333333333333333,0.8,0.007867813110351562,1
APA-RCA,A2_etl_logic_error,medium,29,ETL_FX_STOCK_5_PRICE,REPORT_LIMIT,2,0,1,1,0.5,0.8,0.6139278411865234,9
APA-RCA-v2,A2_etl_logic_error,medium,29,ETL_FX_STOCK_5_PRICE,REPORT_LIMIT,2,0,1,1,0.5,0.8,0.6542205810546875,9
APA-RCA-v3,A2_etl_logic_error,medium,29,ETL_FX_STOCK_5_PRICE,REPORT_LIMIT,2,0,1,1,0.5,0.8,0.6339550018310547,9
Schema-Constraint,A2_etl_logic_error,medium,29,ETL_FX_STOCK_5_PRICE,REPORT_LIMIT,30,0,0,0,0.03333333333333333,1.0,0.0,0
BFS,A3_feature_calc_error,medium,0,FEAT_VOL20_STOCK_5_PRICE,REPORT_LIMIT,3,0,1,1,0.3333333333333333,0.8,0.5571842193603516,7
Vanilla-RWR,A3_feature_calc_error,medium,0,FEAT_VOL20_STOCK_5_PRICE,REPORT_LIMIT,7,0,0,0,0.14285714285714285,1.0,0.6108283996582031,9
Structural-RWR,A3_feature_calc_error,medium,0,FEAT_VOL20_STOCK_5_PRICE,REPORT_LIMIT,13,0,0,0,0.07692307692307693,1.0,0.6098747253417969,8
PC+RWR,A3_feature_calc_error,medium,0,FEAT_VOL20_STOCK_5_PRICE,REPORT_LIMIT,13,0,0,0,0.07692307692307693,1.0,5.72514533996582,8
AnomalyOnly,A3_feature_calc_error,medium,0,FEAT_VOL20_STOCK_5_PRICE,REPORT_LIMIT,1,1,1,1,1.0,0.8,0.008106231689453125,1
APA-RCA,A3_feature_calc_error,medium,0,FEAT_VOL20_STOCK_5_PRICE,REPORT_LIMIT,1,1,1,1,1.0,0.8,0.6117820739746094,9
APA-RCA-v2,A3_feature_calc_error,medium,0,FEAT_VOL20_STOCK_5_PRICE,REPORT_LIMIT,1,1,1,1,1.0,0.8,0.6589889526367188,9
APA-RCA-v3,A3_feature_calc_error,medium,0,FEAT_VOL20_STOCK_5_PRICE,REPORT_LIMIT,1,1,1,1,1.0,0.8,0.6301403045654297,9
Schema-Constraint,A3_feature_calc_error,medium,0,FEAT_VOL20_STOCK_5_PRICE,REPORT_LIMIT,45,0,0,0,0.022222222222222223,1.0,0.0,0
BFS,A3_feature_calc_error,medium,1,FEAT_VOL20_STOCK_3_PRICE,REPORT_LIMIT,3,0,1,1,0.3333333333333333,0.8,0.5598068237304688,7
Vanilla-RWR,A3_feature_calc_error,medium,1,FEAT_VOL20_STOCK_3_PRICE,REPORT_LIMIT,5,0,0,1,0.2,0.8,0.6139278411865234,9
Structural-RWR,A3_feature_calc_error,medium,1,FEAT_VOL20_STOCK_3_PRICE,REPORT_LIMIT,18,0,0,0,0.05555555555555555,1.0,0.6079673767089844,8
PC+RWR,A3_feature_calc_error,medium,1,FEAT_VOL20_STOCK_3_PRICE,REPORT_LIMIT,18,0,0,0,0.05555555555555555,1.0,5.659818649291992,8
AnomalyOnly,A3_feature_calc_error,medium,1,FEAT_VOL20_STOCK_3_PRICE,REPORT_LIMIT,1,1,1,1,1.0,0.8,0.007867813110351562,1
APA-RCA,A3_feature_calc_error,medium,1,FEAT_VOL20_STOCK_3_PRICE,REPORT_LIMIT,1,1,1,1,1.0,0.8,0.6341934204101562,9
APA-RCA-v2,A3_feature_calc_error,medium,1,FEAT_VOL20_STOCK_3_PRICE,REPORT_LIMIT,1,1,1,1,1.0,0.8,0.6537437438964844,9
APA-RCA-v3,A3_feature_calc_error,medium,1,FEAT_VOL20_STOCK_3_PRICE,REPORT_LIMIT,1,1,1,1,1.0,0.8,0.9121894836425781,9
Schema-Constraint,A3_feature_calc_error,medium,1,FEAT_VOL20_STOCK_3_PRICE,REPORT_LIMIT,43,0,0,0,0.023255813953488372,1.0,0.0,0
BFS,A3_feature_calc_error,medium,2,FEAT_VOL20_STOCK_5_PRICE,REPORT_LIMIT,3,0,1,1,0.3333333333333333,0.8,0.5769729614257812,7
Vanilla-RWR,A3_feature_calc_error,medium,2,FEAT_VOL20_STOCK_5_PRICE,REPORT_LIMIT,7,0,0,0,0.14285714285714285,1.0,0.6089210510253906,9
Structural-RWR,A3_feature_calc_error,medium,2,FEAT_VOL20_STOCK_5_PRICE,REPORT_LIMIT,13,0,0,0,0.07692307692307693,1.0,0.6110668182373047,8
PC+RWR,A3_feature_calc_error,medium,2,FEAT_VOL20_STOCK_5_PRICE,REPORT_LIMIT,13,0,0,0,0.07692307692307693,1.0,5.759000778198242,8
AnomalyOnly,A3_feature_calc_error,medium,2,FEAT_VOL20_STOCK_5_PRICE,REPORT_LIMIT,1,1,1,1,1.0,0.8,0.008106231689453125,1
APA-RCA,A3_feature_calc_error,medium,2,FEAT_VOL20_STOCK_5_PRICE,REPORT_LIMIT,1,1,1,1,1.0,0.8,0.6117820739746094,9
APA-RCA-v2,A3_feature_calc_error,medium,2,FEAT_VOL20_STOCK_5_PRICE,REPORT_LIMIT,1,1,1,1,1.0,0.8,0.6489753723144531,9
APA-RCA-v3,A3_feature_calc_error,medium,2,FEAT_VOL20_STOCK_5_PRICE,REPORT_LIMIT,1,1,1,1,1.0,0.8,0.6330013275146484,9
Schema-Constraint,A3_feature_calc_error,medium,2,FEAT_VOL20_STOCK_5_PRICE,REPORT_LIMIT,45,0,0,0,0.022222222222222223,1.0,0.0,0
BFS,A3_feature_calc_error,medium,3,FEAT_VOL20_STOCK_5_PRICE,REPORT_LIMIT,3,0,1,1,0.3333333333333333,0.8,0.5750656127929688,7
Vanilla-RWR,A3_feature_calc_error,medium,3,FEAT_VOL20_STOCK_5_PRICE,REPORT_LIMIT,7,0,0,0,0.14285714285714285,1.0,0.6377696990966797,9
Structural-RWR,A3_feature_calc_error,medium,3,FEAT_VOL20_STOCK_5_PRICE,REPORT_LIMIT,13,0,0,0,0.07692307692307693,1.0,0.6442070007324219,8
PC+RWR,A3_feature_calc_error,medium,3,FEAT_VOL20_STOCK_5_PRICE,REPORT_LIMIT,13,0,0,0,0.07692307692307693,1.0,5.969762802124023,8
AnomalyOnly,A3_feature_calc_error,medium,3,FEAT_VOL20_STOCK_5_PRICE,REPORT_LIMIT,1,1,1,1,1.0,0.8,0.007867813110351562,1
APA-RCA,A3_feature_calc_error,medium,3,FEAT_VOL20_STOCK_5_PRICE,REPORT_LIMIT,1,1,1,1,1.0,0.8,0.6351470947265625,9
APA-RCA-v2,A3_feature_calc_error,medium,3,FEAT_VOL20_STOCK_5_PRICE,REPORT_LIMIT,2,0,1,1,0.5,0.8,0.6740093231201172,9
APA-RCA-v3,A3_feature_calc_error,medium,3,FEAT_VOL20_STOCK_5_PRICE,REPORT_LIMIT,2,0,1,1,0.5,0.8,0.6561279296875,9
Schema-Constraint,A3_feature_calc_error,medium,3,FEAT_VOL20_STOCK_5_PRICE,REPORT_LIMIT,45,0,0,0,0.022222222222222223,1.0,0.0,0
BFS,A3_feature_calc_error,medium,4,FEAT_VOL20_STOCK_4_PRICE,REPORT_LIMIT,3,0,1,1,0.3333333333333333,0.8,0.5660057067871094,7
Vanilla-RWR,A3_feature_calc_error,medium,4,FEAT_VOL20_STOCK_4_PRICE,REPORT_LIMIT,6,0,0,0,0.16666666666666666,1.0,0.6210803985595703,9
Structural-RWR,A3_feature_calc_error,medium,4,FEAT_VOL20_STOCK_4_PRICE,REPORT_LIMIT,18,0,0,0,0.05555555555555555,1.0,0.6239414215087891,8
PC+RWR,A3_feature_calc_error,medium,4,FEAT_VOL20_STOCK_4_PRICE,REPORT_LIMIT,18,0,0,0,0.05555555555555555,1.0,5.836009979248047,8
AnomalyOnly,A3_feature_calc_error,medium,4,FEAT_VOL20_STOCK_4_PRICE,REPORT_LIMIT,1,1,1,1,1.0,0.8,0.007867813110351562,1
APA-RCA,A3_feature_calc_error,medium,4,FEAT_VOL20_STOCK_4_PRICE,REPORT_LIMIT,1,1,1,1,1.0,0.8,0.6167888641357422,9
APA-RCA-v2,A3_feature_calc_error,medium,4,FEAT_VOL20_STOCK_4_PRICE,REPORT_LIMIT,3,0,1,1,0.3333333333333333,0.8,0.6539821624755859,9
APA-RCA-v3,A3_feature_calc_error,medium,4,FEAT_VOL20_STOCK_4_PRICE,REPORT_LIMIT,3,0,1,1,0.3333333333333333,0.8,0.6339550018310547,9
Schema-Constraint,A3_feature_calc_error,medium,4,FEAT_VOL20_STOCK_4_PRICE,REPORT_LIMIT,44,0,0,0,0.022727272727272728,1.0,0.0,0
BFS,A3_feature_calc_error,medium,5,FEAT_VOL20_STOCK_4_PRICE,REPORT_LIMIT,3,0,1,1,0.3333333333333333,0.8,0.5407333374023438,7
Vanilla-RWR,A3_feature_calc_error,medium,5,FEAT_VOL20_STOCK_4_PRICE,REPORT_LIMIT,6,0,0,0,0.16666666666666666,1.0,0.6117820739746094,9
Structural-RWR,A3_feature_calc_error,medium,5,FEAT_VOL20_STOCK_4_PRICE,REPORT_LIMIT,15,0,0,0,0.06666666666666667,1.0,0.6189346313476562,8
PC+RWR,A3_feature_calc_error,medium,5,FEAT_VOL20_STOCK_4_PRICE,REPORT_LIMIT,15,0,0,0,0.06666666666666667,1.0,5.68389892578125,8
AnomalyOnly,A3_feature_calc_error,medium,5,FEAT_VOL20_STOCK_4_PRICE,REPORT_LIMIT,2,0,1,1,0.5,0.8,0.007152557373046875,1
APA-RCA,A3_feature_calc_error,medium,5,FEAT_VOL20_STOCK_4_PRICE,REPORT_LIMIT,1,1,1,1,1.0,0.8,0.6279945373535156,9
APA-RCA-v2,A3_feature_calc_error,medium,5,FEAT_VOL20_STOCK_4_PRICE,REPORT_LIMIT,2,0,1,1,0.5,0.8,0.6501674652099609,9
APA-RCA-v3,A3_feature_calc_error,medium,5,FEAT_VOL20_STOCK_4_PRICE,REPORT_LIMIT,2,0,1,1,0.5,0.8,0.6349086761474609,9
Schema-Constraint,A3_feature_calc_error,medium,5,FEAT_VOL20_STOCK_4_PRICE,REPORT_LIMIT,44,0,0,0,0.022727272727272728,1.0,0.0,0
BFS,A3_feature_calc_error,medium,6,FEAT_VOL20_STOCK_3_PRICE,REPORT_LIMIT,3,0,1,1,0.3333333333333333,0.8,0.5450248718261719,7
Vanilla-RWR,A3_feature_calc_error,medium,6,FEAT_VOL20_STOCK_3_PRICE,REPORT_LIMIT,5,0,0,1,0.2,0.8,0.6139278411865234,9
Structural-RWR,A3_feature_calc_error,medium,6,FEAT_VOL20_STOCK_3_PRICE,REPORT_LIMIT,13,0,0,0,0.07692307692307693,1.0,0.61798095703125,8
PC+RWR,A3_feature_calc_error,medium,6,FEAT_VOL20_STOCK_3_PRICE,REPORT_LIMIT,13,0,0,0,0.07692307692307693,1.0,5.735158920288086,8
AnomalyOnly,A3_feature_calc_error,medium,6,FEAT_VOL20_STOCK_3_PRICE,REPORT_LIMIT,1,1,1,1,1.0,0.8,0.008106231689453125,1
APA-RCA,A3_feature_calc_error,medium,6,FEAT_VOL20_STOCK_3_PRICE,REPORT_LIMIT,1,1,1,1,1.0,0.8,0.61798095703125,9
APA-RCA-v2,A3_feature_calc_error,medium,6,FEAT_VOL20_STOCK_3_PRICE,REPORT_LIMIT,3,0,1,1,0.3333333333333333,0.8,0.6546974182128906,9
APA-RCA-v3,A3_feature_calc_error,medium,6,FEAT_VOL20_STOCK_3_PRICE,REPORT_LIMIT,3,0,1,1,0.3333333333333333,0.8,0.9708404541015625,9
Schema-Constraint,A3_feature_calc_error,medium,6,FEAT_VOL20_STOCK_3_PRICE,REPORT_LIMIT,43,0,0,0,0.023255813953488372,1.0,0.0,0
BFS,A3_feature_calc_error,medium,7,FEAT_VOL20_STOCK_5_PRICE,REPORT_DASHBOARD,4,0,0,1,0.25,0.8,0.5369186401367188,6
Vanilla-RWR,A3_feature_calc_error,medium,7,FEAT_VOL20_STOCK_5_PRICE,REPORT_DASHBOARD,28,0,0,0,0.03571428571428571,1.0,0.6008148193359375,9
Structural-RWR,A3_feature_calc_error,medium,7,FEAT_VOL20_STOCK_5_PRICE,REPORT_DASHBOARD,16,0,0,0,0.0625,1.0,0.6229877471923828,8
PC+RWR,A3_feature_calc_error,medium,7,FEAT_VOL20_STOCK_5_PRICE,REPORT_DASHBOARD,16,0,0,0,0.0625,1.0,5.659818649291992,8
AnomalyOnly,A3_feature_calc_error,medium,7,FEAT_VOL20_STOCK_5_PRICE,REPORT_DASHBOARD,1,1,1,1,1.0,0.8,0.007867813110351562,1
APA-RCA,A3_feature_calc_error,medium,7,FEAT_VOL20_STOCK_5_PRICE,REPORT_DASHBOARD,1,1,1,1,1.0,0.8,0.6101131439208984,9
APA-RCA-v2,A3_feature_calc_error,medium,7,FEAT_VOL20_STOCK_5_PRICE,REPORT_DASHBOARD,2,0,1,1,0.5,0.8,0.6451606750488281,9
APA-RCA-v3,A3_feature_calc_error,medium,7,FEAT_VOL20_STOCK_5_PRICE,REPORT_DASHBOARD,2,0,1,1,0.5,0.8,0.6320476531982422,9
Schema-Constraint,A3_feature_calc_error,medium,7,FEAT_VOL20_STOCK_5_PRICE,REPORT_DASHBOARD,45,0,0,0,0.022222222222222223,1.0,0.0,0
BFS,A3_feature_calc_error,medium,8,FEAT_VOL20_STOCK_4_PRICE,REPORT_LIMIT,3,0,1,1,0.3333333333333333,0.8,0.5362033843994141,7
Vanilla-RWR,A3_feature_calc_error,medium,8,FEAT_VOL20_STOCK_4_PRICE,REPORT_LIMIT,6,0,0,0,0.16666666666666666,1.0,0.6043910980224609,9
Structural-RWR,A3_feature_calc_error,medium,8,FEAT_VOL20_STOCK_4_PRICE,REPORT_LIMIT,18,0,0,0,0.05555555555555555,1.0,1.0390281677246094,8
PC+RWR,A3_feature_calc_error,medium,8,FEAT_VOL20_STOCK_4_PRICE,REPORT_LIMIT,18,0,0,0,0.05555555555555555,1.0,5.681276321411133,8
AnomalyOnly,A3_feature_calc_error,medium,8,FEAT_VOL20_STOCK_4_PRICE,REPORT_LIMIT,1,1,1,1,1.0,0.8,0.007867813110351562,1
APA-RCA,A3_feature_calc_error,medium,8,FEAT_VOL20_STOCK_4_PRICE,REPORT_LIMIT,1,1,1,1,1.0,0.8,0.6101131439208984,9
APA-RCA-v2,A3_feature_calc_error,medium,8,FEAT_VOL20_STOCK_4_PRICE,REPORT_LIMIT,2,0,1,1,0.5,0.8,0.6470680236816406,9
APA-RCA-v3,A3_feature_calc_error,medium,8,FEAT_VOL20_STOCK_4_PRICE,REPORT_LIMIT,2,0,1,1,0.5,0.8,0.6380081176757812,9
Schema-Constraint,A3_feature_calc_error,medium,8,FEAT_VOL20_STOCK_4_PRICE,REPORT_LIMIT,44,0,0,0,0.022727272727272728,1.0,0.0,0
BFS,A3_feature_calc_error,medium,9,FEAT_VOL20_STOCK_3_PRICE,REPORT_LIMIT,3,0,1,1,0.3333333333333333,0.8,0.5347728729248047,7
Vanilla-RWR,A3_feature_calc_error,medium,9,FEAT_VOL20_STOCK_3_PRICE,REPORT_LIMIT,5,0,0,1,0.2,0.8,0.6082057952880859,9
Structural-RWR,A3_feature_calc_error,medium,9,FEAT_VOL20_STOCK_3_PRICE,REPORT_LIMIT,18,0,0,0,0.05555555555555555,1.0,0.6158351898193359,8
PC+RWR,A3_feature_calc_error,medium,9,FEAT_VOL20_STOCK_3_PRICE,REPORT_LIMIT,18,0,0,0,0.05555555555555555,1.0,5.694150924682617,8
AnomalyOnly,A3_feature_calc_error,medium,9,FEAT_VOL20_STOCK_3_PRICE,REPORT_LIMIT,2,0,1,1,0.5,0.8,0.007867813110351562,1
APA-RCA,A3_feature_calc_error,medium,9,FEAT_VOL20_STOCK_3_PRICE,REPORT_LIMIT,1,1,1,1,1.0,0.8,0.5950927734375,9
APA-RCA-v2,A3_feature_calc_error,medium,9,FEAT_VOL20_STOCK_3_PRICE,REPORT_LIMIT,3,0,1,1,0.3333333333333333,0.8,0.6477832794189453,9
APA-RCA-v3,A3_feature_calc_error,medium,9,FEAT_VOL20_STOCK_3_PRICE,REPORT_LIMIT,3,0,1,1,0.3333333333333333,0.8,0.6248950958251953,9
Schema-Constraint,A3_feature_calc_error,medium,9,FEAT_VOL20_STOCK_3_PRICE,REPORT_LIMIT,43,0,0,0,0.023255813953488372,1.0,0.0,0
BFS,A3_feature_calc_error,medium,10,FEAT_VOL20_STOCK_4_PRICE,REPORT_LIMIT,3,0,1,1,0.3333333333333333,0.8,0.5502700805664062,7
Vanilla-RWR,A3_feature_calc_error,medium,10,FEAT_VOL20_STOCK_4_PRICE,REPORT_LIMIT,6,0,0,0,0.16666666666666666,1.0,0.6170272827148438,9
Structural-RWR,A3_feature_calc_error,medium,10,FEAT_VOL20_STOCK_4_PRICE,REPORT_LIMIT,14,0,0,0,0.07142857142857142,1.0,0.6139278411865234,8
PC+RWR,A3_feature_calc_error,medium,10,FEAT_VOL20_STOCK_4_PRICE,REPORT_LIMIT,14,0,0,0,0.07142857142857142,1.0,5.572080612182617,8
AnomalyOnly,A3_feature_calc_error,medium,10,FEAT_VOL20_STOCK_4_PRICE,REPORT_LIMIT,1,1,1,1,1.0,0.8,0.007867813110351562,1
APA-RCA,A3_feature_calc_error,medium,10,FEAT_VOL20_STOCK_4_PRICE,REPORT_LIMIT,1,1,1,1,1.0,0.8,0.6051063537597656,9
APA-RCA-v2,A3_feature_calc_error,medium,10,FEAT_VOL20_STOCK_4_PRICE,REPORT_LIMIT,1,1,1,1,1.0,0.8,0.6539821624755859,9
APA-RCA-v3,A3_feature_calc_error,medium,10,FEAT_VOL20_STOCK_4_PRICE,REPORT_LIMIT,1,1,1,1,1.0,0.8,0.6358623504638672,9
Schema-Constraint,A3_feature_calc_error,medium,10,FEAT_VOL20_STOCK_4_PRICE,REPORT_LIMIT,44,0,0,0,0.022727272727272728,1.0,0.0,0
BFS,A3_feature_calc_error,medium,11,FEAT_VOL20_STOCK_1_PRICE,REPORT_LIMIT,3,0,1,1,0.3333333333333333,0.8,0.5397796630859375,7
Vanilla-RWR,A3_feature_calc_error,medium,11,FEAT_VOL20_STOCK_1_PRICE,REPORT_LIMIT,3,0,1,1,0.3333333333333333,0.8,0.6110668182373047,9
Structural-RWR,A3_feature_calc_error,medium,11,FEAT_VOL20_STOCK_1_PRICE,REPORT_LIMIT,13,0,0,0,0.07692307692307693,1.0,0.6167888641357422,8
PC+RWR,A3_feature_calc_error,medium,11,FEAT_VOL20_STOCK_1_PRICE,REPORT_LIMIT,13,0,0,0,0.07692307692307693,1.0,5.6819915771484375,8
AnomalyOnly,A3_feature_calc_error,medium,11,FEAT_VOL20_STOCK_1_PRICE,REPORT_LIMIT,1,1,1,1,1.0,0.8,0.007867813110351562,1
APA-RCA,A3_feature_calc_error,medium,11,FEAT_VOL20_STOCK_1_PRICE,REPORT_LIMIT,1,1,1,1,1.0,0.8,0.6477832794189453,9
APA-RCA-v2,A3_feature_calc_error,medium,11,FEAT_VOL20_STOCK_1_PRICE,REPORT_LIMIT,1,1,1,1,1.0,0.8,0.6628036499023438,9
APA-RCA-v3,A3_feature_calc_error,medium,11,FEAT_VOL20_STOCK_1_PRICE,REPORT_LIMIT,1,1,1,1,1.0,0.8,0.6372928619384766,9
Schema-Constraint,A3_feature_calc_error,medium,11,FEAT_VOL20_STOCK_1_PRICE,REPORT_LIMIT,41,0,0,0,0.024390243902439025,1.0,0.0,0
BFS,A3_feature_calc_error,medium,12,FEAT_VOL20_STOCK_4_PRICE,REPORT_LIMIT,3,0,1,1,0.3333333333333333,0.8,0.5562305450439453,7
Vanilla-RWR,A3_feature_calc_error,medium,12,FEAT_VOL20_STOCK_4_PRICE,REPORT_LIMIT,6,0,0,0,0.16666666666666666,1.0,0.61798095703125,9
Structural-RWR,A3_feature_calc_error,medium,12,FEAT_VOL20_STOCK_4_PRICE,REPORT_LIMIT,17,0,0,0,0.058823529411764705,1.0,0.6260871887207031,8
PC+RWR,A3_feature_calc_error,medium,12,FEAT_VOL20_STOCK_4_PRICE,REPORT_LIMIT,17,0,0,0,0.058823529411764705,1.0,5.689859390258789,8
AnomalyOnly,A3_feature_calc_error,medium,12,FEAT_VOL20_STOCK_4_PRICE,REPORT_LIMIT,2,0,1,1,0.5,0.8,0.007867813110351562,1
APA-RCA,A3_feature_calc_error,medium,12,FEAT_VOL20_STOCK_4_PRICE,REPORT_LIMIT,1,1,1,1,1.0,0.8,0.6153583526611328,9
APA-RCA-v2,A3_feature_calc_error,medium,12,FEAT_VOL20_STOCK_4_PRICE,REPORT_LIMIT,2,0,1,1,0.5,0.8,0.6537437438964844,9
APA-RCA-v3,A3_feature_calc_error,medium,12,FEAT_VOL20_STOCK_4_PRICE,REPORT_LIMIT,2,0,1,1,0.5,0.8,0.6432533264160156,9
Schema-Constraint,A3_feature_calc_error,medium,12,FEAT_VOL20_STOCK_4_PRICE,REPORT_LIMIT,44,0,0,0,0.022727272727272728,1.0,0.0,0
BFS,A3_feature_calc_error,medium,13,FEAT_VOL20_STOCK_5_PRICE,REPORT_LIMIT,3,0,1,1,0.3333333333333333,0.8,0.5230903625488281,7
Vanilla-RWR,A3_feature_calc_error,medium,13,FEAT_VOL20_STOCK_5_PRICE,REPORT_LIMIT,7,0,0,0,0.14285714285714285,1.0,0.5991458892822266,9
Structural-RWR,A3_feature_calc_error,medium,13,FEAT_VOL20_STOCK_5_PRICE,REPORT_LIMIT,16,0,0,0,0.0625,1.0,0.6110668182373047,8
PC+RWR,A3_feature_calc_error,medium,13,FEAT_VOL20_STOCK_5_PRICE,REPORT_LIMIT,16,0,0,0,0.0625,1.0,5.67173957824707,8
AnomalyOnly,A3_feature_calc_error,medium,13,FEAT_VOL20_STOCK_5_PRICE,REPORT_LIMIT,2,0,1,1,0.5,0.8,0.007152557373046875,1
APA-RCA,A3_feature_calc_error,medium,13,FEAT_VOL20_STOCK_5_PRICE,REPORT_LIMIT,1,1,1,1,1.0,0.8,0.6251335144042969,9
APA-RCA-v2,A3_feature_calc_error,medium,13,FEAT_VOL20_STOCK_5_PRICE,REPORT_LIMIT,2,0,1,1,0.5,0.8,0.9899139404296875,9
APA-RCA-v3,A3_feature_calc_error,medium,13,FEAT_VOL20_STOCK_5_PRICE,REPORT_LIMIT,2,0,1,1,0.5,0.8,0.637054443359375,9
Schema-Constraint,A3_feature_calc_error,medium,13,FEAT_VOL20_STOCK_5_PRICE,REPORT_LIMIT,45,0,0,0,0.022222222222222223,1.0,0.0,0
BFS,A3_feature_calc_error,medium,14,FEAT_VOL20_STOCK_1_PRICE,REPORT_LIMIT,3,0,1,1,0.3333333333333333,0.8,0.5261898040771484,7
Vanilla-RWR,A3_feature_calc_error,medium,14,FEAT_VOL20_STOCK_1_PRICE,REPORT_LIMIT,3,0,1,1,0.3333333333333333,0.8,0.6051063537597656,9
Structural-RWR,A3_feature_calc_error,medium,14,FEAT_VOL20_STOCK_1_PRICE,REPORT_LIMIT,16,0,0,0,0.0625,1.0,0.6153583526611328,8
PC+RWR,A3_feature_calc_error,medium,14,FEAT_VOL20_STOCK_1_PRICE,REPORT_LIMIT,16,0,0,0,0.0625,1.0,5.844831466674805,8
AnomalyOnly,A3_feature_calc_error,medium,14,FEAT_VOL20_STOCK_1_PRICE,REPORT_LIMIT,2,0,1,1,0.5,0.8,0.008106231689453125,1
APA-RCA,A3_feature_calc_error,medium,14,FEAT_VOL20_STOCK_1_PRICE,REPORT_LIMIT,1,1,1,1,1.0,0.8,0.6582736968994141,9
APA-RCA-v2,A3_feature_calc_error,medium,14,FEAT_VOL20_STOCK_1_PRICE,REPORT_LIMIT,2,0,1,1,0.5,0.8,0.6918907165527344,9
APA-RCA-v3,A3_feature_calc_error,medium,14,FEAT_VOL20_STOCK_1_PRICE,REPORT_LIMIT,2,0,1,1,0.5,0.8,0.6198883056640625,9
Schema-Constraint,A3_feature_calc_error,medium,14,FEAT_VOL20_STOCK_1_PRICE,REPORT_LIMIT,41,0,0,0,0.024390243902439025,1.0,0.0,0
BFS,A3_feature_calc_error,medium,15,FEAT_VOL20_STOCK_5_PRICE,REPORT_LIMIT,3,0,1,1,0.3333333333333333,0.8,0.530242919921875,7
Vanilla-RWR,A3_feature_calc_error,medium,15,FEAT_VOL20_STOCK_5_PRICE,REPORT_LIMIT,7,0,0,0,0.14285714285714285,1.0,0.6067752838134766,9
Structural-RWR,A3_feature_calc_error,medium,15,FEAT_VOL20_STOCK_5_PRICE,REPORT_LIMIT,15,0,0,0,0.06666666666666667,1.0,21.697998046875,8
PC+RWR,A3_feature_calc_error,medium,15,FEAT_VOL20_STOCK_5_PRICE,REPORT_LIMIT,15,0,0,0,0.06666666666666667,1.0,5.70988655090332,8
AnomalyOnly,A3_feature_calc_error,medium,15,FEAT_VOL20_STOCK_5_PRICE,REPORT_LIMIT,2,0,1,1,0.5,0.8,0.009298324584960938,1
APA-RCA,A3_feature_calc_error,medium,15,FEAT_VOL20_STOCK_5_PRICE,REPORT_LIMIT,1,1,1,1,1.0,0.8,0.6279945373535156,9
APA-RCA-v2,A3_feature_calc_error,medium,15,FEAT_VOL20_STOCK_5_PRICE,REPORT_LIMIT,2,0,1,1,0.5,0.8,0.6482601165771484,9
APA-RCA-v3,A3_feature_calc_error,medium,15,FEAT_VOL20_STOCK_5_PRICE,REPORT_LIMIT,2,0,1,1,0.5,0.8,0.6237030029296875,9
Schema-Constraint,A3_feature_calc_error,medium,15,FEAT_VOL20_STOCK_5_PRICE,REPORT_LIMIT,45,0,0,0,0.022222222222222223,1.0,0.0,0
BFS,A3_feature_calc_error,medium,16,FEAT_VOL20_STOCK_3_PRICE,REPORT_LIMIT,3,0,1,1,0.3333333333333333,0.8,0.5559921264648438,7
Vanilla-RWR,A3_feature_calc_error,medium,16,FEAT_VOL20_STOCK_3_PRICE,REPORT_LIMIT,5,0,0,1,0.2,0.8,0.6086826324462891,9
Structural-RWR,A3_feature_calc_error,medium,16,FEAT_VOL20_STOCK_3_PRICE,REPORT_LIMIT,14,0,0,0,0.07142857142857142,1.0,0.6251335144042969,8
PC+RWR,A3_feature_calc_error,medium,16,FEAT_VOL20_STOCK_3_PRICE,REPORT_LIMIT,14,0,0,0,0.07142857142857142,1.0,5.630016326904297,8
AnomalyOnly,A3_feature_calc_error,medium,16,FEAT_VOL20_STOCK_3_PRICE,REPORT_LIMIT,1,1,1,1,1.0,0.8,0.008106231689453125,1
APA-RCA,A3_feature_calc_error,medium,16,FEAT_VOL20_STOCK_3_PRICE,REPORT_LIMIT,1,1,1,1,1.0,0.8,0.6048679351806641,9
APA-RCA-v2,A3_feature_calc_error,medium,16,FEAT_VOL20_STOCK_3_PRICE,REPORT_LIMIT,1,1,1,1,1.0,0.8,0.6420612335205078,9
APA-RCA-v3,A3_feature_calc_error,medium,16,FEAT_VOL20_STOCK_3_PRICE,REPORT_LIMIT,1,1,1,1,1.0,0.8,0.6289482116699219,9
Schema-Constraint,A3_feature_calc_error,medium,16,FEAT_VOL20_STOCK_3_PRICE,REPORT_LIMIT,43,0,0,0,0.023255813953488372,1.0,0.0,0
BFS,A3_feature_calc_error,medium,17,FEAT_VOL20_STOCK_4_PRICE,REPORT_LIMIT,3,0,1,1,0.3333333333333333,0.8,0.5190372467041016,7
Vanilla-RWR,A3_feature_calc_error,medium,17,FEAT_VOL20_STOCK_4_PRICE,REPORT_LIMIT,6,0,0,0,0.16666666666666666,1.0,0.6022453308105469,9
Structural-RWR,A3_feature_calc_error,medium,17,FEAT_VOL20_STOCK_4_PRICE,REPORT_LIMIT,17,0,0,0,0.058823529411764705,1.0,0.5710124969482422,8
PC+RWR,A3_feature_calc_error,medium,17,FEAT_VOL20_STOCK_4_PRICE,REPORT_LIMIT,17,0,0,0,0.058823529411764705,1.0,5.617856979370117,8
AnomalyOnly,A3_feature_calc_error,medium,17,FEAT_VOL20_STOCK_4_PRICE,REPORT_LIMIT,2,0,1,1,0.5,0.8,0.0069141387939453125,1
APA-RCA,A3_feature_calc_error,medium,17,FEAT_VOL20_STOCK_4_PRICE,REPORT_LIMIT,1,1,1,1,1.0,0.8,0.6132125854492188,9
APA-RCA-v2,A3_feature_calc_error,medium,17,FEAT_VOL20_STOCK_4_PRICE,REPORT_LIMIT,2,0,1,1,0.5,0.8,0.6721019744873047,9
APA-RCA-v3,A3_feature_calc_error,medium,17,FEAT_VOL20_STOCK_4_PRICE,REPORT_LIMIT,2,0,1,1,0.5,0.8,0.6573200225830078,9
Schema-Constraint,A3_feature_calc_error,medium,17,FEAT_VOL20_STOCK_4_PRICE,REPORT_LIMIT,44,0,0,0,0.022727272727272728,1.0,0.0,0
BFS,A3_feature_calc_error,medium,18,FEAT_VOL20_STOCK_5_PRICE,REPORT_LIMIT,3,0,1,1,0.3333333333333333,0.8,0.5631446838378906,7
Vanilla-RWR,A3_feature_calc_error,medium,18,FEAT_VOL20_STOCK_5_PRICE,REPORT_LIMIT,7,0,0,0,0.14285714285714285,1.0,0.6022453308105469,9
Structural-RWR,A3_feature_calc_error,medium,18,FEAT_VOL20_STOCK_5_PRICE,REPORT_LIMIT,16,0,0,0,0.0625,1.0,0.6060600280761719,8
PC+RWR,A3_feature_calc_error,medium,18,FEAT_VOL20_STOCK_5_PRICE,REPORT_LIMIT,16,0,0,0,0.0625,1.0,5.6629180908203125,8
AnomalyOnly,A3_feature_calc_error,medium,18,FEAT_VOL20_STOCK_5_PRICE,REPORT_LIMIT,1,1,1,1,1.0,0.8,0.0069141387939453125,1
APA-RCA,A3_feature_calc_error,medium,18,FEAT_VOL20_STOCK_5_PRICE,REPORT_LIMIT,1,1,1,1,1.0,0.8,0.6129741668701172,9
APA-RCA-v2,A3_feature_calc_error,medium,18,FEAT_VOL20_STOCK_5_PRICE,REPORT_LIMIT,2,0,1,1,0.5,0.8,0.9860992431640625,9
APA-RCA-v3,A3_feature_calc_error,medium,18,FEAT_VOL20_STOCK_5_PRICE,REPORT_LIMIT,2,0,1,1,0.5,0.8,0.6320476531982422,9
Schema-Constraint,A3_feature_calc_error,medium,18,FEAT_VOL20_STOCK_5_PRICE,REPORT_LIMIT,45,0,0,0,0.022222222222222223,1.0,0.0,0
BFS,A3_feature_calc_error,medium,19,FEAT_VOL20_STOCK_3_PRICE,REPORT_LIMIT,3,0,1,1,0.3333333333333333,0.8,0.5660057067871094,7
Vanilla-RWR,A3_feature_calc_error,medium,19,FEAT_VOL20_STOCK_3_PRICE,REPORT_LIMIT,5,0,0,1,0.2,0.8,0.6017684936523438,9
Structural-RWR,A3_feature_calc_error,medium,19,FEAT_VOL20_STOCK_3_PRICE,REPORT_LIMIT,18,0,0,0,0.05555555555555555,1.0,0.6120204925537109,8
PC+RWR,A3_feature_calc_error,medium,19,FEAT_VOL20_STOCK_3_PRICE,REPORT_LIMIT,18,0,0,0,0.05555555555555555,1.0,5.628108978271484,8
AnomalyOnly,A3_feature_calc_error,medium,19,FEAT_VOL20_STOCK_3_PRICE,REPORT_LIMIT,2,0,1,1,0.5,0.8,0.0069141387939453125,1
APA-RCA,A3_feature_calc_error,medium,19,FEAT_VOL20_STOCK_3_PRICE,REPORT_LIMIT,1,1,1,1,1.0,0.8,0.6232261657714844,9
APA-RCA-v2,A3_feature_calc_error,medium,19,FEAT_VOL20_STOCK_3_PRICE,REPORT_LIMIT,2,0,1,1,0.5,0.8,0.6449222564697266,9
APA-RCA-v3,A3_feature_calc_error,medium,19,FEAT_VOL20_STOCK_3_PRICE,REPORT_LIMIT,2,0,1,1,0.5,0.8,0.6279945373535156,9
Schema-Constraint,A3_feature_calc_error,medium,19,FEAT_VOL20_STOCK_3_PRICE,REPORT_LIMIT,43,0,0,0,0.023255813953488372,1.0,0.0,0
BFS,A3_feature_calc_error,medium,20,FEAT_VOL20_STOCK_5_PRICE,REPORT_LIMIT,3,0,1,1,0.3333333333333333,0.8,0.5400180816650391,7
Vanilla-RWR,A3_feature_calc_error,medium,20,FEAT_VOL20_STOCK_5_PRICE,REPORT_LIMIT,7,0,0,0,0.14285714285714285,1.0,0.598907470703125,9
Structural-RWR,A3_feature_calc_error,medium,20,FEAT_VOL20_STOCK_5_PRICE,REPORT_LIMIT,17,0,0,0,0.058823529411764705,1.0,0.5829334259033203,8
PC+RWR,A3_feature_calc_error,medium,20,FEAT_VOL20_STOCK_5_PRICE,REPORT_LIMIT,17,0,0,0,0.058823529411764705,1.0,5.667924880981445,8
AnomalyOnly,A3_feature_calc_error,medium,20,FEAT_VOL20_STOCK_5_PRICE,REPORT_LIMIT,1,1,1,1,1.0,0.8,0.008106231689453125,1
APA-RCA,A3_feature_calc_error,medium,20,FEAT_VOL20_STOCK_5_PRICE,REPORT_LIMIT,1,1,1,1,1.0,0.8,0.6091594696044922,9
APA-RCA-v2,A3_feature_calc_error,medium,20,FEAT_VOL20_STOCK_5_PRICE,REPORT_LIMIT,2,0,1,1,0.5,0.8,0.6442070007324219,9
APA-RCA-v3,A3_feature_calc_error,medium,20,FEAT_VOL20_STOCK_5_PRICE,REPORT_LIMIT,2,0,1,1,0.5,0.8,0.6241798400878906,9
Schema-Constraint,A3_feature_calc_error,medium,20,FEAT_VOL20_STOCK_5_PRICE,REPORT_LIMIT,45,0,0,0,0.022222222222222223,1.0,0.0,0
BFS,A3_feature_calc_error,medium,21,FEAT_VOL20_STOCK_2_PRICE,REPORT_LIMIT,3,0,1,1,0.3333333333333333,0.8,0.537872314453125,7
Vanilla-RWR,A3_feature_calc_error,medium,21,FEAT_VOL20_STOCK_2_PRICE,REPORT_LIMIT,4,0,0,1,0.25,0.8,0.6051063537597656,9
Structural-RWR,A3_feature_calc_error,medium,21,FEAT_VOL20_STOCK_2_PRICE,REPORT_LIMIT,29,0,0,0,0.034482758620689655,1.0,0.6089210510253906,8
PC+RWR,A3_feature_calc_error,medium,21,FEAT_VOL20_STOCK_2_PRICE,REPORT_LIMIT,29,0,0,0,0.034482758620689655,1.0,5.785942077636719,8
AnomalyOnly,A3_feature_calc_error,medium,21,FEAT_VOL20_STOCK_2_PRICE,REPORT_LIMIT,9,0,0,0,0.1111111111111111,1.0,0.0073909759521484375,1
APA-RCA,A3_feature_calc_error,medium,21,FEAT_VOL20_STOCK_2_PRICE,REPORT_LIMIT,4,0,0,1,0.25,0.8,0.5831718444824219,9
APA-RCA-v2,A3_feature_calc_error,medium,21,FEAT_VOL20_STOCK_2_PRICE,REPORT_LIMIT,5,0,0,1,0.2,0.8,0.6451606750488281,9
APA-RCA-v3,A3_feature_calc_error,medium,21,FEAT_VOL20_STOCK_2_PRICE,REPORT_LIMIT,5,0,0,1,0.2,0.8,0.9958744049072266,9
Schema-Constraint,A3_feature_calc_error,medium,21,FEAT_VOL20_STOCK_2_PRICE,REPORT_LIMIT,42,0,0,0,0.023809523809523808,1.0,0.0,0
BFS,A3_feature_calc_error,medium,22,FEAT_VOL20_STOCK_4_PRICE,REPORT_LIMIT,5,0,0,1,0.2,0.8,0.5450248718261719,7
Vanilla-RWR,A3_feature_calc_error,medium,22,FEAT_VOL20_STOCK_4_PRICE,REPORT_LIMIT,6,0,0,0,0.16666666666666666,1.0,0.6020069122314453,9
Structural-RWR,A3_feature_calc_error,medium,22,FEAT_VOL20_STOCK_4_PRICE,REPORT_LIMIT,35,0,0,0,0.02857142857142857,1.0,0.6189346313476562,8
PC+RWR,A3_feature_calc_error,medium,22,FEAT_VOL20_STOCK_4_PRICE,REPORT_LIMIT,35,0,0,0,0.02857142857142857,1.0,5.614042282104492,8
AnomalyOnly,A3_feature_calc_error,medium,22,FEAT_VOL20_STOCK_4_PRICE,REPORT_LIMIT,14,0,0,0,0.07142857142857142,1.0,0.007867813110351562,1
APA-RCA,A3_feature_calc_error,medium,22,FEAT_VOL20_STOCK_4_PRICE,REPORT_LIMIT,10,0,0,0,0.1,1.0,0.6120204925537109,9
APA-RCA-v2,A3_feature_calc_error,medium,22,FEAT_VOL20_STOCK_4_PRICE,REPORT_LIMIT,13,0,0,0,0.07692307692307693,1.0,0.6499290466308594,9
APA-RCA-v3,A3_feature_calc_error,medium,22,FEAT_VOL20_STOCK_4_PRICE,REPORT_LIMIT,13,0,0,0,0.07692307692307693,1.0,0.6322860717773438,9
Schema-Constraint,A3_feature_calc_error,medium,22,FEAT_VOL20_STOCK_4_PRICE,REPORT_LIMIT,44,0,0,0,0.022727272727272728,1.0,0.0,0
BFS,A3_feature_calc_error,medium,23,FEAT_VOL20_STOCK_1_PRICE,REPORT_LIMIT,3,0,1,1,0.3333333333333333,0.8,0.5779266357421875,7
Vanilla-RWR,A3_feature_calc_error,medium,23,FEAT_VOL20_STOCK_1_PRICE,REPORT_LIMIT,3,0,1,1,0.3333333333333333,0.8,0.6070137023925781,9
Structural-RWR,A3_feature_calc_error,medium,23,FEAT_VOL20_STOCK_1_PRICE,REPORT_LIMIT,18,0,0,0,0.05555555555555555,1.0,0.6091594696044922,8
PC+RWR,A3_feature_calc_error,medium,23,FEAT_VOL20_STOCK_1_PRICE,REPORT_LIMIT,18,0,0,0,0.05555555555555555,1.0,5.645751953125,8
AnomalyOnly,A3_feature_calc_error,medium,23,FEAT_VOL20_STOCK_1_PRICE,REPORT_LIMIT,2,0,1,1,0.5,0.8,0.0069141387939453125,1
APA-RCA,A3_feature_calc_error,medium,23,FEAT_VOL20_STOCK_1_PRICE,REPORT_LIMIT,1,1,1,1,1.0,0.8,0.6132125854492188,9
APA-RCA-v2,A3_feature_calc_error,medium,23,FEAT_VOL20_STOCK_1_PRICE,REPORT_LIMIT,2,0,1,1,0.5,0.8,0.6537437438964844,9
APA-RCA-v3,A3_feature_calc_error,medium,23,FEAT_VOL20_STOCK_1_PRICE,REPORT_LIMIT,2,0,1,1,0.5,0.8,0.6320476531982422,9
Schema-Constraint,A3_feature_calc_error,medium,23,FEAT_VOL20_STOCK_1_PRICE,REPORT_LIMIT,41,0,0,0,0.024390243902439025,1.0,0.0,0
BFS,A3_feature_calc_error,medium,24,FEAT_VOL20_STOCK_2_PRICE,REPORT_LIMIT,4,0,0,1,0.25,0.8,0.5400180816650391,7
Vanilla-RWR,A3_feature_calc_error,medium,24,FEAT_VOL20_STOCK_2_PRICE,REPORT_LIMIT,4,0,0,1,0.25,0.8,0.6039142608642578,9
Structural-RWR,A3_feature_calc_error,medium,24,FEAT_VOL20_STOCK_2_PRICE,REPORT_LIMIT,30,0,0,0,0.03333333333333333,1.0,0.5650520324707031,8
PC+RWR,A3_feature_calc_error,medium,24,FEAT_VOL20_STOCK_2_PRICE,REPORT_LIMIT,30,0,0,0,0.03333333333333333,1.0,5.6667327880859375,8
AnomalyOnly,A3_feature_calc_error,medium,24,FEAT_VOL20_STOCK_2_PRICE,REPORT_LIMIT,12,0,0,0,0.08333333333333333,1.0,0.007867813110351562,1
APA-RCA,A3_feature_calc_error,medium,24,FEAT_VOL20_STOCK_2_PRICE,REPORT_LIMIT,5,0,0,1,0.2,0.8,0.6136894226074219,9
APA-RCA-v2,A3_feature_calc_error,medium,24,FEAT_VOL20_STOCK_2_PRICE,REPORT_LIMIT,8,0,0,0,0.125,1.0,0.6511211395263672,9
APA-RCA-v3,A3_feature_calc_error,medium,24,FEAT_VOL20_STOCK_2_PRICE,REPORT_LIMIT,8,0,0,0,0.125,1.0,0.6229877471923828,9
Schema-Constraint,A3_feature_calc_error,medium,24,FEAT_VOL20_STOCK_2_PRICE,REPORT_LIMIT,42,0,0,0,0.023809523809523808,1.0,0.0,0
BFS,A3_feature_calc_error,medium,25,FEAT_VOL20_STOCK_3_PRICE,REPORT_DASHBOARD,4,0,0,1,0.25,0.8,0.5009174346923828,6
Vanilla-RWR,A3_feature_calc_error,medium,25,FEAT_VOL20_STOCK_3_PRICE,REPORT_DASHBOARD,26,0,0,0,0.038461538461538464,1.0,0.5941390991210938,9
Structural-RWR,A3_feature_calc_error,medium,25,FEAT_VOL20_STOCK_3_PRICE,REPORT_DASHBOARD,19,0,0,0,0.05263157894736842,1.0,0.6129741668701172,8
PC+RWR,A3_feature_calc_error,medium,25,FEAT_VOL20_STOCK_3_PRICE,REPORT_DASHBOARD,19,0,0,0,0.05263157894736842,1.0,5.6247711181640625,8
AnomalyOnly,A3_feature_calc_error,medium,25,FEAT_VOL20_STOCK_3_PRICE,REPORT_DASHBOARD,1,1,1,1,1.0,0.8,0.0069141387939453125,1
APA-RCA,A3_feature_calc_error,medium,25,FEAT_VOL20_STOCK_3_PRICE,REPORT_DASHBOARD,1,1,1,1,1.0,0.8,0.5998611450195312,9
APA-RCA-v2,A3_feature_calc_error,medium,25,FEAT_VOL20_STOCK_3_PRICE,REPORT_DASHBOARD,2,0,1,1,0.5,0.8,0.6480216979980469,9
APA-RCA-v3,A3_feature_calc_error,medium,25,FEAT_VOL20_STOCK_3_PRICE,REPORT_DASHBOARD,2,0,1,1,0.5,0.8,0.6289482116699219,9
Schema-Constraint,A3_feature_calc_error,medium,25,FEAT_VOL20_STOCK_3_PRICE,REPORT_DASHBOARD,43,0,0,0,0.023255813953488372,1.0,0.0,0
BFS,A3_feature_calc_error,medium,26,FEAT_VOL20_STOCK_5_PRICE,REPORT_LIMIT,3,0,1,1,0.3333333333333333,0.8,0.5412101745605469,7
Vanilla-RWR,A3_feature_calc_error,medium,26,FEAT_VOL20_STOCK_5_PRICE,REPORT_LIMIT,7,0,0,0,0.14285714285714285,1.0,0.6060600280761719,9
Structural-RWR,A3_feature_calc_error,medium,26,FEAT_VOL20_STOCK_5_PRICE,REPORT_LIMIT,21,0,0,0,0.047619047619047616,1.0,0.6153583526611328,8
PC+RWR,A3_feature_calc_error,medium,26,FEAT_VOL20_STOCK_5_PRICE,REPORT_LIMIT,21,0,0,0,0.047619047619047616,1.0,5.637168884277344,8
AnomalyOnly,A3_feature_calc_error,medium,26,FEAT_VOL20_STOCK_5_PRICE,REPORT_LIMIT,5,0,0,1,0.2,0.8,0.0069141387939453125,1
APA-RCA,A3_feature_calc_error,medium,26,FEAT_VOL20_STOCK_5_PRICE,REPORT_LIMIT,1,1,1,1,1.0,0.8,0.6086826324462891,9
APA-RCA-v2,A3_feature_calc_error,medium,26,FEAT_VOL20_STOCK_5_PRICE,REPORT_LIMIT,2,0,1,1,0.5,0.8,0.9510517120361328,9
APA-RCA-v3,A3_feature_calc_error,medium,26,FEAT_VOL20_STOCK_5_PRICE,REPORT_LIMIT,2,0,1,1,0.5,0.8,0.6320476531982422,9
Schema-Constraint,A3_feature_calc_error,medium,26,FEAT_VOL20_STOCK_5_PRICE,REPORT_LIMIT,45,0,0,0,0.022222222222222223,1.0,0.0,0
BFS,A3_feature_calc_error,medium,27,FEAT_VOL20_STOCK_1_PRICE,REPORT_LIMIT,3,0,1,1,0.3333333333333333,0.8,0.5431175231933594,7
Vanilla-RWR,A3_feature_calc_error,medium,27,FEAT_VOL20_STOCK_1_PRICE,REPORT_LIMIT,3,0,1,1,0.3333333333333333,0.8,0.6108283996582031,9
Structural-RWR,A3_feature_calc_error,medium,27,FEAT_VOL20_STOCK_1_PRICE,REPORT_LIMIT,15,0,0,0,0.06666666666666667,1.0,0.6198883056640625,8
PC+RWR,A3_feature_calc_error,medium,27,FEAT_VOL20_STOCK_1_PRICE,REPORT_LIMIT,15,0,0,0,0.06666666666666667,1.0,5.627870559692383,8
AnomalyOnly,A3_feature_calc_error,medium,27,FEAT_VOL20_STOCK_1_PRICE,REPORT_LIMIT,2,0,1,1,0.5,0.8,0.007152557373046875,1
APA-RCA,A3_feature_calc_error,medium,27,FEAT_VOL20_STOCK_1_PRICE,REPORT_LIMIT,1,1,1,1,1.0,0.8,0.6158351898193359,9
APA-RCA-v2,A3_feature_calc_error,medium,27,FEAT_VOL20_STOCK_1_PRICE,REPORT_LIMIT,3,0,1,1,0.3333333333333333,0.8,0.6530284881591797,9
APA-RCA-v3,A3_feature_calc_error,medium,27,FEAT_VOL20_STOCK_1_PRICE,REPORT_LIMIT,3,0,1,1,0.3333333333333333,0.8,0.6320476531982422,9
Schema-Constraint,A3_feature_calc_error,medium,27,FEAT_VOL20_STOCK_1_PRICE,REPORT_LIMIT,41,0,0,0,0.024390243902439025,1.0,0.0,0
BFS,A3_feature_calc_error,medium,28,FEAT_VOL20_STOCK_4_PRICE,REPORT_LIMIT,4,0,0,1,0.25,0.8,0.51116943359375,7
Vanilla-RWR,A3_feature_calc_error,medium,28,FEAT_VOL20_STOCK_4_PRICE,REPORT_LIMIT,6,0,0,0,0.16666666666666666,1.0,0.6060600280761719,9
Structural-RWR,A3_feature_calc_error,medium,28,FEAT_VOL20_STOCK_4_PRICE,REPORT_LIMIT,24,0,0,0,0.041666666666666664,1.0,0.6048679351806641,8
PC+RWR,A3_feature_calc_error,medium,28,FEAT_VOL20_STOCK_4_PRICE,REPORT_LIMIT,24,0,0,0,0.041666666666666664,1.0,5.671977996826172,8
AnomalyOnly,A3_feature_calc_error,medium,28,FEAT_VOL20_STOCK_4_PRICE,REPORT_LIMIT,7,0,0,0,0.14285714285714285,1.0,0.008344650268554688,1
APA-RCA,A3_feature_calc_error,medium,28,FEAT_VOL20_STOCK_4_PRICE,REPORT_LIMIT,2,0,1,1,0.5,0.8,0.6089210510253906,9
APA-RCA-v2,A3_feature_calc_error,medium,28,FEAT_VOL20_STOCK_4_PRICE,REPORT_LIMIT,4,0,0,1,0.25,0.8,0.6539821624755859,9
APA-RCA-v3,A3_feature_calc_error,medium,28,FEAT_VOL20_STOCK_4_PRICE,REPORT_LIMIT,4,0,0,1,0.25,0.8,0.6296634674072266,9
Schema-Constraint,A3_feature_calc_error,medium,28,FEAT_VOL20_STOCK_4_PRICE,REPORT_LIMIT,44,0,0,0,0.022727272727272728,1.0,0.0,0
BFS,A3_feature_calc_error,medium,29,FEAT_VOL20_STOCK_5_PRICE,REPORT_LIMIT,12,0,0,0,0.08333333333333333,1.0,0.5598068237304688,7
Vanilla-RWR,A3_feature_calc_error,medium,29,FEAT_VOL20_STOCK_5_PRICE,REPORT_LIMIT,7,0,0,0,0.14285714285714285,1.0,0.6127357482910156,9
Structural-RWR,A3_feature_calc_error,medium,29,FEAT_VOL20_STOCK_5_PRICE,REPORT_LIMIT,62,0,0,0,0.016129032258064516,1.0,0.6167888641357422,8
PC+RWR,A3_feature_calc_error,medium,29,FEAT_VOL20_STOCK_5_PRICE,REPORT_LIMIT,62,0,0,0,0.016129032258064516,1.0,5.697965621948242,8
AnomalyOnly,A3_feature_calc_error,medium,29,FEAT_VOL20_STOCK_5_PRICE,REPORT_LIMIT,55,0,0,0,0.01818181818181818,1.0,0.0069141387939453125,1
APA-RCA,A3_feature_calc_error,medium,29,FEAT_VOL20_STOCK_5_PRICE,REPORT_LIMIT,38,0,0,0,0.02631578947368421,1.0,0.6227493286132812,9
APA-RCA-v2,A3_feature_calc_error,medium,29,FEAT_VOL20_STOCK_5_PRICE,REPORT_LIMIT,38,0,0,0,0.02631578947368421,1.0,0.6501674652099609,9
APA-RCA-v3,A3_feature_calc_error,medium,29,FEAT_VOL20_STOCK_5_PRICE,REPORT_LIMIT,38,0,0,0,0.02631578947368421,1.0,0.6339550018310547,9
Schema-Constraint,A3_feature_calc_error,medium,29,FEAT_VOL20_STOCK_5_PRICE,REPORT_LIMIT,45,0,0,0,0.022222222222222223,1.0,0.0,0
BFS,A4_aggregation_error,medium,0,FEAT_SECTOR_B,REPORT_LIMIT,45,0,0,0,0.022222222222222223,1.0,0.5340576171875,7
Vanilla-RWR,A4_aggregation_error,medium,0,FEAT_SECTOR_B,REPORT_LIMIT,55,0,0,0,0.01818181818181818,1.0,0.5986690521240234,9
Structural-RWR,A4_aggregation_error,medium,0,FEAT_SECTOR_B,REPORT_LIMIT,13,0,0,0,0.07692307692307693,1.0,0.6198883056640625,8
PC+RWR,A4_aggregation_error,medium,0,FEAT_SECTOR_B,REPORT_LIMIT,13,0,0,0,0.07692307692307693,1.0,5.748271942138672,8
AnomalyOnly,A4_aggregation_error,medium,0,FEAT_SECTOR_B,REPORT_LIMIT,2,0,1,1,0.5,0.8,0.007867813110351562,1
APA-RCA,A4_aggregation_error,medium,0,FEAT_SECTOR_B,REPORT_LIMIT,45,0,0,0,0.022222222222222223,1.0,0.6132125854492188,9
APA-RCA-v2,A4_aggregation_error,medium,0,FEAT_SECTOR_B,REPORT_LIMIT,45,0,0,0,0.022222222222222223,1.0,0.6589889526367188,9
APA-RCA-v3,A4_aggregation_error,medium,0,FEAT_SECTOR_B,REPORT_LIMIT,45,0,0,0,0.022222222222222223,1.0,0.6279945373535156,9
Schema-Constraint,A4_aggregation_error,medium,0,FEAT_SECTOR_B,REPORT_LIMIT,1,1,1,1,1.0,0.8,0.0021457672119140625,1
BFS,A4_aggregation_error,medium,1,FEAT_SECTOR_A,REPORT_LIMIT,59,0,0,0,0.01694915254237288,1.0,0.5249977111816406,7
Vanilla-RWR,A4_aggregation_error,medium,1,FEAT_SECTOR_A,REPORT_LIMIT,54,0,0,0,0.018518518518518517,1.0,0.6167888641357422,9
Structural-RWR,A4_aggregation_error,medium,1,FEAT_SECTOR_A,REPORT_LIMIT,44,0,0,0,0.022727272727272728,1.0,0.6136894226074219,8
PC+RWR,A4_aggregation_error,medium,1,FEAT_SECTOR_A,REPORT_LIMIT,44,0,0,0,0.022727272727272728,1.0,5.749940872192383,8
AnomalyOnly,A4_aggregation_error,medium,1,FEAT_SECTOR_A,REPORT_LIMIT,55,0,0,0,0.01818181818181818,1.0,0.0069141387939453125,1
APA-RCA,A4_aggregation_error,medium,1,FEAT_SECTOR_A,REPORT_LIMIT,59,0,0,0,0.01694915254237288,1.0,0.6110668182373047,9
APA-RCA-v2,A4_aggregation_error,medium,1,FEAT_SECTOR_A,REPORT_LIMIT,58,0,0,0,0.017241379310344827,1.0,0.6499290466308594,9
APA-RCA-v3,A4_aggregation_error,medium,1,FEAT_SECTOR_A,REPORT_LIMIT,58,0,0,0,0.017241379310344827,1.0,1.013040542602539,9
Schema-Constraint,A4_aggregation_error,medium,1,FEAT_SECTOR_A,REPORT_LIMIT,1,1,1,1,1.0,0.8,0.0019073486328125,1
BFS,A4_aggregation_error,medium,2,FEAT_SECTOR_B,REPORT_LIMIT,46,0,0,0,0.021739130434782608,1.0,0.5309581756591797,7
Vanilla-RWR,A4_aggregation_error,medium,2,FEAT_SECTOR_B,REPORT_LIMIT,55,0,0,0,0.01818181818181818,1.0,0.6020069122314453,9
Structural-RWR,A4_aggregation_error,medium,2,FEAT_SECTOR_B,REPORT_LIMIT,26,0,0,0,0.038461538461538464,1.0,0.6227493286132812,8
PC+RWR,A4_aggregation_error,medium,2,FEAT_SECTOR_B,REPORT_LIMIT,26,0,0,0,0.038461538461538464,1.0,5.663394927978516,8
AnomalyOnly,A4_aggregation_error,medium,2,FEAT_SECTOR_B,REPORT_LIMIT,13,0,0,0,0.07692307692307693,1.0,0.007867813110351562,1
APA-RCA,A4_aggregation_error,medium,2,FEAT_SECTOR_B,REPORT_LIMIT,46,0,0,0,0.021739130434782608,1.0,0.6101131439208984,9
APA-RCA-v2,A4_aggregation_error,medium,2,FEAT_SECTOR_B,REPORT_LIMIT,46,0,0,0,0.021739130434782608,1.0,0.6749629974365234,9
APA-RCA-v3,A4_aggregation_error,medium,2,FEAT_SECTOR_B,REPORT_LIMIT,46,0,0,0,0.021739130434782608,1.0,0.6327629089355469,9
Schema-Constraint,A4_aggregation_error,medium,2,FEAT_SECTOR_B,REPORT_LIMIT,1,1,1,1,1.0,0.8,0.00286102294921875,1
BFS,A4_aggregation_error,medium,3,FEAT_SECTOR_B,REPORT_LIMIT,52,0,0,0,0.019230769230769232,1.0,0.5471706390380859,7
Vanilla-RWR,A4_aggregation_error,medium,3,FEAT_SECTOR_B,REPORT_LIMIT,55,0,0,0,0.01818181818181818,1.0,0.6060600280761719,9
Structural-RWR,A4_aggregation_error,medium,3,FEAT_SECTOR_B,REPORT_LIMIT,42,0,0,0,0.023809523809523808,1.0,1.0497570037841797,8
PC+RWR,A4_aggregation_error,medium,3,FEAT_SECTOR_B,REPORT_LIMIT,42,0,0,0,0.023809523809523808,1.0,5.710840225219727,8
AnomalyOnly,A4_aggregation_error,medium,3,FEAT_SECTOR_B,REPORT_LIMIT,41,0,0,0,0.024390243902439025,1.0,0.008106231689453125,1
APA-RCA,A4_aggregation_error,medium,3,FEAT_SECTOR_B,REPORT_LIMIT,51,0,0,0,0.0196078431372549,1.0,0.6089210510253906,9
APA-RCA-v2,A4_aggregation_error,medium,3,FEAT_SECTOR_B,REPORT_LIMIT,51,0,0,0,0.0196078431372549,1.0,0.6489753723144531,9
APA-RCA-v3,A4_aggregation_error,medium,3,FEAT_SECTOR_B,REPORT_LIMIT,51,0,0,0,0.0196078431372549,1.0,0.6289482116699219,9
Schema-Constraint,A4_aggregation_error,medium,3,FEAT_SECTOR_B,REPORT_LIMIT,1,1,1,1,1.0,0.8,0.0021457672119140625,1
BFS,A4_aggregation_error,medium,4,FEAT_SECTOR_B,REPORT_LIMIT,60,0,0,0,0.016666666666666666,1.0,0.5412101745605469,7
Vanilla-RWR,A4_aggregation_error,medium,4,FEAT_SECTOR_B,REPORT_LIMIT,55,0,0,0,0.01818181818181818,1.0,0.6098747253417969,9
Structural-RWR,A4_aggregation_error,medium,4,FEAT_SECTOR_B,REPORT_LIMIT,46,0,0,0,0.021739130434782608,1.0,0.6208419799804688,8
PC+RWR,A4_aggregation_error,medium,4,FEAT_SECTOR_B,REPORT_LIMIT,46,0,0,0,0.021739130434782608,1.0,5.612850189208984,8
AnomalyOnly,A4_aggregation_error,medium,4,FEAT_SECTOR_B,REPORT_LIMIT,60,0,0,0,0.016666666666666666,1.0,0.0069141387939453125,1
APA-RCA,A4_aggregation_error,medium,4,FEAT_SECTOR_B,REPORT_LIMIT,60,0,0,0,0.016666666666666666,1.0,0.6070137023925781,9
APA-RCA-v2,A4_aggregation_error,medium,4,FEAT_SECTOR_B,REPORT_LIMIT,60,0,0,0,0.016666666666666666,1.0,0.6499290466308594,9
APA-RCA-v3,A4_aggregation_error,medium,4,FEAT_SECTOR_B,REPORT_LIMIT,60,0,0,0,0.016666666666666666,1.0,0.6310939788818359,9
Schema-Constraint,A4_aggregation_error,medium,4,FEAT_SECTOR_B,REPORT_LIMIT,1,1,1,1,1.0,0.8,0.00286102294921875,1
BFS,A4_aggregation_error,medium,5,FEAT_SECTOR_B,REPORT_LIMIT,60,0,0,0,0.016666666666666666,1.0,0.537872314453125,7
Vanilla-RWR,A4_aggregation_error,medium,5,FEAT_SECTOR_B,REPORT_LIMIT,55,0,0,0,0.01818181818181818,1.0,0.6008148193359375,9
Structural-RWR,A4_aggregation_error,medium,5,FEAT_SECTOR_B,REPORT_LIMIT,54,0,0,0,0.018518518518518517,1.0,0.6120204925537109,8
PC+RWR,A4_aggregation_error,medium,5,FEAT_SECTOR_B,REPORT_LIMIT,54,0,0,0,0.018518518518518517,1.0,5.658864974975586,8
AnomalyOnly,A4_aggregation_error,medium,5,FEAT_SECTOR_B,REPORT_LIMIT,59,0,0,0,0.01694915254237288,1.0,0.007152557373046875,1
APA-RCA,A4_aggregation_error,medium,5,FEAT_SECTOR_B,REPORT_LIMIT,60,0,0,0,0.016666666666666666,1.0,0.6060600280761719,9
APA-RCA-v2,A4_aggregation_error,medium,5,FEAT_SECTOR_B,REPORT_LIMIT,59,0,0,0,0.01694915254237288,1.0,0.6542205810546875,9
APA-RCA-v3,A4_aggregation_error,medium,5,FEAT_SECTOR_B,REPORT_LIMIT,59,0,0,0,0.01694915254237288,1.0,0.6289482116699219,9
Schema-Constraint,A4_aggregation_error,medium,5,FEAT_SECTOR_B,REPORT_LIMIT,1,1,1,1,1.0,0.8,0.0021457672119140625,1
BFS,A4_aggregation_error,medium,6,FEAT_SECTOR_A,REPORT_LIMIT,51,0,0,0,0.0196078431372549,1.0,0.5440711975097656,7
Vanilla-RWR,A4_aggregation_error,medium,6,FEAT_SECTOR_A,REPORT_LIMIT,54,0,0,0,0.018518518518518517,1.0,0.6022453308105469,9
Structural-RWR,A4_aggregation_error,medium,6,FEAT_SECTOR_A,REPORT_LIMIT,42,0,0,0,0.023809523809523808,1.0,0.6148815155029297,8
PC+RWR,A4_aggregation_error,medium,6,FEAT_SECTOR_A,REPORT_LIMIT,42,0,0,0,0.023809523809523808,1.0,5.642890930175781,8
AnomalyOnly,A4_aggregation_error,medium,6,FEAT_SECTOR_A,REPORT_LIMIT,37,0,0,0,0.02702702702702703,1.0,0.008106231689453125,1
APA-RCA,A4_aggregation_error,medium,6,FEAT_SECTOR_A,REPORT_LIMIT,50,0,0,0,0.02,1.0,0.61798095703125,9
APA-RCA-v2,A4_aggregation_error,medium,6,FEAT_SECTOR_A,REPORT_LIMIT,50,0,0,0,0.02,1.0,0.6508827209472656,9
APA-RCA-v3,A4_aggregation_error,medium,6,FEAT_SECTOR_A,REPORT_LIMIT,50,0,0,0,0.02,1.0,0.6289482116699219,9
Schema-Constraint,A4_aggregation_error,medium,6,FEAT_SECTOR_A,REPORT_LIMIT,1,1,1,1,1.0,0.8,0.0026226043701171875,1
BFS,A4_aggregation_error,medium,7,FEAT_SECTOR_B,REPORT_LIMIT,60,0,0,0,0.016666666666666666,1.0,0.5280971527099609,7
Vanilla-RWR,A4_aggregation_error,medium,7,FEAT_SECTOR_B,REPORT_LIMIT,55,0,0,0,0.01818181818181818,1.0,0.6091594696044922,9
Structural-RWR,A4_aggregation_error,medium,7,FEAT_SECTOR_B,REPORT_LIMIT,45,0,0,0,0.022222222222222223,1.0,0.6227493286132812,8
PC+RWR,A4_aggregation_error,medium,7,FEAT_SECTOR_B,REPORT_LIMIT,45,0,0,0,0.022222222222222223,1.0,5.685091018676758,8
AnomalyOnly,A4_aggregation_error,medium,7,FEAT_SECTOR_B,REPORT_LIMIT,58,0,0,0,0.017241379310344827,1.0,0.008106231689453125,1
APA-RCA,A4_aggregation_error,medium,7,FEAT_SECTOR_B,REPORT_LIMIT,59,0,0,0,0.01694915254237288,1.0,0.6070137023925781,9
APA-RCA-v2,A4_aggregation_error,medium,7,FEAT_SECTOR_B,REPORT_LIMIT,59,0,0,0,0.01694915254237288,1.0,0.6651878356933594,9
APA-RCA-v3,A4_aggregation_error,medium,7,FEAT_SECTOR_B,REPORT_LIMIT,59,0,0,0,0.01694915254237288,1.0,0.6279945373535156,9
Schema-Constraint,A4_aggregation_error,medium,7,FEAT_SECTOR_B,REPORT_LIMIT,1,1,1,1,1.0,0.8,0.0019073486328125,1
BFS,A4_aggregation_error,medium,8,FEAT_SECTOR_B,REPORT_LIMIT,58,0,0,0,0.017241379310344827,1.0,0.5171298980712891,7
Vanilla-RWR,A4_aggregation_error,medium,8,FEAT_SECTOR_B,REPORT_LIMIT,55,0,0,0,0.01818181818181818,1.0,0.6020069122314453,9
Structural-RWR,A4_aggregation_error,medium,8,FEAT_SECTOR_B,REPORT_LIMIT,43,0,0,0,0.023255813953488372,1.0,0.6101131439208984,8
PC+RWR,A4_aggregation_error,medium,8,FEAT_SECTOR_B,REPORT_LIMIT,43,0,0,0,0.023255813953488372,1.0,5.654096603393555,8
AnomalyOnly,A4_aggregation_error,medium,8,FEAT_SECTOR_B,REPORT_LIMIT,52,0,0,0,0.019230769230769232,1.0,0.0069141387939453125,1
APA-RCA,A4_aggregation_error,medium,8,FEAT_SECTOR_B,REPORT_LIMIT,55,0,0,0,0.01818181818181818,1.0,0.6086826324462891,9
APA-RCA-v2,A4_aggregation_error,medium,8,FEAT_SECTOR_B,REPORT_LIMIT,55,0,0,0,0.01818181818181818,1.0,0.9572505950927734,9
APA-RCA-v3,A4_aggregation_error,medium,8,FEAT_SECTOR_B,REPORT_LIMIT,55,0,0,0,0.01818181818181818,1.0,20.631074905395508,9
Schema-Constraint,A4_aggregation_error,medium,8,FEAT_SECTOR_B,REPORT_LIMIT,1,1,1,1,1.0,0.8,0.0050067901611328125,1
BFS,A4_aggregation_error,medium,9,FEAT_SECTOR_A,REPORT_LIMIT,51,0,0,0,0.0196078431372549,1.0,0.5300045013427734,7
Vanilla-RWR,A4_aggregation_error,medium,9,FEAT_SECTOR_A,REPORT_LIMIT,54,0,0,0,0.018518518518518517,1.0,0.6051063537597656,9
Structural-RWR,A4_aggregation_error,medium,9,FEAT_SECTOR_A,REPORT_LIMIT,42,0,0,0,0.023809523809523808,1.0,0.6120204925537109,8
PC+RWR,A4_aggregation_error,medium,9,FEAT_SECTOR_A,REPORT_LIMIT,42,0,0,0,0.023809523809523808,1.0,5.635738372802734,8
AnomalyOnly,A4_aggregation_error,medium,9,FEAT_SECTOR_A,REPORT_LIMIT,33,0,0,0,0.030303030303030304,1.0,0.007867813110351562,1
APA-RCA,A4_aggregation_error,medium,9,FEAT_SECTOR_A,REPORT_LIMIT,49,0,0,0,0.02040816326530612,1.0,0.6160736083984375,9
APA-RCA-v2,A4_aggregation_error,medium,9,FEAT_SECTOR_A,REPORT_LIMIT,49,0,0,0,0.02040816326530612,1.0,0.6561279296875,9
APA-RCA-v3,A4_aggregation_error,medium,9,FEAT_SECTOR_A,REPORT_LIMIT,49,0,0,0,0.02040816326530612,1.0,0.6361007690429688,9
Schema-Constraint,A4_aggregation_error,medium,9,FEAT_SECTOR_A,REPORT_LIMIT,1,1,1,1,1.0,0.8,0.0019073486328125,1
BFS,A4_aggregation_error,medium,10,FEAT_SECTOR_B,REPORT_LIMIT,45,0,0,0,0.022222222222222223,1.0,0.5328655242919922,7
Vanilla-RWR,A4_aggregation_error,medium,10,FEAT_SECTOR_B,REPORT_LIMIT,55,0,0,0,0.01818181818181818,1.0,0.6058216094970703,9
Structural-RWR,A4_aggregation_error,medium,10,FEAT_SECTOR_B,REPORT_LIMIT,14,0,0,0,0.07142857142857142,1.0,0.6201267242431641,8
PC+RWR,A4_aggregation_error,medium,10,FEAT_SECTOR_B,REPORT_LIMIT,14,0,0,0,0.07142857142857142,1.0,5.653858184814453,8
AnomalyOnly,A4_aggregation_error,medium,10,FEAT_SECTOR_B,REPORT_LIMIT,1,1,1,1,1.0,0.8,0.007867813110351562,1
APA-RCA,A4_aggregation_error,medium,10,FEAT_SECTOR_B,REPORT_LIMIT,45,0,0,0,0.022222222222222223,1.0,0.6198883056640625,9
APA-RCA-v2,A4_aggregation_error,medium,10,FEAT_SECTOR_B,REPORT_LIMIT,45,0,0,0,0.022222222222222223,1.0,0.6542205810546875,9
APA-RCA-v3,A4_aggregation_error,medium,10,FEAT_SECTOR_B,REPORT_LIMIT,45,0,0,0,0.022222222222222223,1.0,0.6270408630371094,9
Schema-Constraint,A4_aggregation_error,medium,10,FEAT_SECTOR_B,REPORT_LIMIT,1,1,1,1,1.0,0.8,0.0016689300537109375,1
BFS,A4_aggregation_error,medium,11,FEAT_SECTOR_A,REPORT_LIMIT,49,0,0,0,0.02040816326530612,1.0,0.5590915679931641,7
Vanilla-RWR,A4_aggregation_error,medium,11,FEAT_SECTOR_A,REPORT_LIMIT,54,0,0,0,0.018518518518518517,1.0,0.6220340728759766,9
Structural-RWR,A4_aggregation_error,medium,11,FEAT_SECTOR_A,REPORT_LIMIT,41,0,0,0,0.024390243902439025,1.0,0.6110668182373047,8
PC+RWR,A4_aggregation_error,medium,11,FEAT_SECTOR_A,REPORT_LIMIT,41,0,0,0,0.024390243902439025,1.0,5.715370178222656,8
AnomalyOnly,A4_aggregation_error,medium,11,FEAT_SECTOR_A,REPORT_LIMIT,30,0,0,0,0.03333333333333333,1.0,0.0069141387939453125,1
APA-RCA,A4_aggregation_error,medium,11,FEAT_SECTOR_A,REPORT_LIMIT,47,0,0,0,0.02127659574468085,1.0,0.614166259765625,9
APA-RCA-v2,A4_aggregation_error,medium,11,FEAT_SECTOR_A,REPORT_LIMIT,47,0,0,0,0.02127659574468085,1.0,0.6458759307861328,9
APA-RCA-v3,A4_aggregation_error,medium,11,FEAT_SECTOR_A,REPORT_LIMIT,47,0,0,0,0.02127659574468085,1.0,0.9138584136962891,9
Schema-Constraint,A4_aggregation_error,medium,11,FEAT_SECTOR_A,REPORT_LIMIT,1,1,1,1,1.0,0.8,0.0019073486328125,1
BFS,A4_aggregation_error,medium,12,FEAT_SECTOR_B,REPORT_LIMIT,47,0,0,0,0.02127659574468085,1.0,0.5588531494140625,7
Vanilla-RWR,A4_aggregation_error,medium,12,FEAT_SECTOR_B,REPORT_LIMIT,55,0,0,0,0.01818181818181818,1.0,0.6029605865478516,9
Structural-RWR,A4_aggregation_error,medium,12,FEAT_SECTOR_B,REPORT_LIMIT,35,0,0,0,0.02857142857142857,1.0,0.6079673767089844,8
PC+RWR,A4_aggregation_error,medium,12,FEAT_SECTOR_B,REPORT_LIMIT,35,0,0,0,0.02857142857142857,1.0,5.646705627441406,8
AnomalyOnly,A4_aggregation_error,medium,12,FEAT_SECTOR_B,REPORT_LIMIT,24,0,0,0,0.041666666666666664,1.0,0.008106231689453125,1
APA-RCA,A4_aggregation_error,medium,12,FEAT_SECTOR_B,REPORT_LIMIT,47,0,0,0,0.02127659574468085,1.0,0.6079673767089844,9
APA-RCA-v2,A4_aggregation_error,medium,12,FEAT_SECTOR_B,REPORT_LIMIT,47,0,0,0,0.02127659574468085,1.0,0.6499290466308594,9
APA-RCA-v3,A4_aggregation_error,medium,12,FEAT_SECTOR_B,REPORT_LIMIT,47,0,0,0,0.02127659574468085,1.0,0.6289482116699219,9
Schema-Constraint,A4_aggregation_error,medium,12,FEAT_SECTOR_B,REPORT_LIMIT,1,1,1,1,1.0,0.8,0.00286102294921875,1
BFS,A4_aggregation_error,medium,13,FEAT_SECTOR_B,REPORT_LIMIT,47,0,0,0,0.02127659574468085,1.0,0.6310939788818359,7
Vanilla-RWR,A4_aggregation_error,medium,13,FEAT_SECTOR_B,REPORT_LIMIT,55,0,0,0,0.01818181818181818,1.0,0.6499290466308594,9
Structural-RWR,A4_aggregation_error,medium,13,FEAT_SECTOR_B,REPORT_LIMIT,34,0,0,0,0.029411764705882353,1.0,0.6320476531982422,8
PC+RWR,A4_aggregation_error,medium,13,FEAT_SECTOR_B,REPORT_LIMIT,34,0,0,0,0.029411764705882353,1.0,5.825996398925781,8
AnomalyOnly,A4_aggregation_error,medium,13,FEAT_SECTOR_B,REPORT_LIMIT,12,0,0,0,0.08333333333333333,1.0,0.0069141387939453125,1
APA-RCA,A4_aggregation_error,medium,13,FEAT_SECTOR_B,REPORT_LIMIT,47,0,0,0,0.02127659574468085,1.0,0.6127357482910156,9
APA-RCA-v2,A4_aggregation_error,medium,13,FEAT_SECTOR_B,REPORT_LIMIT,47,0,0,0,0.02127659574468085,1.0,0.6580352783203125,9
APA-RCA-v3,A4_aggregation_error,medium,13,FEAT_SECTOR_B,REPORT_LIMIT,47,0,0,0,0.02127659574468085,1.0,0.6368160247802734,9
Schema-Constraint,A4_aggregation_error,medium,13,FEAT_SECTOR_B,REPORT_LIMIT,1,1,1,1,1.0,0.8,0.0040531158447265625,1
BFS,A4_aggregation_error,medium,14,FEAT_SECTOR_A,REPORT_LIMIT,50,0,0,0,0.02,1.0,0.5719661712646484,7
Vanilla-RWR,A4_aggregation_error,medium,14,FEAT_SECTOR_A,REPORT_LIMIT,54,0,0,0,0.018518518518518517,1.0,0.6120204925537109,9
Structural-RWR,A4_aggregation_error,medium,14,FEAT_SECTOR_A,REPORT_LIMIT,43,0,0,0,0.023255813953488372,1.0,0.6070137023925781,8
PC+RWR,A4_aggregation_error,medium,14,FEAT_SECTOR_A,REPORT_LIMIT,43,0,0,0,0.023255813953488372,1.0,5.752086639404297,8
AnomalyOnly,A4_aggregation_error,medium,14,FEAT_SECTOR_A,REPORT_LIMIT,23,0,0,0,0.043478260869565216,1.0,0.007867813110351562,1
APA-RCA,A4_aggregation_error,medium,14,FEAT_SECTOR_A,REPORT_LIMIT,47,0,0,0,0.02127659574468085,1.0,0.6110668182373047,9
APA-RCA-v2,A4_aggregation_error,medium,14,FEAT_SECTOR_A,REPORT_LIMIT,47,0,0,0,0.02127659574468085,1.0,0.6439685821533203,9
APA-RCA-v3,A4_aggregation_error,medium,14,FEAT_SECTOR_A,REPORT_LIMIT,47,0,0,0,0.02127659574468085,1.0,0.9338855743408203,9
Schema-Constraint,A4_aggregation_error,medium,14,FEAT_SECTOR_A,REPORT_LIMIT,1,1,1,1,1.0,0.8,0.0021457672119140625,1
BFS,A4_aggregation_error,medium,15,FEAT_SECTOR_B,REPORT_LIMIT,50,0,0,0,0.02,1.0,0.5631446838378906,7
Vanilla-RWR,A4_aggregation_error,medium,15,FEAT_SECTOR_B,REPORT_LIMIT,55,0,0,0,0.01818181818181818,1.0,0.6051063537597656,9
Structural-RWR,A4_aggregation_error,medium,15,FEAT_SECTOR_B,REPORT_LIMIT,32,0,0,0,0.03125,1.0,0.61798095703125,8
PC+RWR,A4_aggregation_error,medium,15,FEAT_SECTOR_B,REPORT_LIMIT,32,0,0,0,0.03125,1.0,5.710124969482422,8
AnomalyOnly,A4_aggregation_error,medium,15,FEAT_SECTOR_B,REPORT_LIMIT,22,0,0,0,0.045454545454545456,1.0,0.007867813110351562,1
APA-RCA,A4_aggregation_error,medium,15,FEAT_SECTOR_B,REPORT_LIMIT,48,0,0,0,0.020833333333333332,1.0,0.614166259765625,9
APA-RCA-v2,A4_aggregation_error,medium,15,FEAT_SECTOR_B,REPORT_LIMIT,48,0,0,0,0.020833333333333332,1.0,0.6582736968994141,9
APA-RCA-v3,A4_aggregation_error,medium,15,FEAT_SECTOR_B,REPORT_LIMIT,48,0,0,0,0.020833333333333332,1.0,0.6339550018310547,9
Schema-Constraint,A4_aggregation_error,medium,15,FEAT_SECTOR_B,REPORT_LIMIT,1,1,1,1,1.0,0.8,0.0019073486328125,1
BFS,A4_aggregation_error,medium,16,FEAT_SECTOR_B,REPORT_LIMIT,59,0,0,0,0.01694915254237288,1.0,0.5729198455810547,7
Vanilla-RWR,A4_aggregation_error,medium,16,FEAT_SECTOR_B,REPORT_LIMIT,55,0,0,0,0.01818181818181818,1.0,0.6442070007324219,9
Structural-RWR,A4_aggregation_error,medium,16,FEAT_SECTOR_B,REPORT_LIMIT,47,0,0,0,0.02127659574468085,1.0,0.621795654296875,8
PC+RWR,A4_aggregation_error,medium,16,FEAT_SECTOR_B,REPORT_LIMIT,47,0,0,0,0.02127659574468085,1.0,5.745887756347656,8
AnomalyOnly,A4_aggregation_error,medium,16,FEAT_SECTOR_B,REPORT_LIMIT,55,0,0,0,0.01818181818181818,1.0,0.007867813110351562,1
APA-RCA,A4_aggregation_error,medium,16,FEAT_SECTOR_B,REPORT_LIMIT,57,0,0,0,0.017543859649122806,1.0,0.6279945373535156,9
APA-RCA-v2,A4_aggregation_error,medium,16,FEAT_SECTOR_B,REPORT_LIMIT,57,0,0,0,0.017543859649122806,1.0,0.6549358367919922,9
APA-RCA-v3,A4_aggregation_error,medium,16,FEAT_SECTOR_B,REPORT_LIMIT,57,0,0,0,0.017543859649122806,1.0,0.6358623504638672,9
Schema-Constraint,A4_aggregation_error,medium,16,FEAT_SECTOR_B,REPORT_LIMIT,1,1,1,1,1.0,0.8,0.0030994415283203125,1
BFS,A4_aggregation_error,medium,17,FEAT_SECTOR_B,REPORT_LIMIT,52,0,0,0,0.019230769230769232,1.0,0.5540847778320312,7
Vanilla-RWR,A4_aggregation_error,medium,17,FEAT_SECTOR_B,REPORT_LIMIT,55,0,0,0,0.01818181818181818,1.0,0.6067752838134766,9
Structural-RWR,A4_aggregation_error,medium,17,FEAT_SECTOR_B,REPORT_LIMIT,38,0,0,0,0.02631578947368421,1.0,0.6139278411865234,8
PC+RWR,A4_aggregation_error,medium,17,FEAT_SECTOR_B,REPORT_LIMIT,38,0,0,0,0.02631578947368421,1.0,5.732059478759766,8
AnomalyOnly,A4_aggregation_error,medium,17,FEAT_SECTOR_B,REPORT_LIMIT,39,0,0,0,0.02564102564102564,1.0,0.008344650268554688,1
APA-RCA,A4_aggregation_error,medium,17,FEAT_SECTOR_B,REPORT_LIMIT,48,0,0,0,0.020833333333333332,1.0,0.6148815155029297,9
APA-RCA-v2,A4_aggregation_error,medium,17,FEAT_SECTOR_B,REPORT_LIMIT,48,0,0,0,0.020833333333333332,1.0,0.6580352783203125,9
APA-RCA-v3,A4_aggregation_error,medium,17,FEAT_SECTOR_B,REPORT_LIMIT,48,0,0,0,0.020833333333333332,1.0,0.8978843688964844,9
Schema-Constraint,A4_aggregation_error,medium,17,FEAT_SECTOR_B,REPORT_LIMIT,1,1,1,1,1.0,0.8,0.0016689300537109375,1
BFS,A4_aggregation_error,medium,18,FEAT_SECTOR_B,REPORT_LIMIT,60,0,0,0,0.016666666666666666,1.0,0.5629062652587891,7
Vanilla-RWR,A4_aggregation_error,medium,18,FEAT_SECTOR_B,REPORT_LIMIT,55,0,0,0,0.01818181818181818,1.0,0.6239414215087891,9
Structural-RWR,A4_aggregation_error,medium,18,FEAT_SECTOR_B,REPORT_LIMIT,45,0,0,0,0.022222222222222223,1.0,0.6189346313476562,8
PC+RWR,A4_aggregation_error,medium,18,FEAT_SECTOR_B,REPORT_LIMIT,45,0,0,0,0.022222222222222223,1.0,5.644083023071289,8
AnomalyOnly,A4_aggregation_error,medium,18,FEAT_SECTOR_B,REPORT_LIMIT,58,0,0,0,0.017241379310344827,1.0,0.007867813110351562,1
APA-RCA,A4_aggregation_error,medium,18,FEAT_SECTOR_B,REPORT_LIMIT,59,0,0,0,0.01694915254237288,1.0,0.6189346313476562,9
APA-RCA-v2,A4_aggregation_error,medium,18,FEAT_SECTOR_B,REPORT_LIMIT,58,0,0,0,0.017241379310344827,1.0,0.659942626953125,9
APA-RCA-v3,A4_aggregation_error,medium,18,FEAT_SECTOR_B,REPORT_LIMIT,58,0,0,0,0.017241379310344827,1.0,0.6389617919921875,9
Schema-Constraint,A4_aggregation_error,medium,18,FEAT_SECTOR_B,REPORT_LIMIT,1,1,1,1,1.0,0.8,0.00286102294921875,1
BFS,A4_aggregation_error,medium,19,FEAT_SECTOR_B,REPORT_LIMIT,60,0,0,0,0.016666666666666666,1.0,0.5202293395996094,7
Vanilla-RWR,A4_aggregation_error,medium,19,FEAT_SECTOR_B,REPORT_LIMIT,55,0,0,0,0.01818181818181818,1.0,0.5970001220703125,9
Structural-RWR,A4_aggregation_error,medium,19,FEAT_SECTOR_B,REPORT_LIMIT,42,0,0,0,0.023809523809523808,1.0,1.0209083557128906,8
PC+RWR,A4_aggregation_error,medium,19,FEAT_SECTOR_B,REPORT_LIMIT,42,0,0,0,0.023809523809523808,1.0,5.632162094116211,8
AnomalyOnly,A4_aggregation_error,medium,19,FEAT_SECTOR_B,REPORT_LIMIT,54,0,0,0,0.018518518518518517,1.0,0.007867813110351562,1
APA-RCA,A4_aggregation_error,medium,19,FEAT_SECTOR_B,REPORT_LIMIT,59,0,0,0,0.01694915254237288,1.0,0.6248950958251953,9
APA-RCA-v2,A4_aggregation_error,medium,19,FEAT_SECTOR_B,REPORT_LIMIT,59,0,0,0,0.01694915254237288,1.0,0.6449222564697266,9
APA-RCA-v3,A4_aggregation_error,medium,19,FEAT_SECTOR_B,REPORT_LIMIT,59,0,0,0,0.01694915254237288,1.0,0.6341934204101562,9
Schema-Constraint,A4_aggregation_error,medium,19,FEAT_SECTOR_B,REPORT_LIMIT,1,1,1,1,1.0,0.8,0.0019073486328125,1
BFS,A4_aggregation_error,medium,20,FEAT_SECTOR_B,REPORT_LIMIT,59,0,0,0,0.01694915254237288,1.0,0.5831718444824219,7
Vanilla-RWR,A4_aggregation_error,medium,20,FEAT_SECTOR_B,REPORT_LIMIT,55,0,0,0,0.01818181818181818,1.0,0.5939006805419922,9
Structural-RWR,A4_aggregation_error,medium,20,FEAT_SECTOR_B,REPORT_LIMIT,37,0,0,0,0.02702702702702703,1.0,0.6260871887207031,8
PC+RWR,A4_aggregation_error,medium,20,FEAT_SECTOR_B,REPORT_LIMIT,37,0,0,0,0.02702702702702703,1.0,5.761146545410156,8
AnomalyOnly,A4_aggregation_error,medium,20,FEAT_SECTOR_B,REPORT_LIMIT,55,0,0,0,0.01818181818181818,1.0,0.007867813110351562,1
APA-RCA,A4_aggregation_error,medium,20,FEAT_SECTOR_B,REPORT_LIMIT,58,0,0,0,0.017241379310344827,1.0,0.5750656127929688,9
APA-RCA-v2,A4_aggregation_error,medium,20,FEAT_SECTOR_B,REPORT_LIMIT,58,0,0,0,0.017241379310344827,1.0,0.6411075592041016,9
APA-RCA-v3,A4_aggregation_error,medium,20,FEAT_SECTOR_B,REPORT_LIMIT,58,0,0,0,0.017241379310344827,1.0,0.6291866302490234,9
Schema-Constraint,A4_aggregation_error,medium,20,FEAT_SECTOR_B,REPORT_LIMIT,1,1,1,1,1.0,0.8,0.0040531158447265625,1
BFS,A4_aggregation_error,medium,21,FEAT_SECTOR_A,REPORT_LIMIT,50,0,0,0,0.02,1.0,0.5412101745605469,7
Vanilla-RWR,A4_aggregation_error,medium,21,FEAT_SECTOR_A,REPORT_LIMIT,54,0,0,0,0.018518518518518517,1.0,0.5991458892822266,9
Structural-RWR,A4_aggregation_error,medium,21,FEAT_SECTOR_A,REPORT_LIMIT,39,0,0,0,0.02564102564102564,1.0,0.6170272827148438,8
PC+RWR,A4_aggregation_error,medium,21,FEAT_SECTOR_A,REPORT_LIMIT,39,0,0,0,0.02564102564102564,1.0,5.5980682373046875,8
AnomalyOnly,A4_aggregation_error,medium,21,FEAT_SECTOR_A,REPORT_LIMIT,24,0,0,0,0.041666666666666664,1.0,0.007867813110351562,1
APA-RCA,A4_aggregation_error,medium,21,FEAT_SECTOR_A,REPORT_LIMIT,48,0,0,0,0.020833333333333332,1.0,0.6091594696044922,9
APA-RCA-v2,A4_aggregation_error,medium,21,FEAT_SECTOR_A,REPORT_LIMIT,47,0,0,0,0.02127659574468085,1.0,0.6439685821533203,9
APA-RCA-v3,A4_aggregation_error,medium,21,FEAT_SECTOR_A,REPORT_LIMIT,47,0,0,0,0.02127659574468085,1.0,0.6330013275146484,9
Schema-Constraint,A4_aggregation_error,medium,21,FEAT_SECTOR_A,REPORT_LIMIT,1,1,1,1,1.0,0.8,0.00286102294921875,1
BFS,A4_aggregation_error,medium,22,FEAT_SECTOR_B,REPORT_LIMIT,55,0,0,0,0.01818181818181818,1.0,0.5660057067871094,7
Vanilla-RWR,A4_aggregation_error,medium,22,FEAT_SECTOR_B,REPORT_LIMIT,55,0,0,0,0.01818181818181818,1.0,0.6113052368164062,9
Structural-RWR,A4_aggregation_error,medium,22,FEAT_SECTOR_B,REPORT_LIMIT,40,0,0,0,0.025,1.0,0.6220340728759766,8
PC+RWR,A4_aggregation_error,medium,22,FEAT_SECTOR_B,REPORT_LIMIT,40,0,0,0,0.025,1.0,5.730152130126953,8
AnomalyOnly,A4_aggregation_error,medium,22,FEAT_SECTOR_B,REPORT_LIMIT,45,0,0,0,0.022222222222222223,1.0,0.0069141387939453125,1
APA-RCA,A4_aggregation_error,medium,22,FEAT_SECTOR_B,REPORT_LIMIT,54,0,0,0,0.018518518518518517,1.0,0.6258487701416016,9
APA-RCA-v2,A4_aggregation_error,medium,22,FEAT_SECTOR_B,REPORT_LIMIT,54,0,0,0,0.018518518518518517,1.0,0.6530284881591797,9
APA-RCA-v3,A4_aggregation_error,medium,22,FEAT_SECTOR_B,REPORT_LIMIT,54,0,0,0,0.018518518518518517,1.0,0.6320476531982422,9
Schema-Constraint,A4_aggregation_error,medium,22,FEAT_SECTOR_B,REPORT_LIMIT,1,1,1,1,1.0,0.8,0.0030994415283203125,1
BFS,A4_aggregation_error,medium,23,FEAT_SECTOR_A,REPORT_LIMIT,61,0,0,0,0.01639344262295082,1.0,0.5500316619873047,7
Vanilla-RWR,A4_aggregation_error,medium,23,FEAT_SECTOR_A,REPORT_LIMIT,54,0,0,0,0.018518518518518517,1.0,0.6089210510253906,9
Structural-RWR,A4_aggregation_error,medium,23,FEAT_SECTOR_A,REPORT_LIMIT,56,0,0,0,0.017857142857142856,1.0,0.6251335144042969,8
PC+RWR,A4_aggregation_error,medium,23,FEAT_SECTOR_A,REPORT_LIMIT,56,0,0,0,0.017857142857142856,1.0,5.593776702880859,8
AnomalyOnly,A4_aggregation_error,medium,23,FEAT_SECTOR_A,REPORT_LIMIT,58,0,0,0,0.017241379310344827,1.0,0.007867813110351562,1
APA-RCA,A4_aggregation_error,medium,23,FEAT_SECTOR_A,REPORT_LIMIT,61,0,0,0,0.01639344262295082,1.0,0.6167888641357422,9
APA-RCA-v2,A4_aggregation_error,medium,23,FEAT_SECTOR_A,REPORT_LIMIT,61,0,0,0,0.01639344262295082,1.0,0.6549358367919922,9
APA-RCA-v3,A4_aggregation_error,medium,23,FEAT_SECTOR_A,REPORT_LIMIT,61,0,0,0,0.01639344262295082,1.0,0.6258487701416016,9
Schema-Constraint,A4_aggregation_error,medium,23,FEAT_SECTOR_A,REPORT_LIMIT,1,1,1,1,1.0,0.8,0.0021457672119140625,1
BFS,A4_aggregation_error,medium,24,FEAT_SECTOR_A,REPORT_LIMIT,45,0,0,0,0.022222222222222223,1.0,0.5257129669189453,7
Vanilla-RWR,A4_aggregation_error,medium,24,FEAT_SECTOR_A,REPORT_LIMIT,54,0,0,0,0.018518518518518517,1.0,0.6148815155029297,9
Structural-RWR,A4_aggregation_error,medium,24,FEAT_SECTOR_A,REPORT_LIMIT,20,0,0,0,0.05,1.0,0.6139278411865234,8
PC+RWR,A4_aggregation_error,medium,24,FEAT_SECTOR_A,REPORT_LIMIT,20,0,0,0,0.05,1.0,5.577325820922852,8
AnomalyOnly,A4_aggregation_error,medium,24,FEAT_SECTOR_A,REPORT_LIMIT,9,0,0,0,0.1111111111111111,1.0,0.007867813110351562,1
APA-RCA,A4_aggregation_error,medium,24,FEAT_SECTOR_A,REPORT_LIMIT,45,0,0,0,0.022222222222222223,1.0,0.6232261657714844,9
APA-RCA-v2,A4_aggregation_error,medium,24,FEAT_SECTOR_A,REPORT_LIMIT,45,0,0,0,0.022222222222222223,1.0,0.9510517120361328,9
APA-RCA-v3,A4_aggregation_error,medium,24,FEAT_SECTOR_A,REPORT_LIMIT,45,0,0,0,0.022222222222222223,1.0,0.5970001220703125,9
Schema-Constraint,A4_aggregation_error,medium,24,FEAT_SECTOR_A,REPORT_LIMIT,1,1,1,1,1.0,0.8,0.0021457672119140625,1
BFS,A4_aggregation_error,medium,25,FEAT_SECTOR_B,REPORT_LIMIT,58,0,0,0,0.017241379310344827,1.0,0.5280971527099609,7
Vanilla-RWR,A4_aggregation_error,medium,25,FEAT_SECTOR_B,REPORT_LIMIT,55,0,0,0,0.01818181818181818,1.0,0.6060600280761719,9
Structural-RWR,A4_aggregation_error,medium,25,FEAT_SECTOR_B,REPORT_LIMIT,40,0,0,0,0.025,1.0,0.61798095703125,8
PC+RWR,A4_aggregation_error,medium,25,FEAT_SECTOR_B,REPORT_LIMIT,40,0,0,0,0.025,1.0,5.650043487548828,8
AnomalyOnly,A4_aggregation_error,medium,25,FEAT_SECTOR_B,REPORT_LIMIT,55,0,0,0,0.01818181818181818,1.0,0.0069141387939453125,1
APA-RCA,A4_aggregation_error,medium,25,FEAT_SECTOR_B,REPORT_LIMIT,57,0,0,0,0.017543859649122806,1.0,0.6170272827148438,9
APA-RCA-v2,A4_aggregation_error,medium,25,FEAT_SECTOR_B,REPORT_LIMIT,57,0,0,0,0.017543859649122806,1.0,0.6499290466308594,9
APA-RCA-v3,A4_aggregation_error,medium,25,FEAT_SECTOR_B,REPORT_LIMIT,57,0,0,0,0.017543859649122806,1.0,0.6308555603027344,9
Schema-Constraint,A4_aggregation_error,medium,25,FEAT_SECTOR_B,REPORT_LIMIT,1,1,1,1,1.0,0.8,0.0016689300537109375,1
BFS,A4_aggregation_error,medium,26,FEAT_SECTOR_B,REPORT_LIMIT,45,0,0,0,0.022222222222222223,1.0,0.5509853363037109,7
Vanilla-RWR,A4_aggregation_error,medium,26,FEAT_SECTOR_B,REPORT_LIMIT,55,0,0,0,0.01818181818181818,1.0,0.6060600280761719,9
Structural-RWR,A4_aggregation_error,medium,26,FEAT_SECTOR_B,REPORT_LIMIT,15,0,0,0,0.06666666666666667,1.0,0.614166259765625,8
PC+RWR,A4_aggregation_error,medium,26,FEAT_SECTOR_B,REPORT_LIMIT,15,0,0,0,0.06666666666666667,1.0,5.594968795776367,8
AnomalyOnly,A4_aggregation_error,medium,26,FEAT_SECTOR_B,REPORT_LIMIT,5,0,0,1,0.2,0.8,0.007867813110351562,1
APA-RCA,A4_aggregation_error,medium,26,FEAT_SECTOR_B,REPORT_LIMIT,44,0,0,0,0.022727272727272728,1.0,0.6148815155029297,9
APA-RCA-v2,A4_aggregation_error,medium,26,FEAT_SECTOR_B,REPORT_LIMIT,45,0,0,0,0.022222222222222223,1.0,0.6511211395263672,9
APA-RCA-v3,A4_aggregation_error,medium,26,FEAT_SECTOR_B,REPORT_LIMIT,45,0,0,0,0.022222222222222223,1.0,0.6289482116699219,9
Schema-Constraint,A4_aggregation_error,medium,26,FEAT_SECTOR_B,REPORT_LIMIT,1,1,1,1,1.0,0.8,0.0021457672119140625,1
BFS,A4_aggregation_error,medium,27,FEAT_SECTOR_A,REPORT_LIMIT,48,0,0,0,0.020833333333333332,1.0,0.5431175231933594,7
Vanilla-RWR,A4_aggregation_error,medium,27,FEAT_SECTOR_A,REPORT_LIMIT,54,0,0,0,0.018518518518518517,1.0,0.6000995635986328,9
Structural-RWR,A4_aggregation_error,medium,27,FEAT_SECTOR_A,REPORT_LIMIT,35,0,0,0,0.02857142857142857,1.0,0.6158351898193359,8
PC+RWR,A4_aggregation_error,medium,27,FEAT_SECTOR_A,REPORT_LIMIT,35,0,0,0,0.02857142857142857,1.0,5.656003952026367,8
AnomalyOnly,A4_aggregation_error,medium,27,FEAT_SECTOR_A,REPORT_LIMIT,13,0,0,0,0.07692307692307693,1.0,0.008106231689453125,1
APA-RCA,A4_aggregation_error,medium,27,FEAT_SECTOR_A,REPORT_LIMIT,48,0,0,0,0.020833333333333332,1.0,0.6101131439208984,9
APA-RCA-v2,A4_aggregation_error,medium,27,FEAT_SECTOR_A,REPORT_LIMIT,48,0,0,0,0.020833333333333332,1.0,0.6661415100097656,9
APA-RCA-v3,A4_aggregation_error,medium,27,FEAT_SECTOR_A,REPORT_LIMIT,48,0,0,0,0.020833333333333332,1.0,0.6279945373535156,9
Schema-Constraint,A4_aggregation_error,medium,27,FEAT_SECTOR_A,REPORT_LIMIT,1,1,1,1,1.0,0.8,0.0030994415283203125,1
BFS,A4_aggregation_error,medium,28,FEAT_SECTOR_B,REPORT_LIMIT,51,0,0,0,0.0196078431372549,1.0,0.5400180816650391,7
Vanilla-RWR,A4_aggregation_error,medium,28,FEAT_SECTOR_B,REPORT_LIMIT,55,0,0,0,0.01818181818181818,1.0,0.6079673767089844,9
Structural-RWR,A4_aggregation_error,medium,28,FEAT_SECTOR_B,REPORT_LIMIT,40,0,0,0,0.025,1.0,0.6270408630371094,8
PC+RWR,A4_aggregation_error,medium,28,FEAT_SECTOR_B,REPORT_LIMIT,40,0,0,0,0.025,1.0,5.618095397949219,8
AnomalyOnly,A4_aggregation_error,medium,28,FEAT_SECTOR_B,REPORT_LIMIT,39,0,0,0,0.02564102564102564,1.0,0.009059906005859375,1
APA-RCA,A4_aggregation_error,medium,28,FEAT_SECTOR_B,REPORT_LIMIT,49,0,0,0,0.02040816326530612,1.0,0.6110668182373047,9
APA-RCA-v2,A4_aggregation_error,medium,28,FEAT_SECTOR_B,REPORT_LIMIT,49,0,0,0,0.02040816326530612,1.0,0.6489753723144531,9
APA-RCA-v3,A4_aggregation_error,medium,28,FEAT_SECTOR_B,REPORT_LIMIT,49,0,0,0,0.02040816326530612,1.0,0.6339550018310547,9
Schema-Constraint,A4_aggregation_error,medium,28,FEAT_SECTOR_B,REPORT_LIMIT,1,1,1,1,1.0,0.8,0.0019073486328125,1
BFS,A4_aggregation_error,medium,29,FEAT_SECTOR_B,REPORT_LIMIT,45,0,0,0,0.022222222222222223,1.0,0.5347728729248047,7
Vanilla-RWR,A4_aggregation_error,medium,29,FEAT_SECTOR_B,REPORT_LIMIT,55,0,0,0,0.01818181818181818,1.0,0.6108283996582031,9
Structural-RWR,A4_aggregation_error,medium,29,FEAT_SECTOR_B,REPORT_LIMIT,14,0,0,0,0.07142857142857142,1.0,0.6158351898193359,8
PC+RWR,A4_aggregation_error,medium,29,FEAT_SECTOR_B,REPORT_LIMIT,14,0,0,0,0.07142857142857142,1.0,5.628824234008789,8
AnomalyOnly,A4_aggregation_error,medium,29,FEAT_SECTOR_B,REPORT_LIMIT,1,1,1,1,1.0,0.8,0.007867813110351562,1
APA-RCA,A4_aggregation_error,medium,29,FEAT_SECTOR_B,REPORT_LIMIT,45,0,0,0,0.022222222222222223,1.0,0.6129741668701172,9
APA-RCA-v2,A4_aggregation_error,medium,29,FEAT_SECTOR_B,REPORT_LIMIT,45,0,0,0,0.022222222222222223,1.0,0.6530284881591797,9
APA-RCA-v3,A4_aggregation_error,medium,29,FEAT_SECTOR_B,REPORT_LIMIT,45,0,0,0,0.022222222222222223,1.0,0.9679794311523438,9
Schema-Constraint,A4_aggregation_error,medium,29,FEAT_SECTOR_B,REPORT_LIMIT,1,1,1,1,1.0,0.8,0.00095367431640625,1
BFS,A5_downstream_masking,medium,0,SRC_STOCK_5_PRICE,REPORT_LIMIT,40,0,0,0,0.025,1.0,0.5810260772705078,7
Vanilla-RWR,A5_downstream_masking,medium,0,SRC_STOCK_5_PRICE,REPORT_LIMIT,34,0,0,0,0.029411764705882353,1.0,0.6232261657714844,9
Structural-RWR,A5_downstream_masking,medium,0,SRC_STOCK_5_PRICE,REPORT_LIMIT,26,0,0,0,0.038461538461538464,1.0,0.6101131439208984,8
PC+RWR,A5_downstream_masking,medium,0,SRC_STOCK_5_PRICE,REPORT_LIMIT,26,0,0,0,0.038461538461538464,1.0,5.5408477783203125,8
AnomalyOnly,A5_downstream_masking,medium,0,SRC_STOCK_5_PRICE,REPORT_LIMIT,7,0,0,0,0.14285714285714285,1.0,0.007867813110351562,1
APA-RCA,A5_downstream_masking,medium,0,SRC_STOCK_5_PRICE,REPORT_LIMIT,4,0,0,1,0.25,0.8,0.6132125854492188,9
APA-RCA-v2,A5_downstream_masking,medium,0,SRC_STOCK_5_PRICE,REPORT_LIMIT,1,1,1,1,1.0,0.8,0.6468296051025391,9
APA-RCA-v3,A5_downstream_masking,medium,0,SRC_STOCK_5_PRICE,REPORT_LIMIT,1,1,1,1,1.0,0.8,0.6349086761474609,9
Schema-Constraint,A5_downstream_masking,medium,0,SRC_STOCK_5_PRICE,REPORT_LIMIT,5,0,0,1,0.2,0.8,0.0,0
BFS,A5_downstream_masking,medium,1,SRC_STOCK_3_PRICE,REPORT_LIMIT,41,0,0,0,0.024390243902439025,1.0,0.9191036224365234,7
Vanilla-RWR,A5_downstream_masking,medium,1,SRC_STOCK_3_PRICE,REPORT_LIMIT,32,0,0,0,0.03125,1.0,0.6170272827148438,9
Structural-RWR,A5_downstream_masking,medium,1,SRC_STOCK_3_PRICE,REPORT_LIMIT,42,0,0,0,0.023809523809523808,1.0,0.6039142608642578,8
PC+RWR,A5_downstream_masking,medium,1,SRC_STOCK_3_PRICE,REPORT_LIMIT,42,0,0,0,0.023809523809523808,1.0,5.652904510498047,8
AnomalyOnly,A5_downstream_masking,medium,1,SRC_STOCK_3_PRICE,REPORT_LIMIT,15,0,0,0,0.06666666666666667,1.0,0.007867813110351562,1
APA-RCA,A5_downstream_masking,medium,1,SRC_STOCK_3_PRICE,REPORT_LIMIT,11,0,0,0,0.09090909090909091,1.0,0.6239414215087891,9
APA-RCA-v2,A5_downstream_masking,medium,1,SRC_STOCK_3_PRICE,REPORT_LIMIT,3,0,1,1,0.3333333333333333,0.8,0.6508827209472656,9
APA-RCA-v3,A5_downstream_masking,medium,1,SRC_STOCK_3_PRICE,REPORT_LIMIT,3,0,1,1,0.3333333333333333,0.8,0.6301403045654297,9
Schema-Constraint,A5_downstream_masking,medium,1,SRC_STOCK_3_PRICE,REPORT_LIMIT,3,0,1,1,0.3333333333333333,0.8,0.0,0
BFS,A5_downstream_masking,medium,2,SRC_STOCK_5_PRICE,REPORT_LIMIT,41,0,0,0,0.024390243902439025,1.0,0.5328655242919922,7
Vanilla-RWR,A5_downstream_masking,medium,2,SRC_STOCK_5_PRICE,REPORT_LIMIT,34,0,0,0,0.029411764705882353,1.0,0.6058216094970703,9
Structural-RWR,A5_downstream_masking,medium,2,SRC_STOCK_5_PRICE,REPORT_LIMIT,39,0,0,0,0.02564102564102564,1.0,0.6129741668701172,8
PC+RWR,A5_downstream_masking,medium,2,SRC_STOCK_5_PRICE,REPORT_LIMIT,39,0,0,0,0.02564102564102564,1.0,5.665063858032227,8
AnomalyOnly,A5_downstream_masking,medium,2,SRC_STOCK_5_PRICE,REPORT_LIMIT,12,0,0,0,0.08333333333333333,1.0,0.007867813110351562,1
APA-RCA,A5_downstream_masking,medium,2,SRC_STOCK_5_PRICE,REPORT_LIMIT,9,0,0,0,0.1111111111111111,1.0,0.6101131439208984,9
APA-RCA-v2,A5_downstream_masking,medium,2,SRC_STOCK_5_PRICE,REPORT_LIMIT,2,0,1,1,0.5,0.8,0.6508827209472656,9
APA-RCA-v3,A5_downstream_masking,medium,2,SRC_STOCK_5_PRICE,REPORT_LIMIT,2,0,1,1,0.5,0.8,0.6241798400878906,9
Schema-Constraint,A5_downstream_masking,medium,2,SRC_STOCK_5_PRICE,REPORT_LIMIT,5,0,0,1,0.2,0.8,0.0,0
BFS,A5_downstream_masking,medium,3,SRC_STOCK_5_PRICE,REPORT_LIMIT,41,0,0,0,0.024390243902439025,1.0,0.5199909210205078,7
Vanilla-RWR,A5_downstream_masking,medium,3,SRC_STOCK_5_PRICE,REPORT_LIMIT,34,0,0,0,0.029411764705882353,1.0,0.6260871887207031,9
Structural-RWR,A5_downstream_masking,medium,3,SRC_STOCK_5_PRICE,REPORT_LIMIT,40,0,0,0,0.025,1.0,0.5769729614257812,8
PC+RWR,A5_downstream_masking,medium,3,SRC_STOCK_5_PRICE,REPORT_LIMIT,40,0,0,0,0.025,1.0,5.608081817626953,8
AnomalyOnly,A5_downstream_masking,medium,3,SRC_STOCK_5_PRICE,REPORT_LIMIT,12,0,0,0,0.08333333333333333,1.0,0.0069141387939453125,1
APA-RCA,A5_downstream_masking,medium,3,SRC_STOCK_5_PRICE,REPORT_LIMIT,7,0,0,0,0.14285714285714285,1.0,0.5931854248046875,9
APA-RCA-v2,A5_downstream_masking,medium,3,SRC_STOCK_5_PRICE,REPORT_LIMIT,4,0,0,1,0.25,0.8,0.6418228149414062,9
APA-RCA-v3,A5_downstream_masking,medium,3,SRC_STOCK_5_PRICE,REPORT_LIMIT,4,0,0,1,0.25,0.8,0.6210803985595703,9
Schema-Constraint,A5_downstream_masking,medium,3,SRC_STOCK_5_PRICE,REPORT_LIMIT,5,0,0,1,0.2,0.8,0.0,0
BFS,A5_downstream_masking,medium,4,SRC_STOCK_4_PRICE,REPORT_LIMIT,41,0,0,0,0.024390243902439025,1.0,0.5319118499755859,7
Vanilla-RWR,A5_downstream_masking,medium,4,SRC_STOCK_4_PRICE,REPORT_LIMIT,33,0,0,0,0.030303030303030304,1.0,0.5757808685302734,9
Structural-RWR,A5_downstream_masking,medium,4,SRC_STOCK_4_PRICE,REPORT_LIMIT,44,0,0,0,0.022727272727272728,1.0,1.0609626770019531,8
PC+RWR,A5_downstream_masking,medium,4,SRC_STOCK_4_PRICE,REPORT_LIMIT,44,0,0,0,0.022727272727272728,1.0,5.623102188110352,8
AnomalyOnly,A5_downstream_masking,medium,4,SRC_STOCK_4_PRICE,REPORT_LIMIT,13,0,0,0,0.07692307692307693,1.0,0.008344650268554688,1
APA-RCA,A5_downstream_masking,medium,4,SRC_STOCK_4_PRICE,REPORT_LIMIT,10,0,0,0,0.1,1.0,0.6089210510253906,9
APA-RCA-v2,A5_downstream_masking,medium,4,SRC_STOCK_4_PRICE,REPORT_LIMIT,3,0,1,1,0.3333333333333333,0.8,0.6411075592041016,9
APA-RCA-v3,A5_downstream_masking,medium,4,SRC_STOCK_4_PRICE,REPORT_LIMIT,3,0,1,1,0.3333333333333333,0.8,0.6308555603027344,9
Schema-Constraint,A5_downstream_masking,medium,4,SRC_STOCK_4_PRICE,REPORT_LIMIT,4,0,0,1,0.25,0.8,0.0,0
BFS,A5_downstream_masking,medium,5,SRC_STOCK_4_PRICE,REPORT_LIMIT,41,0,0,0,0.024390243902439025,1.0,0.5319118499755859,7
Vanilla-RWR,A5_downstream_masking,medium,5,SRC_STOCK_4_PRICE,REPORT_LIMIT,33,0,0,0,0.030303030303030304,1.0,0.6010532379150391,9
Structural-RWR,A5_downstream_masking,medium,5,SRC_STOCK_4_PRICE,REPORT_LIMIT,36,0,0,0,0.027777777777777776,1.0,0.6108283996582031,8
PC+RWR,A5_downstream_masking,medium,5,SRC_STOCK_4_PRICE,REPORT_LIMIT,36,0,0,0,0.027777777777777776,1.0,5.625009536743164,8
AnomalyOnly,A5_downstream_masking,medium,5,SRC_STOCK_4_PRICE,REPORT_LIMIT,9,0,0,0,0.1111111111111111,1.0,0.007867813110351562,1
APA-RCA,A5_downstream_masking,medium,5,SRC_STOCK_4_PRICE,REPORT_LIMIT,6,0,0,0,0.16666666666666666,1.0,0.6096363067626953,9
APA-RCA-v2,A5_downstream_masking,medium,5,SRC_STOCK_4_PRICE,REPORT_LIMIT,2,0,1,1,0.5,0.8,0.6480216979980469,9
APA-RCA-v3,A5_downstream_masking,medium,5,SRC_STOCK_4_PRICE,REPORT_LIMIT,2,0,1,1,0.5,0.8,0.6299018859863281,9
Schema-Constraint,A5_downstream_masking,medium,5,SRC_STOCK_4_PRICE,REPORT_LIMIT,4,0,0,1,0.25,0.8,0.0,0
BFS,A5_downstream_masking,medium,6,SRC_STOCK_3_PRICE,REPORT_LIMIT,40,0,0,0,0.025,1.0,0.5319118499755859,7
Vanilla-RWR,A5_downstream_masking,medium,6,SRC_STOCK_3_PRICE,REPORT_LIMIT,32,0,0,0,0.03125,1.0,0.5979537963867188,9
Structural-RWR,A5_downstream_masking,medium,6,SRC_STOCK_3_PRICE,REPORT_LIMIT,41,0,0,0,0.024390243902439025,1.0,0.5669593811035156,8
PC+RWR,A5_downstream_masking,medium,6,SRC_STOCK_3_PRICE,REPORT_LIMIT,41,0,0,0,0.024390243902439025,1.0,5.6362152099609375,8
AnomalyOnly,A5_downstream_masking,medium,6,SRC_STOCK_3_PRICE,REPORT_LIMIT,8,0,0,0,0.125,1.0,0.008344650268554688,1
APA-RCA,A5_downstream_masking,medium,6,SRC_STOCK_3_PRICE,REPORT_LIMIT,5,0,0,1,0.2,0.8,0.6098747253417969,9
APA-RCA-v2,A5_downstream_masking,medium,6,SRC_STOCK_3_PRICE,REPORT_LIMIT,1,1,1,1,1.0,0.8,0.6511211395263672,9
APA-RCA-v3,A5_downstream_masking,medium,6,SRC_STOCK_3_PRICE,REPORT_LIMIT,1,1,1,1,1.0,0.8,0.6358623504638672,9
Schema-Constraint,A5_downstream_masking,medium,6,SRC_STOCK_3_PRICE,REPORT_LIMIT,3,0,1,1,0.3333333333333333,0.8,0.0,0
BFS,A5_downstream_masking,medium,7,SRC_STOCK_5_PRICE,REPORT_LIMIT,40,0,0,0,0.025,1.0,0.5738735198974609,7
Vanilla-RWR,A5_downstream_masking,medium,7,SRC_STOCK_5_PRICE,REPORT_LIMIT,34,0,0,0,0.029411764705882353,1.0,0.6122589111328125,9
Structural-RWR,A5_downstream_masking,medium,7,SRC_STOCK_5_PRICE,REPORT_LIMIT,34,0,0,0,0.029411764705882353,1.0,0.6160736083984375,8
PC+RWR,A5_downstream_masking,medium,7,SRC_STOCK_5_PRICE,REPORT_LIMIT,34,0,0,0,0.029411764705882353,1.0,5.838871002197266,8
AnomalyOnly,A5_downstream_masking,medium,7,SRC_STOCK_5_PRICE,REPORT_LIMIT,4,0,0,1,0.25,0.8,0.008106231689453125,1
APA-RCA,A5_downstream_masking,medium,7,SRC_STOCK_5_PRICE,REPORT_LIMIT,4,0,0,1,0.25,0.8,0.6160736083984375,9
APA-RCA-v2,A5_downstream_masking,medium,7,SRC_STOCK_5_PRICE,REPORT_LIMIT,1,1,1,1,1.0,0.8,1.049041748046875,9
APA-RCA-v3,A5_downstream_masking,medium,7,SRC_STOCK_5_PRICE,REPORT_LIMIT,1,1,1,1,1.0,0.8,0.6339550018310547,9
Schema-Constraint,A5_downstream_masking,medium,7,SRC_STOCK_5_PRICE,REPORT_LIMIT,5,0,0,1,0.2,0.8,0.0,0
BFS,A5_downstream_masking,medium,8,SRC_STOCK_4_PRICE,REPORT_LIMIT,40,0,0,0,0.025,1.0,0.5829334259033203,7
Vanilla-RWR,A5_downstream_masking,medium,8,SRC_STOCK_4_PRICE,REPORT_LIMIT,33,0,0,0,0.030303030303030304,1.0,0.6101131439208984,9
Structural-RWR,A5_downstream_masking,medium,8,SRC_STOCK_4_PRICE,REPORT_LIMIT,30,0,0,0,0.03333333333333333,1.0,0.6110668182373047,8
PC+RWR,A5_downstream_masking,medium,8,SRC_STOCK_4_PRICE,REPORT_LIMIT,30,0,0,0,0.03333333333333333,1.0,5.728960037231445,8
AnomalyOnly,A5_downstream_masking,medium,8,SRC_STOCK_4_PRICE,REPORT_LIMIT,8,0,0,0,0.125,1.0,0.0069141387939453125,1
APA-RCA,A5_downstream_masking,medium,8,SRC_STOCK_4_PRICE,REPORT_LIMIT,5,0,0,1,0.2,0.8,0.6060600280761719,9
APA-RCA-v2,A5_downstream_masking,medium,8,SRC_STOCK_4_PRICE,REPORT_LIMIT,1,1,1,1,1.0,0.8,0.6558895111083984,9
APA-RCA-v3,A5_downstream_masking,medium,8,SRC_STOCK_4_PRICE,REPORT_LIMIT,1,1,1,1,1.0,0.8,0.6251335144042969,9
Schema-Constraint,A5_downstream_masking,medium,8,SRC_STOCK_4_PRICE,REPORT_LIMIT,4,0,0,1,0.25,0.8,0.0,0
BFS,A5_downstream_masking,medium,9,SRC_STOCK_3_PRICE,REPORT_LIMIT,41,0,0,0,0.024390243902439025,1.0,0.5431175231933594,7
Vanilla-RWR,A5_downstream_masking,medium,9,SRC_STOCK_3_PRICE,REPORT_LIMIT,32,0,0,0,0.03125,1.0,0.6041526794433594,9
Structural-RWR,A5_downstream_masking,medium,9,SRC_STOCK_3_PRICE,REPORT_LIMIT,39,0,0,0,0.02564102564102564,1.0,0.6210803985595703,8
PC+RWR,A5_downstream_masking,medium,9,SRC_STOCK_3_PRICE,REPORT_LIMIT,39,0,0,0,0.02564102564102564,1.0,5.735874176025391,8
AnomalyOnly,A5_downstream_masking,medium,9,SRC_STOCK_3_PRICE,REPORT_LIMIT,12,0,0,0,0.08333333333333333,1.0,0.008106231689453125,1
APA-RCA,A5_downstream_masking,medium,9,SRC_STOCK_3_PRICE,REPORT_LIMIT,9,0,0,0,0.1111111111111111,1.0,0.6091594696044922,9
APA-RCA-v2,A5_downstream_masking,medium,9,SRC_STOCK_3_PRICE,REPORT_LIMIT,3,0,1,1,0.3333333333333333,0.8,0.6568431854248047,9
APA-RCA-v3,A5_downstream_masking,medium,9,SRC_STOCK_3_PRICE,REPORT_LIMIT,3,0,1,1,0.3333333333333333,0.8,0.6291866302490234,9
Schema-Constraint,A5_downstream_masking,medium,9,SRC_STOCK_3_PRICE,REPORT_LIMIT,3,0,1,1,0.3333333333333333,0.8,0.0,0
BFS,A5_downstream_masking,medium,10,SRC_STOCK_4_PRICE,REPORT_LIMIT,40,0,0,0,0.025,1.0,0.5497932434082031,7
Vanilla-RWR,A5_downstream_masking,medium,10,SRC_STOCK_4_PRICE,REPORT_LIMIT,33,0,0,0,0.030303030303030304,1.0,0.6132125854492188,9
Structural-RWR,A5_downstream_masking,medium,10,SRC_STOCK_4_PRICE,REPORT_LIMIT,27,0,0,0,0.037037037037037035,1.0,0.5712509155273438,8
PC+RWR,A5_downstream_masking,medium,10,SRC_STOCK_4_PRICE,REPORT_LIMIT,27,0,0,0,0.037037037037037035,1.0,5.948066711425781,8
AnomalyOnly,A5_downstream_masking,medium,10,SRC_STOCK_4_PRICE,REPORT_LIMIT,4,0,0,1,0.25,0.8,0.008344650268554688,1
APA-RCA,A5_downstream_masking,medium,10,SRC_STOCK_4_PRICE,REPORT_LIMIT,6,0,0,0,0.16666666666666666,1.0,0.6101131439208984,9
APA-RCA-v2,A5_downstream_masking,medium,10,SRC_STOCK_4_PRICE,REPORT_LIMIT,1,1,1,1,1.0,0.8,0.6492137908935547,9
APA-RCA-v3,A5_downstream_masking,medium,10,SRC_STOCK_4_PRICE,REPORT_LIMIT,1,1,1,1,1.0,0.8,0.6349086761474609,9
Schema-Constraint,A5_downstream_masking,medium,10,SRC_STOCK_4_PRICE,REPORT_LIMIT,4,0,0,1,0.25,0.8,0.0,0
BFS,A5_downstream_masking,medium,11,SRC_STOCK_1_PRICE,REPORT_LIMIT,40,0,0,0,0.025,1.0,0.5669593811035156,7
Vanilla-RWR,A5_downstream_masking,medium,11,SRC_STOCK_1_PRICE,REPORT_LIMIT,30,0,0,0,0.03333333333333333,1.0,0.6060600280761719,9
Structural-RWR,A5_downstream_masking,medium,11,SRC_STOCK_1_PRICE,REPORT_LIMIT,42,0,0,0,0.023809523809523808,1.0,0.6258487701416016,8
PC+RWR,A5_downstream_masking,medium,11,SRC_STOCK_1_PRICE,REPORT_LIMIT,42,0,0,0,0.023809523809523808,1.0,5.78618049621582,8
AnomalyOnly,A5_downstream_masking,medium,11,SRC_STOCK_1_PRICE,REPORT_LIMIT,10,0,0,0,0.1,1.0,0.007867813110351562,1
APA-RCA,A5_downstream_masking,medium,11,SRC_STOCK_1_PRICE,REPORT_LIMIT,8,0,0,0,0.125,1.0,0.6148815155029297,9
APA-RCA-v2,A5_downstream_masking,medium,11,SRC_STOCK_1_PRICE,REPORT_LIMIT,4,0,0,1,0.25,0.8,0.6520748138427734,9
APA-RCA-v3,A5_downstream_masking,medium,11,SRC_STOCK_1_PRICE,REPORT_LIMIT,4,0,0,1,0.25,0.8,0.6380081176757812,9
Schema-Constraint,A5_downstream_masking,medium,11,SRC_STOCK_1_PRICE,REPORT_LIMIT,1,1,1,1,1.0,0.8,0.0,0
BFS,A5_downstream_masking,medium,12,SRC_STOCK_4_PRICE,REPORT_LIMIT,40,0,0,0,0.025,1.0,0.553131103515625,7
Vanilla-RWR,A5_downstream_masking,medium,12,SRC_STOCK_4_PRICE,REPORT_LIMIT,33,0,0,0,0.030303030303030304,1.0,0.6258487701416016,9
Structural-RWR,A5_downstream_masking,medium,12,SRC_STOCK_4_PRICE,REPORT_LIMIT,38,0,0,0,0.02631578947368421,1.0,0.5731582641601562,8
PC+RWR,A5_downstream_masking,medium,12,SRC_STOCK_4_PRICE,REPORT_LIMIT,38,0,0,0,0.02631578947368421,1.0,5.725860595703125,8
AnomalyOnly,A5_downstream_masking,medium,12,SRC_STOCK_4_PRICE,REPORT_LIMIT,11,0,0,0,0.09090909090909091,1.0,0.008106231689453125,1
APA-RCA,A5_downstream_masking,medium,12,SRC_STOCK_4_PRICE,REPORT_LIMIT,7,0,0,0,0.14285714285714285,1.0,0.6170272827148438,9
APA-RCA-v2,A5_downstream_masking,medium,12,SRC_STOCK_4_PRICE,REPORT_LIMIT,1,1,1,1,1.0,0.8,1.0519027709960938,9
APA-RCA-v3,A5_downstream_masking,medium,12,SRC_STOCK_4_PRICE,REPORT_LIMIT,1,1,1,1,1.0,0.8,0.6301403045654297,9
Schema-Constraint,A5_downstream_masking,medium,12,SRC_STOCK_4_PRICE,REPORT_LIMIT,4,0,0,1,0.25,0.8,0.0,0
BFS,A5_downstream_masking,medium,13,SRC_STOCK_5_PRICE,REPORT_LIMIT,41,0,0,0,0.024390243902439025,1.0,0.5650520324707031,7
Vanilla-RWR,A5_downstream_masking,medium,13,SRC_STOCK_5_PRICE,REPORT_LIMIT,34,0,0,0,0.029411764705882353,1.0,0.6368160247802734,9
Structural-RWR,A5_downstream_masking,medium,13,SRC_STOCK_5_PRICE,REPORT_LIMIT,41,0,0,0,0.024390243902439025,1.0,0.5750656127929688,8
PC+RWR,A5_downstream_masking,medium,13,SRC_STOCK_5_PRICE,REPORT_LIMIT,41,0,0,0,0.024390243902439025,1.0,5.790948867797852,8
AnomalyOnly,A5_downstream_masking,medium,13,SRC_STOCK_5_PRICE,REPORT_LIMIT,10,0,0,0,0.1,1.0,0.007867813110351562,1
APA-RCA,A5_downstream_masking,medium,13,SRC_STOCK_5_PRICE,REPORT_LIMIT,7,0,0,0,0.14285714285714285,1.0,0.6117820739746094,9
APA-RCA-v2,A5_downstream_masking,medium,13,SRC_STOCK_5_PRICE,REPORT_LIMIT,3,0,1,1,0.3333333333333333,0.8,0.6580352783203125,9
APA-RCA-v3,A5_downstream_masking,medium,13,SRC_STOCK_5_PRICE,REPORT_LIMIT,3,0,1,1,0.3333333333333333,0.8,0.6251335144042969,9
Schema-Constraint,A5_downstream_masking,medium,13,SRC_STOCK_5_PRICE,REPORT_LIMIT,5,0,0,1,0.2,0.8,0.0,0
BFS,A5_downstream_masking,medium,14,SRC_STOCK_1_PRICE,REPORT_LIMIT,43,0,0,0,0.023255813953488372,1.0,0.5390644073486328,7
Vanilla-RWR,A5_downstream_masking,medium,14,SRC_STOCK_1_PRICE,REPORT_LIMIT,30,0,0,0,0.03333333333333333,1.0,0.6098747253417969,9
Structural-RWR,A5_downstream_masking,medium,14,SRC_STOCK_1_PRICE,REPORT_LIMIT,56,0,0,0,0.017857142857142856,1.0,0.6060600280761719,8
PC+RWR,A5_downstream_masking,medium,14,SRC_STOCK_1_PRICE,REPORT_LIMIT,56,0,0,0,0.017857142857142856,1.0,5.666017532348633,8
AnomalyOnly,A5_downstream_masking,medium,14,SRC_STOCK_1_PRICE,REPORT_LIMIT,29,0,0,0,0.034482758620689655,1.0,0.007867813110351562,1
APA-RCA,A5_downstream_masking,medium,14,SRC_STOCK_1_PRICE,REPORT_LIMIT,22,0,0,0,0.045454545454545456,1.0,0.6172657012939453,9
APA-RCA-v2,A5_downstream_masking,medium,14,SRC_STOCK_1_PRICE,REPORT_LIMIT,15,0,0,0,0.06666666666666667,1.0,0.6389617919921875,9
APA-RCA-v3,A5_downstream_masking,medium,14,SRC_STOCK_1_PRICE,REPORT_LIMIT,15,0,0,0,0.06666666666666667,1.0,0.6289482116699219,9
Schema-Constraint,A5_downstream_masking,medium,14,SRC_STOCK_1_PRICE,REPORT_LIMIT,1,1,1,1,1.0,0.8,0.0,0
BFS,A5_downstream_masking,medium,15,SRC_STOCK_5_PRICE,REPORT_LIMIT,40,0,0,0,0.025,1.0,0.5559921264648438,7
Vanilla-RWR,A5_downstream_masking,medium,15,SRC_STOCK_5_PRICE,REPORT_LIMIT,34,0,0,0,0.029411764705882353,1.0,0.6053447723388672,9
Structural-RWR,A5_downstream_masking,medium,15,SRC_STOCK_5_PRICE,REPORT_LIMIT,19,0,0,0,0.05263157894736842,1.0,0.5772113800048828,8
PC+RWR,A5_downstream_masking,medium,15,SRC_STOCK_5_PRICE,REPORT_LIMIT,19,0,0,0,0.05263157894736842,1.0,5.769968032836914,8
AnomalyOnly,A5_downstream_masking,medium,15,SRC_STOCK_5_PRICE,REPORT_LIMIT,2,0,1,1,0.5,0.8,0.007152557373046875,1
APA-RCA,A5_downstream_masking,medium,15,SRC_STOCK_5_PRICE,REPORT_LIMIT,2,0,1,1,0.5,0.8,0.6110668182373047,9
APA-RCA-v2,A5_downstream_masking,medium,15,SRC_STOCK_5_PRICE,REPORT_LIMIT,1,1,1,1,1.0,0.8,0.6518363952636719,9
APA-RCA-v3,A5_downstream_masking,medium,15,SRC_STOCK_5_PRICE,REPORT_LIMIT,1,1,1,1,1.0,0.8,0.6291866302490234,9
Schema-Constraint,A5_downstream_masking,medium,15,SRC_STOCK_5_PRICE,REPORT_LIMIT,5,0,0,1,0.2,0.8,0.0,0
BFS,A5_downstream_masking,medium,16,SRC_STOCK_3_PRICE,REPORT_LIMIT,40,0,0,0,0.025,1.0,0.5409717559814453,7
Vanilla-RWR,A5_downstream_masking,medium,16,SRC_STOCK_3_PRICE,REPORT_LIMIT,32,0,0,0,0.03125,1.0,0.6010532379150391,9
Structural-RWR,A5_downstream_masking,medium,16,SRC_STOCK_3_PRICE,REPORT_LIMIT,34,0,0,0,0.029411764705882353,1.0,0.6158351898193359,8
PC+RWR,A5_downstream_masking,medium,16,SRC_STOCK_3_PRICE,REPORT_LIMIT,34,0,0,0,0.029411764705882353,1.0,5.6438446044921875,8
AnomalyOnly,A5_downstream_masking,medium,16,SRC_STOCK_3_PRICE,REPORT_LIMIT,10,0,0,0,0.1,1.0,0.007867813110351562,1
APA-RCA,A5_downstream_masking,medium,16,SRC_STOCK_3_PRICE,REPORT_LIMIT,5,0,0,1,0.2,0.8,0.6117820739746094,9
APA-RCA-v2,A5_downstream_masking,medium,16,SRC_STOCK_3_PRICE,REPORT_LIMIT,1,1,1,1,1.0,0.8,0.6568431854248047,9
APA-RCA-v3,A5_downstream_masking,medium,16,SRC_STOCK_3_PRICE,REPORT_LIMIT,1,1,1,1,1.0,0.8,0.6251335144042969,9
Schema-Constraint,A5_downstream_masking,medium,16,SRC_STOCK_3_PRICE,REPORT_LIMIT,3,0,1,1,0.3333333333333333,0.8,0.0,0
BFS,A5_downstream_masking,medium,17,SRC_STOCK_4_PRICE,REPORT_LIMIT,41,0,0,0,0.024390243902439025,1.0,0.5576610565185547,7
Vanilla-RWR,A5_downstream_masking,medium,17,SRC_STOCK_4_PRICE,REPORT_LIMIT,33,0,0,0,0.030303030303030304,1.0,0.6008148193359375,9
Structural-RWR,A5_downstream_masking,medium,17,SRC_STOCK_4_PRICE,REPORT_LIMIT,44,0,0,0,0.022727272727272728,1.0,0.5731582641601562,8
PC+RWR,A5_downstream_masking,medium,17,SRC_STOCK_4_PRICE,REPORT_LIMIT,44,0,0,0,0.022727272727272728,1.0,5.767345428466797,8
AnomalyOnly,A5_downstream_masking,medium,17,SRC_STOCK_4_PRICE,REPORT_LIMIT,14,0,0,0,0.07142857142857142,1.0,0.007867813110351562,1
APA-RCA,A5_downstream_masking,medium,17,SRC_STOCK_4_PRICE,REPORT_LIMIT,11,0,0,0,0.09090909090909091,1.0,0.6117820739746094,9
APA-RCA-v2,A5_downstream_masking,medium,17,SRC_STOCK_4_PRICE,REPORT_LIMIT,4,0,0,1,0.25,0.8,0.6561279296875,9
APA-RCA-v3,A5_downstream_masking,medium,17,SRC_STOCK_4_PRICE,REPORT_LIMIT,4,0,0,1,0.25,0.8,1.0368824005126953,9
Schema-Constraint,A5_downstream_masking,medium,17,SRC_STOCK_4_PRICE,REPORT_LIMIT,4,0,0,1,0.25,0.8,0.0,0
BFS,A5_downstream_masking,medium,18,SRC_STOCK_5_PRICE,REPORT_LIMIT,40,0,0,0,0.025,1.0,0.5438327789306641,7
Vanilla-RWR,A5_downstream_masking,medium,18,SRC_STOCK_5_PRICE,REPORT_LIMIT,34,0,0,0,0.029411764705882353,1.0,0.6000995635986328,9
Structural-RWR,A5_downstream_masking,medium,18,SRC_STOCK_5_PRICE,REPORT_LIMIT,36,0,0,0,0.027777777777777776,1.0,0.5738735198974609,8
PC+RWR,A5_downstream_masking,medium,18,SRC_STOCK_5_PRICE,REPORT_LIMIT,36,0,0,0,0.027777777777777776,1.0,5.684852600097656,8
AnomalyOnly,A5_downstream_masking,medium,18,SRC_STOCK_5_PRICE,REPORT_LIMIT,7,0,0,0,0.14285714285714285,1.0,0.007867813110351562,1
APA-RCA,A5_downstream_masking,medium,18,SRC_STOCK_5_PRICE,REPORT_LIMIT,5,0,0,1,0.2,0.8,0.6117820739746094,9
APA-RCA-v2,A5_downstream_masking,medium,18,SRC_STOCK_5_PRICE,REPORT_LIMIT,1,1,1,1,1.0,0.8,0.6501674652099609,9
APA-RCA-v3,A5_downstream_masking,medium,18,SRC_STOCK_5_PRICE,REPORT_LIMIT,1,1,1,1,1.0,0.8,0.6358623504638672,9
Schema-Constraint,A5_downstream_masking,medium,18,SRC_STOCK_5_PRICE,REPORT_LIMIT,5,0,0,1,0.2,0.8,0.0,0
BFS,A5_downstream_masking,medium,19,SRC_STOCK_3_PRICE,REPORT_LIMIT,41,0,0,0,0.024390243902439025,1.0,0.5381107330322266,7
Vanilla-RWR,A5_downstream_masking,medium,19,SRC_STOCK_3_PRICE,REPORT_LIMIT,32,0,0,0,0.03125,1.0,0.6031990051269531,9
Structural-RWR,A5_downstream_masking,medium,19,SRC_STOCK_3_PRICE,REPORT_LIMIT,40,0,0,0,0.025,1.0,0.5691051483154297,8
PC+RWR,A5_downstream_masking,medium,19,SRC_STOCK_3_PRICE,REPORT_LIMIT,40,0,0,0,0.025,1.0,5.78618049621582,8
AnomalyOnly,A5_downstream_masking,medium,19,SRC_STOCK_3_PRICE,REPORT_LIMIT,16,0,0,0,0.0625,1.0,0.0069141387939453125,1
APA-RCA,A5_downstream_masking,medium,19,SRC_STOCK_3_PRICE,REPORT_LIMIT,13,0,0,0,0.07692307692307693,1.0,0.6098747253417969,9
APA-RCA-v2,A5_downstream_masking,medium,19,SRC_STOCK_3_PRICE,REPORT_LIMIT,6,0,0,0,0.16666666666666666,1.0,0.6480216979980469,9
APA-RCA-v3,A5_downstream_masking,medium,19,SRC_STOCK_3_PRICE,REPORT_LIMIT,6,0,0,0,0.16666666666666666,1.0,0.6439685821533203,9
Schema-Constraint,A5_downstream_masking,medium,19,SRC_STOCK_3_PRICE,REPORT_LIMIT,3,0,1,1,0.3333333333333333,0.8,0.0,0
BFS,A5_downstream_masking,medium,20,SRC_STOCK_5_PRICE,REPORT_LIMIT,40,0,0,0,0.025,1.0,0.5459785461425781,7
Vanilla-RWR,A5_downstream_masking,medium,20,SRC_STOCK_5_PRICE,REPORT_LIMIT,34,0,0,0,0.029411764705882353,1.0,0.6392002105712891,9
Structural-RWR,A5_downstream_masking,medium,20,SRC_STOCK_5_PRICE,REPORT_LIMIT,36,0,0,0,0.027777777777777776,1.0,0.576019287109375,8
PC+RWR,A5_downstream_masking,medium,20,SRC_STOCK_5_PRICE,REPORT_LIMIT,36,0,0,0,0.027777777777777776,1.0,5.738019943237305,8
AnomalyOnly,A5_downstream_masking,medium,20,SRC_STOCK_5_PRICE,REPORT_LIMIT,6,0,0,0,0.16666666666666666,1.0,0.007867813110351562,1
APA-RCA,A5_downstream_masking,medium,20,SRC_STOCK_5_PRICE,REPORT_LIMIT,7,0,0,0,0.14285714285714285,1.0,0.6070137023925781,9
APA-RCA-v2,A5_downstream_masking,medium,20,SRC_STOCK_5_PRICE,REPORT_LIMIT,1,1,1,1,1.0,0.8,0.6508827209472656,9
APA-RCA-v3,A5_downstream_masking,medium,20,SRC_STOCK_5_PRICE,REPORT_LIMIT,1,1,1,1,1.0,0.8,0.6301403045654297,9
Schema-Constraint,A5_downstream_masking,medium,20,SRC_STOCK_5_PRICE,REPORT_LIMIT,5,0,0,1,0.2,0.8,0.0,0
BFS,A5_downstream_masking,medium,21,SRC_STOCK_2_PRICE,REPORT_LIMIT,41,0,0,0,0.024390243902439025,1.0,0.5550384521484375,7
Vanilla-RWR,A5_downstream_masking,medium,21,SRC_STOCK_2_PRICE,REPORT_LIMIT,31,0,0,0,0.03225806451612903,1.0,0.6041526794433594,9
Structural-RWR,A5_downstream_masking,medium,21,SRC_STOCK_2_PRICE,REPORT_LIMIT,44,0,0,0,0.022727272727272728,1.0,0.6189346313476562,8
PC+RWR,A5_downstream_masking,medium,21,SRC_STOCK_2_PRICE,REPORT_LIMIT,44,0,0,0,0.022727272727272728,1.0,5.759000778198242,8
AnomalyOnly,A5_downstream_masking,medium,21,SRC_STOCK_2_PRICE,REPORT_LIMIT,13,0,0,0,0.07692307692307693,1.0,0.008106231689453125,1
APA-RCA,A5_downstream_masking,medium,21,SRC_STOCK_2_PRICE,REPORT_LIMIT,10,0,0,0,0.1,1.0,0.6098747253417969,9
APA-RCA-v2,A5_downstream_masking,medium,21,SRC_STOCK_2_PRICE,REPORT_LIMIT,2,0,1,1,0.5,0.8,0.6470680236816406,9
APA-RCA-v3,A5_downstream_masking,medium,21,SRC_STOCK_2_PRICE,REPORT_LIMIT,2,0,1,1,0.5,0.8,0.6341934204101562,9
Schema-Constraint,A5_downstream_masking,medium,21,SRC_STOCK_2_PRICE,REPORT_LIMIT,2,0,1,1,0.5,0.8,0.0,0
BFS,A5_downstream_masking,medium,22,SRC_STOCK_4_PRICE,REPORT_LIMIT,41,0,0,0,0.024390243902439025,1.0,0.5478858947753906,7
Vanilla-RWR,A5_downstream_masking,medium,22,SRC_STOCK_4_PRICE,REPORT_LIMIT,33,0,0,0,0.030303030303030304,1.0,0.6070137023925781,9
Structural-RWR,A5_downstream_masking,medium,22,SRC_STOCK_4_PRICE,REPORT_LIMIT,43,0,0,0,0.023255813953488372,1.0,0.5791187286376953,8
PC+RWR,A5_downstream_masking,medium,22,SRC_STOCK_4_PRICE,REPORT_LIMIT,43,0,0,0,0.023255813953488372,1.0,5.685091018676758,8
AnomalyOnly,A5_downstream_masking,medium,22,SRC_STOCK_4_PRICE,REPORT_LIMIT,18,0,0,0,0.05555555555555555,1.0,0.007867813110351562,1
APA-RCA,A5_downstream_masking,medium,22,SRC_STOCK_4_PRICE,REPORT_LIMIT,12,0,0,0,0.08333333333333333,1.0,0.6148815155029297,9
APA-RCA-v2,A5_downstream_masking,medium,22,SRC_STOCK_4_PRICE,REPORT_LIMIT,4,0,0,1,0.25,0.8,0.6589889526367188,9
APA-RCA-v3,A5_downstream_masking,medium,22,SRC_STOCK_4_PRICE,REPORT_LIMIT,4,0,0,1,0.25,0.8,0.6349086761474609,9
Schema-Constraint,A5_downstream_masking,medium,22,SRC_STOCK_4_PRICE,REPORT_LIMIT,4,0,0,1,0.25,0.8,0.0,0
BFS,A5_downstream_masking,medium,23,SRC_STOCK_1_PRICE,REPORT_LIMIT,41,0,0,0,0.024390243902439025,1.0,0.5738735198974609,7
Vanilla-RWR,A5_downstream_masking,medium,23,SRC_STOCK_1_PRICE,REPORT_LIMIT,30,0,0,0,0.03333333333333333,1.0,0.6120204925537109,9
Structural-RWR,A5_downstream_masking,medium,23,SRC_STOCK_1_PRICE,REPORT_LIMIT,40,0,0,0,0.025,1.0,0.6117820739746094,8
PC+RWR,A5_downstream_masking,medium,23,SRC_STOCK_1_PRICE,REPORT_LIMIT,40,0,0,0,0.025,1.0,5.709171295166016,8
AnomalyOnly,A5_downstream_masking,medium,23,SRC_STOCK_1_PRICE,REPORT_LIMIT,11,0,0,0,0.09090909090909091,1.0,0.007867813110351562,1
APA-RCA,A5_downstream_masking,medium,23,SRC_STOCK_1_PRICE,REPORT_LIMIT,9,0,0,0,0.1111111111111111,1.0,0.6117820739746094,9
APA-RCA-v2,A5_downstream_masking,medium,23,SRC_STOCK_1_PRICE,REPORT_LIMIT,4,0,0,1,0.25,0.8,0.6480216979980469,9
APA-RCA-v3,A5_downstream_masking,medium,23,SRC_STOCK_1_PRICE,REPORT_LIMIT,4,0,0,1,0.25,0.8,0.6341934204101562,9
Schema-Constraint,A5_downstream_masking,medium,23,SRC_STOCK_1_PRICE,REPORT_LIMIT,1,1,1,1,1.0,0.8,0.0,0
BFS,A5_downstream_masking,medium,24,SRC_STOCK_2_PRICE,REPORT_LIMIT,42,0,0,0,0.023809523809523808,1.0,0.5638599395751953,7
Vanilla-RWR,A5_downstream_masking,medium,24,SRC_STOCK_2_PRICE,REPORT_LIMIT,31,0,0,0,0.03225806451612903,1.0,0.6017684936523438,9
Structural-RWR,A5_downstream_masking,medium,24,SRC_STOCK_2_PRICE,REPORT_LIMIT,47,0,0,0,0.02127659574468085,1.0,0.9188652038574219,8
PC+RWR,A5_downstream_masking,medium,24,SRC_STOCK_2_PRICE,REPORT_LIMIT,47,0,0,0,0.02127659574468085,1.0,5.666017532348633,8
AnomalyOnly,A5_downstream_masking,medium,24,SRC_STOCK_2_PRICE,REPORT_LIMIT,20,0,0,0,0.05,1.0,0.0069141387939453125,1
APA-RCA,A5_downstream_masking,medium,24,SRC_STOCK_2_PRICE,REPORT_LIMIT,17,0,0,0,0.058823529411764705,1.0,0.61798095703125,9
APA-RCA-v2,A5_downstream_masking,medium,24,SRC_STOCK_2_PRICE,REPORT_LIMIT,8,0,0,0,0.125,1.0,0.6520748138427734,9
APA-RCA-v3,A5_downstream_masking,medium,24,SRC_STOCK_2_PRICE,REPORT_LIMIT,8,0,0,0,0.125,1.0,0.6380081176757812,9
Schema-Constraint,A5_downstream_masking,medium,24,SRC_STOCK_2_PRICE,REPORT_LIMIT,2,0,1,1,0.5,0.8,0.0,0
BFS,A5_downstream_masking,medium,25,SRC_STOCK_3_PRICE,REPORT_LIMIT,42,0,0,0,0.023809523809523808,1.0,0.5638599395751953,7
Vanilla-RWR,A5_downstream_masking,medium,25,SRC_STOCK_3_PRICE,REPORT_LIMIT,32,0,0,0,0.03125,1.0,0.6048679351806641,9
Structural-RWR,A5_downstream_masking,medium,25,SRC_STOCK_3_PRICE,REPORT_LIMIT,43,0,0,0,0.023255813953488372,1.0,0.6101131439208984,8
PC+RWR,A5_downstream_masking,medium,25,SRC_STOCK_3_PRICE,REPORT_LIMIT,43,0,0,0,0.023255813953488372,1.0,5.691766738891602,8
AnomalyOnly,A5_downstream_masking,medium,25,SRC_STOCK_3_PRICE,REPORT_LIMIT,16,0,0,0,0.0625,1.0,0.007867813110351562,1
APA-RCA,A5_downstream_masking,medium,25,SRC_STOCK_3_PRICE,REPORT_LIMIT,13,0,0,0,0.07692307692307693,1.0,0.6208419799804688,9
APA-RCA-v2,A5_downstream_masking,medium,25,SRC_STOCK_3_PRICE,REPORT_LIMIT,4,0,0,1,0.25,0.8,0.6458759307861328,9
APA-RCA-v3,A5_downstream_masking,medium,25,SRC_STOCK_3_PRICE,REPORT_LIMIT,4,0,0,1,0.25,0.8,0.6330013275146484,9
Schema-Constraint,A5_downstream_masking,medium,25,SRC_STOCK_3_PRICE,REPORT_LIMIT,3,0,1,1,0.3333333333333333,0.8,0.0,0
BFS,A5_downstream_masking,medium,26,SRC_STOCK_5_PRICE,REPORT_DASHBOARD,25,0,0,0,0.04,1.0,0.5297660827636719,6
Vanilla-RWR,A5_downstream_masking,medium,26,SRC_STOCK_5_PRICE,REPORT_DASHBOARD,23,0,0,0,0.043478260869565216,1.0,0.6139278411865234,9
Structural-RWR,A5_downstream_masking,medium,26,SRC_STOCK_5_PRICE,REPORT_DASHBOARD,43,0,0,0,0.023255813953488372,1.0,0.57220458984375,8
PC+RWR,A5_downstream_masking,medium,26,SRC_STOCK_5_PRICE,REPORT_DASHBOARD,43,0,0,0,0.023255813953488372,1.0,5.68699836730957,8
AnomalyOnly,A5_downstream_masking,medium,26,SRC_STOCK_5_PRICE,REPORT_DASHBOARD,16,0,0,0,0.0625,1.0,0.008106231689453125,1
APA-RCA,A5_downstream_masking,medium,26,SRC_STOCK_5_PRICE,REPORT_DASHBOARD,9,0,0,0,0.1111111111111111,1.0,0.61798095703125,9
APA-RCA-v2,A5_downstream_masking,medium,26,SRC_STOCK_5_PRICE,REPORT_DASHBOARD,3,0,1,1,0.3333333333333333,0.8,0.6620883941650391,9
APA-RCA-v3,A5_downstream_masking,medium,26,SRC_STOCK_5_PRICE,REPORT_DASHBOARD,3,0,1,1,0.3333333333333333,0.8,0.6341934204101562,9
Schema-Constraint,A5_downstream_masking,medium,26,SRC_STOCK_5_PRICE,REPORT_DASHBOARD,5,0,0,1,0.2,0.8,0.0,0
BFS,A5_downstream_masking,medium,27,SRC_STOCK_1_PRICE,REPORT_LIMIT,42,0,0,0,0.023809523809523808,1.0,0.5700588226318359,7
Vanilla-RWR,A5_downstream_masking,medium,27,SRC_STOCK_1_PRICE,REPORT_LIMIT,30,0,0,0,0.03333333333333333,1.0,0.6070137023925781,9
Structural-RWR,A5_downstream_masking,medium,27,SRC_STOCK_1_PRICE,REPORT_LIMIT,48,0,0,0,0.020833333333333332,1.0,0.614166259765625,8
PC+RWR,A5_downstream_masking,medium,27,SRC_STOCK_1_PRICE,REPORT_LIMIT,48,0,0,0,0.020833333333333332,1.0,5.769968032836914,8
AnomalyOnly,A5_downstream_masking,medium,27,SRC_STOCK_1_PRICE,REPORT_LIMIT,22,0,0,0,0.045454545454545456,1.0,0.007867813110351562,1
APA-RCA,A5_downstream_masking,medium,27,SRC_STOCK_1_PRICE,REPORT_LIMIT,17,0,0,0,0.058823529411764705,1.0,0.6139278411865234,9
APA-RCA-v2,A5_downstream_masking,medium,27,SRC_STOCK_1_PRICE,REPORT_LIMIT,8,0,0,0,0.125,1.0,1.0480880737304688,9
APA-RCA-v3,A5_downstream_masking,medium,27,SRC_STOCK_1_PRICE,REPORT_LIMIT,8,0,0,0,0.125,1.0,0.6310939788818359,9
Schema-Constraint,A5_downstream_masking,medium,27,SRC_STOCK_1_PRICE,REPORT_LIMIT,1,1,1,1,1.0,0.8,0.0,0
BFS,A5_downstream_masking,medium,28,SRC_STOCK_4_PRICE,REPORT_LIMIT,41,0,0,0,0.024390243902439025,1.0,0.5540847778320312,7
Vanilla-RWR,A5_downstream_masking,medium,28,SRC_STOCK_4_PRICE,REPORT_LIMIT,33,0,0,0,0.030303030303030304,1.0,0.6010532379150391,9
Structural-RWR,A5_downstream_masking,medium,28,SRC_STOCK_4_PRICE,REPORT_LIMIT,42,0,0,0,0.023809523809523808,1.0,0.6232261657714844,8
PC+RWR,A5_downstream_masking,medium,28,SRC_STOCK_4_PRICE,REPORT_LIMIT,42,0,0,0,0.023809523809523808,1.0,5.707979202270508,8
AnomalyOnly,A5_downstream_masking,medium,28,SRC_STOCK_4_PRICE,REPORT_LIMIT,15,0,0,0,0.06666666666666667,1.0,0.008106231689453125,1
APA-RCA,A5_downstream_masking,medium,28,SRC_STOCK_4_PRICE,REPORT_LIMIT,11,0,0,0,0.09090909090909091,1.0,0.6160736083984375,9
APA-RCA-v2,A5_downstream_masking,medium,28,SRC_STOCK_4_PRICE,REPORT_LIMIT,4,0,0,1,0.25,0.8,0.6558895111083984,9
APA-RCA-v3,A5_downstream_masking,medium,28,SRC_STOCK_4_PRICE,REPORT_LIMIT,4,0,0,1,0.25,0.8,0.6461143493652344,9
Schema-Constraint,A5_downstream_masking,medium,28,SRC_STOCK_4_PRICE,REPORT_LIMIT,4,0,0,1,0.25,0.8,0.0,0
BFS,A5_downstream_masking,medium,29,SRC_STOCK_5_PRICE,REPORT_LIMIT,40,0,0,0,0.025,1.0,0.5488395690917969,7
Vanilla-RWR,A5_downstream_masking,medium,29,SRC_STOCK_5_PRICE,REPORT_LIMIT,34,0,0,0,0.029411764705882353,1.0,0.6079673767089844,9
Structural-RWR,A5_downstream_masking,medium,29,SRC_STOCK_5_PRICE,REPORT_LIMIT,27,0,0,0,0.037037037037037035,1.0,0.5810260772705078,8
PC+RWR,A5_downstream_masking,medium,29,SRC_STOCK_5_PRICE,REPORT_LIMIT,27,0,0,0,0.037037037037037035,1.0,5.647182464599609,8
AnomalyOnly,A5_downstream_masking,medium,29,SRC_STOCK_5_PRICE,REPORT_LIMIT,7,0,0,0,0.14285714285714285,1.0,0.008106231689453125,1
APA-RCA,A5_downstream_masking,medium,29,SRC_STOCK_5_PRICE,REPORT_LIMIT,4,0,0,1,0.25,0.8,0.6101131439208984,9
APA-RCA-v2,A5_downstream_masking,medium,29,SRC_STOCK_5_PRICE,REPORT_LIMIT,1,1,1,1,1.0,0.8,0.6451606750488281,9
APA-RCA-v3,A5_downstream_masking,medium,29,SRC_STOCK_5_PRICE,REPORT_LIMIT,1,1,1,1,1.0,0.8,0.6239414215087891,9
Schema-Constraint,A5_downstream_masking,medium,29,SRC_STOCK_5_PRICE,REPORT_LIMIT,5,0,0,1,0.2,0.8,0.0,0
BFS,A6_multi_source,medium,0,SRC_STOCK_4_PRICE,REPORT_LIMIT,40,0,0,0,0.025,1.0,0.5629062652587891,7
Vanilla-RWR,A6_multi_source,medium,0,SRC_STOCK_4_PRICE,REPORT_LIMIT,33,0,0,0,0.030303030303030304,1.0,0.6129741668701172,9
Structural-RWR,A6_multi_source,medium,0,SRC_STOCK_4_PRICE,REPORT_LIMIT,20,0,0,0,0.05,1.0,0.6201267242431641,8
PC+RWR,A6_multi_source,medium,0,SRC_STOCK_4_PRICE,REPORT_LIMIT,20,0,0,0,0.05,1.0,5.779027938842773,8
AnomalyOnly,A6_multi_source,medium,0,SRC_STOCK_4_PRICE,REPORT_LIMIT,2,0,1,1,0.5,0.8,0.007867813110351562,1
APA-RCA,A6_multi_source,medium,0,SRC_STOCK_4_PRICE,REPORT_LIMIT,2,0,1,1,0.5,0.8,0.6170272827148438,9
APA-RCA-v2,A6_multi_source,medium,0,SRC_STOCK_4_PRICE,REPORT_LIMIT,2,0,1,1,0.5,0.8,0.6430149078369141,9
APA-RCA-v3,A6_multi_source,medium,0,SRC_STOCK_4_PRICE,REPORT_LIMIT,2,0,1,1,0.5,0.8,0.9992122650146484,9
Schema-Constraint,A6_multi_source,medium,0,SRC_STOCK_4_PRICE,REPORT_LIMIT,4,0,0,1,0.25,0.8,0.0,0
BFS,A6_multi_source,medium,1,SRC_STOCK_3_PRICE,REPORT_STRESS,18,0,0,0,0.05555555555555555,1.0,0.576019287109375,6
Vanilla-RWR,A6_multi_source,medium,1,SRC_STOCK_3_PRICE,REPORT_STRESS,19,0,0,0,0.05263157894736842,1.0,0.6079673767089844,9
Structural-RWR,A6_multi_source,medium,1,SRC_STOCK_3_PRICE,REPORT_STRESS,34,0,0,0,0.029411764705882353,1.0,0.614166259765625,8
PC+RWR,A6_multi_source,medium,1,SRC_STOCK_3_PRICE,REPORT_STRESS,34,0,0,0,0.029411764705882353,1.0,5.690813064575195,8
AnomalyOnly,A6_multi_source,medium,1,SRC_STOCK_3_PRICE,REPORT_STRESS,3,0,1,1,0.3333333333333333,0.8,0.0069141387939453125,1
APA-RCA,A6_multi_source,medium,1,SRC_STOCK_3_PRICE,REPORT_STRESS,1,1,1,1,1.0,0.8,0.6248950958251953,9
APA-RCA-v2,A6_multi_source,medium,1,SRC_STOCK_3_PRICE,REPORT_STRESS,1,1,1,1,1.0,0.8,0.6499290466308594,9
APA-RCA-v3,A6_multi_source,medium,1,SRC_STOCK_3_PRICE,REPORT_STRESS,1,1,1,1,1.0,0.8,0.6320476531982422,9
Schema-Constraint,A6_multi_source,medium,1,SRC_STOCK_3_PRICE,REPORT_STRESS,3,0,1,1,0.3333333333333333,0.8,0.0,0
BFS,A6_multi_source,medium,2,SRC_STOCK_2_PRICE,REPORT_LIMIT,41,0,0,0,0.024390243902439025,1.0,0.5037784576416016,7
Vanilla-RWR,A6_multi_source,medium,2,SRC_STOCK_2_PRICE,REPORT_LIMIT,31,0,0,0,0.03225806451612903,1.0,0.6039142608642578,9
Structural-RWR,A6_multi_source,medium,2,SRC_STOCK_2_PRICE,REPORT_LIMIT,24,0,0,0,0.041666666666666664,1.0,0.5731582641601562,8
PC+RWR,A6_multi_source,medium,2,SRC_STOCK_2_PRICE,REPORT_LIMIT,24,0,0,0,0.041666666666666664,1.0,5.690813064575195,8
AnomalyOnly,A6_multi_source,medium,2,SRC_STOCK_2_PRICE,REPORT_LIMIT,2,0,1,1,0.5,0.8,0.008106231689453125,1
APA-RCA,A6_multi_source,medium,2,SRC_STOCK_2_PRICE,REPORT_LIMIT,4,0,0,1,0.25,0.8,0.61798095703125,9
APA-RCA-v2,A6_multi_source,medium,2,SRC_STOCK_2_PRICE,REPORT_LIMIT,2,0,1,1,0.5,0.8,0.6542205810546875,9
APA-RCA-v3,A6_multi_source,medium,2,SRC_STOCK_2_PRICE,REPORT_LIMIT,2,0,1,1,0.5,0.8,0.6308555603027344,9
Schema-Constraint,A6_multi_source,medium,2,SRC_STOCK_2_PRICE,REPORT_LIMIT,2,0,1,1,0.5,0.8,0.0,0
BFS,A6_multi_source,medium,3,SRC_STOCK_1_PRICE,REPORT_LIMIT,40,0,0,0,0.025,1.0,0.5369186401367188,7
Vanilla-RWR,A6_multi_source,medium,3,SRC_STOCK_1_PRICE,REPORT_LIMIT,30,0,0,0,0.03333333333333333,1.0,0.6248950958251953,9
Structural-RWR,A6_multi_source,medium,3,SRC_STOCK_1_PRICE,REPORT_LIMIT,23,0,0,0,0.043478260869565216,1.0,0.5712509155273438,8
PC+RWR,A6_multi_source,medium,3,SRC_STOCK_1_PRICE,REPORT_LIMIT,23,0,0,0,0.043478260869565216,1.0,5.707979202270508,8
AnomalyOnly,A6_multi_source,medium,3,SRC_STOCK_1_PRICE,REPORT_LIMIT,1,1,1,1,1.0,0.8,0.008106231689453125,1
APA-RCA,A6_multi_source,medium,3,SRC_STOCK_1_PRICE,REPORT_LIMIT,1,1,1,1,1.0,0.8,0.6189346313476562,9
APA-RCA-v2,A6_multi_source,medium,3,SRC_STOCK_1_PRICE,REPORT_LIMIT,1,1,1,1,1.0,0.8,0.6620883941650391,9
APA-RCA-v3,A6_multi_source,medium,3,SRC_STOCK_1_PRICE,REPORT_LIMIT,1,1,1,1,1.0,0.8,0.6248950958251953,9
Schema-Constraint,A6_multi_source,medium,3,SRC_STOCK_1_PRICE,REPORT_LIMIT,1,1,1,1,1.0,0.8,0.0,0
BFS,A6_multi_source,medium,4,SRC_STOCK_3_PRICE,REPORT_DASHBOARD,24,0,0,0,0.041666666666666664,1.0,0.5261898040771484,6
Vanilla-RWR,A6_multi_source,medium,4,SRC_STOCK_3_PRICE,REPORT_DASHBOARD,21,0,0,0,0.047619047619047616,1.0,0.5941390991210938,9
Structural-RWR,A6_multi_source,medium,4,SRC_STOCK_3_PRICE,REPORT_DASHBOARD,26,0,0,0,0.038461538461538464,1.0,0.6110668182373047,8
PC+RWR,A6_multi_source,medium,4,SRC_STOCK_3_PRICE,REPORT_DASHBOARD,26,0,0,0,0.038461538461538464,1.0,5.678892135620117,8
AnomalyOnly,A6_multi_source,medium,4,SRC_STOCK_3_PRICE,REPORT_DASHBOARD,1,1,1,1,1.0,0.8,0.008344650268554688,1
APA-RCA,A6_multi_source,medium,4,SRC_STOCK_3_PRICE,REPORT_DASHBOARD,3,0,1,1,0.3333333333333333,0.8,0.6101131439208984,9
APA-RCA-v2,A6_multi_source,medium,4,SRC_STOCK_3_PRICE,REPORT_DASHBOARD,2,0,1,1,0.5,0.8,0.6511211395263672,9
APA-RCA-v3,A6_multi_source,medium,4,SRC_STOCK_3_PRICE,REPORT_DASHBOARD,2,0,1,1,0.5,0.8,0.6301403045654297,9
Schema-Constraint,A6_multi_source,medium,4,SRC_STOCK_3_PRICE,REPORT_DASHBOARD,3,0,1,1,0.3333333333333333,0.8,0.0,0
BFS,A6_multi_source,medium,5,SRC_STOCK_4_PRICE,REPORT_LIMIT,41,0,0,0,0.024390243902439025,1.0,0.5419254302978516,7
Vanilla-RWR,A6_multi_source,medium,5,SRC_STOCK_4_PRICE,REPORT_LIMIT,33,0,0,0,0.030303030303030304,1.0,0.6368160247802734,9
Structural-RWR,A6_multi_source,medium,5,SRC_STOCK_4_PRICE,REPORT_LIMIT,30,0,0,0,0.03333333333333333,1.0,0.5750656127929688,8
PC+RWR,A6_multi_source,medium,5,SRC_STOCK_4_PRICE,REPORT_LIMIT,30,0,0,0,0.03333333333333333,1.0,5.714178085327148,8
AnomalyOnly,A6_multi_source,medium,5,SRC_STOCK_4_PRICE,REPORT_LIMIT,2,0,1,1,0.5,0.8,0.007867813110351562,1
APA-RCA,A6_multi_source,medium,5,SRC_STOCK_4_PRICE,REPORT_LIMIT,2,0,1,1,0.5,0.8,0.6148815155029297,9
APA-RCA-v2,A6_multi_source,medium,5,SRC_STOCK_4_PRICE,REPORT_LIMIT,1,1,1,1,1.0,0.8,0.6570816040039062,9
APA-RCA-v3,A6_multi_source,medium,5,SRC_STOCK_4_PRICE,REPORT_LIMIT,1,1,1,1,1.0,0.8,1.035928726196289,9
Schema-Constraint,A6_multi_source,medium,5,SRC_STOCK_4_PRICE,REPORT_LIMIT,4,0,0,1,0.25,0.8,0.0,0
BFS,A6_multi_source,medium,6,SRC_STOCK_2_PRICE,REPORT_LIMIT,40,0,0,0,0.025,1.0,0.5309581756591797,7
Vanilla-RWR,A6_multi_source,medium,6,SRC_STOCK_2_PRICE,REPORT_LIMIT,31,0,0,0,0.03225806451612903,1.0,0.6310939788818359,9
Structural-RWR,A6_multi_source,medium,6,SRC_STOCK_2_PRICE,REPORT_LIMIT,30,0,0,0,0.03333333333333333,1.0,0.5750656127929688,8
PC+RWR,A6_multi_source,medium,6,SRC_STOCK_2_PRICE,REPORT_LIMIT,30,0,0,0,0.03333333333333333,1.0,5.697011947631836,8
AnomalyOnly,A6_multi_source,medium,6,SRC_STOCK_2_PRICE,REPORT_LIMIT,1,1,1,1,1.0,0.8,0.008106231689453125,1
APA-RCA,A6_multi_source,medium,6,SRC_STOCK_2_PRICE,REPORT_LIMIT,1,1,1,1,1.0,0.8,0.6110668182373047,9
APA-RCA-v2,A6_multi_source,medium,6,SRC_STOCK_2_PRICE,REPORT_LIMIT,1,1,1,1,1.0,0.8,0.6589889526367188,9
APA-RCA-v3,A6_multi_source,medium,6,SRC_STOCK_2_PRICE,REPORT_LIMIT,1,1,1,1,1.0,0.8,0.6310939788818359,9
Schema-Constraint,A6_multi_source,medium,6,SRC_STOCK_2_PRICE,REPORT_LIMIT,2,0,1,1,0.5,0.8,0.0,0
BFS,A6_multi_source,medium,7,SRC_STOCK_3_PRICE,REPORT_STRESS,17,0,0,0,0.058823529411764705,1.0,0.5321502685546875,6
Vanilla-RWR,A6_multi_source,medium,7,SRC_STOCK_3_PRICE,REPORT_STRESS,19,0,0,0,0.05263157894736842,1.0,1.1129379272460938,9
Structural-RWR,A6_multi_source,medium,7,SRC_STOCK_3_PRICE,REPORT_STRESS,30,0,0,0,0.03333333333333333,1.0,0.5469322204589844,8
PC+RWR,A6_multi_source,medium,7,SRC_STOCK_3_PRICE,REPORT_STRESS,30,0,0,0,0.03333333333333333,1.0,5.687236785888672,8
AnomalyOnly,A6_multi_source,medium,7,SRC_STOCK_3_PRICE,REPORT_STRESS,1,1,1,1,1.0,0.8,0.0069141387939453125,1
APA-RCA,A6_multi_source,medium,7,SRC_STOCK_3_PRICE,REPORT_STRESS,2,0,1,1,0.5,0.8,0.61798095703125,9
APA-RCA-v2,A6_multi_source,medium,7,SRC_STOCK_3_PRICE,REPORT_STRESS,2,0,1,1,0.5,0.8,0.6430149078369141,9
APA-RCA-v3,A6_multi_source,medium,7,SRC_STOCK_3_PRICE,REPORT_STRESS,2,0,1,1,0.5,0.8,0.6258487701416016,9
Schema-Constraint,A6_multi_source,medium,7,SRC_STOCK_3_PRICE,REPORT_STRESS,3,0,1,1,0.3333333333333333,0.8,0.0,0
BFS,A6_multi_source,medium,8,SRC_STOCK_2_PRICE,REPORT_LIMIT,40,0,0,0,0.025,1.0,0.5319118499755859,7
Vanilla-RWR,A6_multi_source,medium,8,SRC_STOCK_2_PRICE,REPORT_LIMIT,31,0,0,0,0.03225806451612903,1.0,0.6282329559326172,9
Structural-RWR,A6_multi_source,medium,8,SRC_STOCK_2_PRICE,REPORT_LIMIT,24,0,0,0,0.041666666666666664,1.0,0.57220458984375,8
PC+RWR,A6_multi_source,medium,8,SRC_STOCK_2_PRICE,REPORT_LIMIT,24,0,0,0,0.041666666666666664,1.0,5.7239532470703125,8
AnomalyOnly,A6_multi_source,medium,8,SRC_STOCK_2_PRICE,REPORT_LIMIT,2,0,1,1,0.5,0.8,0.0073909759521484375,1
APA-RCA,A6_multi_source,medium,8,SRC_STOCK_2_PRICE,REPORT_LIMIT,4,0,0,1,0.25,0.8,0.6132125854492188,9
APA-RCA-v2,A6_multi_source,medium,8,SRC_STOCK_2_PRICE,REPORT_LIMIT,2,0,1,1,0.5,0.8,0.6492137908935547,9
APA-RCA-v3,A6_multi_source,medium,8,SRC_STOCK_2_PRICE,REPORT_LIMIT,2,0,1,1,0.5,0.8,0.6260871887207031,9
Schema-Constraint,A6_multi_source,medium,8,SRC_STOCK_2_PRICE,REPORT_LIMIT,2,0,1,1,0.5,0.8,0.0,0
BFS,A6_multi_source,medium,9,SRC_STOCK_4_PRICE,REPORT_LIMIT,40,0,0,0,0.025,1.0,0.5450248718261719,7
Vanilla-RWR,A6_multi_source,medium,9,SRC_STOCK_4_PRICE,REPORT_LIMIT,33,0,0,0,0.030303030303030304,1.0,0.6020069122314453,9
Structural-RWR,A6_multi_source,medium,9,SRC_STOCK_4_PRICE,REPORT_LIMIT,24,0,0,0,0.041666666666666664,1.0,0.61798095703125,8
PC+RWR,A6_multi_source,medium,9,SRC_STOCK_4_PRICE,REPORT_LIMIT,24,0,0,0,0.041666666666666664,1.0,5.728006362915039,8
AnomalyOnly,A6_multi_source,medium,9,SRC_STOCK_4_PRICE,REPORT_LIMIT,3,0,1,1,0.3333333333333333,0.8,0.008106231689453125,1
APA-RCA,A6_multi_source,medium,9,SRC_STOCK_4_PRICE,REPORT_LIMIT,3,0,1,1,0.3333333333333333,0.8,0.6022453308105469,9
APA-RCA-v2,A6_multi_source,medium,9,SRC_STOCK_4_PRICE,REPORT_LIMIT,1,1,1,1,1.0,0.8,0.6482601165771484,9
APA-RCA-v3,A6_multi_source,medium,9,SRC_STOCK_4_PRICE,REPORT_LIMIT,1,1,1,1,1.0,0.8,0.6327629089355469,9
Schema-Constraint,A6_multi_source,medium,9,SRC_STOCK_4_PRICE,REPORT_LIMIT,4,0,0,1,0.25,0.8,0.0,0
BFS,A6_multi_source,medium,10,SRC_STOCK_2_PRICE,REPORT_LIMIT,40,0,0,0,0.025,1.0,0.5431175231933594,7
Vanilla-RWR,A6_multi_source,medium,10,SRC_STOCK_2_PRICE,REPORT_LIMIT,31,0,0,0,0.03225806451612903,1.0,0.6299018859863281,9
Structural-RWR,A6_multi_source,medium,10,SRC_STOCK_2_PRICE,REPORT_LIMIT,29,0,0,0,0.034482758620689655,1.0,0.5900859832763672,8
PC+RWR,A6_multi_source,medium,10,SRC_STOCK_2_PRICE,REPORT_LIMIT,29,0,0,0,0.034482758620689655,1.0,5.692005157470703,8
AnomalyOnly,A6_multi_source,medium,10,SRC_STOCK_2_PRICE,REPORT_LIMIT,2,0,1,1,0.5,0.8,0.007867813110351562,1
APA-RCA,A6_multi_source,medium,10,SRC_STOCK_2_PRICE,REPORT_LIMIT,2,0,1,1,0.5,0.8,0.6189346313476562,9
APA-RCA-v2,A6_multi_source,medium,10,SRC_STOCK_2_PRICE,REPORT_LIMIT,1,1,1,1,1.0,0.8,0.6620883941650391,9
APA-RCA-v3,A6_multi_source,medium,10,SRC_STOCK_2_PRICE,REPORT_LIMIT,1,1,1,1,1.0,0.8,0.6299018859863281,9
Schema-Constraint,A6_multi_source,medium,10,SRC_STOCK_2_PRICE,REPORT_LIMIT,2,0,1,1,0.5,0.8,0.0,0
BFS,A6_multi_source,medium,11,SRC_STOCK_1_PRICE,REPORT_LIMIT,40,0,0,0,0.025,1.0,0.5428791046142578,7
Vanilla-RWR,A6_multi_source,medium,11,SRC_STOCK_1_PRICE,REPORT_LIMIT,30,0,0,0,0.03333333333333333,1.0,0.6070137023925781,9
Structural-RWR,A6_multi_source,medium,11,SRC_STOCK_1_PRICE,REPORT_LIMIT,26,0,0,0,0.038461538461538464,1.0,0.6210803985595703,8
PC+RWR,A6_multi_source,medium,11,SRC_STOCK_1_PRICE,REPORT_LIMIT,26,0,0,0,0.038461538461538464,1.0,5.721807479858398,8
AnomalyOnly,A6_multi_source,medium,11,SRC_STOCK_1_PRICE,REPORT_LIMIT,1,1,1,1,1.0,0.8,0.008106231689453125,1
APA-RCA,A6_multi_source,medium,11,SRC_STOCK_1_PRICE,REPORT_LIMIT,2,0,1,1,0.5,0.8,0.6139278411865234,9
APA-RCA-v2,A6_multi_source,medium,11,SRC_STOCK_1_PRICE,REPORT_LIMIT,1,1,1,1,1.0,0.8,0.6582736968994141,9
APA-RCA-v3,A6_multi_source,medium,11,SRC_STOCK_1_PRICE,REPORT_LIMIT,1,1,1,1,1.0,0.8,0.6327629089355469,9
Schema-Constraint,A6_multi_source,medium,11,SRC_STOCK_1_PRICE,REPORT_LIMIT,1,1,1,1,1.0,0.8,0.0,0
BFS,A6_multi_source,medium,12,SRC_STOCK_4_PRICE,REPORT_LIMIT,41,0,0,0,0.024390243902439025,1.0,0.5269050598144531,7
Vanilla-RWR,A6_multi_source,medium,12,SRC_STOCK_4_PRICE,REPORT_LIMIT,33,0,0,0,0.030303030303030304,1.0,0.6289482116699219,9
Structural-RWR,A6_multi_source,medium,12,SRC_STOCK_4_PRICE,REPORT_LIMIT,27,0,0,0,0.037037037037037035,1.0,0.5700588226318359,8
PC+RWR,A6_multi_source,medium,12,SRC_STOCK_4_PRICE,REPORT_LIMIT,27,0,0,0,0.037037037037037035,1.0,5.719661712646484,8
AnomalyOnly,A6_multi_source,medium,12,SRC_STOCK_4_PRICE,REPORT_LIMIT,3,0,1,1,0.3333333333333333,0.8,0.008106231689453125,1
APA-RCA,A6_multi_source,medium,12,SRC_STOCK_4_PRICE,REPORT_LIMIT,3,0,1,1,0.3333333333333333,0.8,0.6220340728759766,9
APA-RCA-v2,A6_multi_source,medium,12,SRC_STOCK_4_PRICE,REPORT_LIMIT,1,1,1,1,1.0,0.8,1.010894775390625,9
APA-RCA-v3,A6_multi_source,medium,12,SRC_STOCK_4_PRICE,REPORT_LIMIT,1,1,1,1,1.0,0.8,0.6389617919921875,9
Schema-Constraint,A6_multi_source,medium,12,SRC_STOCK_4_PRICE,REPORT_LIMIT,4,0,0,1,0.25,0.8,0.0,0
BFS,A6_multi_source,medium,13,SRC_STOCK_4_PRICE,REPORT_STRESS,18,0,0,0,0.05555555555555555,1.0,0.5319118499755859,6
Vanilla-RWR,A6_multi_source,medium,13,SRC_STOCK_4_PRICE,REPORT_STRESS,20,0,0,0,0.05,1.0,0.6248950958251953,9
Structural-RWR,A6_multi_source,medium,13,SRC_STOCK_4_PRICE,REPORT_STRESS,33,0,0,0,0.030303030303030304,1.0,0.5779266357421875,8
PC+RWR,A6_multi_source,medium,13,SRC_STOCK_4_PRICE,REPORT_STRESS,33,0,0,0,0.030303030303030304,1.0,5.728006362915039,8
AnomalyOnly,A6_multi_source,medium,13,SRC_STOCK_4_PRICE,REPORT_STRESS,2,0,1,1,0.5,0.8,0.008106231689453125,1
APA-RCA,A6_multi_source,medium,13,SRC_STOCK_4_PRICE,REPORT_STRESS,1,1,1,1,1.0,0.8,0.6051063537597656,9
APA-RCA-v2,A6_multi_source,medium,13,SRC_STOCK_4_PRICE,REPORT_STRESS,1,1,1,1,1.0,0.8,0.6511211395263672,9
APA-RCA-v3,A6_multi_source,medium,13,SRC_STOCK_4_PRICE,REPORT_STRESS,1,1,1,1,1.0,0.8,0.6289482116699219,9
Schema-Constraint,A6_multi_source,medium,13,SRC_STOCK_4_PRICE,REPORT_STRESS,4,0,0,1,0.25,0.8,0.0,0
BFS,A6_multi_source,medium,14,SRC_STOCK_5_PRICE,REPORT_STRESS,18,0,0,0,0.05555555555555555,1.0,0.5218982696533203,6
Vanilla-RWR,A6_multi_source,medium,14,SRC_STOCK_5_PRICE,REPORT_STRESS,21,0,0,0,0.047619047619047616,1.0,0.5919933319091797,9
Structural-RWR,A6_multi_source,medium,14,SRC_STOCK_5_PRICE,REPORT_STRESS,30,0,0,0,0.03333333333333333,1.0,0.5650520324707031,8
PC+RWR,A6_multi_source,medium,14,SRC_STOCK_5_PRICE,REPORT_STRESS,30,0,0,0,0.03333333333333333,1.0,5.626916885375977,8
AnomalyOnly,A6_multi_source,medium,14,SRC_STOCK_5_PRICE,REPORT_STRESS,3,0,1,1,0.3333333333333333,0.8,0.007867813110351562,1
APA-RCA,A6_multi_source,medium,14,SRC_STOCK_5_PRICE,REPORT_STRESS,2,0,1,1,0.5,0.8,0.6058216094970703,9
APA-RCA-v2,A6_multi_source,medium,14,SRC_STOCK_5_PRICE,REPORT_STRESS,2,0,1,1,0.5,0.8,0.6470680236816406,9
APA-RCA-v3,A6_multi_source,medium,14,SRC_STOCK_5_PRICE,REPORT_STRESS,2,0,1,1,0.5,0.8,0.6270408630371094,9
Schema-Constraint,A6_multi_source,medium,14,SRC_STOCK_5_PRICE,REPORT_STRESS,5,0,0,1,0.2,0.8,0.0,0
BFS,A6_multi_source,medium,15,SRC_STOCK_4_PRICE,REPORT_LIMIT,41,0,0,0,0.024390243902439025,1.0,0.5388259887695312,7
Vanilla-RWR,A6_multi_source,medium,15,SRC_STOCK_4_PRICE,REPORT_LIMIT,33,0,0,0,0.030303030303030304,1.0,0.6299018859863281,9
Structural-RWR,A6_multi_source,medium,15,SRC_STOCK_4_PRICE,REPORT_LIMIT,24,0,0,0,0.041666666666666664,1.0,0.5660057067871094,8
PC+RWR,A6_multi_source,medium,15,SRC_STOCK_4_PRICE,REPORT_LIMIT,24,0,0,0,0.041666666666666664,1.0,5.7048797607421875,8
AnomalyOnly,A6_multi_source,medium,15,SRC_STOCK_4_PRICE,REPORT_LIMIT,2,0,1,1,0.5,0.8,0.007867813110351562,1
APA-RCA,A6_multi_source,medium,15,SRC_STOCK_4_PRICE,REPORT_LIMIT,1,1,1,1,1.0,0.8,0.6110668182373047,9
APA-RCA-v2,A6_multi_source,medium,15,SRC_STOCK_4_PRICE,REPORT_LIMIT,1,1,1,1,1.0,0.8,0.6511211395263672,9
APA-RCA-v3,A6_multi_source,medium,15,SRC_STOCK_4_PRICE,REPORT_LIMIT,1,1,1,1,1.0,0.8,0.6270408630371094,9
Schema-Constraint,A6_multi_source,medium,15,SRC_STOCK_4_PRICE,REPORT_LIMIT,4,0,0,1,0.25,0.8,0.0,0
BFS,A6_multi_source,medium,16,SRC_STOCK_2_PRICE,REPORT_DASHBOARD,24,0,0,0,0.041666666666666664,1.0,0.5331039428710938,6
Vanilla-RWR,A6_multi_source,medium,16,SRC_STOCK_2_PRICE,REPORT_DASHBOARD,20,0,0,0,0.05,1.0,0.6060600280761719,9
Structural-RWR,A6_multi_source,medium,16,SRC_STOCK_2_PRICE,REPORT_DASHBOARD,24,0,0,0,0.041666666666666664,1.0,0.576019287109375,8
PC+RWR,A6_multi_source,medium,16,SRC_STOCK_2_PRICE,REPORT_DASHBOARD,24,0,0,0,0.041666666666666664,1.0,5.749940872192383,8
AnomalyOnly,A6_multi_source,medium,16,SRC_STOCK_2_PRICE,REPORT_DASHBOARD,3,0,1,1,0.3333333333333333,0.8,0.007867813110351562,1
APA-RCA,A6_multi_source,medium,16,SRC_STOCK_2_PRICE,REPORT_DASHBOARD,3,0,1,1,0.3333333333333333,0.8,0.6546974182128906,9
APA-RCA-v2,A6_multi_source,medium,16,SRC_STOCK_2_PRICE,REPORT_DASHBOARD,2,0,1,1,0.5,0.8,0.6611347198486328,9
APA-RCA-v3,A6_multi_source,medium,16,SRC_STOCK_2_PRICE,REPORT_DASHBOARD,2,0,1,1,0.5,0.8,0.6492137908935547,9
Schema-Constraint,A6_multi_source,medium,16,SRC_STOCK_2_PRICE,REPORT_DASHBOARD,2,0,1,1,0.5,0.8,0.0,0
BFS,A6_multi_source,medium,17,SRC_STOCK_4_PRICE,REPORT_LIMIT,41,0,0,0,0.024390243902439025,1.0,0.5688667297363281,7
Vanilla-RWR,A6_multi_source,medium,17,SRC_STOCK_4_PRICE,REPORT_LIMIT,33,0,0,0,0.030303030303030304,1.0,0.60272216796875,9
Structural-RWR,A6_multi_source,medium,17,SRC_STOCK_4_PRICE,REPORT_LIMIT,29,0,0,0,0.034482758620689655,1.0,0.6248950958251953,8
PC+RWR,A6_multi_source,medium,17,SRC_STOCK_4_PRICE,REPORT_LIMIT,29,0,0,0,0.034482758620689655,1.0,5.728006362915039,8
AnomalyOnly,A6_multi_source,medium,17,SRC_STOCK_4_PRICE,REPORT_LIMIT,2,0,1,1,0.5,0.8,0.008344650268554688,1
APA-RCA,A6_multi_source,medium,17,SRC_STOCK_4_PRICE,REPORT_LIMIT,3,0,1,1,0.3333333333333333,0.8,0.6189346313476562,9
APA-RCA-v2,A6_multi_source,medium,17,SRC_STOCK_4_PRICE,REPORT_LIMIT,2,0,1,1,0.5,0.8,0.6518363952636719,9
APA-RCA-v3,A6_multi_source,medium,17,SRC_STOCK_4_PRICE,REPORT_LIMIT,2,0,1,1,0.5,0.8,0.9629726409912109,9
Schema-Constraint,A6_multi_source,medium,17,SRC_STOCK_4_PRICE,REPORT_LIMIT,4,0,0,1,0.25,0.8,0.0,0
BFS,A6_multi_source,medium,18,SRC_STOCK_3_PRICE,REPORT_LIMIT,41,0,0,0,0.024390243902439025,1.0,0.5781650543212891,7
Vanilla-RWR,A6_multi_source,medium,18,SRC_STOCK_3_PRICE,REPORT_LIMIT,32,0,0,0,0.03125,1.0,0.6151199340820312,9
Structural-RWR,A6_multi_source,medium,18,SRC_STOCK_3_PRICE,REPORT_LIMIT,30,0,0,0,0.03333333333333333,1.0,0.6210803985595703,8
PC+RWR,A6_multi_source,medium,18,SRC_STOCK_3_PRICE,REPORT_LIMIT,30,0,0,0,0.03333333333333333,1.0,5.752086639404297,8
AnomalyOnly,A6_multi_source,medium,18,SRC_STOCK_3_PRICE,REPORT_LIMIT,2,0,1,1,0.5,0.8,0.0069141387939453125,1
APA-RCA,A6_multi_source,medium,18,SRC_STOCK_3_PRICE,REPORT_LIMIT,2,0,1,1,0.5,0.8,0.6132125854492188,9
APA-RCA-v2,A6_multi_source,medium,18,SRC_STOCK_3_PRICE,REPORT_LIMIT,1,1,1,1,1.0,0.8,0.6561279296875,9
APA-RCA-v3,A6_multi_source,medium,18,SRC_STOCK_3_PRICE,REPORT_LIMIT,1,1,1,1,1.0,0.8,0.6339550018310547,9
Schema-Constraint,A6_multi_source,medium,18,SRC_STOCK_3_PRICE,REPORT_LIMIT,3,0,1,1,0.3333333333333333,0.8,0.0,0
BFS,A6_multi_source,medium,19,SRC_STOCK_4_PRICE,REPORT_DASHBOARD,25,0,0,0,0.04,1.0,0.5521774291992188,6
Vanilla-RWR,A6_multi_source,medium,19,SRC_STOCK_4_PRICE,REPORT_DASHBOARD,22,0,0,0,0.045454545454545456,1.0,0.6010532379150391,9
Structural-RWR,A6_multi_source,medium,19,SRC_STOCK_4_PRICE,REPORT_DASHBOARD,35,0,0,0,0.02857142857142857,1.0,0.6136894226074219,8
PC+RWR,A6_multi_source,medium,19,SRC_STOCK_4_PRICE,REPORT_DASHBOARD,35,0,0,0,0.02857142857142857,1.0,5.69605827331543,8
AnomalyOnly,A6_multi_source,medium,19,SRC_STOCK_4_PRICE,REPORT_DASHBOARD,4,0,0,1,0.25,0.8,0.007867813110351562,1
APA-RCA,A6_multi_source,medium,19,SRC_STOCK_4_PRICE,REPORT_DASHBOARD,3,0,1,1,0.3333333333333333,0.8,0.6170272827148438,9
APA-RCA-v2,A6_multi_source,medium,19,SRC_STOCK_4_PRICE,REPORT_DASHBOARD,1,1,1,1,1.0,0.8,0.6530284881591797,9
APA-RCA-v3,A6_multi_source,medium,19,SRC_STOCK_4_PRICE,REPORT_DASHBOARD,1,1,1,1,1.0,0.8,0.6310939788818359,9
Schema-Constraint,A6_multi_source,medium,19,SRC_STOCK_4_PRICE,REPORT_DASHBOARD,4,0,0,1,0.25,0.8,0.0,0
BFS,A6_multi_source,medium,20,SRC_STOCK_3_PRICE,REPORT_LIMIT,40,0,0,0,0.025,1.0,0.5440711975097656,7
Vanilla-RWR,A6_multi_source,medium,20,SRC_STOCK_3_PRICE,REPORT_LIMIT,32,0,0,0,0.03125,1.0,0.598907470703125,9
Structural-RWR,A6_multi_source,medium,20,SRC_STOCK_3_PRICE,REPORT_LIMIT,23,0,0,0,0.043478260869565216,1.0,0.6051063537597656,8
PC+RWR,A6_multi_source,medium,20,SRC_STOCK_3_PRICE,REPORT_LIMIT,23,0,0,0,0.043478260869565216,1.0,5.946874618530273,8
AnomalyOnly,A6_multi_source,medium,20,SRC_STOCK_3_PRICE,REPORT_LIMIT,1,1,1,1,1.0,0.8,0.007867813110351562,1
APA-RCA,A6_multi_source,medium,20,SRC_STOCK_3_PRICE,REPORT_LIMIT,3,0,1,1,0.3333333333333333,0.8,0.6308555603027344,9
APA-RCA-v2,A6_multi_source,medium,20,SRC_STOCK_3_PRICE,REPORT_LIMIT,2,0,1,1,0.5,0.8,0.6639957427978516,9
APA-RCA-v3,A6_multi_source,medium,20,SRC_STOCK_3_PRICE,REPORT_LIMIT,2,0,1,1,0.5,0.8,0.9961128234863281,9
Schema-Constraint,A6_multi_source,medium,20,SRC_STOCK_3_PRICE,REPORT_LIMIT,3,0,1,1,0.3333333333333333,0.8,0.0,0
BFS,A6_multi_source,medium,21,SRC_STOCK_2_PRICE,REPORT_LIMIT,41,0,0,0,0.024390243902439025,1.0,0.5781650543212891,7
Vanilla-RWR,A6_multi_source,medium,21,SRC_STOCK_2_PRICE,REPORT_LIMIT,31,0,0,0,0.03225806451612903,1.0,0.6132125854492188,9
Structural-RWR,A6_multi_source,medium,21,SRC_STOCK_2_PRICE,REPORT_LIMIT,29,0,0,0,0.034482758620689655,1.0,0.6163120269775391,8
PC+RWR,A6_multi_source,medium,21,SRC_STOCK_2_PRICE,REPORT_LIMIT,29,0,0,0,0.034482758620689655,1.0,5.682945251464844,8
AnomalyOnly,A6_multi_source,medium,21,SRC_STOCK_2_PRICE,REPORT_LIMIT,3,0,1,1,0.3333333333333333,0.8,0.008106231689453125,1
APA-RCA,A6_multi_source,medium,21,SRC_STOCK_2_PRICE,REPORT_LIMIT,5,0,0,1,0.2,0.8,0.6151199340820312,9
APA-RCA-v2,A6_multi_source,medium,21,SRC_STOCK_2_PRICE,REPORT_LIMIT,2,0,1,1,0.5,0.8,0.6501674652099609,9
APA-RCA-v3,A6_multi_source,medium,21,SRC_STOCK_2_PRICE,REPORT_LIMIT,2,0,1,1,0.5,0.8,0.6299018859863281,9
Schema-Constraint,A6_multi_source,medium,21,SRC_STOCK_2_PRICE,REPORT_LIMIT,2,0,1,1,0.5,0.8,0.0,0
BFS,A6_multi_source,medium,22,SRC_STOCK_4_PRICE,REPORT_LIMIT,41,0,0,0,0.024390243902439025,1.0,0.5800724029541016,7
Vanilla-RWR,A6_multi_source,medium,22,SRC_STOCK_4_PRICE,REPORT_LIMIT,33,0,0,0,0.030303030303030304,1.0,0.6120204925537109,9
Structural-RWR,A6_multi_source,medium,22,SRC_STOCK_4_PRICE,REPORT_LIMIT,27,0,0,0,0.037037037037037035,1.0,0.6127357482910156,8
PC+RWR,A6_multi_source,medium,22,SRC_STOCK_4_PRICE,REPORT_LIMIT,27,0,0,0,0.037037037037037035,1.0,5.753040313720703,8
AnomalyOnly,A6_multi_source,medium,22,SRC_STOCK_4_PRICE,REPORT_LIMIT,2,0,1,1,0.5,0.8,0.007867813110351562,1
APA-RCA,A6_multi_source,medium,22,SRC_STOCK_4_PRICE,REPORT_LIMIT,3,0,1,1,0.3333333333333333,0.8,0.6139278411865234,9
APA-RCA-v2,A6_multi_source,medium,22,SRC_STOCK_4_PRICE,REPORT_LIMIT,2,0,1,1,0.5,0.8,0.6499290466308594,9
APA-RCA-v3,A6_multi_source,medium,22,SRC_STOCK_4_PRICE,REPORT_LIMIT,2,0,1,1,0.5,0.8,0.6308555603027344,9
Schema-Constraint,A6_multi_source,medium,22,SRC_STOCK_4_PRICE,REPORT_LIMIT,4,0,0,1,0.25,0.8,0.0,0
BFS,A6_multi_source,medium,23,SRC_STOCK_5_PRICE,REPORT_DASHBOARD,25,0,0,0,0.04,1.0,0.5633831024169922,6
Vanilla-RWR,A6_multi_source,medium,23,SRC_STOCK_5_PRICE,REPORT_DASHBOARD,23,0,0,0,0.043478260869565216,1.0,0.6010532379150391,9
Structural-RWR,A6_multi_source,medium,23,SRC_STOCK_5_PRICE,REPORT_DASHBOARD,27,0,0,0,0.037037037037037035,1.0,0.6301403045654297,8
PC+RWR,A6_multi_source,medium,23,SRC_STOCK_5_PRICE,REPORT_DASHBOARD,27,0,0,0,0.037037037037037035,1.0,5.725860595703125,8
AnomalyOnly,A6_multi_source,medium,23,SRC_STOCK_5_PRICE,REPORT_DASHBOARD,3,0,1,1,0.3333333333333333,0.8,0.007867813110351562,1
APA-RCA,A6_multi_source,medium,23,SRC_STOCK_5_PRICE,REPORT_DASHBOARD,3,0,1,1,0.3333333333333333,0.8,0.6117820739746094,9
APA-RCA-v2,A6_multi_source,medium,23,SRC_STOCK_5_PRICE,REPORT_DASHBOARD,2,0,1,1,0.5,0.8,0.6463527679443359,9
APA-RCA-v3,A6_multi_source,medium,23,SRC_STOCK_5_PRICE,REPORT_DASHBOARD,2,0,1,1,0.5,0.8,5.006074905395508,9
Schema-Constraint,A6_multi_source,medium,23,SRC_STOCK_5_PRICE,REPORT_DASHBOARD,5,0,0,1,0.2,0.8,0.0,0
BFS,A6_multi_source,medium,24,SRC_STOCK_2_PRICE,REPORT_STRESS,17,0,0,0,0.058823529411764705,1.0,0.5717277526855469,6
Vanilla-RWR,A6_multi_source,medium,24,SRC_STOCK_2_PRICE,REPORT_STRESS,18,0,0,0,0.05555555555555555,1.0,0.6129741668701172,9
Structural-RWR,A6_multi_source,medium,24,SRC_STOCK_2_PRICE,REPORT_STRESS,31,0,0,0,0.03225806451612903,1.0,0.6110668182373047,8
PC+RWR,A6_multi_source,medium,24,SRC_STOCK_2_PRICE,REPORT_STRESS,31,0,0,0,0.03225806451612903,1.0,5.633115768432617,8
AnomalyOnly,A6_multi_source,medium,24,SRC_STOCK_2_PRICE,REPORT_STRESS,1,1,1,1,1.0,0.8,0.007867813110351562,1
APA-RCA,A6_multi_source,medium,24,SRC_STOCK_2_PRICE,REPORT_STRESS,1,1,1,1,1.0,0.8,0.6051063537597656,9
APA-RCA-v2,A6_multi_source,medium,24,SRC_STOCK_2_PRICE,REPORT_STRESS,1,1,1,1,1.0,0.8,0.6430149078369141,9
APA-RCA-v3,A6_multi_source,medium,24,SRC_STOCK_2_PRICE,REPORT_STRESS,1,1,1,1,1.0,0.8,0.6227493286132812,9
Schema-Constraint,A6_multi_source,medium,24,SRC_STOCK_2_PRICE,REPORT_STRESS,2,0,1,1,0.5,0.8,0.0,0
BFS,A6_multi_source,medium,25,SRC_STOCK_1_PRICE,REPORT_STRESS,17,0,0,0,0.058823529411764705,1.0,0.5340576171875,6
Vanilla-RWR,A6_multi_source,medium,25,SRC_STOCK_1_PRICE,REPORT_STRESS,17,0,0,0,0.058823529411764705,1.0,0.6089210510253906,9
Structural-RWR,A6_multi_source,medium,25,SRC_STOCK_1_PRICE,REPORT_STRESS,27,0,0,0,0.037037037037037035,1.0,0.6160736083984375,8
PC+RWR,A6_multi_source,medium,25,SRC_STOCK_1_PRICE,REPORT_STRESS,27,0,0,0,0.037037037037037035,1.0,5.642890930175781,8
AnomalyOnly,A6_multi_source,medium,25,SRC_STOCK_1_PRICE,REPORT_STRESS,1,1,1,1,1.0,0.8,0.008106231689453125,1
APA-RCA,A6_multi_source,medium,25,SRC_STOCK_1_PRICE,REPORT_STRESS,2,0,1,1,0.5,0.8,0.6070137023925781,9
APA-RCA-v2,A6_multi_source,medium,25,SRC_STOCK_1_PRICE,REPORT_STRESS,2,0,1,1,0.5,0.8,0.6482601165771484,9
APA-RCA-v3,A6_multi_source,medium,25,SRC_STOCK_1_PRICE,REPORT_STRESS,2,0,1,1,0.5,0.8,0.6279945373535156,9
Schema-Constraint,A6_multi_source,medium,25,SRC_STOCK_1_PRICE,REPORT_STRESS,1,1,1,1,1.0,0.8,0.0,0
BFS,A6_multi_source,medium,26,SRC_STOCK_2_PRICE,REPORT_DASHBOARD,24,0,0,0,0.041666666666666664,1.0,0.5390644073486328,6
Vanilla-RWR,A6_multi_source,medium,26,SRC_STOCK_2_PRICE,REPORT_DASHBOARD,20,0,0,0,0.05,1.0,0.6000995635986328,9
Structural-RWR,A6_multi_source,medium,26,SRC_STOCK_2_PRICE,REPORT_DASHBOARD,23,0,0,0,0.043478260869565216,1.0,0.6167888641357422,8
PC+RWR,A6_multi_source,medium,26,SRC_STOCK_2_PRICE,REPORT_DASHBOARD,23,0,0,0,0.043478260869565216,1.0,5.676031112670898,8
AnomalyOnly,A6_multi_source,medium,26,SRC_STOCK_2_PRICE,REPORT_DASHBOARD,3,0,1,1,0.3333333333333333,0.8,0.008106231689453125,1
APA-RCA,A6_multi_source,medium,26,SRC_STOCK_2_PRICE,REPORT_DASHBOARD,3,0,1,1,0.3333333333333333,0.8,0.6120204925537109,9
APA-RCA-v2,A6_multi_source,medium,26,SRC_STOCK_2_PRICE,REPORT_DASHBOARD,2,0,1,1,0.5,0.8,0.6530284881591797,9
APA-RCA-v3,A6_multi_source,medium,26,SRC_STOCK_2_PRICE,REPORT_DASHBOARD,2,0,1,1,0.5,0.8,0.6458759307861328,9
Schema-Constraint,A6_multi_source,medium,26,SRC_STOCK_2_PRICE,REPORT_DASHBOARD,2,0,1,1,0.5,0.8,0.0,0
BFS,A6_multi_source,medium,27,SRC_STOCK_2_PRICE,REPORT_LIMIT,40,0,0,0,0.025,1.0,0.5128383636474609,7
Vanilla-RWR,A6_multi_source,medium,27,SRC_STOCK_2_PRICE,REPORT_LIMIT,31,0,0,0,0.03225806451612903,1.0,0.6012916564941406,9
Structural-RWR,A6_multi_source,medium,27,SRC_STOCK_2_PRICE,REPORT_LIMIT,25,0,0,0,0.04,1.0,0.6198883056640625,8
PC+RWR,A6_multi_source,medium,27,SRC_STOCK_2_PRICE,REPORT_LIMIT,25,0,0,0,0.04,1.0,5.656719207763672,8
AnomalyOnly,A6_multi_source,medium,27,SRC_STOCK_2_PRICE,REPORT_LIMIT,3,0,1,1,0.3333333333333333,0.8,0.0069141387939453125,1
APA-RCA,A6_multi_source,medium,27,SRC_STOCK_2_PRICE,REPORT_LIMIT,4,0,0,1,0.25,0.8,0.6139278411865234,9
APA-RCA-v2,A6_multi_source,medium,27,SRC_STOCK_2_PRICE,REPORT_LIMIT,2,0,1,1,0.5,0.8,0.6558895111083984,9
APA-RCA-v3,A6_multi_source,medium,27,SRC_STOCK_2_PRICE,REPORT_LIMIT,2,0,1,1,0.5,0.8,0.6310939788818359,9
Schema-Constraint,A6_multi_source,medium,27,SRC_STOCK_2_PRICE,REPORT_LIMIT,2,0,1,1,0.5,0.8,0.0,0
BFS,A6_multi_source,medium,28,SRC_STOCK_2_PRICE,REPORT_DASHBOARD,24,0,0,0,0.041666666666666664,1.0,0.5218982696533203,6
Vanilla-RWR,A6_multi_source,medium,28,SRC_STOCK_2_PRICE,REPORT_DASHBOARD,20,0,0,0,0.05,1.0,0.63323974609375,9
Structural-RWR,A6_multi_source,medium,28,SRC_STOCK_2_PRICE,REPORT_DASHBOARD,29,0,0,0,0.034482758620689655,1.0,0.5710124969482422,8
PC+RWR,A6_multi_source,medium,28,SRC_STOCK_2_PRICE,REPORT_DASHBOARD,29,0,0,0,0.034482758620689655,1.0,5.654811859130859,8
AnomalyOnly,A6_multi_source,medium,28,SRC_STOCK_2_PRICE,REPORT_DASHBOARD,3,0,1,1,0.3333333333333333,0.8,0.008106231689453125,1
APA-RCA,A6_multi_source,medium,28,SRC_STOCK_2_PRICE,REPORT_DASHBOARD,3,0,1,1,0.3333333333333333,0.8,0.6139278411865234,9
APA-RCA-v2,A6_multi_source,medium,28,SRC_STOCK_2_PRICE,REPORT_DASHBOARD,2,0,1,1,0.5,0.8,1.043081283569336,9
APA-RCA-v3,A6_multi_source,medium,28,SRC_STOCK_2_PRICE,REPORT_DASHBOARD,2,0,1,1,0.5,0.8,0.621795654296875,9
Schema-Constraint,A6_multi_source,medium,28,SRC_STOCK_2_PRICE,REPORT_DASHBOARD,2,0,1,1,0.5,0.8,0.0,0
BFS,A6_multi_source,medium,29,SRC_STOCK_5_PRICE,REPORT_LIMIT,41,0,0,0,0.024390243902439025,1.0,0.5528926849365234,7
Vanilla-RWR,A6_multi_source,medium,29,SRC_STOCK_5_PRICE,REPORT_LIMIT,34,0,0,0,0.029411764705882353,1.0,0.6039142608642578,9
Structural-RWR,A6_multi_source,medium,29,SRC_STOCK_5_PRICE,REPORT_LIMIT,30,0,0,0,0.03333333333333333,1.0,0.6089210510253906,8
PC+RWR,A6_multi_source,medium,29,SRC_STOCK_5_PRICE,REPORT_LIMIT,30,0,0,0,0.03333333333333333,1.0,5.5999755859375,8
AnomalyOnly,A6_multi_source,medium,29,SRC_STOCK_5_PRICE,REPORT_LIMIT,3,0,1,1,0.3333333333333333,0.8,0.008344650268554688,1
APA-RCA,A6_multi_source,medium,29,SRC_STOCK_5_PRICE,REPORT_LIMIT,2,0,1,1,0.5,0.8,0.6079673767089844,9
APA-RCA-v2,A6_multi_source,medium,29,SRC_STOCK_5_PRICE,REPORT_LIMIT,1,1,1,1,1.0,0.8,0.659942626953125,9
APA-RCA-v3,A6_multi_source,medium,29,SRC_STOCK_5_PRICE,REPORT_LIMIT,1,1,1,1,1.0,0.8,0.6301403045654297,9
Schema-Constraint,A6_multi_source,medium,29,SRC_STOCK_5_PRICE,REPORT_LIMIT,5,0,0,1,0.2,0.8,0.0,0
BFS,A7_coincidental,medium,0,SRC_STOCK_5_PRICE,REPORT_LIMIT,40,0,0,0,0.025,1.0,0.5519390106201172,7
Vanilla-RWR,A7_coincidental,medium,0,SRC_STOCK_5_PRICE,REPORT_LIMIT,34,0,0,0,0.029411764705882353,1.0,0.621795654296875,9
Structural-RWR,A7_coincidental,medium,0,SRC_STOCK_5_PRICE,REPORT_LIMIT,21,0,0,0,0.047619047619047616,1.0,0.6220340728759766,8
PC+RWR,A7_coincidental,medium,0,SRC_STOCK_5_PRICE,REPORT_LIMIT,21,0,0,0,0.047619047619047616,1.0,5.672931671142578,8
AnomalyOnly,A7_coincidental,medium,0,SRC_STOCK_5_PRICE,REPORT_LIMIT,1,1,1,1,1.0,0.8,0.008106231689453125,1
APA-RCA,A7_coincidental,medium,0,SRC_STOCK_5_PRICE,REPORT_LIMIT,3,0,1,1,0.3333333333333333,0.8,0.6110668182373047,9
APA-RCA-v2,A7_coincidental,medium,0,SRC_STOCK_5_PRICE,REPORT_LIMIT,1,1,1,1,1.0,0.8,0.6537437438964844,9
APA-RCA-v3,A7_coincidental,medium,0,SRC_STOCK_5_PRICE,REPORT_LIMIT,1,1,1,1,1.0,0.8,0.6401538848876953,9
Schema-Constraint,A7_coincidental,medium,0,SRC_STOCK_5_PRICE,REPORT_LIMIT,5,0,0,1,0.2,0.8,0.0,0
BFS,A7_coincidental,medium,1,SRC_STOCK_3_PRICE,REPORT_STRESS,17,0,0,0,0.058823529411764705,1.0,0.537872314453125,6
Vanilla-RWR,A7_coincidental,medium,1,SRC_STOCK_3_PRICE,REPORT_STRESS,19,0,0,0,0.05263157894736842,1.0,0.6339550018310547,9
Structural-RWR,A7_coincidental,medium,1,SRC_STOCK_3_PRICE,REPORT_STRESS,26,0,0,0,0.038461538461538464,1.0,0.5710124969482422,8
PC+RWR,A7_coincidental,medium,1,SRC_STOCK_3_PRICE,REPORT_STRESS,26,0,0,0,0.038461538461538464,1.0,5.663871765136719,8
AnomalyOnly,A7_coincidental,medium,1,SRC_STOCK_3_PRICE,REPORT_STRESS,2,0,1,1,0.5,0.8,0.007152557373046875,1
APA-RCA,A7_coincidental,medium,1,SRC_STOCK_3_PRICE,REPORT_STRESS,1,1,1,1,1.0,0.8,0.6101131439208984,9
APA-RCA-v2,A7_coincidental,medium,1,SRC_STOCK_3_PRICE,REPORT_STRESS,1,1,1,1,1.0,0.8,0.6539821624755859,9
APA-RCA-v3,A7_coincidental,medium,1,SRC_STOCK_3_PRICE,REPORT_STRESS,1,1,1,1,1.0,0.8,0.6198883056640625,9
Schema-Constraint,A7_coincidental,medium,1,SRC_STOCK_3_PRICE,REPORT_STRESS,3,0,1,1,0.3333333333333333,0.8,0.0,0
BFS,A7_coincidental,medium,2,SRC_STOCK_5_PRICE,REPORT_LIMIT,40,0,0,0,0.025,1.0,0.5369186401367188,7
Vanilla-RWR,A7_coincidental,medium,2,SRC_STOCK_5_PRICE,REPORT_LIMIT,34,0,0,0,0.029411764705882353,1.0,0.5970001220703125,9
Structural-RWR,A7_coincidental,medium,2,SRC_STOCK_5_PRICE,REPORT_LIMIT,21,0,0,0,0.047619047619047616,1.0,0.6110668182373047,8
PC+RWR,A7_coincidental,medium,2,SRC_STOCK_5_PRICE,REPORT_LIMIT,21,0,0,0,0.047619047619047616,1.0,5.550146102905273,8
AnomalyOnly,A7_coincidental,medium,2,SRC_STOCK_5_PRICE,REPORT_LIMIT,3,0,1,1,0.3333333333333333,0.8,0.007867813110351562,1
APA-RCA,A7_coincidental,medium,2,SRC_STOCK_5_PRICE,REPORT_LIMIT,4,0,0,1,0.25,0.8,0.6098747253417969,9
APA-RCA-v2,A7_coincidental,medium,2,SRC_STOCK_5_PRICE,REPORT_LIMIT,1,1,1,1,1.0,0.8,0.6468296051025391,9
APA-RCA-v3,A7_coincidental,medium,2,SRC_STOCK_5_PRICE,REPORT_LIMIT,1,1,1,1,1.0,0.8,0.6330013275146484,9
Schema-Constraint,A7_coincidental,medium,2,SRC_STOCK_5_PRICE,REPORT_LIMIT,5,0,0,1,0.2,0.8,0.0,0
BFS,A7_coincidental,medium,3,SRC_STOCK_5_PRICE,REPORT_LIMIT,40,0,0,0,0.025,1.0,0.5209445953369141,7
Vanilla-RWR,A7_coincidental,medium,3,SRC_STOCK_5_PRICE,REPORT_LIMIT,34,0,0,0,0.029411764705882353,1.0,0.5991458892822266,9
Structural-RWR,A7_coincidental,medium,3,SRC_STOCK_5_PRICE,REPORT_LIMIT,20,0,0,0,0.05,1.0,0.5712509155273438,8
PC+RWR,A7_coincidental,medium,3,SRC_STOCK_5_PRICE,REPORT_LIMIT,20,0,0,0,0.05,1.0,5.656957626342773,8
AnomalyOnly,A7_coincidental,medium,3,SRC_STOCK_5_PRICE,REPORT_LIMIT,2,0,1,1,0.5,0.8,0.007867813110351562,1
APA-RCA,A7_coincidental,medium,3,SRC_STOCK_5_PRICE,REPORT_LIMIT,4,0,0,1,0.25,0.8,0.6070137023925781,9
APA-RCA-v2,A7_coincidental,medium,3,SRC_STOCK_5_PRICE,REPORT_LIMIT,1,1,1,1,1.0,0.8,1.026153564453125,9
APA-RCA-v3,A7_coincidental,medium,3,SRC_STOCK_5_PRICE,REPORT_LIMIT,1,1,1,1,1.0,0.8,0.5958080291748047,9
Schema-Constraint,A7_coincidental,medium,3,SRC_STOCK_5_PRICE,REPORT_LIMIT,5,0,0,1,0.2,0.8,0.0,0
BFS,A7_coincidental,medium,4,SRC_STOCK_4_PRICE,REPORT_LIMIT,40,0,0,0,0.025,1.0,0.5340576171875,7
Vanilla-RWR,A7_coincidental,medium,4,SRC_STOCK_4_PRICE,REPORT_LIMIT,33,0,0,0,0.030303030303030304,1.0,0.6008148193359375,9
Structural-RWR,A7_coincidental,medium,4,SRC_STOCK_4_PRICE,REPORT_LIMIT,22,0,0,0,0.045454545454545456,1.0,0.5700588226318359,8
PC+RWR,A7_coincidental,medium,4,SRC_STOCK_4_PRICE,REPORT_LIMIT,22,0,0,0,0.045454545454545456,1.0,5.600929260253906,8
AnomalyOnly,A7_coincidental,medium,4,SRC_STOCK_4_PRICE,REPORT_LIMIT,1,1,1,1,1.0,0.8,0.008106231689453125,1
APA-RCA,A7_coincidental,medium,4,SRC_STOCK_4_PRICE,REPORT_LIMIT,4,0,0,1,0.25,0.8,0.6122589111328125,9
APA-RCA-v2,A7_coincidental,medium,4,SRC_STOCK_4_PRICE,REPORT_LIMIT,1,1,1,1,1.0,0.8,0.6601810455322266,9
APA-RCA-v3,A7_coincidental,medium,4,SRC_STOCK_4_PRICE,REPORT_LIMIT,1,1,1,1,1.0,0.8,0.6349086761474609,9
Schema-Constraint,A7_coincidental,medium,4,SRC_STOCK_4_PRICE,REPORT_LIMIT,4,0,0,1,0.25,0.8,0.0,0
BFS,A7_coincidental,medium,5,SRC_STOCK_4_PRICE,REPORT_LIMIT,40,0,0,0,0.025,1.0,0.4990100860595703,7
Vanilla-RWR,A7_coincidental,medium,5,SRC_STOCK_4_PRICE,REPORT_LIMIT,33,0,0,0,0.030303030303030304,1.0,0.6022453308105469,9
Structural-RWR,A7_coincidental,medium,5,SRC_STOCK_4_PRICE,REPORT_LIMIT,26,0,0,0,0.038461538461538464,1.0,0.5650520324707031,8
PC+RWR,A7_coincidental,medium,5,SRC_STOCK_4_PRICE,REPORT_LIMIT,26,0,0,0,0.038461538461538464,1.0,5.681037902832031,8
AnomalyOnly,A7_coincidental,medium,5,SRC_STOCK_4_PRICE,REPORT_LIMIT,1,1,1,1,1.0,0.8,0.007152557373046875,1
APA-RCA,A7_coincidental,medium,5,SRC_STOCK_4_PRICE,REPORT_LIMIT,5,0,0,1,0.2,0.8,0.6101131439208984,9
APA-RCA-v2,A7_coincidental,medium,5,SRC_STOCK_4_PRICE,REPORT_LIMIT,1,1,1,1,1.0,0.8,0.6411075592041016,9
APA-RCA-v3,A7_coincidental,medium,5,SRC_STOCK_4_PRICE,REPORT_LIMIT,1,1,1,1,1.0,0.8,0.6310939788818359,9
Schema-Constraint,A7_coincidental,medium,5,SRC_STOCK_4_PRICE,REPORT_LIMIT,4,0,0,1,0.25,0.8,0.0,0
BFS,A7_coincidental,medium,6,SRC_STOCK_3_PRICE,REPORT_LIMIT,40,0,0,0,0.025,1.0,0.5640983581542969,7
Vanilla-RWR,A7_coincidental,medium,6,SRC_STOCK_3_PRICE,REPORT_LIMIT,32,0,0,0,0.03125,1.0,0.6079673767089844,9
Structural-RWR,A7_coincidental,medium,6,SRC_STOCK_3_PRICE,REPORT_LIMIT,21,0,0,0,0.047619047619047616,1.0,0.5707740783691406,8
PC+RWR,A7_coincidental,medium,6,SRC_STOCK_3_PRICE,REPORT_LIMIT,21,0,0,0,0.047619047619047616,1.0,5.717039108276367,8
AnomalyOnly,A7_coincidental,medium,6,SRC_STOCK_3_PRICE,REPORT_LIMIT,1,1,1,1,1.0,0.8,0.0069141387939453125,1
APA-RCA,A7_coincidental,medium,6,SRC_STOCK_3_PRICE,REPORT_LIMIT,4,0,0,1,0.25,0.8,0.6151199340820312,9
APA-RCA-v2,A7_coincidental,medium,6,SRC_STOCK_3_PRICE,REPORT_LIMIT,1,1,1,1,1.0,0.8,0.6589889526367188,9
APA-RCA-v3,A7_coincidental,medium,6,SRC_STOCK_3_PRICE,REPORT_LIMIT,1,1,1,1,1.0,0.8,0.6268024444580078,9
Schema-Constraint,A7_coincidental,medium,6,SRC_STOCK_3_PRICE,REPORT_LIMIT,3,0,1,1,0.3333333333333333,0.8,0.0,0
BFS,A7_coincidental,medium,7,SRC_STOCK_5_PRICE,REPORT_STRESS,17,0,0,0,0.058823529411764705,1.0,0.5140304565429688,6
Vanilla-RWR,A7_coincidental,medium,7,SRC_STOCK_5_PRICE,REPORT_STRESS,21,0,0,0,0.047619047619047616,1.0,0.5941390991210938,9
Structural-RWR,A7_coincidental,medium,7,SRC_STOCK_5_PRICE,REPORT_STRESS,22,0,0,0,0.045454545454545456,1.0,0.6191730499267578,8
PC+RWR,A7_coincidental,medium,7,SRC_STOCK_5_PRICE,REPORT_STRESS,22,0,0,0,0.045454545454545456,1.0,5.655050277709961,8
AnomalyOnly,A7_coincidental,medium,7,SRC_STOCK_5_PRICE,REPORT_STRESS,1,1,1,1,1.0,0.8,0.007867813110351562,1
APA-RCA,A7_coincidental,medium,7,SRC_STOCK_5_PRICE,REPORT_STRESS,1,1,1,1,1.0,0.8,0.6017684936523438,9
APA-RCA-v2,A7_coincidental,medium,7,SRC_STOCK_5_PRICE,REPORT_STRESS,1,1,1,1,1.0,0.8,0.6499290466308594,9
APA-RCA-v3,A7_coincidental,medium,7,SRC_STOCK_5_PRICE,REPORT_STRESS,1,1,1,1,1.0,0.8,0.6263256072998047,9
Schema-Constraint,A7_coincidental,medium,7,SRC_STOCK_5_PRICE,REPORT_STRESS,5,0,0,1,0.2,0.8,0.0,0
BFS,A7_coincidental,medium,8,SRC_STOCK_4_PRICE,REPORT_LIMIT,40,0,0,0,0.025,1.0,0.5519390106201172,7
Vanilla-RWR,A7_coincidental,medium,8,SRC_STOCK_4_PRICE,REPORT_LIMIT,33,0,0,0,0.030303030303030304,1.0,0.6043910980224609,9
Structural-RWR,A7_coincidental,medium,8,SRC_STOCK_4_PRICE,REPORT_LIMIT,20,0,0,0,0.05,1.0,0.5686283111572266,8
PC+RWR,A7_coincidental,medium,8,SRC_STOCK_4_PRICE,REPORT_LIMIT,20,0,0,0,0.05,1.0,5.666017532348633,8
AnomalyOnly,A7_coincidental,medium,8,SRC_STOCK_4_PRICE,REPORT_LIMIT,2,0,1,1,0.5,0.8,0.007867813110351562,1
APA-RCA,A7_coincidental,medium,8,SRC_STOCK_4_PRICE,REPORT_LIMIT,3,0,1,1,0.3333333333333333,0.8,0.6129741668701172,9
APA-RCA-v2,A7_coincidental,medium,8,SRC_STOCK_4_PRICE,REPORT_LIMIT,1,1,1,1,1.0,0.8,0.6549358367919922,9
APA-RCA-v3,A7_coincidental,medium,8,SRC_STOCK_4_PRICE,REPORT_LIMIT,1,1,1,1,1.0,0.8,1.0297298431396484,9
Schema-Constraint,A7_coincidental,medium,8,SRC_STOCK_4_PRICE,REPORT_LIMIT,4,0,0,1,0.25,0.8,0.0,0
BFS,A7_coincidental,medium,9,SRC_STOCK_3_PRICE,REPORT_LIMIT,40,0,0,0,0.025,1.0,0.5581378936767578,7
Vanilla-RWR,A7_coincidental,medium,9,SRC_STOCK_3_PRICE,REPORT_LIMIT,32,0,0,0,0.03125,1.0,0.6151199340820312,9
Structural-RWR,A7_coincidental,medium,9,SRC_STOCK_3_PRICE,REPORT_LIMIT,21,0,0,0,0.047619047619047616,1.0,0.6139278411865234,8
PC+RWR,A7_coincidental,medium,9,SRC_STOCK_3_PRICE,REPORT_LIMIT,21,0,0,0,0.047619047619047616,1.0,5.688905715942383,8
AnomalyOnly,A7_coincidental,medium,9,SRC_STOCK_3_PRICE,REPORT_LIMIT,3,0,1,1,0.3333333333333333,0.8,0.008106231689453125,1
APA-RCA,A7_coincidental,medium,9,SRC_STOCK_3_PRICE,REPORT_LIMIT,5,0,0,1,0.2,0.8,0.6129741668701172,9
APA-RCA-v2,A7_coincidental,medium,9,SRC_STOCK_3_PRICE,REPORT_LIMIT,1,1,1,1,1.0,0.8,0.6480216979980469,9
APA-RCA-v3,A7_coincidental,medium,9,SRC_STOCK_3_PRICE,REPORT_LIMIT,1,1,1,1,1.0,0.8,0.6277561187744141,9
Schema-Constraint,A7_coincidental,medium,9,SRC_STOCK_3_PRICE,REPORT_LIMIT,3,0,1,1,0.3333333333333333,0.8,0.0,0
BFS,A7_coincidental,medium,10,SRC_STOCK_4_PRICE,REPORT_LIMIT,40,0,0,0,0.025,1.0,0.9210109710693359,7
Vanilla-RWR,A7_coincidental,medium,10,SRC_STOCK_4_PRICE,REPORT_LIMIT,33,0,0,0,0.030303030303030304,1.0,0.6091594696044922,9
Structural-RWR,A7_coincidental,medium,10,SRC_STOCK_4_PRICE,REPORT_LIMIT,24,0,0,0,0.041666666666666664,1.0,0.6079673767089844,8
PC+RWR,A7_coincidental,medium,10,SRC_STOCK_4_PRICE,REPORT_LIMIT,24,0,0,0,0.041666666666666664,1.0,5.682945251464844,8
AnomalyOnly,A7_coincidental,medium,10,SRC_STOCK_4_PRICE,REPORT_LIMIT,2,0,1,1,0.5,0.8,0.008344650268554688,1
APA-RCA,A7_coincidental,medium,10,SRC_STOCK_4_PRICE,REPORT_LIMIT,3,0,1,1,0.3333333333333333,0.8,0.6129741668701172,9
APA-RCA-v2,A7_coincidental,medium,10,SRC_STOCK_4_PRICE,REPORT_LIMIT,1,1,1,1,1.0,0.8,0.6477832794189453,9
APA-RCA-v3,A7_coincidental,medium,10,SRC_STOCK_4_PRICE,REPORT_LIMIT,1,1,1,1,1.0,0.8,0.6308555603027344,9
Schema-Constraint,A7_coincidental,medium,10,SRC_STOCK_4_PRICE,REPORT_LIMIT,4,0,0,1,0.25,0.8,0.0,0
BFS,A7_coincidental,medium,11,SRC_STOCK_1_PRICE,REPORT_LIMIT,40,0,0,0,0.025,1.0,0.5438327789306641,7
Vanilla-RWR,A7_coincidental,medium,11,SRC_STOCK_1_PRICE,REPORT_LIMIT,30,0,0,0,0.03333333333333333,1.0,0.579833984375,9
Structural-RWR,A7_coincidental,medium,11,SRC_STOCK_1_PRICE,REPORT_LIMIT,21,0,0,0,0.047619047619047616,1.0,0.6120204925537109,8
PC+RWR,A7_coincidental,medium,11,SRC_STOCK_1_PRICE,REPORT_LIMIT,21,0,0,0,0.047619047619047616,1.0,5.650043487548828,8
AnomalyOnly,A7_coincidental,medium,11,SRC_STOCK_1_PRICE,REPORT_LIMIT,3,0,1,1,0.3333333333333333,0.8,0.00667572021484375,1
APA-RCA,A7_coincidental,medium,11,SRC_STOCK_1_PRICE,REPORT_LIMIT,5,0,0,1,0.2,0.8,0.6110668182373047,9
APA-RCA-v2,A7_coincidental,medium,11,SRC_STOCK_1_PRICE,REPORT_LIMIT,1,1,1,1,1.0,0.8,0.6480216979980469,9
APA-RCA-v3,A7_coincidental,medium,11,SRC_STOCK_1_PRICE,REPORT_LIMIT,1,1,1,1,1.0,0.8,0.6258487701416016,9
Schema-Constraint,A7_coincidental,medium,11,SRC_STOCK_1_PRICE,REPORT_LIMIT,1,1,1,1,1.0,0.8,0.0,0
BFS,A7_coincidental,medium,12,SRC_STOCK_4_PRICE,REPORT_DASHBOARD,24,0,0,0,0.041666666666666664,1.0,0.5669593811035156,6
Vanilla-RWR,A7_coincidental,medium,12,SRC_STOCK_4_PRICE,REPORT_DASHBOARD,22,0,0,0,0.045454545454545456,1.0,0.6008148193359375,9
Structural-RWR,A7_coincidental,medium,12,SRC_STOCK_4_PRICE,REPORT_DASHBOARD,25,0,0,0,0.04,1.0,0.6098747253417969,8
PC+RWR,A7_coincidental,medium,12,SRC_STOCK_4_PRICE,REPORT_DASHBOARD,25,0,0,0,0.04,1.0,5.613088607788086,8
AnomalyOnly,A7_coincidental,medium,12,SRC_STOCK_4_PRICE,REPORT_DASHBOARD,4,0,0,1,0.25,0.8,0.007867813110351562,1
APA-RCA,A7_coincidental,medium,12,SRC_STOCK_4_PRICE,REPORT_DASHBOARD,3,0,1,1,0.3333333333333333,0.8,0.6079673767089844,9
APA-RCA-v2,A7_coincidental,medium,12,SRC_STOCK_4_PRICE,REPORT_DASHBOARD,1,1,1,1,1.0,0.8,0.6458759307861328,9
APA-RCA-v3,A7_coincidental,medium,12,SRC_STOCK_4_PRICE,REPORT_DASHBOARD,1,1,1,1,1.0,0.8,0.6279945373535156,9
Schema-Constraint,A7_coincidental,medium,12,SRC_STOCK_4_PRICE,REPORT_DASHBOARD,4,0,0,1,0.25,0.8,0.0,0
BFS,A7_coincidental,medium,13,SRC_STOCK_5_PRICE,REPORT_DASHBOARD,24,0,0,0,0.041666666666666664,1.0,0.9219646453857422,6
Vanilla-RWR,A7_coincidental,medium,13,SRC_STOCK_5_PRICE,REPORT_DASHBOARD,23,0,0,0,0.043478260869565216,1.0,0.6110668182373047,9
Structural-RWR,A7_coincidental,medium,13,SRC_STOCK_5_PRICE,REPORT_DASHBOARD,21,0,0,0,0.047619047619047616,1.0,0.6263256072998047,8
PC+RWR,A7_coincidental,medium,13,SRC_STOCK_5_PRICE,REPORT_DASHBOARD,21,0,0,0,0.047619047619047616,1.0,5.685091018676758,8
AnomalyOnly,A7_coincidental,medium,13,SRC_STOCK_5_PRICE,REPORT_DASHBOARD,4,0,0,1,0.25,0.8,0.008106231689453125,1
APA-RCA,A7_coincidental,medium,13,SRC_STOCK_5_PRICE,REPORT_DASHBOARD,2,0,1,1,0.5,0.8,0.6160736083984375,9
APA-RCA-v2,A7_coincidental,medium,13,SRC_STOCK_5_PRICE,REPORT_DASHBOARD,1,1,1,1,1.0,0.8,0.6442070007324219,9
APA-RCA-v3,A7_coincidental,medium,13,SRC_STOCK_5_PRICE,REPORT_DASHBOARD,1,1,1,1,1.0,0.8,0.6241798400878906,9
Schema-Constraint,A7_coincidental,medium,13,SRC_STOCK_5_PRICE,REPORT_DASHBOARD,5,0,0,1,0.2,0.8,0.0,0
BFS,A7_coincidental,medium,14,SRC_STOCK_1_PRICE,REPORT_LIMIT,40,0,0,0,0.025,1.0,0.5660057067871094,7
Vanilla-RWR,A7_coincidental,medium,14,SRC_STOCK_1_PRICE,REPORT_LIMIT,30,0,0,0,0.03333333333333333,1.0,0.6110668182373047,9
Structural-RWR,A7_coincidental,medium,14,SRC_STOCK_1_PRICE,REPORT_LIMIT,19,0,0,0,0.05263157894736842,1.0,0.6048679351806641,8
PC+RWR,A7_coincidental,medium,14,SRC_STOCK_1_PRICE,REPORT_LIMIT,19,0,0,0,0.05263157894736842,1.0,5.760908126831055,8
AnomalyOnly,A7_coincidental,medium,14,SRC_STOCK_1_PRICE,REPORT_LIMIT,2,0,1,1,0.5,0.8,0.007867813110351562,1
APA-RCA,A7_coincidental,medium,14,SRC_STOCK_1_PRICE,REPORT_LIMIT,3,0,1,1,0.3333333333333333,0.8,0.6301403045654297,9
APA-RCA-v2,A7_coincidental,medium,14,SRC_STOCK_1_PRICE,REPORT_LIMIT,1,1,1,1,1.0,0.8,0.6589889526367188,9
APA-RCA-v3,A7_coincidental,medium,14,SRC_STOCK_1_PRICE,REPORT_LIMIT,1,1,1,1,1.0,0.8,0.6258487701416016,9
Schema-Constraint,A7_coincidental,medium,14,SRC_STOCK_1_PRICE,REPORT_LIMIT,1,1,1,1,1.0,0.8,0.0,0
BFS,A7_coincidental,medium,15,SRC_STOCK_5_PRICE,REPORT_LIMIT,40,0,0,0,0.025,1.0,0.5850791931152344,7
Vanilla-RWR,A7_coincidental,medium,15,SRC_STOCK_5_PRICE,REPORT_LIMIT,34,0,0,0,0.029411764705882353,1.0,0.6160736083984375,9
Structural-RWR,A7_coincidental,medium,15,SRC_STOCK_5_PRICE,REPORT_LIMIT,20,0,0,0,0.05,1.0,0.6129741668701172,8
PC+RWR,A7_coincidental,medium,15,SRC_STOCK_5_PRICE,REPORT_LIMIT,20,0,0,0,0.05,1.0,5.767107009887695,8
AnomalyOnly,A7_coincidental,medium,15,SRC_STOCK_5_PRICE,REPORT_LIMIT,2,0,1,1,0.5,0.8,0.008106231689453125,1
APA-RCA,A7_coincidental,medium,15,SRC_STOCK_5_PRICE,REPORT_LIMIT,4,0,0,1,0.25,0.8,0.6170272827148438,9
APA-RCA-v2,A7_coincidental,medium,15,SRC_STOCK_5_PRICE,REPORT_LIMIT,1,1,1,1,1.0,0.8,0.6549358367919922,9
APA-RCA-v3,A7_coincidental,medium,15,SRC_STOCK_5_PRICE,REPORT_LIMIT,1,1,1,1,1.0,0.8,0.6489753723144531,9
Schema-Constraint,A7_coincidental,medium,15,SRC_STOCK_5_PRICE,REPORT_LIMIT,5,0,0,1,0.2,0.8,0.0,0
BFS,A7_coincidental,medium,16,SRC_STOCK_3_PRICE,REPORT_LIMIT,40,0,0,0,0.025,1.0,0.9388923645019531,7
Vanilla-RWR,A7_coincidental,medium,16,SRC_STOCK_3_PRICE,REPORT_LIMIT,32,0,0,0,0.03125,1.0,0.6148815155029297,9
Structural-RWR,A7_coincidental,medium,16,SRC_STOCK_3_PRICE,REPORT_LIMIT,21,0,0,0,0.047619047619047616,1.0,0.6110668182373047,8
PC+RWR,A7_coincidental,medium,16,SRC_STOCK_3_PRICE,REPORT_LIMIT,21,0,0,0,0.047619047619047616,1.0,5.774021148681641,8
AnomalyOnly,A7_coincidental,medium,16,SRC_STOCK_3_PRICE,REPORT_LIMIT,2,0,1,1,0.5,0.8,0.007867813110351562,1
APA-RCA,A7_coincidental,medium,16,SRC_STOCK_3_PRICE,REPORT_LIMIT,4,0,0,1,0.25,0.8,0.6148815155029297,9
APA-RCA-v2,A7_coincidental,medium,16,SRC_STOCK_3_PRICE,REPORT_LIMIT,1,1,1,1,1.0,0.8,0.6539821624755859,9
APA-RCA-v3,A7_coincidental,medium,16,SRC_STOCK_3_PRICE,REPORT_LIMIT,1,1,1,1,1.0,0.8,0.6358623504638672,9
Schema-Constraint,A7_coincidental,medium,16,SRC_STOCK_3_PRICE,REPORT_LIMIT,3,0,1,1,0.3333333333333333,0.8,0.0,0
BFS,A7_coincidental,medium,17,SRC_STOCK_4_PRICE,REPORT_LIMIT,40,0,0,0,0.025,1.0,0.5812644958496094,7
Vanilla-RWR,A7_coincidental,medium,17,SRC_STOCK_4_PRICE,REPORT_LIMIT,33,0,0,0,0.030303030303030304,1.0,0.6098747253417969,9
Structural-RWR,A7_coincidental,medium,17,SRC_STOCK_4_PRICE,REPORT_LIMIT,19,0,0,0,0.05263157894736842,1.0,0.6091594696044922,8
PC+RWR,A7_coincidental,medium,17,SRC_STOCK_4_PRICE,REPORT_LIMIT,19,0,0,0,0.05263157894736842,1.0,5.71894645690918,8
AnomalyOnly,A7_coincidental,medium,17,SRC_STOCK_4_PRICE,REPORT_LIMIT,1,1,1,1,1.0,0.8,0.007867813110351562,1
APA-RCA,A7_coincidental,medium,17,SRC_STOCK_4_PRICE,REPORT_LIMIT,3,0,1,1,0.3333333333333333,0.8,0.6208419799804688,9
APA-RCA-v2,A7_coincidental,medium,17,SRC_STOCK_4_PRICE,REPORT_LIMIT,1,1,1,1,1.0,0.8,0.6530284881591797,9
APA-RCA-v3,A7_coincidental,medium,17,SRC_STOCK_4_PRICE,REPORT_LIMIT,1,1,1,1,1.0,0.8,0.6308555603027344,9
Schema-Constraint,A7_coincidental,medium,17,SRC_STOCK_4_PRICE,REPORT_LIMIT,4,0,0,1,0.25,0.8,0.0,0
BFS,A7_coincidental,medium,18,SRC_STOCK_5_PRICE,REPORT_LIMIT,40,0,0,0,0.025,1.0,0.5390644073486328,7
Vanilla-RWR,A7_coincidental,medium,18,SRC_STOCK_5_PRICE,REPORT_LIMIT,34,0,0,0,0.029411764705882353,1.0,0.6022453308105469,9
Structural-RWR,A7_coincidental,medium,18,SRC_STOCK_5_PRICE,REPORT_LIMIT,22,0,0,0,0.045454545454545456,1.0,0.61798095703125,8
PC+RWR,A7_coincidental,medium,18,SRC_STOCK_5_PRICE,REPORT_LIMIT,22,0,0,0,0.045454545454545456,1.0,5.700111389160156,8
AnomalyOnly,A7_coincidental,medium,18,SRC_STOCK_5_PRICE,REPORT_LIMIT,3,0,1,1,0.3333333333333333,0.8,0.008106231689453125,1
APA-RCA,A7_coincidental,medium,18,SRC_STOCK_5_PRICE,REPORT_LIMIT,4,0,0,1,0.25,0.8,0.6101131439208984,9
APA-RCA-v2,A7_coincidental,medium,18,SRC_STOCK_5_PRICE,REPORT_LIMIT,1,1,1,1,1.0,0.8,0.6549358367919922,9
APA-RCA-v3,A7_coincidental,medium,18,SRC_STOCK_5_PRICE,REPORT_LIMIT,1,1,1,1,1.0,0.8,0.6339550018310547,9
Schema-Constraint,A7_coincidental,medium,18,SRC_STOCK_5_PRICE,REPORT_LIMIT,5,0,0,1,0.2,0.8,0.0,0
BFS,A7_coincidental,medium,19,SRC_STOCK_3_PRICE,REPORT_LIMIT,40,0,0,0,0.025,1.0,0.5528926849365234,7
Vanilla-RWR,A7_coincidental,medium,19,SRC_STOCK_3_PRICE,REPORT_LIMIT,32,0,0,0,0.03125,1.0,0.6098747253417969,9
Structural-RWR,A7_coincidental,medium,19,SRC_STOCK_3_PRICE,REPORT_LIMIT,22,0,0,0,0.045454545454545456,1.0,0.5769729614257812,8
PC+RWR,A7_coincidental,medium,19,SRC_STOCK_3_PRICE,REPORT_LIMIT,22,0,0,0,0.045454545454545456,1.0,5.749940872192383,8
AnomalyOnly,A7_coincidental,medium,19,SRC_STOCK_3_PRICE,REPORT_LIMIT,1,1,1,1,1.0,0.8,0.007867813110351562,1
APA-RCA,A7_coincidental,medium,19,SRC_STOCK_3_PRICE,REPORT_LIMIT,4,0,0,1,0.25,0.8,0.6139278411865234,9
APA-RCA-v2,A7_coincidental,medium,19,SRC_STOCK_3_PRICE,REPORT_LIMIT,1,1,1,1,1.0,0.8,1.0418891906738281,9
APA-RCA-v3,A7_coincidental,medium,19,SRC_STOCK_3_PRICE,REPORT_LIMIT,1,1,1,1,1.0,0.8,0.6339550018310547,9
Schema-Constraint,A7_coincidental,medium,19,SRC_STOCK_3_PRICE,REPORT_LIMIT,3,0,1,1,0.3333333333333333,0.8,0.0,0
BFS,A7_coincidental,medium,20,SRC_STOCK_5_PRICE,REPORT_LIMIT,40,0,0,0,0.025,1.0,0.5519390106201172,7
Vanilla-RWR,A7_coincidental,medium,20,SRC_STOCK_5_PRICE,REPORT_LIMIT,34,0,0,0,0.029411764705882353,1.0,0.6132125854492188,9
Structural-RWR,A7_coincidental,medium,20,SRC_STOCK_5_PRICE,REPORT_LIMIT,20,0,0,0,0.05,1.0,0.5807876586914062,8
PC+RWR,A7_coincidental,medium,20,SRC_STOCK_5_PRICE,REPORT_LIMIT,20,0,0,0,0.05,1.0,5.785942077636719,8
AnomalyOnly,A7_coincidental,medium,20,SRC_STOCK_5_PRICE,REPORT_LIMIT,1,1,1,1,1.0,0.8,0.008106231689453125,1
APA-RCA,A7_coincidental,medium,20,SRC_STOCK_5_PRICE,REPORT_LIMIT,3,0,1,1,0.3333333333333333,0.8,0.61798095703125,9
APA-RCA-v2,A7_coincidental,medium,20,SRC_STOCK_5_PRICE,REPORT_LIMIT,1,1,1,1,1.0,0.8,0.659942626953125,9
APA-RCA-v3,A7_coincidental,medium,20,SRC_STOCK_5_PRICE,REPORT_LIMIT,1,1,1,1,1.0,0.8,0.6368160247802734,9
Schema-Constraint,A7_coincidental,medium,20,SRC_STOCK_5_PRICE,REPORT_LIMIT,5,0,0,1,0.2,0.8,0.0,0
BFS,A7_coincidental,medium,21,SRC_STOCK_2_PRICE,REPORT_LIMIT,40,0,0,0,0.025,1.0,0.5750656127929688,7
Vanilla-RWR,A7_coincidental,medium,21,SRC_STOCK_2_PRICE,REPORT_LIMIT,31,0,0,0,0.03225806451612903,1.0,0.6268024444580078,9
Structural-RWR,A7_coincidental,medium,21,SRC_STOCK_2_PRICE,REPORT_LIMIT,22,0,0,0,0.045454545454545456,1.0,0.5941390991210938,8
PC+RWR,A7_coincidental,medium,21,SRC_STOCK_2_PRICE,REPORT_LIMIT,22,0,0,0,0.045454545454545456,1.0,5.869150161743164,8
AnomalyOnly,A7_coincidental,medium,21,SRC_STOCK_2_PRICE,REPORT_LIMIT,2,0,1,1,0.5,0.8,0.008106231689453125,1
APA-RCA,A7_coincidental,medium,21,SRC_STOCK_2_PRICE,REPORT_LIMIT,4,0,0,1,0.25,0.8,0.61798095703125,9
APA-RCA-v2,A7_coincidental,medium,21,SRC_STOCK_2_PRICE,REPORT_LIMIT,1,1,1,1,1.0,0.8,0.6570816040039062,9
APA-RCA-v3,A7_coincidental,medium,21,SRC_STOCK_2_PRICE,REPORT_LIMIT,1,1,1,1,1.0,0.8,0.6301403045654297,9
Schema-Constraint,A7_coincidental,medium,21,SRC_STOCK_2_PRICE,REPORT_LIMIT,2,0,1,1,0.5,0.8,0.0,0
BFS,A7_coincidental,medium,22,SRC_STOCK_4_PRICE,REPORT_LIMIT,40,0,0,0,0.025,1.0,0.5519390106201172,7
Vanilla-RWR,A7_coincidental,medium,22,SRC_STOCK_4_PRICE,REPORT_LIMIT,33,0,0,0,0.030303030303030304,1.0,0.6091594696044922,9
Structural-RWR,A7_coincidental,medium,22,SRC_STOCK_4_PRICE,REPORT_LIMIT,23,0,0,0,0.043478260869565216,1.0,0.5769729614257812,8
PC+RWR,A7_coincidental,medium,22,SRC_STOCK_4_PRICE,REPORT_LIMIT,23,0,0,0,0.043478260869565216,1.0,5.796909332275391,8
AnomalyOnly,A7_coincidental,medium,22,SRC_STOCK_4_PRICE,REPORT_LIMIT,2,0,1,1,0.5,0.8,0.007152557373046875,1
APA-RCA,A7_coincidental,medium,22,SRC_STOCK_4_PRICE,REPORT_LIMIT,3,0,1,1,0.3333333333333333,0.8,0.6151199340820312,9
APA-RCA-v2,A7_coincidental,medium,22,SRC_STOCK_4_PRICE,REPORT_LIMIT,1,1,1,1,1.0,0.8,0.6589889526367188,9
APA-RCA-v3,A7_coincidental,medium,22,SRC_STOCK_4_PRICE,REPORT_LIMIT,1,1,1,1,1.0,0.8,0.6279945373535156,9
Schema-Constraint,A7_coincidental,medium,22,SRC_STOCK_4_PRICE,REPORT_LIMIT,4,0,0,1,0.25,0.8,0.0,0
BFS,A7_coincidental,medium,23,SRC_STOCK_1_PRICE,REPORT_LIMIT,40,0,0,0,0.025,1.0,0.5459785461425781,7
Vanilla-RWR,A7_coincidental,medium,23,SRC_STOCK_1_PRICE,REPORT_LIMIT,30,0,0,0,0.03333333333333333,1.0,0.6110668182373047,9
Structural-RWR,A7_coincidental,medium,23,SRC_STOCK_1_PRICE,REPORT_LIMIT,21,0,0,0,0.047619047619047616,1.0,0.6098747253417969,8
PC+RWR,A7_coincidental,medium,23,SRC_STOCK_1_PRICE,REPORT_LIMIT,21,0,0,0,0.047619047619047616,1.0,5.68699836730957,8
AnomalyOnly,A7_coincidental,medium,23,SRC_STOCK_1_PRICE,REPORT_LIMIT,2,0,1,1,0.5,0.8,0.008106231689453125,1
APA-RCA,A7_coincidental,medium,23,SRC_STOCK_1_PRICE,REPORT_LIMIT,3,0,1,1,0.3333333333333333,0.8,0.6079673767089844,9
APA-RCA-v2,A7_coincidental,medium,23,SRC_STOCK_1_PRICE,REPORT_LIMIT,1,1,1,1,1.0,0.8,0.6449222564697266,9
APA-RCA-v3,A7_coincidental,medium,23,SRC_STOCK_1_PRICE,REPORT_LIMIT,1,1,1,1,1.0,0.8,0.6389617919921875,9
Schema-Constraint,A7_coincidental,medium,23,SRC_STOCK_1_PRICE,REPORT_LIMIT,1,1,1,1,1.0,0.8,0.0,0
BFS,A7_coincidental,medium,24,SRC_STOCK_2_PRICE,REPORT_LIMIT,40,0,0,0,0.025,1.0,0.5402565002441406,7
Vanilla-RWR,A7_coincidental,medium,24,SRC_STOCK_2_PRICE,REPORT_LIMIT,31,0,0,0,0.03225806451612903,1.0,0.6048679351806641,9
Structural-RWR,A7_coincidental,medium,24,SRC_STOCK_2_PRICE,REPORT_LIMIT,31,0,0,0,0.03225806451612903,1.0,0.5819797515869141,8
PC+RWR,A7_coincidental,medium,24,SRC_STOCK_2_PRICE,REPORT_LIMIT,31,0,0,0,0.03225806451612903,1.0,5.7048797607421875,8
AnomalyOnly,A7_coincidental,medium,24,SRC_STOCK_2_PRICE,REPORT_LIMIT,1,1,1,1,1.0,0.8,0.008106231689453125,1
APA-RCA,A7_coincidental,medium,24,SRC_STOCK_2_PRICE,REPORT_LIMIT,4,0,0,1,0.25,0.8,0.6170272827148438,9
APA-RCA-v2,A7_coincidental,medium,24,SRC_STOCK_2_PRICE,REPORT_LIMIT,1,1,1,1,1.0,0.8,0.6639957427978516,9
APA-RCA-v3,A7_coincidental,medium,24,SRC_STOCK_2_PRICE,REPORT_LIMIT,1,1,1,1,1.0,0.8,1.0437965393066406,9
Schema-Constraint,A7_coincidental,medium,24,SRC_STOCK_2_PRICE,REPORT_LIMIT,2,0,1,1,0.5,0.8,0.0,0
BFS,A7_coincidental,medium,25,SRC_STOCK_3_PRICE,REPORT_STRESS,17,0,0,0,0.058823529411764705,1.0,0.5550384521484375,6
Vanilla-RWR,A7_coincidental,medium,25,SRC_STOCK_3_PRICE,REPORT_STRESS,19,0,0,0,0.05263157894736842,1.0,0.6122589111328125,9
Structural-RWR,A7_coincidental,medium,25,SRC_STOCK_3_PRICE,REPORT_STRESS,28,0,0,0,0.03571428571428571,1.0,0.5800724029541016,8
PC+RWR,A7_coincidental,medium,25,SRC_STOCK_3_PRICE,REPORT_STRESS,28,0,0,0,0.03571428571428571,1.0,6.004095077514648,8
AnomalyOnly,A7_coincidental,medium,25,SRC_STOCK_3_PRICE,REPORT_STRESS,2,0,1,1,0.5,0.8,0.009059906005859375,1
APA-RCA,A7_coincidental,medium,25,SRC_STOCK_3_PRICE,REPORT_STRESS,1,1,1,1,1.0,0.8,0.6690025329589844,9
APA-RCA-v2,A7_coincidental,medium,25,SRC_STOCK_3_PRICE,REPORT_STRESS,1,1,1,1,1.0,0.8,0.7109642028808594,9
APA-RCA-v3,A7_coincidental,medium,25,SRC_STOCK_3_PRICE,REPORT_STRESS,1,1,1,1,1.0,0.8,0.6618499755859375,9
Schema-Constraint,A7_coincidental,medium,25,SRC_STOCK_3_PRICE,REPORT_STRESS,3,0,1,1,0.3333333333333333,0.8,0.0,0
BFS,A7_coincidental,medium,26,SRC_STOCK_5_PRICE,REPORT_STRESS,17,0,0,0,0.058823529411764705,1.0,0.5359649658203125,6
Vanilla-RWR,A7_coincidental,medium,26,SRC_STOCK_5_PRICE,REPORT_STRESS,21,0,0,0,0.047619047619047616,1.0,0.6041526794433594,9
Structural-RWR,A7_coincidental,medium,26,SRC_STOCK_5_PRICE,REPORT_STRESS,24,0,0,0,0.041666666666666664,1.0,0.5710124969482422,8
PC+RWR,A7_coincidental,medium,26,SRC_STOCK_5_PRICE,REPORT_STRESS,24,0,0,0,0.041666666666666664,1.0,5.728006362915039,8
AnomalyOnly,A7_coincidental,medium,26,SRC_STOCK_5_PRICE,REPORT_STRESS,1,1,1,1,1.0,0.8,0.007867813110351562,1
APA-RCA,A7_coincidental,medium,26,SRC_STOCK_5_PRICE,REPORT_STRESS,1,1,1,1,1.0,0.8,0.6079673767089844,9
APA-RCA-v2,A7_coincidental,medium,26,SRC_STOCK_5_PRICE,REPORT_STRESS,1,1,1,1,1.0,0.8,0.6473064422607422,9
APA-RCA-v3,A7_coincidental,medium,26,SRC_STOCK_5_PRICE,REPORT_STRESS,1,1,1,1,1.0,0.8,0.6320476531982422,9
Schema-Constraint,A7_coincidental,medium,26,SRC_STOCK_5_PRICE,REPORT_STRESS,5,0,0,1,0.2,0.8,0.0,0
BFS,A7_coincidental,medium,27,SRC_STOCK_1_PRICE,REPORT_LIMIT,40,0,0,0,0.025,1.0,0.5528926849365234,7
Vanilla-RWR,A7_coincidental,medium,27,SRC_STOCK_1_PRICE,REPORT_LIMIT,30,0,0,0,0.03333333333333333,1.0,0.6048679351806641,9
Structural-RWR,A7_coincidental,medium,27,SRC_STOCK_1_PRICE,REPORT_LIMIT,18,0,0,0,0.05555555555555555,1.0,0.5650520324707031,8
PC+RWR,A7_coincidental,medium,27,SRC_STOCK_1_PRICE,REPORT_LIMIT,18,0,0,0,0.05555555555555555,1.0,5.752801895141602,8
AnomalyOnly,A7_coincidental,medium,27,SRC_STOCK_1_PRICE,REPORT_LIMIT,2,0,1,1,0.5,0.8,0.0069141387939453125,1
APA-RCA,A7_coincidental,medium,27,SRC_STOCK_1_PRICE,REPORT_LIMIT,4,0,0,1,0.25,0.8,0.6151199340820312,9
APA-RCA-v2,A7_coincidental,medium,27,SRC_STOCK_1_PRICE,REPORT_LIMIT,1,1,1,1,1.0,0.8,0.6527900695800781,9
APA-RCA-v3,A7_coincidental,medium,27,SRC_STOCK_1_PRICE,REPORT_LIMIT,1,1,1,1,1.0,0.8,0.6279945373535156,9
Schema-Constraint,A7_coincidental,medium,27,SRC_STOCK_1_PRICE,REPORT_LIMIT,1,1,1,1,1.0,0.8,0.0,0
BFS,A7_coincidental,medium,28,SRC_STOCK_4_PRICE,REPORT_LIMIT,40,0,0,0,0.025,1.0,0.537872314453125,7
Vanilla-RWR,A7_coincidental,medium,28,SRC_STOCK_4_PRICE,REPORT_LIMIT,33,0,0,0,0.030303030303030304,1.0,0.6053447723388672,9
Structural-RWR,A7_coincidental,medium,28,SRC_STOCK_4_PRICE,REPORT_LIMIT,23,0,0,0,0.043478260869565216,1.0,0.6160736083984375,8
PC+RWR,A7_coincidental,medium,28,SRC_STOCK_4_PRICE,REPORT_LIMIT,23,0,0,0,0.043478260869565216,1.0,5.684375762939453,8
AnomalyOnly,A7_coincidental,medium,28,SRC_STOCK_4_PRICE,REPORT_LIMIT,2,0,1,1,0.5,0.8,0.0069141387939453125,1
APA-RCA,A7_coincidental,medium,28,SRC_STOCK_4_PRICE,REPORT_LIMIT,4,0,0,1,0.25,0.8,0.6079673767089844,9
APA-RCA-v2,A7_coincidental,medium,28,SRC_STOCK_4_PRICE,REPORT_LIMIT,1,1,1,1,1.0,0.8,0.6558895111083984,9
APA-RCA-v3,A7_coincidental,medium,28,SRC_STOCK_4_PRICE,REPORT_LIMIT,1,1,1,1,1.0,0.8,0.6301403045654297,9
Schema-Constraint,A7_coincidental,medium,28,SRC_STOCK_4_PRICE,REPORT_LIMIT,4,0,0,1,0.25,0.8,0.0,0
BFS,A7_coincidental,medium,29,SRC_STOCK_5_PRICE,REPORT_LIMIT,40,0,0,0,0.025,1.0,0.6089210510253906,7
Vanilla-RWR,A7_coincidental,medium,29,SRC_STOCK_5_PRICE,REPORT_LIMIT,34,0,0,0,0.029411764705882353,1.0,0.6229877471923828,9
Structural-RWR,A7_coincidental,medium,29,SRC_STOCK_5_PRICE,REPORT_LIMIT,18,0,0,0,0.05555555555555555,1.0,0.6098747253417969,8
PC+RWR,A7_coincidental,medium,29,SRC_STOCK_5_PRICE,REPORT_LIMIT,18,0,0,0,0.05555555555555555,1.0,6.144046783447266,8
AnomalyOnly,A7_coincidental,medium,29,SRC_STOCK_5_PRICE,REPORT_LIMIT,1,1,1,1,1.0,0.8,0.008821487426757812,1
APA-RCA,A7_coincidental,medium,29,SRC_STOCK_5_PRICE,REPORT_LIMIT,3,0,1,1,0.3333333333333333,0.8,0.6220340728759766,9
APA-RCA-v2,A7_coincidental,medium,29,SRC_STOCK_5_PRICE,REPORT_LIMIT,1,1,1,1,1.0,0.8,0.6551742553710938,9
APA-RCA-v3,A7_coincidental,medium,29,SRC_STOCK_5_PRICE,REPORT_LIMIT,1,1,1,1,1.0,0.8,0.6389617919921875,9
Schema-Constraint,A7_coincidental,medium,29,SRC_STOCK_5_PRICE,REPORT_LIMIT,5,0,0,1,0.2,0.8,0.0,0
BFS,A1_source_corruption,large,0,SRC_STOCK_7_PRICE,REPORT_LIMIT,61,0,0,0,0.01639344262295082,1.0,0.8189678192138672,7
Vanilla-RWR,A1_source_corruption,large,0,SRC_STOCK_7_PRICE,REPORT_LIMIT,51,0,0,0,0.0196078431372549,1.0,0.92315673828125,9
Structural-RWR,A1_source_corruption,large,0,SRC_STOCK_7_PRICE,REPORT_LIMIT,29,0,0,0,0.034482758620689655,1.0,0.8509159088134766,8
PC+RWR,A1_source_corruption,large,0,SRC_STOCK_7_PRICE,REPORT_LIMIT,29,0,0,0,0.034482758620689655,1.0,10.133981704711914,8
AnomalyOnly,A1_source_corruption,large,0,SRC_STOCK_7_PRICE,REPORT_LIMIT,1,1,1,1,1.0,0.8,0.014781951904296875,1
APA-RCA,A1_source_corruption,large,0,SRC_STOCK_7_PRICE,REPORT_LIMIT,2,0,1,1,0.5,0.8,0.9291172027587891,9
APA-RCA-v2,A1_source_corruption,large,0,SRC_STOCK_7_PRICE,REPORT_LIMIT,1,1,1,1,1.0,0.8,0.9119510650634766,9
APA-RCA-v3,A1_source_corruption,large,0,SRC_STOCK_7_PRICE,REPORT_LIMIT,1,1,1,1,1.0,0.8,1.2867450714111328,9
Schema-Constraint,A1_source_corruption,large,0,SRC_STOCK_7_PRICE,REPORT_LIMIT,7,0,0,0,0.14285714285714285,1.0,0.0,0
BFS,A1_source_corruption,large,1,SRC_STOCK_4_PRICE,REPORT_LIMIT,61,0,0,0,0.01639344262295082,1.0,0.8230209350585938,7
Vanilla-RWR,A1_source_corruption,large,1,SRC_STOCK_4_PRICE,REPORT_LIMIT,48,0,0,0,0.020833333333333332,1.0,0.9188652038574219,9
Structural-RWR,A1_source_corruption,large,1,SRC_STOCK_4_PRICE,REPORT_LIMIT,19,0,0,0,0.05263157894736842,1.0,0.8509159088134766,8
PC+RWR,A1_source_corruption,large,1,SRC_STOCK_4_PRICE,REPORT_LIMIT,19,0,0,0,0.05263157894736842,1.0,10.10274887084961,8
AnomalyOnly,A1_source_corruption,large,1,SRC_STOCK_4_PRICE,REPORT_LIMIT,1,1,1,1,1.0,0.8,0.010967254638671875,1
APA-RCA,A1_source_corruption,large,1,SRC_STOCK_4_PRICE,REPORT_LIMIT,1,1,1,1,1.0,0.8,0.9200572967529297,9
APA-RCA-v2,A1_source_corruption,large,1,SRC_STOCK_4_PRICE,REPORT_LIMIT,1,1,1,1,1.0,0.8,0.90789794921875,9
APA-RCA-v3,A1_source_corruption,large,1,SRC_STOCK_4_PRICE,REPORT_LIMIT,1,1,1,1,1.0,0.8,1.2500286102294922,9
Schema-Constraint,A1_source_corruption,large,1,SRC_STOCK_4_PRICE,REPORT_LIMIT,4,0,0,1,0.25,0.8,0.0,0
BFS,A1_source_corruption,large,2,SRC_STOCK_7_PRICE,REPORT_STRESS,26,0,0,0,0.038461538461538464,1.0,0.8058547973632812,6
Vanilla-RWR,A1_source_corruption,large,2,SRC_STOCK_7_PRICE,REPORT_STRESS,32,0,0,0,0.03125,1.0,0.8950233459472656,9
Structural-RWR,A1_source_corruption,large,2,SRC_STOCK_7_PRICE,REPORT_STRESS,31,0,0,0,0.03225806451612903,1.0,0.8540153503417969,8
PC+RWR,A1_source_corruption,large,2,SRC_STOCK_7_PRICE,REPORT_STRESS,31,0,0,0,0.03225806451612903,1.0,10.19597053527832,8
AnomalyOnly,A1_source_corruption,large,2,SRC_STOCK_7_PRICE,REPORT_STRESS,1,1,1,1,1.0,0.8,0.010967254638671875,1
APA-RCA,A1_source_corruption,large,2,SRC_STOCK_7_PRICE,REPORT_STRESS,1,1,1,1,1.0,0.8,0.9131431579589844,9
APA-RCA-v2,A1_source_corruption,large,2,SRC_STOCK_7_PRICE,REPORT_STRESS,1,1,1,1,1.0,0.8,1.2438297271728516,9
APA-RCA-v3,A1_source_corruption,large,2,SRC_STOCK_7_PRICE,REPORT_STRESS,1,1,1,1,1.0,0.8,0.9038448333740234,9
Schema-Constraint,A1_source_corruption,large,2,SRC_STOCK_7_PRICE,REPORT_STRESS,7,0,0,0,0.14285714285714285,1.0,0.0,0
BFS,A1_source_corruption,large,3,SRC_STOCK_7_PRICE,REPORT_LIMIT,61,0,0,0,0.01639344262295082,1.0,0.7901191711425781,7
Vanilla-RWR,A1_source_corruption,large,3,SRC_STOCK_7_PRICE,REPORT_LIMIT,51,0,0,0,0.0196078431372549,1.0,0.9102821350097656,9
Structural-RWR,A1_source_corruption,large,3,SRC_STOCK_7_PRICE,REPORT_LIMIT,26,0,0,0,0.038461538461538464,1.0,0.8461475372314453,8
PC+RWR,A1_source_corruption,large,3,SRC_STOCK_7_PRICE,REPORT_LIMIT,26,0,0,0,0.038461538461538464,1.0,10.024785995483398,8
AnomalyOnly,A1_source_corruption,large,3,SRC_STOCK_7_PRICE,REPORT_LIMIT,2,0,1,1,0.5,0.8,0.011920928955078125,1
APA-RCA,A1_source_corruption,large,3,SRC_STOCK_7_PRICE,REPORT_LIMIT,1,1,1,1,1.0,0.8,1.2958049774169922,9
APA-RCA-v2,A1_source_corruption,large,3,SRC_STOCK_7_PRICE,REPORT_LIMIT,1,1,1,1,1.0,0.8,0.9160041809082031,9
APA-RCA-v3,A1_source_corruption,large,3,SRC_STOCK_7_PRICE,REPORT_LIMIT,1,1,1,1,1.0,0.8,0.90789794921875,9
Schema-Constraint,A1_source_corruption,large,3,SRC_STOCK_7_PRICE,REPORT_LIMIT,7,0,0,0,0.14285714285714285,1.0,0.0,0
BFS,A1_source_corruption,large,4,SRC_STOCK_6_PRICE,REPORT_LIMIT,61,0,0,0,0.01639344262295082,1.0,0.8249282836914062,7
Vanilla-RWR,A1_source_corruption,large,4,SRC_STOCK_6_PRICE,REPORT_LIMIT,50,0,0,0,0.02,1.0,0.9131431579589844,9
Structural-RWR,A1_source_corruption,large,4,SRC_STOCK_6_PRICE,REPORT_LIMIT,31,0,0,0,0.03225806451612903,1.0,0.8530616760253906,8
PC+RWR,A1_source_corruption,large,4,SRC_STOCK_6_PRICE,REPORT_LIMIT,31,0,0,0,0.03225806451612903,1.0,10.521173477172852,8
AnomalyOnly,A1_source_corruption,large,4,SRC_STOCK_6_PRICE,REPORT_LIMIT,1,1,1,1,1.0,0.8,0.012159347534179688,1
APA-RCA,A1_source_corruption,large,4,SRC_STOCK_6_PRICE,REPORT_LIMIT,1,1,1,1,1.0,0.8,0.9012222290039062,9
APA-RCA-v2,A1_source_corruption,large,4,SRC_STOCK_6_PRICE,REPORT_LIMIT,1,1,1,1,1.0,0.8,0.9138584136962891,9
APA-RCA-v3,A1_source_corruption,large,4,SRC_STOCK_6_PRICE,REPORT_LIMIT,1,1,1,1,1.0,0.8,0.9140968322753906,9
Schema-Constraint,A1_source_corruption,large,4,SRC_STOCK_6_PRICE,REPORT_LIMIT,6,0,0,0,0.16666666666666666,1.0,0.0,0
BFS,A1_source_corruption,large,5,SRC_STOCK_6_PRICE,REPORT_LIMIT,61,0,0,0,0.01639344262295082,1.0,0.7879734039306641,7
Vanilla-RWR,A1_source_corruption,large,5,SRC_STOCK_6_PRICE,REPORT_LIMIT,50,0,0,0,0.02,1.0,0.9028911590576172,9
Structural-RWR,A1_source_corruption,large,5,SRC_STOCK_6_PRICE,REPORT_LIMIT,27,0,0,0,0.037037037037037035,1.0,1.3828277587890625,8
PC+RWR,A1_source_corruption,large,5,SRC_STOCK_6_PRICE,REPORT_LIMIT,27,0,0,0,0.037037037037037035,1.0,10.15329360961914,8
AnomalyOnly,A1_source_corruption,large,5,SRC_STOCK_6_PRICE,REPORT_LIMIT,3,0,1,1,0.3333333333333333,0.8,0.011920928955078125,1
APA-RCA,A1_source_corruption,large,5,SRC_STOCK_6_PRICE,REPORT_LIMIT,3,0,1,1,0.3333333333333333,0.8,0.9350776672363281,9
APA-RCA-v2,A1_source_corruption,large,5,SRC_STOCK_6_PRICE,REPORT_LIMIT,1,1,1,1,1.0,0.8,0.9138584136962891,9
APA-RCA-v3,A1_source_corruption,large,5,SRC_STOCK_6_PRICE,REPORT_LIMIT,1,1,1,1,1.0,0.8,0.904083251953125,9
Schema-Constraint,A1_source_corruption,large,5,SRC_STOCK_6_PRICE,REPORT_LIMIT,6,0,0,0,0.16666666666666666,1.0,0.0,0
BFS,A1_source_corruption,large,6,SRC_STOCK_4_PRICE,REPORT_LIMIT,61,0,0,0,0.01639344262295082,1.0,0.8099079132080078,7
Vanilla-RWR,A1_source_corruption,large,6,SRC_STOCK_4_PRICE,REPORT_LIMIT,48,0,0,0,0.020833333333333332,1.0,1.3518333435058594,9
Structural-RWR,A1_source_corruption,large,6,SRC_STOCK_4_PRICE,REPORT_LIMIT,30,0,0,0,0.03333333333333333,1.0,0.8552074432373047,8
PC+RWR,A1_source_corruption,large,6,SRC_STOCK_4_PRICE,REPORT_LIMIT,30,0,0,0,0.03333333333333333,1.0,10.105133056640625,8
AnomalyOnly,A1_source_corruption,large,6,SRC_STOCK_4_PRICE,REPORT_LIMIT,1,1,1,1,1.0,0.8,0.011205673217773438,1
APA-RCA,A1_source_corruption,large,6,SRC_STOCK_4_PRICE,REPORT_LIMIT,1,1,1,1,1.0,0.8,0.9179115295410156,9
APA-RCA-v2,A1_source_corruption,large,6,SRC_STOCK_4_PRICE,REPORT_LIMIT,1,1,1,1,1.0,0.8,0.9152889251708984,9
APA-RCA-v3,A1_source_corruption,large,6,SRC_STOCK_4_PRICE,REPORT_LIMIT,1,1,1,1,1.0,0.8,0.9541511535644531,9
Schema-Constraint,A1_source_corruption,large,6,SRC_STOCK_4_PRICE,REPORT_LIMIT,4,0,0,1,0.25,0.8,0.0,0
BFS,A1_source_corruption,large,7,SRC_STOCK_8_PRICE,REPORT_LIMIT,61,0,0,0,0.01639344262295082,1.0,1.341104507446289,7
Vanilla-RWR,A1_source_corruption,large,7,SRC_STOCK_8_PRICE,REPORT_LIMIT,52,0,0,0,0.019230769230769232,1.0,0.9109973907470703,9
Structural-RWR,A1_source_corruption,large,7,SRC_STOCK_8_PRICE,REPORT_LIMIT,25,0,0,0,0.04,1.0,0.8478164672851562,8
PC+RWR,A1_source_corruption,large,7,SRC_STOCK_8_PRICE,REPORT_LIMIT,25,0,0,0,0.04,1.0,9.95779037475586,8
AnomalyOnly,A1_source_corruption,large,7,SRC_STOCK_8_PRICE,REPORT_LIMIT,3,0,1,1,0.3333333333333333,0.8,0.010967254638671875,1
APA-RCA,A1_source_corruption,large,7,SRC_STOCK_8_PRICE,REPORT_LIMIT,2,0,1,1,0.5,0.8,0.9148120880126953,9
APA-RCA-v2,A1_source_corruption,large,7,SRC_STOCK_8_PRICE,REPORT_LIMIT,1,1,1,1,1.0,0.8,0.9031295776367188,9
APA-RCA-v3,A1_source_corruption,large,7,SRC_STOCK_8_PRICE,REPORT_LIMIT,1,1,1,1,1.0,0.8,0.9021759033203125,9
Schema-Constraint,A1_source_corruption,large,7,SRC_STOCK_8_PRICE,REPORT_LIMIT,8,0,0,0,0.125,1.0,0.0,0
BFS,A1_source_corruption,large,8,SRC_STOCK_6_PRICE,REPORT_STRESS,26,0,0,0,0.038461538461538464,1.0,0.7967948913574219,6
Vanilla-RWR,A1_source_corruption,large,8,SRC_STOCK_6_PRICE,REPORT_STRESS,31,0,0,0,0.03225806451612903,1.0,0.8928775787353516,9
Structural-RWR,A1_source_corruption,large,8,SRC_STOCK_6_PRICE,REPORT_STRESS,33,0,0,0,0.030303030303030304,1.0,0.8478164672851562,8
PC+RWR,A1_source_corruption,large,8,SRC_STOCK_6_PRICE,REPORT_STRESS,33,0,0,0,0.030303030303030304,1.0,9.994983673095703,8
AnomalyOnly,A1_source_corruption,large,8,SRC_STOCK_6_PRICE,REPORT_STRESS,1,1,1,1,1.0,0.8,0.010967254638671875,1
APA-RCA,A1_source_corruption,large,8,SRC_STOCK_6_PRICE,REPORT_STRESS,1,1,1,1,1.0,0.8,0.9138584136962891,9
APA-RCA-v2,A1_source_corruption,large,8,SRC_STOCK_6_PRICE,REPORT_STRESS,1,1,1,1,1.0,0.8,0.9028911590576172,9
APA-RCA-v3,A1_source_corruption,large,8,SRC_STOCK_6_PRICE,REPORT_STRESS,1,1,1,1,1.0,0.8,0.8928775787353516,9
Schema-Constraint,A1_source_corruption,large,8,SRC_STOCK_6_PRICE,REPORT_STRESS,6,0,0,0,0.16666666666666666,1.0,0.0,0
BFS,A1_source_corruption,large,9,SRC_STOCK_4_PRICE,REPORT_LIMIT,61,0,0,0,0.01639344262295082,1.0,0.8292198181152344,7
Vanilla-RWR,A1_source_corruption,large,9,SRC_STOCK_4_PRICE,REPORT_LIMIT,48,0,0,0,0.020833333333333332,1.0,0.9069442749023438,9
Structural-RWR,A1_source_corruption,large,9,SRC_STOCK_4_PRICE,REPORT_LIMIT,24,0,0,0,0.041666666666666664,1.0,0.8561611175537109,8
PC+RWR,A1_source_corruption,large,9,SRC_STOCK_4_PRICE,REPORT_LIMIT,24,0,0,0,0.041666666666666664,1.0,10.082006454467773,8
AnomalyOnly,A1_source_corruption,large,9,SRC_STOCK_4_PRICE,REPORT_LIMIT,1,1,1,1,1.0,0.8,0.010967254638671875,1
APA-RCA,A1_source_corruption,large,9,SRC_STOCK_4_PRICE,REPORT_LIMIT,3,0,1,1,0.3333333333333333,0.8,0.9253025054931641,9
APA-RCA-v2,A1_source_corruption,large,9,SRC_STOCK_4_PRICE,REPORT_LIMIT,1,1,1,1,1.0,0.8,0.9188652038574219,9
APA-RCA-v3,A1_source_corruption,large,9,SRC_STOCK_4_PRICE,REPORT_LIMIT,1,1,1,1,1.0,0.8,0.9160041809082031,9
Schema-Constraint,A1_source_corruption,large,9,SRC_STOCK_4_PRICE,REPORT_LIMIT,4,0,0,1,0.25,0.8,0.0,0
BFS,A1_source_corruption,large,10,SRC_STOCK_7_PRICE,REPORT_LIMIT,61,0,0,0,0.01639344262295082,1.0,0.8299350738525391,7
Vanilla-RWR,A1_source_corruption,large,10,SRC_STOCK_7_PRICE,REPORT_LIMIT,51,0,0,0,0.0196078431372549,1.0,0.9100437164306641,9
Structural-RWR,A1_source_corruption,large,10,SRC_STOCK_7_PRICE,REPORT_LIMIT,36,0,0,0,0.027777777777777776,1.0,0.8587837219238281,8
PC+RWR,A1_source_corruption,large,10,SRC_STOCK_7_PRICE,REPORT_LIMIT,36,0,0,0,0.027777777777777776,1.0,9.984970092773438,8
AnomalyOnly,A1_source_corruption,large,10,SRC_STOCK_7_PRICE,REPORT_LIMIT,1,1,1,1,1.0,0.8,0.012159347534179688,1
APA-RCA,A1_source_corruption,large,10,SRC_STOCK_7_PRICE,REPORT_LIMIT,1,1,1,1,1.0,0.8,0.9310245513916016,9
APA-RCA-v2,A1_source_corruption,large,10,SRC_STOCK_7_PRICE,REPORT_LIMIT,1,1,1,1,1.0,0.8,0.9157657623291016,9
APA-RCA-v3,A1_source_corruption,large,10,SRC_STOCK_7_PRICE,REPORT_LIMIT,1,1,1,1,1.0,0.8,0.9148120880126953,9
Schema-Constraint,A1_source_corruption,large,10,SRC_STOCK_7_PRICE,REPORT_LIMIT,7,0,0,0,0.14285714285714285,1.0,0.0,0
BFS,A1_source_corruption,large,11,SRC_STOCK_2_PRICE,REPORT_LIMIT,61,0,0,0,0.01639344262295082,1.0,0.8130073547363281,7
Vanilla-RWR,A1_source_corruption,large,11,SRC_STOCK_2_PRICE,REPORT_LIMIT,46,0,0,0,0.021739130434782608,1.0,0.9090900421142578,9
Structural-RWR,A1_source_corruption,large,11,SRC_STOCK_2_PRICE,REPORT_LIMIT,30,0,0,0,0.03333333333333333,1.0,0.8630752563476562,8
PC+RWR,A1_source_corruption,large,11,SRC_STOCK_2_PRICE,REPORT_LIMIT,30,0,0,0,0.03333333333333333,1.0,10.010957717895508,8
AnomalyOnly,A1_source_corruption,large,11,SRC_STOCK_2_PRICE,REPORT_LIMIT,2,0,1,1,0.5,0.8,0.010967254638671875,1
APA-RCA,A1_source_corruption,large,11,SRC_STOCK_2_PRICE,REPORT_LIMIT,2,0,1,1,0.5,0.8,0.9250640869140625,9
APA-RCA-v2,A1_source_corruption,large,11,SRC_STOCK_2_PRICE,REPORT_LIMIT,1,1,1,1,1.0,0.8,0.9059906005859375,9
APA-RCA-v3,A1_source_corruption,large,11,SRC_STOCK_2_PRICE,REPORT_LIMIT,1,1,1,1,1.0,0.8,0.9150505065917969,9
Schema-Constraint,A1_source_corruption,large,11,SRC_STOCK_2_PRICE,REPORT_LIMIT,2,0,1,1,0.5,0.8,0.0,0
BFS,A1_source_corruption,large,12,SRC_STOCK_5_PRICE,REPORT_LIMIT,61,0,0,0,0.01639344262295082,1.0,0.843048095703125,7
Vanilla-RWR,A1_source_corruption,large,12,SRC_STOCK_5_PRICE,REPORT_LIMIT,49,0,0,0,0.02040816326530612,1.0,0.9171962738037109,9
Structural-RWR,A1_source_corruption,large,12,SRC_STOCK_5_PRICE,REPORT_LIMIT,27,0,0,0,0.037037037037037035,1.0,0.8540153503417969,8
PC+RWR,A1_source_corruption,large,12,SRC_STOCK_5_PRICE,REPORT_LIMIT,27,0,0,0,0.037037037037037035,1.0,10.017156600952148,8
AnomalyOnly,A1_source_corruption,large,12,SRC_STOCK_5_PRICE,REPORT_LIMIT,2,0,1,1,0.5,0.8,0.010967254638671875,1
APA-RCA,A1_source_corruption,large,12,SRC_STOCK_5_PRICE,REPORT_LIMIT,2,0,1,1,0.5,0.8,0.9188652038574219,9
APA-RCA-v2,A1_source_corruption,large,12,SRC_STOCK_5_PRICE,REPORT_LIMIT,1,1,1,1,1.0,0.8,0.9090900421142578,9
APA-RCA-v3,A1_source_corruption,large,12,SRC_STOCK_5_PRICE,REPORT_LIMIT,1,1,1,1,1.0,0.8,0.9028911590576172,9
Schema-Constraint,A1_source_corruption,large,12,SRC_STOCK_5_PRICE,REPORT_LIMIT,5,0,0,1,0.2,0.8,0.0,0
BFS,A1_source_corruption,large,13,SRC_STOCK_8_PRICE,REPORT_LIMIT,61,0,0,0,0.01639344262295082,1.0,0.8618831634521484,7
Vanilla-RWR,A1_source_corruption,large,13,SRC_STOCK_8_PRICE,REPORT_LIMIT,52,0,0,0,0.019230769230769232,1.0,0.9248256683349609,9
Structural-RWR,A1_source_corruption,large,13,SRC_STOCK_8_PRICE,REPORT_LIMIT,27,0,0,0,0.037037037037037035,1.0,0.8502006530761719,8
PC+RWR,A1_source_corruption,large,13,SRC_STOCK_8_PRICE,REPORT_LIMIT,27,0,0,0,0.037037037037037035,1.0,10.116815567016602,8
AnomalyOnly,A1_source_corruption,large,13,SRC_STOCK_8_PRICE,REPORT_LIMIT,1,1,1,1,1.0,0.8,0.011205673217773438,1
APA-RCA,A1_source_corruption,large,13,SRC_STOCK_8_PRICE,REPORT_LIMIT,1,1,1,1,1.0,0.8,0.9260177612304688,9
APA-RCA-v2,A1_source_corruption,large,13,SRC_STOCK_8_PRICE,REPORT_LIMIT,1,1,1,1,1.0,0.8,0.9069442749023438,9
APA-RCA-v3,A1_source_corruption,large,13,SRC_STOCK_8_PRICE,REPORT_LIMIT,1,1,1,1,1.0,0.8,1.322031021118164,9
Schema-Constraint,A1_source_corruption,large,13,SRC_STOCK_8_PRICE,REPORT_LIMIT,8,0,0,0,0.125,1.0,0.0,0
BFS,A1_source_corruption,large,14,SRC_STOCK_2_PRICE,REPORT_DASHBOARD,36,0,0,0,0.027777777777777776,1.0,0.8180141448974609,6
Vanilla-RWR,A1_source_corruption,large,14,SRC_STOCK_2_PRICE,REPORT_DASHBOARD,29,0,0,0,0.034482758620689655,1.0,0.9000301361083984,9
Structural-RWR,A1_source_corruption,large,14,SRC_STOCK_2_PRICE,REPORT_DASHBOARD,33,0,0,0,0.030303030303030304,1.0,0.8490085601806641,8
PC+RWR,A1_source_corruption,large,14,SRC_STOCK_2_PRICE,REPORT_DASHBOARD,33,0,0,0,0.030303030303030304,1.0,10.147809982299805,8
AnomalyOnly,A1_source_corruption,large,14,SRC_STOCK_2_PRICE,REPORT_DASHBOARD,3,0,1,1,0.3333333333333333,0.8,0.011205673217773438,1
APA-RCA,A1_source_corruption,large,14,SRC_STOCK_2_PRICE,REPORT_DASHBOARD,2,0,1,1,0.5,0.8,0.9119510650634766,9
APA-RCA-v2,A1_source_corruption,large,14,SRC_STOCK_2_PRICE,REPORT_DASHBOARD,1,1,1,1,1.0,0.8,1.275777816772461,9
APA-RCA-v3,A1_source_corruption,large,14,SRC_STOCK_2_PRICE,REPORT_DASHBOARD,1,1,1,1,1.0,0.8,21.641969680786133,9
Schema-Constraint,A1_source_corruption,large,14,SRC_STOCK_2_PRICE,REPORT_DASHBOARD,2,0,1,1,0.5,0.8,0.0,0
BFS,A1_source_corruption,large,15,SRC_STOCK_8_PRICE,REPORT_LIMIT,61,0,0,0,0.01639344262295082,1.0,0.7929801940917969,7
Vanilla-RWR,A1_source_corruption,large,15,SRC_STOCK_8_PRICE,REPORT_LIMIT,52,0,0,0,0.019230769230769232,1.0,0.8959770202636719,9
Structural-RWR,A1_source_corruption,large,15,SRC_STOCK_8_PRICE,REPORT_LIMIT,33,0,0,0,0.030303030303030304,1.0,0.8540153503417969,8
PC+RWR,A1_source_corruption,large,15,SRC_STOCK_8_PRICE,REPORT_LIMIT,33,0,0,0,0.030303030303030304,1.0,10.116815567016602,8
AnomalyOnly,A1_source_corruption,large,15,SRC_STOCK_8_PRICE,REPORT_LIMIT,1,1,1,1,1.0,0.8,0.010967254638671875,1
APA-RCA,A1_source_corruption,large,15,SRC_STOCK_8_PRICE,REPORT_LIMIT,3,0,1,1,0.3333333333333333,0.8,1.1682510375976562,9
APA-RCA-v2,A1_source_corruption,large,15,SRC_STOCK_8_PRICE,REPORT_LIMIT,1,1,1,1,1.0,0.8,0.8990764617919922,9
APA-RCA-v3,A1_source_corruption,large,15,SRC_STOCK_8_PRICE,REPORT_LIMIT,1,1,1,1,1.0,0.8,0.8981227874755859,9
Schema-Constraint,A1_source_corruption,large,15,SRC_STOCK_8_PRICE,REPORT_LIMIT,8,0,0,0,0.125,1.0,0.0,0
BFS,A1_source_corruption,large,16,SRC_STOCK_5_PRICE,REPORT_LIMIT,61,0,0,0,0.01639344262295082,1.0,0.8311271667480469,7
Vanilla-RWR,A1_source_corruption,large,16,SRC_STOCK_5_PRICE,REPORT_LIMIT,49,0,0,0,0.02040816326530612,1.0,0.9129047393798828,9
Structural-RWR,A1_source_corruption,large,16,SRC_STOCK_5_PRICE,REPORT_LIMIT,20,0,0,0,0.05,1.0,0.8461475372314453,8
PC+RWR,A1_source_corruption,large,16,SRC_STOCK_5_PRICE,REPORT_LIMIT,20,0,0,0,0.05,1.0,10.549068450927734,8
AnomalyOnly,A1_source_corruption,large,16,SRC_STOCK_5_PRICE,REPORT_LIMIT,1,1,1,1,1.0,0.8,0.010967254638671875,1
APA-RCA,A1_source_corruption,large,16,SRC_STOCK_5_PRICE,REPORT_LIMIT,2,0,1,1,0.5,0.8,0.8990764617919922,9
APA-RCA-v2,A1_source_corruption,large,16,SRC_STOCK_5_PRICE,REPORT_LIMIT,1,1,1,1,1.0,0.8,0.8978843688964844,9
APA-RCA-v3,A1_source_corruption,large,16,SRC_STOCK_5_PRICE,REPORT_LIMIT,1,1,1,1,1.0,0.8,0.8976459503173828,9
Schema-Constraint,A1_source_corruption,large,16,SRC_STOCK_5_PRICE,REPORT_LIMIT,5,0,0,1,0.2,0.8,0.0,0
BFS,A1_source_corruption,large,17,SRC_STOCK_6_PRICE,REPORT_DASHBOARD,36,0,0,0,0.027777777777777776,1.0,0.8130073547363281,6
Vanilla-RWR,A1_source_corruption,large,17,SRC_STOCK_6_PRICE,REPORT_DASHBOARD,33,0,0,0,0.030303030303030304,1.0,0.9009838104248047,9
Structural-RWR,A1_source_corruption,large,17,SRC_STOCK_6_PRICE,REPORT_DASHBOARD,27,0,0,0,0.037037037037037035,1.0,1.3620853424072266,8
PC+RWR,A1_source_corruption,large,17,SRC_STOCK_6_PRICE,REPORT_DASHBOARD,27,0,0,0,0.037037037037037035,1.0,10.014772415161133,8
AnomalyOnly,A1_source_corruption,large,17,SRC_STOCK_6_PRICE,REPORT_DASHBOARD,2,0,1,1,0.5,0.8,0.011205673217773438,1
APA-RCA,A1_source_corruption,large,17,SRC_STOCK_6_PRICE,REPORT_DASHBOARD,2,0,1,1,0.5,0.8,0.9469985961914062,9
APA-RCA-v2,A1_source_corruption,large,17,SRC_STOCK_6_PRICE,REPORT_DASHBOARD,1,1,1,1,1.0,0.8,0.8997917175292969,9
APA-RCA-v3,A1_source_corruption,large,17,SRC_STOCK_6_PRICE,REPORT_DASHBOARD,1,1,1,1,1.0,0.8,0.8950233459472656,9
Schema-Constraint,A1_source_corruption,large,17,SRC_STOCK_6_PRICE,REPORT_DASHBOARD,6,0,0,0,0.16666666666666666,1.0,0.0,0
BFS,A1_source_corruption,large,18,SRC_STOCK_8_PRICE,REPORT_LIMIT,61,0,0,0,0.01639344262295082,1.0,0.8058547973632812,7
Vanilla-RWR,A1_source_corruption,large,18,SRC_STOCK_8_PRICE,REPORT_LIMIT,52,0,0,0,0.019230769230769232,1.0,1.3282299041748047,9
Structural-RWR,A1_source_corruption,large,18,SRC_STOCK_8_PRICE,REPORT_LIMIT,28,0,0,0,0.03571428571428571,1.0,0.8492469787597656,8
PC+RWR,A1_source_corruption,large,18,SRC_STOCK_8_PRICE,REPORT_LIMIT,28,0,0,0,0.03571428571428571,1.0,10.009765625,8
AnomalyOnly,A1_source_corruption,large,18,SRC_STOCK_8_PRICE,REPORT_LIMIT,1,1,1,1,1.0,0.8,0.011205673217773438,1
APA-RCA,A1_source_corruption,large,18,SRC_STOCK_8_PRICE,REPORT_LIMIT,2,0,1,1,0.5,0.8,0.9238719940185547,9
APA-RCA-v2,A1_source_corruption,large,18,SRC_STOCK_8_PRICE,REPORT_LIMIT,1,1,1,1,1.0,0.8,0.9090900421142578,9
APA-RCA-v3,A1_source_corruption,large,18,SRC_STOCK_8_PRICE,REPORT_LIMIT,1,1,1,1,1.0,0.8,0.9119510650634766,9
Schema-Constraint,A1_source_corruption,large,18,SRC_STOCK_8_PRICE,REPORT_LIMIT,8,0,0,0,0.125,1.0,0.0,0
BFS,A1_source_corruption,large,19,SRC_STOCK_5_PRICE,REPORT_DASHBOARD,36,0,0,0,0.027777777777777776,1.0,1.222848892211914,6
Vanilla-RWR,A1_source_corruption,large,19,SRC_STOCK_5_PRICE,REPORT_DASHBOARD,32,0,0,0,0.03125,1.0,0.8749961853027344,9
Structural-RWR,A1_source_corruption,large,19,SRC_STOCK_5_PRICE,REPORT_DASHBOARD,30,0,0,0,0.03333333333333333,1.0,0.843048095703125,8
PC+RWR,A1_source_corruption,large,19,SRC_STOCK_5_PRICE,REPORT_DASHBOARD,30,0,0,0,0.03333333333333333,1.0,10.003328323364258,8
AnomalyOnly,A1_source_corruption,large,19,SRC_STOCK_5_PRICE,REPORT_DASHBOARD,3,0,1,1,0.3333333333333333,0.8,0.010967254638671875,1
APA-RCA,A1_source_corruption,large,19,SRC_STOCK_5_PRICE,REPORT_DASHBOARD,2,0,1,1,0.5,0.8,0.9143352508544922,9
APA-RCA-v2,A1_source_corruption,large,19,SRC_STOCK_5_PRICE,REPORT_DASHBOARD,1,1,1,1,1.0,0.8,0.8990764617919922,9
APA-RCA-v3,A1_source_corruption,large,19,SRC_STOCK_5_PRICE,REPORT_DASHBOARD,1,1,1,1,1.0,0.8,0.8971691131591797,9
Schema-Constraint,A1_source_corruption,large,19,SRC_STOCK_5_PRICE,REPORT_DASHBOARD,5,0,0,1,0.2,0.8,0.0,0
BFS,A1_source_corruption,large,20,SRC_STOCK_8_PRICE,REPORT_LIMIT,61,0,0,0,0.01639344262295082,1.0,0.804901123046875,7
Vanilla-RWR,A1_source_corruption,large,20,SRC_STOCK_8_PRICE,REPORT_LIMIT,52,0,0,0,0.019230769230769232,1.0,0.8981227874755859,9
Structural-RWR,A1_source_corruption,large,20,SRC_STOCK_8_PRICE,REPORT_LIMIT,24,0,0,0,0.041666666666666664,1.0,0.8440017700195312,8
PC+RWR,A1_source_corruption,large,20,SRC_STOCK_8_PRICE,REPORT_LIMIT,24,0,0,0,0.041666666666666664,1.0,10.01596450805664,8
AnomalyOnly,A1_source_corruption,large,20,SRC_STOCK_8_PRICE,REPORT_LIMIT,1,1,1,1,1.0,0.8,0.010967254638671875,1
APA-RCA,A1_source_corruption,large,20,SRC_STOCK_8_PRICE,REPORT_LIMIT,1,1,1,1,1.0,0.8,0.9171962738037109,9
APA-RCA-v2,A1_source_corruption,large,20,SRC_STOCK_8_PRICE,REPORT_LIMIT,1,1,1,1,1.0,0.8,0.9081363677978516,9
APA-RCA-v3,A1_source_corruption,large,20,SRC_STOCK_8_PRICE,REPORT_LIMIT,1,1,1,1,1.0,0.8,0.9047985076904297,9
Schema-Constraint,A1_source_corruption,large,20,SRC_STOCK_8_PRICE,REPORT_LIMIT,8,0,0,0,0.125,1.0,0.0,0
BFS,A1_source_corruption,large,21,SRC_STOCK_3_PRICE,REPORT_STRESS,26,0,0,0,0.038461538461538464,1.0,0.8580684661865234,6
Vanilla-RWR,A1_source_corruption,large,21,SRC_STOCK_3_PRICE,REPORT_STRESS,28,0,0,0,0.03571428571428571,1.0,0.9350776672363281,9
Structural-RWR,A1_source_corruption,large,21,SRC_STOCK_3_PRICE,REPORT_STRESS,28,0,0,0,0.03571428571428571,1.0,0.8890628814697266,8
PC+RWR,A1_source_corruption,large,21,SRC_STOCK_3_PRICE,REPORT_STRESS,28,0,0,0,0.03571428571428571,1.0,10.702133178710938,8
AnomalyOnly,A1_source_corruption,large,21,SRC_STOCK_3_PRICE,REPORT_STRESS,1,1,1,1,1.0,0.8,0.010967254638671875,1
APA-RCA,A1_source_corruption,large,21,SRC_STOCK_3_PRICE,REPORT_STRESS,1,1,1,1,1.0,0.8,0.9620189666748047,9
APA-RCA-v2,A1_source_corruption,large,21,SRC_STOCK_3_PRICE,REPORT_STRESS,1,1,1,1,1.0,0.8,0.9291172027587891,9
APA-RCA-v3,A1_source_corruption,large,21,SRC_STOCK_3_PRICE,REPORT_STRESS,1,1,1,1,1.0,0.8,0.9021759033203125,9
Schema-Constraint,A1_source_corruption,large,21,SRC_STOCK_3_PRICE,REPORT_STRESS,3,0,1,1,0.3333333333333333,0.8,0.0,0
BFS,A1_source_corruption,large,22,SRC_STOCK_7_PRICE,REPORT_LIMIT,61,0,0,0,0.01639344262295082,1.0,0.8368492126464844,7
Vanilla-RWR,A1_source_corruption,large,22,SRC_STOCK_7_PRICE,REPORT_LIMIT,51,0,0,0,0.0196078431372549,1.0,0.9171962738037109,9
Structural-RWR,A1_source_corruption,large,22,SRC_STOCK_7_PRICE,REPORT_LIMIT,25,0,0,0,0.04,1.0,0.8549690246582031,8
PC+RWR,A1_source_corruption,large,22,SRC_STOCK_7_PRICE,REPORT_LIMIT,25,0,0,0,0.04,1.0,10.070085525512695,8
AnomalyOnly,A1_source_corruption,large,22,SRC_STOCK_7_PRICE,REPORT_LIMIT,1,1,1,1,1.0,0.8,0.010967254638671875,1
APA-RCA,A1_source_corruption,large,22,SRC_STOCK_7_PRICE,REPORT_LIMIT,1,1,1,1,1.0,0.8,0.9129047393798828,9
APA-RCA-v2,A1_source_corruption,large,22,SRC_STOCK_7_PRICE,REPORT_LIMIT,1,1,1,1,1.0,0.8,0.9081363677978516,9
APA-RCA-v3,A1_source_corruption,large,22,SRC_STOCK_7_PRICE,REPORT_LIMIT,1,1,1,1,1.0,0.8,0.9081363677978516,9
Schema-Constraint,A1_source_corruption,large,22,SRC_STOCK_7_PRICE,REPORT_LIMIT,7,0,0,0,0.14285714285714285,1.0,0.0,0
BFS,A1_source_corruption,large,23,SRC_STOCK_1_PRICE,REPORT_LIMIT,61,0,0,0,0.01639344262295082,1.0,0.8399486541748047,7
Vanilla-RWR,A1_source_corruption,large,23,SRC_STOCK_1_PRICE,REPORT_LIMIT,45,0,0,0,0.022222222222222223,1.0,0.9279251098632812,9
Structural-RWR,A1_source_corruption,large,23,SRC_STOCK_1_PRICE,REPORT_LIMIT,25,0,0,0,0.04,1.0,0.8628368377685547,8
PC+RWR,A1_source_corruption,large,23,SRC_STOCK_1_PRICE,REPORT_LIMIT,25,0,0,0,0.04,1.0,10.154008865356445,8
AnomalyOnly,A1_source_corruption,large,23,SRC_STOCK_1_PRICE,REPORT_LIMIT,1,1,1,1,1.0,0.8,0.010967254638671875,1
APA-RCA,A1_source_corruption,large,23,SRC_STOCK_1_PRICE,REPORT_LIMIT,1,1,1,1,1.0,0.8,0.9260177612304688,9
APA-RCA-v2,A1_source_corruption,large,23,SRC_STOCK_1_PRICE,REPORT_LIMIT,1,1,1,1,1.0,0.8,0.9109973907470703,9
APA-RCA-v3,A1_source_corruption,large,23,SRC_STOCK_1_PRICE,REPORT_LIMIT,1,1,1,1,1.0,0.8,0.9162425994873047,9
Schema-Constraint,A1_source_corruption,large,23,SRC_STOCK_1_PRICE,REPORT_LIMIT,1,1,1,1,1.0,0.8,0.0,0
BFS,A1_source_corruption,large,24,SRC_STOCK_4_PRICE,REPORT_LIMIT,61,0,0,0,0.01639344262295082,1.0,0.827789306640625,7
Vanilla-RWR,A1_source_corruption,large,24,SRC_STOCK_4_PRICE,REPORT_LIMIT,48,0,0,0,0.020833333333333332,1.0,0.9129047393798828,9
Structural-RWR,A1_source_corruption,large,24,SRC_STOCK_4_PRICE,REPORT_LIMIT,31,0,0,0,0.03225806451612903,1.0,0.8668899536132812,8
PC+RWR,A1_source_corruption,large,24,SRC_STOCK_4_PRICE,REPORT_LIMIT,31,0,0,0,0.03225806451612903,1.0,10.042905807495117,8
AnomalyOnly,A1_source_corruption,large,24,SRC_STOCK_4_PRICE,REPORT_LIMIT,2,0,1,1,0.5,0.8,0.010967254638671875,1
APA-RCA,A1_source_corruption,large,24,SRC_STOCK_4_PRICE,REPORT_LIMIT,2,0,1,1,0.5,0.8,0.9250640869140625,9
APA-RCA-v2,A1_source_corruption,large,24,SRC_STOCK_4_PRICE,REPORT_LIMIT,1,1,1,1,1.0,0.8,0.9121894836425781,9
APA-RCA-v3,A1_source_corruption,large,24,SRC_STOCK_4_PRICE,REPORT_LIMIT,1,1,1,1,1.0,0.8,0.9140968322753906,9
Schema-Constraint,A1_source_corruption,large,24,SRC_STOCK_4_PRICE,REPORT_LIMIT,4,0,0,1,0.25,0.8,0.0,0
BFS,A1_source_corruption,large,25,SRC_STOCK_5_PRICE,REPORT_LIMIT,61,0,0,0,0.01639344262295082,1.0,0.8270740509033203,7
Vanilla-RWR,A1_source_corruption,large,25,SRC_STOCK_5_PRICE,REPORT_LIMIT,49,0,0,0,0.02040816326530612,1.0,0.9160041809082031,9
Structural-RWR,A1_source_corruption,large,25,SRC_STOCK_5_PRICE,REPORT_LIMIT,24,0,0,0,0.041666666666666664,1.0,0.8609294891357422,8
PC+RWR,A1_source_corruption,large,25,SRC_STOCK_5_PRICE,REPORT_LIMIT,24,0,0,0,0.041666666666666664,1.0,10.120153427124023,8
AnomalyOnly,A1_source_corruption,large,25,SRC_STOCK_5_PRICE,REPORT_LIMIT,3,0,1,1,0.3333333333333333,0.8,0.010967254638671875,1
APA-RCA,A1_source_corruption,large,25,SRC_STOCK_5_PRICE,REPORT_LIMIT,3,0,1,1,0.3333333333333333,0.8,0.9200572967529297,9
APA-RCA-v2,A1_source_corruption,large,25,SRC_STOCK_5_PRICE,REPORT_LIMIT,1,1,1,1,1.0,0.8,0.9069442749023438,9
APA-RCA-v3,A1_source_corruption,large,25,SRC_STOCK_5_PRICE,REPORT_LIMIT,1,1,1,1,1.0,0.8,1.2831687927246094,9
Schema-Constraint,A1_source_corruption,large,25,SRC_STOCK_5_PRICE,REPORT_LIMIT,5,0,0,1,0.2,0.8,0.0,0
BFS,A1_source_corruption,large,26,SRC_STOCK_7_PRICE,REPORT_LIMIT,61,0,0,0,0.01639344262295082,1.0,0.8447170257568359,7
Vanilla-RWR,A1_source_corruption,large,26,SRC_STOCK_7_PRICE,REPORT_LIMIT,51,0,0,0,0.0196078431372549,1.0,0.9119510650634766,9
Structural-RWR,A1_source_corruption,large,26,SRC_STOCK_7_PRICE,REPORT_LIMIT,22,0,0,0,0.045454545454545456,1.0,0.8561611175537109,8
PC+RWR,A1_source_corruption,large,26,SRC_STOCK_7_PRICE,REPORT_LIMIT,22,0,0,0,0.045454545454545456,1.0,10.08915901184082,8
AnomalyOnly,A1_source_corruption,large,26,SRC_STOCK_7_PRICE,REPORT_LIMIT,3,0,1,1,0.3333333333333333,0.8,0.012159347534179688,1
APA-RCA,A1_source_corruption,large,26,SRC_STOCK_7_PRICE,REPORT_LIMIT,2,0,1,1,0.5,0.8,0.9222030639648438,9
APA-RCA-v2,A1_source_corruption,large,26,SRC_STOCK_7_PRICE,REPORT_LIMIT,1,1,1,1,1.0,0.8,1.3260841369628906,9
APA-RCA-v3,A1_source_corruption,large,26,SRC_STOCK_7_PRICE,REPORT_LIMIT,1,1,1,1,1.0,0.8,0.9107589721679688,9
Schema-Constraint,A1_source_corruption,large,26,SRC_STOCK_7_PRICE,REPORT_LIMIT,7,0,0,0,0.14285714285714285,1.0,0.0,0
BFS,A1_source_corruption,large,27,SRC_STOCK_1_PRICE,REPORT_LIMIT,61,0,0,0,0.01639344262295082,1.0,0.8182525634765625,7
Vanilla-RWR,A1_source_corruption,large,27,SRC_STOCK_1_PRICE,REPORT_LIMIT,45,0,0,0,0.022222222222222223,1.0,0.9076595306396484,9
Structural-RWR,A1_source_corruption,large,27,SRC_STOCK_1_PRICE,REPORT_LIMIT,24,0,0,0,0.041666666666666664,1.0,0.8530616760253906,8
PC+RWR,A1_source_corruption,large,27,SRC_STOCK_1_PRICE,REPORT_LIMIT,24,0,0,0,0.041666666666666664,1.0,10.084152221679688,8
AnomalyOnly,A1_source_corruption,large,27,SRC_STOCK_1_PRICE,REPORT_LIMIT,2,0,1,1,0.5,0.8,0.010967254638671875,1
APA-RCA,A1_source_corruption,large,27,SRC_STOCK_1_PRICE,REPORT_LIMIT,2,0,1,1,0.5,0.8,1.277923583984375,9
APA-RCA-v2,A1_source_corruption,large,27,SRC_STOCK_1_PRICE,REPORT_LIMIT,1,1,1,1,1.0,0.8,22.191762924194336,9
APA-RCA-v3,A1_source_corruption,large,27,SRC_STOCK_1_PRICE,REPORT_LIMIT,1,1,1,1,1.0,0.8,0.9090900421142578,9
Schema-Constraint,A1_source_corruption,large,27,SRC_STOCK_1_PRICE,REPORT_LIMIT,1,1,1,1,1.0,0.8,0.0,0
BFS,A1_source_corruption,large,28,SRC_STOCK_6_PRICE,REPORT_LIMIT,61,0,0,0,0.01639344262295082,1.0,0.8158683776855469,7
Vanilla-RWR,A1_source_corruption,large,28,SRC_STOCK_6_PRICE,REPORT_LIMIT,50,0,0,0,0.02,1.0,0.9107589721679688,9
Structural-RWR,A1_source_corruption,large,28,SRC_STOCK_6_PRICE,REPORT_LIMIT,26,0,0,0,0.038461538461538464,1.0,0.8533000946044922,8
PC+RWR,A1_source_corruption,large,28,SRC_STOCK_6_PRICE,REPORT_LIMIT,26,0,0,0,0.038461538461538464,1.0,10.556936264038086,8
AnomalyOnly,A1_source_corruption,large,28,SRC_STOCK_6_PRICE,REPORT_LIMIT,2,0,1,1,0.5,0.8,0.010967254638671875,1
APA-RCA,A1_source_corruption,large,28,SRC_STOCK_6_PRICE,REPORT_LIMIT,3,0,1,1,0.3333333333333333,0.8,0.9169578552246094,9
APA-RCA-v2,A1_source_corruption,large,28,SRC_STOCK_6_PRICE,REPORT_LIMIT,1,1,1,1,1.0,0.8,0.90789794921875,9
APA-RCA-v3,A1_source_corruption,large,28,SRC_STOCK_6_PRICE,REPORT_LIMIT,1,1,1,1,1.0,0.8,0.9028911590576172,9
Schema-Constraint,A1_source_corruption,large,28,SRC_STOCK_6_PRICE,REPORT_LIMIT,6,0,0,0,0.16666666666666666,1.0,0.0,0
BFS,A1_source_corruption,large,29,SRC_STOCK_8_PRICE,REPORT_LIMIT,61,0,0,0,0.01639344262295082,1.0,0.8251667022705078,7
Vanilla-RWR,A1_source_corruption,large,29,SRC_STOCK_8_PRICE,REPORT_LIMIT,52,0,0,0,0.019230769230769232,1.0,0.9069442749023438,9
Structural-RWR,A1_source_corruption,large,29,SRC_STOCK_8_PRICE,REPORT_LIMIT,35,0,0,0,0.02857142857142857,1.0,1.38092041015625,8
PC+RWR,A1_source_corruption,large,29,SRC_STOCK_8_PRICE,REPORT_LIMIT,35,0,0,0,0.02857142857142857,1.0,10.074138641357422,8
AnomalyOnly,A1_source_corruption,large,29,SRC_STOCK_8_PRICE,REPORT_LIMIT,1,1,1,1,1.0,0.8,0.011205673217773438,1
APA-RCA,A1_source_corruption,large,29,SRC_STOCK_8_PRICE,REPORT_LIMIT,2,0,1,1,0.5,0.8,0.9119510650634766,9
APA-RCA-v2,A1_source_corruption,large,29,SRC_STOCK_8_PRICE,REPORT_LIMIT,1,1,1,1,1.0,0.8,0.9000301361083984,9
APA-RCA-v3,A1_source_corruption,large,29,SRC_STOCK_8_PRICE,REPORT_LIMIT,1,1,1,1,1.0,0.8,0.9031295776367188,9
Schema-Constraint,A1_source_corruption,large,29,SRC_STOCK_8_PRICE,REPORT_LIMIT,8,0,0,0,0.125,1.0,0.0,0
BFS,A2_etl_logic_error,large,0,ETL_FX_STOCK_7_PRICE,REPORT_LIMIT,20,0,0,0,0.05,1.0,0.8199214935302734,7
Vanilla-RWR,A2_etl_logic_error,large,0,ETL_FX_STOCK_7_PRICE,REPORT_LIMIT,67,0,0,0,0.014925373134328358,1.0,1.3718605041503906,9
Structural-RWR,A2_etl_logic_error,large,0,ETL_FX_STOCK_7_PRICE,REPORT_LIMIT,13,0,0,0,0.07692307692307693,1.0,0.8540153503417969,8
PC+RWR,A2_etl_logic_error,large,0,ETL_FX_STOCK_7_PRICE,REPORT_LIMIT,13,0,0,0,0.07692307692307693,1.0,10.081052780151367,8
AnomalyOnly,A2_etl_logic_error,large,0,ETL_FX_STOCK_7_PRICE,REPORT_LIMIT,1,1,1,1,1.0,0.8,0.010728836059570312,1
APA-RCA,A2_etl_logic_error,large,0,ETL_FX_STOCK_7_PRICE,REPORT_LIMIT,2,0,1,1,0.5,0.8,0.9331703186035156,9
APA-RCA-v2,A2_etl_logic_error,large,0,ETL_FX_STOCK_7_PRICE,REPORT_LIMIT,2,0,1,1,0.5,0.8,0.9021759033203125,9
APA-RCA-v3,A2_etl_logic_error,large,0,ETL_FX_STOCK_7_PRICE,REPORT_LIMIT,2,0,1,1,0.5,0.8,0.9062290191650391,9
Schema-Constraint,A2_etl_logic_error,large,0,ETL_FX_STOCK_7_PRICE,REPORT_LIMIT,45,0,0,0,0.022222222222222223,1.0,0.0,0
BFS,A2_etl_logic_error,large,1,ETL_FX_STOCK_4_PRICE,REPORT_LIMIT,20,0,0,0,0.05,1.0,1.2481212615966797,7
Vanilla-RWR,A2_etl_logic_error,large,1,ETL_FX_STOCK_4_PRICE,REPORT_LIMIT,64,0,0,0,0.015625,1.0,0.9179115295410156,9
Structural-RWR,A2_etl_logic_error,large,1,ETL_FX_STOCK_4_PRICE,REPORT_LIMIT,8,0,0,0,0.125,1.0,0.8478164672851562,8
PC+RWR,A2_etl_logic_error,large,1,ETL_FX_STOCK_4_PRICE,REPORT_LIMIT,8,0,0,0,0.125,1.0,10.16092300415039,8
AnomalyOnly,A2_etl_logic_error,large,1,ETL_FX_STOCK_4_PRICE,REPORT_LIMIT,1,1,1,1,1.0,0.8,0.011205673217773438,1
APA-RCA,A2_etl_logic_error,large,1,ETL_FX_STOCK_4_PRICE,REPORT_LIMIT,2,0,1,1,0.5,0.8,0.9291172027587891,9
APA-RCA-v2,A2_etl_logic_error,large,1,ETL_FX_STOCK_4_PRICE,REPORT_LIMIT,2,0,1,1,0.5,0.8,0.9021759033203125,9
APA-RCA-v3,A2_etl_logic_error,large,1,ETL_FX_STOCK_4_PRICE,REPORT_LIMIT,2,0,1,1,0.5,0.8,0.9109973907470703,9
Schema-Constraint,A2_etl_logic_error,large,1,ETL_FX_STOCK_4_PRICE,REPORT_LIMIT,42,0,0,0,0.023809523809523808,1.0,0.0,0
BFS,A2_etl_logic_error,large,2,ETL_FX_STOCK_7_PRICE,REPORT_LIMIT,20,0,0,0,0.05,1.0,0.8077621459960938,7
Vanilla-RWR,A2_etl_logic_error,large,2,ETL_FX_STOCK_7_PRICE,REPORT_LIMIT,67,0,0,0,0.014925373134328358,1.0,0.9119510650634766,9
Structural-RWR,A2_etl_logic_error,large,2,ETL_FX_STOCK_7_PRICE,REPORT_LIMIT,13,0,0,0,0.07692307692307693,1.0,0.8492469787597656,8
PC+RWR,A2_etl_logic_error,large,2,ETL_FX_STOCK_7_PRICE,REPORT_LIMIT,13,0,0,0,0.07692307692307693,1.0,10.130167007446289,8
AnomalyOnly,A2_etl_logic_error,large,2,ETL_FX_STOCK_7_PRICE,REPORT_LIMIT,3,0,1,1,0.3333333333333333,0.8,0.011920928955078125,1
APA-RCA,A2_etl_logic_error,large,2,ETL_FX_STOCK_7_PRICE,REPORT_LIMIT,2,0,1,1,0.5,0.8,0.9191036224365234,9
APA-RCA-v2,A2_etl_logic_error,large,2,ETL_FX_STOCK_7_PRICE,REPORT_LIMIT,2,0,1,1,0.5,0.8,0.9090900421142578,9
APA-RCA-v3,A2_etl_logic_error,large,2,ETL_FX_STOCK_7_PRICE,REPORT_LIMIT,2,0,1,1,0.5,0.8,0.9086132049560547,9
Schema-Constraint,A2_etl_logic_error,large,2,ETL_FX_STOCK_7_PRICE,REPORT_LIMIT,45,0,0,0,0.022222222222222223,1.0,0.0,0
BFS,A2_etl_logic_error,large,3,ETL_FX_STOCK_7_PRICE,REPORT_LIMIT,20,0,0,0,0.05,1.0,0.8220672607421875,7
Vanilla-RWR,A2_etl_logic_error,large,3,ETL_FX_STOCK_7_PRICE,REPORT_LIMIT,67,0,0,0,0.014925373134328358,1.0,0.9148120880126953,9
Structural-RWR,A2_etl_logic_error,large,3,ETL_FX_STOCK_7_PRICE,REPORT_LIMIT,7,0,0,0,0.14285714285714285,1.0,0.8540153503417969,8
PC+RWR,A2_etl_logic_error,large,3,ETL_FX_STOCK_7_PRICE,REPORT_LIMIT,7,0,0,0,0.14285714285714285,1.0,10.080814361572266,8
AnomalyOnly,A2_etl_logic_error,large,3,ETL_FX_STOCK_7_PRICE,REPORT_LIMIT,3,0,1,1,0.3333333333333333,0.8,0.010967254638671875,1
APA-RCA,A2_etl_logic_error,large,3,ETL_FX_STOCK_7_PRICE,REPORT_LIMIT,2,0,1,1,0.5,0.8,0.9610652923583984,9
APA-RCA-v2,A2_etl_logic_error,large,3,ETL_FX_STOCK_7_PRICE,REPORT_LIMIT,2,0,1,1,0.5,0.8,1.043081283569336,9
APA-RCA-v3,A2_etl_logic_error,large,3,ETL_FX_STOCK_7_PRICE,REPORT_LIMIT,2,0,1,1,0.5,0.8,0.9348392486572266,9
Schema-Constraint,A2_etl_logic_error,large,3,ETL_FX_STOCK_7_PRICE,REPORT_LIMIT,45,0,0,0,0.022222222222222223,1.0,0.0,0
BFS,A2_etl_logic_error,large,4,ETL_FX_STOCK_6_PRICE,REPORT_LIMIT,20,0,0,0,0.05,1.0,0.8389949798583984,7
Vanilla-RWR,A2_etl_logic_error,large,4,ETL_FX_STOCK_6_PRICE,REPORT_LIMIT,66,0,0,0,0.015151515151515152,1.0,0.9191036224365234,9
Structural-RWR,A2_etl_logic_error,large,4,ETL_FX_STOCK_6_PRICE,REPORT_LIMIT,14,0,0,0,0.07142857142857142,1.0,0.8671283721923828,8
PC+RWR,A2_etl_logic_error,large,4,ETL_FX_STOCK_6_PRICE,REPORT_LIMIT,14,0,0,0,0.07142857142857142,1.0,10.026931762695312,8
AnomalyOnly,A2_etl_logic_error,large,4,ETL_FX_STOCK_6_PRICE,REPORT_LIMIT,3,0,1,1,0.3333333333333333,0.8,0.010967254638671875,1
APA-RCA,A2_etl_logic_error,large,4,ETL_FX_STOCK_6_PRICE,REPORT_LIMIT,2,0,1,1,0.5,0.8,0.9379386901855469,9
APA-RCA-v2,A2_etl_logic_error,large,4,ETL_FX_STOCK_6_PRICE,REPORT_LIMIT,3,0,1,1,0.3333333333333333,0.8,0.9191036224365234,9
APA-RCA-v3,A2_etl_logic_error,large,4,ETL_FX_STOCK_6_PRICE,REPORT_LIMIT,3,0,1,1,0.3333333333333333,0.8,0.9109973907470703,9
Schema-Constraint,A2_etl_logic_error,large,4,ETL_FX_STOCK_6_PRICE,REPORT_LIMIT,44,0,0,0,0.022727272727272728,1.0,0.0,0
BFS,A2_etl_logic_error,large,5,ETL_FX_STOCK_6_PRICE,REPORT_LIMIT,20,0,0,0,0.05,1.0,0.8401870727539062,7
Vanilla-RWR,A2_etl_logic_error,large,5,ETL_FX_STOCK_6_PRICE,REPORT_LIMIT,66,0,0,0,0.015151515151515152,1.0,0.9222030639648438,9
Structural-RWR,A2_etl_logic_error,large,5,ETL_FX_STOCK_6_PRICE,REPORT_LIMIT,12,0,0,0,0.08333333333333333,1.0,0.8599758148193359,8
PC+RWR,A2_etl_logic_error,large,5,ETL_FX_STOCK_6_PRICE,REPORT_LIMIT,12,0,0,0,0.08333333333333333,1.0,10.149955749511719,8
AnomalyOnly,A2_etl_logic_error,large,5,ETL_FX_STOCK_6_PRICE,REPORT_LIMIT,2,0,1,1,0.5,0.8,0.010967254638671875,1
APA-RCA,A2_etl_logic_error,large,5,ETL_FX_STOCK_6_PRICE,REPORT_LIMIT,2,0,1,1,0.5,0.8,0.9260177612304688,9
APA-RCA-v2,A2_etl_logic_error,large,5,ETL_FX_STOCK_6_PRICE,REPORT_LIMIT,1,1,1,1,1.0,0.8,0.9179115295410156,9
APA-RCA-v3,A2_etl_logic_error,large,5,ETL_FX_STOCK_6_PRICE,REPORT_LIMIT,1,1,1,1,1.0,0.8,0.9131431579589844,9
Schema-Constraint,A2_etl_logic_error,large,5,ETL_FX_STOCK_6_PRICE,REPORT_LIMIT,44,0,0,0,0.022727272727272728,1.0,0.0,0
BFS,A2_etl_logic_error,large,6,ETL_FX_STOCK_4_PRICE,REPORT_LIMIT,20,0,0,0,0.05,1.0,0.8540153503417969,7
Vanilla-RWR,A2_etl_logic_error,large,6,ETL_FX_STOCK_4_PRICE,REPORT_LIMIT,64,0,0,0,0.015625,1.0,0.9341239929199219,9
Structural-RWR,A2_etl_logic_error,large,6,ETL_FX_STOCK_4_PRICE,REPORT_LIMIT,11,0,0,0,0.09090909090909091,1.0,0.8640289306640625,8
PC+RWR,A2_etl_logic_error,large,6,ETL_FX_STOCK_4_PRICE,REPORT_LIMIT,11,0,0,0,0.09090909090909091,1.0,10.146856307983398,8
AnomalyOnly,A2_etl_logic_error,large,6,ETL_FX_STOCK_4_PRICE,REPORT_LIMIT,2,0,1,1,0.5,0.8,0.010967254638671875,1
APA-RCA,A2_etl_logic_error,large,6,ETL_FX_STOCK_4_PRICE,REPORT_LIMIT,2,0,1,1,0.5,0.8,0.9279251098632812,9
APA-RCA-v2,A2_etl_logic_error,large,6,ETL_FX_STOCK_4_PRICE,REPORT_LIMIT,2,0,1,1,0.5,0.8,0.9100437164306641,9
APA-RCA-v3,A2_etl_logic_error,large,6,ETL_FX_STOCK_4_PRICE,REPORT_LIMIT,2,0,1,1,0.5,0.8,0.9100437164306641,9
Schema-Constraint,A2_etl_logic_error,large,6,ETL_FX_STOCK_4_PRICE,REPORT_LIMIT,42,0,0,0,0.023809523809523808,1.0,0.0,0
BFS,A2_etl_logic_error,large,7,ETL_FX_STOCK_8_PRICE,REPORT_LIMIT,20,0,0,0,0.05,1.0,0.8697509765625,7
Vanilla-RWR,A2_etl_logic_error,large,7,ETL_FX_STOCK_8_PRICE,REPORT_LIMIT,68,0,0,0,0.014705882352941176,1.0,0.9191036224365234,9
Structural-RWR,A2_etl_logic_error,large,7,ETL_FX_STOCK_8_PRICE,REPORT_LIMIT,11,0,0,0,0.09090909090909091,1.0,0.8561611175537109,8
PC+RWR,A2_etl_logic_error,large,7,ETL_FX_STOCK_8_PRICE,REPORT_LIMIT,11,0,0,0,0.09090909090909091,1.0,10.168075561523438,8
AnomalyOnly,A2_etl_logic_error,large,7,ETL_FX_STOCK_8_PRICE,REPORT_LIMIT,4,0,0,1,0.25,0.8,0.010967254638671875,1
APA-RCA,A2_etl_logic_error,large,7,ETL_FX_STOCK_8_PRICE,REPORT_LIMIT,3,0,1,1,0.3333333333333333,0.8,0.9217262268066406,9
APA-RCA-v2,A2_etl_logic_error,large,7,ETL_FX_STOCK_8_PRICE,REPORT_LIMIT,2,0,1,1,0.5,0.8,0.9188652038574219,9
APA-RCA-v3,A2_etl_logic_error,large,7,ETL_FX_STOCK_8_PRICE,REPORT_LIMIT,2,0,1,1,0.5,0.8,1.3260841369628906,9
Schema-Constraint,A2_etl_logic_error,large,7,ETL_FX_STOCK_8_PRICE,REPORT_LIMIT,46,0,0,0,0.021739130434782608,1.0,0.0,0
BFS,A2_etl_logic_error,large,8,ETL_FX_STOCK_6_PRICE,REPORT_LIMIT,20,0,0,0,0.05,1.0,0.8318424224853516,7
Vanilla-RWR,A2_etl_logic_error,large,8,ETL_FX_STOCK_6_PRICE,REPORT_LIMIT,66,0,0,0,0.015151515151515152,1.0,0.9210109710693359,9
Structural-RWR,A2_etl_logic_error,large,8,ETL_FX_STOCK_6_PRICE,REPORT_LIMIT,14,0,0,0,0.07142857142857142,1.0,0.8571147918701172,8
PC+RWR,A2_etl_logic_error,large,8,ETL_FX_STOCK_6_PRICE,REPORT_LIMIT,14,0,0,0,0.07142857142857142,1.0,10.167837142944336,8
AnomalyOnly,A2_etl_logic_error,large,8,ETL_FX_STOCK_6_PRICE,REPORT_LIMIT,1,1,1,1,1.0,0.8,0.011205673217773438,1
APA-RCA,A2_etl_logic_error,large,8,ETL_FX_STOCK_6_PRICE,REPORT_LIMIT,2,0,1,1,0.5,0.8,0.9222030639648438,9
APA-RCA-v2,A2_etl_logic_error,large,8,ETL_FX_STOCK_6_PRICE,REPORT_LIMIT,2,0,1,1,0.5,0.8,1.2950897216796875,9
APA-RCA-v3,A2_etl_logic_error,large,8,ETL_FX_STOCK_6_PRICE,REPORT_LIMIT,2,0,1,1,0.5,0.8,0.9279251098632812,9
Schema-Constraint,A2_etl_logic_error,large,8,ETL_FX_STOCK_6_PRICE,REPORT_LIMIT,44,0,0,0,0.022727272727272728,1.0,0.0,0
BFS,A2_etl_logic_error,large,9,ETL_FX_STOCK_4_PRICE,REPORT_LIMIT,21,0,0,0,0.047619047619047616,1.0,0.820159912109375,7
Vanilla-RWR,A2_etl_logic_error,large,9,ETL_FX_STOCK_4_PRICE,REPORT_LIMIT,64,0,0,0,0.015625,1.0,0.9098052978515625,9
Structural-RWR,A2_etl_logic_error,large,9,ETL_FX_STOCK_4_PRICE,REPORT_LIMIT,8,0,0,0,0.125,1.0,0.8492469787597656,8
PC+RWR,A2_etl_logic_error,large,9,ETL_FX_STOCK_4_PRICE,REPORT_LIMIT,8,0,0,0,0.125,1.0,10.04481315612793,8
AnomalyOnly,A2_etl_logic_error,large,9,ETL_FX_STOCK_4_PRICE,REPORT_LIMIT,2,0,1,1,0.5,0.8,0.010967254638671875,1
APA-RCA,A2_etl_logic_error,large,9,ETL_FX_STOCK_4_PRICE,REPORT_LIMIT,2,0,1,1,0.5,0.8,1.2929439544677734,9
APA-RCA-v2,A2_etl_logic_error,large,9,ETL_FX_STOCK_4_PRICE,REPORT_LIMIT,1,1,1,1,1.0,0.8,0.9157657623291016,9
APA-RCA-v3,A2_etl_logic_error,large,9,ETL_FX_STOCK_4_PRICE,REPORT_LIMIT,1,1,1,1,1.0,0.8,0.911712646484375,9
Schema-Constraint,A2_etl_logic_error,large,9,ETL_FX_STOCK_4_PRICE,REPORT_LIMIT,42,0,0,0,0.023809523809523808,1.0,0.0,0
BFS,A2_etl_logic_error,large,10,ETL_FX_STOCK_7_PRICE,REPORT_LIMIT,20,0,0,0,0.05,1.0,0.8401870727539062,7
Vanilla-RWR,A2_etl_logic_error,large,10,ETL_FX_STOCK_7_PRICE,REPORT_LIMIT,67,0,0,0,0.014925373134328358,1.0,0.92315673828125,9
Structural-RWR,A2_etl_logic_error,large,10,ETL_FX_STOCK_7_PRICE,REPORT_LIMIT,11,0,0,0,0.09090909090909091,1.0,0.8709430694580078,8
PC+RWR,A2_etl_logic_error,large,10,ETL_FX_STOCK_7_PRICE,REPORT_LIMIT,11,0,0,0,0.09090909090909091,1.0,10.606765747070312,8
AnomalyOnly,A2_etl_logic_error,large,10,ETL_FX_STOCK_7_PRICE,REPORT_LIMIT,4,0,0,1,0.25,0.8,0.011205673217773438,1
APA-RCA,A2_etl_logic_error,large,10,ETL_FX_STOCK_7_PRICE,REPORT_LIMIT,2,0,1,1,0.5,0.8,22.88985252380371,9
APA-RCA-v2,A2_etl_logic_error,large,10,ETL_FX_STOCK_7_PRICE,REPORT_LIMIT,3,0,1,1,0.3333333333333333,0.8,0.9548664093017578,9
APA-RCA-v3,A2_etl_logic_error,large,10,ETL_FX_STOCK_7_PRICE,REPORT_LIMIT,3,0,1,1,0.3333333333333333,0.8,0.9319782257080078,9
Schema-Constraint,A2_etl_logic_error,large,10,ETL_FX_STOCK_7_PRICE,REPORT_LIMIT,45,0,0,0,0.022222222222222223,1.0,0.0,0
BFS,A2_etl_logic_error,large,11,ETL_FX_STOCK_2_PRICE,REPORT_LIMIT,20,0,0,0,0.05,1.0,0.8220672607421875,7
Vanilla-RWR,A2_etl_logic_error,large,11,ETL_FX_STOCK_2_PRICE,REPORT_LIMIT,62,0,0,0,0.016129032258064516,1.0,0.9157657623291016,9
Structural-RWR,A2_etl_logic_error,large,11,ETL_FX_STOCK_2_PRICE,REPORT_LIMIT,15,0,0,0,0.06666666666666667,1.0,1.2869834899902344,8
PC+RWR,A2_etl_logic_error,large,11,ETL_FX_STOCK_2_PRICE,REPORT_LIMIT,15,0,0,0,0.06666666666666667,1.0,10.106801986694336,8
AnomalyOnly,A2_etl_logic_error,large,11,ETL_FX_STOCK_2_PRICE,REPORT_LIMIT,3,0,1,1,0.3333333333333333,0.8,0.011205673217773438,1
APA-RCA,A2_etl_logic_error,large,11,ETL_FX_STOCK_2_PRICE,REPORT_LIMIT,2,0,1,1,0.5,0.8,0.9169578552246094,9
APA-RCA-v2,A2_etl_logic_error,large,11,ETL_FX_STOCK_2_PRICE,REPORT_LIMIT,2,0,1,1,0.5,0.8,0.9188652038574219,9
APA-RCA-v3,A2_etl_logic_error,large,11,ETL_FX_STOCK_2_PRICE,REPORT_LIMIT,2,0,1,1,0.5,0.8,0.9129047393798828,9
Schema-Constraint,A2_etl_logic_error,large,11,ETL_FX_STOCK_2_PRICE,REPORT_LIMIT,40,0,0,0,0.025,1.0,0.0,0
BFS,A2_etl_logic_error,large,12,ETL_FX_STOCK_5_PRICE,REPORT_LIMIT,20,0,0,0,0.05,1.0,0.7967948913574219,7
Vanilla-RWR,A2_etl_logic_error,large,12,ETL_FX_STOCK_5_PRICE,REPORT_LIMIT,65,0,0,0,0.015384615384615385,1.0,1.3289451599121094,9
Structural-RWR,A2_etl_logic_error,large,12,ETL_FX_STOCK_5_PRICE,REPORT_LIMIT,7,0,0,0,0.14285714285714285,1.0,0.8499622344970703,8
PC+RWR,A2_etl_logic_error,large,12,ETL_FX_STOCK_5_PRICE,REPORT_LIMIT,7,0,0,0,0.14285714285714285,1.0,10.083198547363281,8
AnomalyOnly,A2_etl_logic_error,large,12,ETL_FX_STOCK_5_PRICE,REPORT_LIMIT,1,1,1,1,1.0,0.8,0.010967254638671875,1
APA-RCA,A2_etl_logic_error,large,12,ETL_FX_STOCK_5_PRICE,REPORT_LIMIT,2,0,1,1,0.5,0.8,0.9260177612304688,9
APA-RCA-v2,A2_etl_logic_error,large,12,ETL_FX_STOCK_5_PRICE,REPORT_LIMIT,2,0,1,1,0.5,0.8,0.9121894836425781,9
APA-RCA-v3,A2_etl_logic_error,large,12,ETL_FX_STOCK_5_PRICE,REPORT_LIMIT,2,0,1,1,0.5,0.8,0.9002685546875,9
Schema-Constraint,A2_etl_logic_error,large,12,ETL_FX_STOCK_5_PRICE,REPORT_LIMIT,43,0,0,0,0.023255813953488372,1.0,0.0,0
BFS,A2_etl_logic_error,large,13,ETL_FX_STOCK_8_PRICE,REPORT_LIMIT,20,0,0,0,0.05,1.0,1.3370513916015625,7
Vanilla-RWR,A2_etl_logic_error,large,13,ETL_FX_STOCK_8_PRICE,REPORT_LIMIT,68,0,0,0,0.014705882352941176,1.0,0.9090900421142578,9
Structural-RWR,A2_etl_logic_error,large,13,ETL_FX_STOCK_8_PRICE,REPORT_LIMIT,10,0,0,0,0.1,1.0,0.8440017700195312,8
PC+RWR,A2_etl_logic_error,large,13,ETL_FX_STOCK_8_PRICE,REPORT_LIMIT,10,0,0,0,0.1,1.0,9.989023208618164,8
AnomalyOnly,A2_etl_logic_error,large,13,ETL_FX_STOCK_8_PRICE,REPORT_LIMIT,3,0,1,1,0.3333333333333333,0.8,0.010967254638671875,1
APA-RCA,A2_etl_logic_error,large,13,ETL_FX_STOCK_8_PRICE,REPORT_LIMIT,2,0,1,1,0.5,0.8,0.9250640869140625,9
APA-RCA-v2,A2_etl_logic_error,large,13,ETL_FX_STOCK_8_PRICE,REPORT_LIMIT,1,1,1,1,1.0,0.8,0.9009838104248047,9
APA-RCA-v3,A2_etl_logic_error,large,13,ETL_FX_STOCK_8_PRICE,REPORT_LIMIT,1,1,1,1,1.0,0.8,0.9181499481201172,9
Schema-Constraint,A2_etl_logic_error,large,13,ETL_FX_STOCK_8_PRICE,REPORT_LIMIT,46,0,0,0,0.021739130434782608,1.0,0.0,0
BFS,A2_etl_logic_error,large,14,ETL_FX_STOCK_2_PRICE,REPORT_LIMIT,20,0,0,0,0.05,1.0,0.8497238159179688,7
Vanilla-RWR,A2_etl_logic_error,large,14,ETL_FX_STOCK_2_PRICE,REPORT_LIMIT,62,0,0,0,0.016129032258064516,1.0,0.9410381317138672,9
Structural-RWR,A2_etl_logic_error,large,14,ETL_FX_STOCK_2_PRICE,REPORT_LIMIT,15,0,0,0,0.06666666666666667,1.0,0.8881092071533203,8
PC+RWR,A2_etl_logic_error,large,14,ETL_FX_STOCK_2_PRICE,REPORT_LIMIT,15,0,0,0,0.06666666666666667,1.0,10.47515869140625,8
AnomalyOnly,A2_etl_logic_error,large,14,ETL_FX_STOCK_2_PRICE,REPORT_LIMIT,4,0,0,1,0.25,0.8,0.012159347534179688,1
APA-RCA,A2_etl_logic_error,large,14,ETL_FX_STOCK_2_PRICE,REPORT_LIMIT,3,0,1,1,0.3333333333333333,0.8,0.9558200836181641,9
APA-RCA-v2,A2_etl_logic_error,large,14,ETL_FX_STOCK_2_PRICE,REPORT_LIMIT,3,0,1,1,0.3333333333333333,0.8,0.9489059448242188,9
APA-RCA-v3,A2_etl_logic_error,large,14,ETL_FX_STOCK_2_PRICE,REPORT_LIMIT,3,0,1,1,0.3333333333333333,0.8,0.9317398071289062,9
Schema-Constraint,A2_etl_logic_error,large,14,ETL_FX_STOCK_2_PRICE,REPORT_LIMIT,40,0,0,0,0.025,1.0,0.0,0
BFS,A2_etl_logic_error,large,15,ETL_FX_STOCK_8_PRICE,REPORT_LIMIT,20,0,0,0,0.05,1.0,0.8692741394042969,7
Vanilla-RWR,A2_etl_logic_error,large,15,ETL_FX_STOCK_8_PRICE,REPORT_LIMIT,68,0,0,0,0.014705882352941176,1.0,1.0209083557128906,9
Structural-RWR,A2_etl_logic_error,large,15,ETL_FX_STOCK_8_PRICE,REPORT_LIMIT,11,0,0,0,0.09090909090909091,1.0,0.9450912475585938,8
PC+RWR,A2_etl_logic_error,large,15,ETL_FX_STOCK_8_PRICE,REPORT_LIMIT,11,0,0,0,0.09090909090909091,1.0,12.022972106933594,8
AnomalyOnly,A2_etl_logic_error,large,15,ETL_FX_STOCK_8_PRICE,REPORT_LIMIT,1,1,1,1,1.0,0.8,0.013828277587890625,1
APA-RCA,A2_etl_logic_error,large,15,ETL_FX_STOCK_8_PRICE,REPORT_LIMIT,2,0,1,1,0.5,0.8,1.2891292572021484,9
APA-RCA-v2,A2_etl_logic_error,large,15,ETL_FX_STOCK_8_PRICE,REPORT_LIMIT,3,0,1,1,0.3333333333333333,0.8,1.1832714080810547,9
APA-RCA-v3,A2_etl_logic_error,large,15,ETL_FX_STOCK_8_PRICE,REPORT_LIMIT,3,0,1,1,0.3333333333333333,0.8,1.0268688201904297,9
Schema-Constraint,A2_etl_logic_error,large,15,ETL_FX_STOCK_8_PRICE,REPORT_LIMIT,46,0,0,0,0.021739130434782608,1.0,0.0,0
BFS,A2_etl_logic_error,large,16,ETL_FX_STOCK_5_PRICE,REPORT_LIMIT,20,0,0,0,0.05,1.0,0.8580684661865234,7
Vanilla-RWR,A2_etl_logic_error,large,16,ETL_FX_STOCK_5_PRICE,REPORT_LIMIT,65,0,0,0,0.015384615384615385,1.0,0.9300708770751953,9
Structural-RWR,A2_etl_logic_error,large,16,ETL_FX_STOCK_5_PRICE,REPORT_LIMIT,11,0,0,0,0.09090909090909091,1.0,0.8699893951416016,8
PC+RWR,A2_etl_logic_error,large,16,ETL_FX_STOCK_5_PRICE,REPORT_LIMIT,11,0,0,0,0.09090909090909091,1.0,10.242223739624023,8
AnomalyOnly,A2_etl_logic_error,large,16,ETL_FX_STOCK_5_PRICE,REPORT_LIMIT,2,0,1,1,0.5,0.8,0.010967254638671875,1
APA-RCA,A2_etl_logic_error,large,16,ETL_FX_STOCK_5_PRICE,REPORT_LIMIT,2,0,1,1,0.5,0.8,0.9207725524902344,9
APA-RCA-v2,A2_etl_logic_error,large,16,ETL_FX_STOCK_5_PRICE,REPORT_LIMIT,2,0,1,1,0.5,0.8,0.9217262268066406,9
APA-RCA-v3,A2_etl_logic_error,large,16,ETL_FX_STOCK_5_PRICE,REPORT_LIMIT,2,0,1,1,0.5,0.8,0.9160041809082031,9
Schema-Constraint,A2_etl_logic_error,large,16,ETL_FX_STOCK_5_PRICE,REPORT_LIMIT,43,0,0,0,0.023255813953488372,1.0,0.0,0
BFS,A2_etl_logic_error,large,17,ETL_FX_STOCK_6_PRICE,REPORT_LIMIT,20,0,0,0,0.05,1.0,0.8969306945800781,7
Vanilla-RWR,A2_etl_logic_error,large,17,ETL_FX_STOCK_6_PRICE,REPORT_LIMIT,66,0,0,0,0.015151515151515152,1.0,1.0938644409179688,9
Structural-RWR,A2_etl_logic_error,large,17,ETL_FX_STOCK_6_PRICE,REPORT_LIMIT,10,0,0,0,0.1,1.0,0.9052753448486328,8
PC+RWR,A2_etl_logic_error,large,17,ETL_FX_STOCK_6_PRICE,REPORT_LIMIT,10,0,0,0,0.1,1.0,10.45083999633789,8
AnomalyOnly,A2_etl_logic_error,large,17,ETL_FX_STOCK_6_PRICE,REPORT_LIMIT,3,0,1,1,0.3333333333333333,0.8,0.011920928955078125,1
APA-RCA,A2_etl_logic_error,large,17,ETL_FX_STOCK_6_PRICE,REPORT_LIMIT,3,0,1,1,0.3333333333333333,0.8,0.9601116180419922,9
APA-RCA-v2,A2_etl_logic_error,large,17,ETL_FX_STOCK_6_PRICE,REPORT_LIMIT,1,1,1,1,1.0,0.8,0.9529590606689453,9
APA-RCA-v3,A2_etl_logic_error,large,17,ETL_FX_STOCK_6_PRICE,REPORT_LIMIT,1,1,1,1,1.0,0.8,0.9489059448242188,9
Schema-Constraint,A2_etl_logic_error,large,17,ETL_FX_STOCK_6_PRICE,REPORT_LIMIT,44,0,0,0,0.022727272727272728,1.0,0.0,0
BFS,A2_etl_logic_error,large,18,ETL_FX_STOCK_8_PRICE,REPORT_LIMIT,20,0,0,0,0.05,1.0,0.8399486541748047,7
Vanilla-RWR,A2_etl_logic_error,large,18,ETL_FX_STOCK_8_PRICE,REPORT_LIMIT,68,0,0,0,0.014705882352941176,1.0,0.9188652038574219,9
Structural-RWR,A2_etl_logic_error,large,18,ETL_FX_STOCK_8_PRICE,REPORT_LIMIT,9,0,0,0,0.1111111111111111,1.0,0.8740425109863281,8
PC+RWR,A2_etl_logic_error,large,18,ETL_FX_STOCK_8_PRICE,REPORT_LIMIT,9,0,0,0,0.1111111111111111,1.0,10.22481918334961,8
AnomalyOnly,A2_etl_logic_error,large,18,ETL_FX_STOCK_8_PRICE,REPORT_LIMIT,1,1,1,1,1.0,0.8,0.010967254638671875,1
APA-RCA,A2_etl_logic_error,large,18,ETL_FX_STOCK_8_PRICE,REPORT_LIMIT,2,0,1,1,0.5,0.8,0.9338855743408203,9
APA-RCA-v2,A2_etl_logic_error,large,18,ETL_FX_STOCK_8_PRICE,REPORT_LIMIT,2,0,1,1,0.5,0.8,0.9222030639648438,9
APA-RCA-v3,A2_etl_logic_error,large,18,ETL_FX_STOCK_8_PRICE,REPORT_LIMIT,2,0,1,1,0.5,0.8,0.9162425994873047,9
Schema-Constraint,A2_etl_logic_error,large,18,ETL_FX_STOCK_8_PRICE,REPORT_LIMIT,46,0,0,0,0.021739130434782608,1.0,0.0,0
BFS,A2_etl_logic_error,large,19,ETL_FX_STOCK_5_PRICE,REPORT_LIMIT,21,0,0,0,0.047619047619047616,1.0,0.8330345153808594,7
Vanilla-RWR,A2_etl_logic_error,large,19,ETL_FX_STOCK_5_PRICE,REPORT_LIMIT,65,0,0,0,0.015384615384615385,1.0,0.9138584136962891,9
Structural-RWR,A2_etl_logic_error,large,19,ETL_FX_STOCK_5_PRICE,REPORT_LIMIT,15,0,0,0,0.06666666666666667,1.0,0.8709430694580078,8
PC+RWR,A2_etl_logic_error,large,19,ETL_FX_STOCK_5_PRICE,REPORT_LIMIT,15,0,0,0,0.06666666666666667,1.0,10.192155838012695,8
AnomalyOnly,A2_etl_logic_error,large,19,ETL_FX_STOCK_5_PRICE,REPORT_LIMIT,3,0,1,1,0.3333333333333333,0.8,0.010967254638671875,1
APA-RCA,A2_etl_logic_error,large,19,ETL_FX_STOCK_5_PRICE,REPORT_LIMIT,2,0,1,1,0.5,0.8,0.9229183197021484,9
APA-RCA-v2,A2_etl_logic_error,large,19,ETL_FX_STOCK_5_PRICE,REPORT_LIMIT,2,0,1,1,0.5,0.8,0.9210109710693359,9
APA-RCA-v3,A2_etl_logic_error,large,19,ETL_FX_STOCK_5_PRICE,REPORT_LIMIT,2,0,1,1,0.5,0.8,1.2867450714111328,9
Schema-Constraint,A2_etl_logic_error,large,19,ETL_FX_STOCK_5_PRICE,REPORT_LIMIT,43,0,0,0,0.023255813953488372,1.0,0.0,0
BFS,A2_etl_logic_error,large,20,ETL_FX_STOCK_8_PRICE,REPORT_LIMIT,20,0,0,0,0.05,1.0,0.8308887481689453,7
Vanilla-RWR,A2_etl_logic_error,large,20,ETL_FX_STOCK_8_PRICE,REPORT_LIMIT,68,0,0,0,0.014705882352941176,1.0,0.9250640869140625,9
Structural-RWR,A2_etl_logic_error,large,20,ETL_FX_STOCK_8_PRICE,REPORT_LIMIT,14,0,0,0,0.07142857142857142,1.0,0.8568763732910156,8
PC+RWR,A2_etl_logic_error,large,20,ETL_FX_STOCK_8_PRICE,REPORT_LIMIT,14,0,0,0,0.07142857142857142,1.0,10.167837142944336,8
AnomalyOnly,A2_etl_logic_error,large,20,ETL_FX_STOCK_8_PRICE,REPORT_LIMIT,1,1,1,1,1.0,0.8,0.010967254638671875,1
APA-RCA,A2_etl_logic_error,large,20,ETL_FX_STOCK_8_PRICE,REPORT_LIMIT,2,0,1,1,0.5,0.8,0.9360313415527344,9
APA-RCA-v2,A2_etl_logic_error,large,20,ETL_FX_STOCK_8_PRICE,REPORT_LIMIT,1,1,1,1,1.0,0.8,1.2919902801513672,9
APA-RCA-v3,A2_etl_logic_error,large,20,ETL_FX_STOCK_8_PRICE,REPORT_LIMIT,1,1,1,1,1.0,0.8,0.9129047393798828,9
Schema-Constraint,A2_etl_logic_error,large,20,ETL_FX_STOCK_8_PRICE,REPORT_LIMIT,46,0,0,0,0.021739130434782608,1.0,0.0,0
BFS,A2_etl_logic_error,large,21,ETL_FX_STOCK_3_PRICE,REPORT_LIMIT,20,0,0,0,0.05,1.0,0.8168220520019531,7
Vanilla-RWR,A2_etl_logic_error,large,21,ETL_FX_STOCK_3_PRICE,REPORT_LIMIT,63,0,0,0,0.015873015873015872,1.0,0.9069442749023438,9
Structural-RWR,A2_etl_logic_error,large,21,ETL_FX_STOCK_3_PRICE,REPORT_LIMIT,13,0,0,0,0.07692307692307693,1.0,0.8499622344970703,8
PC+RWR,A2_etl_logic_error,large,21,ETL_FX_STOCK_3_PRICE,REPORT_LIMIT,13,0,0,0,0.07692307692307693,1.0,10.206937789916992,8
AnomalyOnly,A2_etl_logic_error,large,21,ETL_FX_STOCK_3_PRICE,REPORT_LIMIT,3,0,1,1,0.3333333333333333,0.8,0.010967254638671875,1
APA-RCA,A2_etl_logic_error,large,21,ETL_FX_STOCK_3_PRICE,REPORT_LIMIT,2,0,1,1,0.5,0.8,1.2981891632080078,9
APA-RCA-v2,A2_etl_logic_error,large,21,ETL_FX_STOCK_3_PRICE,REPORT_LIMIT,2,0,1,1,0.5,0.8,0.9238719940185547,9
APA-RCA-v3,A2_etl_logic_error,large,21,ETL_FX_STOCK_3_PRICE,REPORT_LIMIT,2,0,1,1,0.5,0.8,0.9169578552246094,9
Schema-Constraint,A2_etl_logic_error,large,21,ETL_FX_STOCK_3_PRICE,REPORT_LIMIT,41,0,0,0,0.024390243902439025,1.0,0.0,0
BFS,A2_etl_logic_error,large,22,ETL_FX_STOCK_7_PRICE,REPORT_LIMIT,20,0,0,0,0.05,1.0,0.8399486541748047,7
Vanilla-RWR,A2_etl_logic_error,large,22,ETL_FX_STOCK_7_PRICE,REPORT_LIMIT,67,0,0,0,0.014925373134328358,1.0,0.9191036224365234,9
Structural-RWR,A2_etl_logic_error,large,22,ETL_FX_STOCK_7_PRICE,REPORT_LIMIT,12,0,0,0,0.08333333333333333,1.0,0.8509159088134766,8
PC+RWR,A2_etl_logic_error,large,22,ETL_FX_STOCK_7_PRICE,REPORT_LIMIT,12,0,0,0,0.08333333333333333,1.0,10.571956634521484,8
AnomalyOnly,A2_etl_logic_error,large,22,ETL_FX_STOCK_7_PRICE,REPORT_LIMIT,3,0,1,1,0.3333333333333333,0.8,0.010967254638671875,1
APA-RCA,A2_etl_logic_error,large,22,ETL_FX_STOCK_7_PRICE,REPORT_LIMIT,2,0,1,1,0.5,0.8,0.9253025054931641,9
APA-RCA-v2,A2_etl_logic_error,large,22,ETL_FX_STOCK_7_PRICE,REPORT_LIMIT,2,0,1,1,0.5,0.8,0.9160041809082031,9
APA-RCA-v3,A2_etl_logic_error,large,22,ETL_FX_STOCK_7_PRICE,REPORT_LIMIT,2,0,1,1,0.5,0.8,0.9198188781738281,9
Schema-Constraint,A2_etl_logic_error,large,22,ETL_FX_STOCK_7_PRICE,REPORT_LIMIT,45,0,0,0,0.022222222222222223,1.0,0.0,0
BFS,A2_etl_logic_error,large,23,ETL_FX_STOCK_1_PRICE,REPORT_LIMIT,20,0,0,0,0.05,1.0,0.8409023284912109,7
Vanilla-RWR,A2_etl_logic_error,large,23,ETL_FX_STOCK_1_PRICE,REPORT_LIMIT,61,0,0,0,0.01639344262295082,1.0,0.9198188781738281,9
Structural-RWR,A2_etl_logic_error,large,23,ETL_FX_STOCK_1_PRICE,REPORT_LIMIT,12,0,0,0,0.08333333333333333,1.0,1.3921260833740234,8
PC+RWR,A2_etl_logic_error,large,23,ETL_FX_STOCK_1_PRICE,REPORT_LIMIT,12,0,0,0,0.08333333333333333,1.0,31.199932098388672,8
AnomalyOnly,A2_etl_logic_error,large,23,ETL_FX_STOCK_1_PRICE,REPORT_LIMIT,3,0,1,1,0.3333333333333333,0.8,0.012159347534179688,1
APA-RCA,A2_etl_logic_error,large,23,ETL_FX_STOCK_1_PRICE,REPORT_LIMIT,2,0,1,1,0.5,0.8,0.9400844573974609,9
APA-RCA-v2,A2_etl_logic_error,large,23,ETL_FX_STOCK_1_PRICE,REPORT_LIMIT,2,0,1,1,0.5,0.8,0.9469985961914062,9
APA-RCA-v3,A2_etl_logic_error,large,23,ETL_FX_STOCK_1_PRICE,REPORT_LIMIT,2,0,1,1,0.5,0.8,0.9260177612304688,9
Schema-Constraint,A2_etl_logic_error,large,23,ETL_FX_STOCK_1_PRICE,REPORT_LIMIT,39,0,0,0,0.02564102564102564,1.0,0.0,0
BFS,A2_etl_logic_error,large,24,ETL_FX_STOCK_4_PRICE,REPORT_LIMIT,20,0,0,0,0.05,1.0,0.8139610290527344,7
Vanilla-RWR,A2_etl_logic_error,large,24,ETL_FX_STOCK_4_PRICE,REPORT_LIMIT,64,0,0,0,0.015625,1.0,1.3408660888671875,9
Structural-RWR,A2_etl_logic_error,large,24,ETL_FX_STOCK_4_PRICE,REPORT_LIMIT,8,0,0,0,0.125,1.0,0.8540153503417969,8
PC+RWR,A2_etl_logic_error,large,24,ETL_FX_STOCK_4_PRICE,REPORT_LIMIT,8,0,0,0,0.125,1.0,10.101079940795898,8
AnomalyOnly,A2_etl_logic_error,large,24,ETL_FX_STOCK_4_PRICE,REPORT_LIMIT,2,0,1,1,0.5,0.8,0.012159347534179688,1
APA-RCA,A2_etl_logic_error,large,24,ETL_FX_STOCK_4_PRICE,REPORT_LIMIT,2,0,1,1,0.5,0.8,0.926971435546875,9
APA-RCA-v2,A2_etl_logic_error,large,24,ETL_FX_STOCK_4_PRICE,REPORT_LIMIT,2,0,1,1,0.5,0.8,0.9257793426513672,9
APA-RCA-v3,A2_etl_logic_error,large,24,ETL_FX_STOCK_4_PRICE,REPORT_LIMIT,2,0,1,1,0.5,0.8,0.9090900421142578,9
Schema-Constraint,A2_etl_logic_error,large,24,ETL_FX_STOCK_4_PRICE,REPORT_LIMIT,42,0,0,0,0.023809523809523808,1.0,0.0,0
BFS,A2_etl_logic_error,large,25,ETL_FX_STOCK_5_PRICE,REPORT_LIMIT,20,0,0,0,0.05,1.0,1.2331008911132812,7
Vanilla-RWR,A2_etl_logic_error,large,25,ETL_FX_STOCK_5_PRICE,REPORT_LIMIT,65,0,0,0,0.015384615384615385,1.0,0.9148120880126953,9
Structural-RWR,A2_etl_logic_error,large,25,ETL_FX_STOCK_5_PRICE,REPORT_LIMIT,9,0,0,0,0.1111111111111111,1.0,0.8540153503417969,8
PC+RWR,A2_etl_logic_error,large,25,ETL_FX_STOCK_5_PRICE,REPORT_LIMIT,9,0,0,0,0.1111111111111111,1.0,10.146856307983398,8
AnomalyOnly,A2_etl_logic_error,large,25,ETL_FX_STOCK_5_PRICE,REPORT_LIMIT,4,0,0,1,0.25,0.8,0.010967254638671875,1
APA-RCA,A2_etl_logic_error,large,25,ETL_FX_STOCK_5_PRICE,REPORT_LIMIT,3,0,1,1,0.3333333333333333,0.8,0.9288787841796875,9
APA-RCA-v2,A2_etl_logic_error,large,25,ETL_FX_STOCK_5_PRICE,REPORT_LIMIT,1,1,1,1,1.0,0.8,0.9388923645019531,9
APA-RCA-v3,A2_etl_logic_error,large,25,ETL_FX_STOCK_5_PRICE,REPORT_LIMIT,1,1,1,1,1.0,0.8,0.9138584136962891,9
Schema-Constraint,A2_etl_logic_error,large,25,ETL_FX_STOCK_5_PRICE,REPORT_LIMIT,43,0,0,0,0.023255813953488372,1.0,0.0,0
BFS,A2_etl_logic_error,large,26,ETL_FX_STOCK_7_PRICE,REPORT_LIMIT,20,0,0,0,0.05,1.0,0.8420944213867188,7
Vanilla-RWR,A2_etl_logic_error,large,26,ETL_FX_STOCK_7_PRICE,REPORT_LIMIT,67,0,0,0,0.014925373134328358,1.0,0.9200572967529297,9
Structural-RWR,A2_etl_logic_error,large,26,ETL_FX_STOCK_7_PRICE,REPORT_LIMIT,7,0,0,0,0.14285714285714285,1.0,0.8459091186523438,8
PC+RWR,A2_etl_logic_error,large,26,ETL_FX_STOCK_7_PRICE,REPORT_LIMIT,7,0,0,0,0.14285714285714285,1.0,10.630130767822266,8
AnomalyOnly,A2_etl_logic_error,large,26,ETL_FX_STOCK_7_PRICE,REPORT_LIMIT,3,0,1,1,0.3333333333333333,0.8,0.011920928955078125,1
APA-RCA,A2_etl_logic_error,large,26,ETL_FX_STOCK_7_PRICE,REPORT_LIMIT,3,0,1,1,0.3333333333333333,0.8,0.9329319000244141,9
APA-RCA-v2,A2_etl_logic_error,large,26,ETL_FX_STOCK_7_PRICE,REPORT_LIMIT,3,0,1,1,0.3333333333333333,0.8,0.9179115295410156,9
APA-RCA-v3,A2_etl_logic_error,large,26,ETL_FX_STOCK_7_PRICE,REPORT_LIMIT,3,0,1,1,0.3333333333333333,0.8,0.9379386901855469,9
Schema-Constraint,A2_etl_logic_error,large,26,ETL_FX_STOCK_7_PRICE,REPORT_LIMIT,45,0,0,0,0.022222222222222223,1.0,0.0,0
BFS,A2_etl_logic_error,large,27,ETL_FX_STOCK_1_PRICE,REPORT_LIMIT,20,0,0,0,0.05,1.0,0.8337497711181641,7
Vanilla-RWR,A2_etl_logic_error,large,27,ETL_FX_STOCK_1_PRICE,REPORT_LIMIT,61,0,0,0,0.01639344262295082,1.0,0.9338855743408203,9
Structural-RWR,A2_etl_logic_error,large,27,ETL_FX_STOCK_1_PRICE,REPORT_LIMIT,10,0,0,0,0.1,1.0,0.8528232574462891,8
PC+RWR,A2_etl_logic_error,large,27,ETL_FX_STOCK_1_PRICE,REPORT_LIMIT,10,0,0,0,0.1,1.0,10.146141052246094,8
AnomalyOnly,A2_etl_logic_error,large,27,ETL_FX_STOCK_1_PRICE,REPORT_LIMIT,2,0,1,1,0.5,0.8,0.010967254638671875,1
APA-RCA,A2_etl_logic_error,large,27,ETL_FX_STOCK_1_PRICE,REPORT_LIMIT,2,0,1,1,0.5,0.8,0.9031295776367188,9
APA-RCA-v2,A2_etl_logic_error,large,27,ETL_FX_STOCK_1_PRICE,REPORT_LIMIT,2,0,1,1,0.5,0.8,0.9520053863525391,9
APA-RCA-v3,A2_etl_logic_error,large,27,ETL_FX_STOCK_1_PRICE,REPORT_LIMIT,2,0,1,1,0.5,0.8,0.9520053863525391,9
Schema-Constraint,A2_etl_logic_error,large,27,ETL_FX_STOCK_1_PRICE,REPORT_LIMIT,39,0,0,0,0.02564102564102564,1.0,0.0,0
BFS,A2_etl_logic_error,large,28,ETL_FX_STOCK_6_PRICE,REPORT_LIMIT,20,0,0,0,0.05,1.0,0.8330345153808594,7
Vanilla-RWR,A2_etl_logic_error,large,28,ETL_FX_STOCK_6_PRICE,REPORT_LIMIT,66,0,0,0,0.015151515151515152,1.0,0.9109973907470703,9
Structural-RWR,A2_etl_logic_error,large,28,ETL_FX_STOCK_6_PRICE,REPORT_LIMIT,13,0,0,0,0.07692307692307693,1.0,0.8630752563476562,8
PC+RWR,A2_etl_logic_error,large,28,ETL_FX_STOCK_6_PRICE,REPORT_LIMIT,13,0,0,0,0.07692307692307693,1.0,10.146856307983398,8
AnomalyOnly,A2_etl_logic_error,large,28,ETL_FX_STOCK_6_PRICE,REPORT_LIMIT,3,0,1,1,0.3333333333333333,0.8,0.010967254638671875,1
APA-RCA,A2_etl_logic_error,large,28,ETL_FX_STOCK_6_PRICE,REPORT_LIMIT,2,0,1,1,0.5,0.8,0.9219646453857422,9
APA-RCA-v2,A2_etl_logic_error,large,28,ETL_FX_STOCK_6_PRICE,REPORT_LIMIT,2,0,1,1,0.5,0.8,0.9109973907470703,9
APA-RCA-v3,A2_etl_logic_error,large,28,ETL_FX_STOCK_6_PRICE,REPORT_LIMIT,2,0,1,1,0.5,0.8,0.9157657623291016,9
Schema-Constraint,A2_etl_logic_error,large,28,ETL_FX_STOCK_6_PRICE,REPORT_LIMIT,44,0,0,0,0.022727272727272728,1.0,0.0,0
BFS,A2_etl_logic_error,large,29,ETL_FX_STOCK_8_PRICE,REPORT_LIMIT,20,0,0,0,0.05,1.0,0.8327960968017578,7
Vanilla-RWR,A2_etl_logic_error,large,29,ETL_FX_STOCK_8_PRICE,REPORT_LIMIT,68,0,0,0,0.014705882352941176,1.0,0.9102821350097656,9
Structural-RWR,A2_etl_logic_error,large,29,ETL_FX_STOCK_8_PRICE,REPORT_LIMIT,13,0,0,0,0.07692307692307693,1.0,0.8590221405029297,8
PC+RWR,A2_etl_logic_error,large,29,ETL_FX_STOCK_8_PRICE,REPORT_LIMIT,13,0,0,0,0.07692307692307693,1.0,10.077953338623047,8
AnomalyOnly,A2_etl_logic_error,large,29,ETL_FX_STOCK_8_PRICE,REPORT_LIMIT,3,0,1,1,0.3333333333333333,0.8,0.01430511474609375,1
APA-RCA,A2_etl_logic_error,large,29,ETL_FX_STOCK_8_PRICE,REPORT_LIMIT,2,0,1,1,0.5,0.8,0.9260177612304688,9
APA-RCA-v2,A2_etl_logic_error,large,29,ETL_FX_STOCK_8_PRICE,REPORT_LIMIT,2,0,1,1,0.5,0.8,0.9181499481201172,9
APA-RCA-v3,A2_etl_logic_error,large,29,ETL_FX_STOCK_8_PRICE,REPORT_LIMIT,2,0,1,1,0.5,0.8,0.9086132049560547,9
Schema-Constraint,A2_etl_logic_error,large,29,ETL_FX_STOCK_8_PRICE,REPORT_LIMIT,46,0,0,0,0.021739130434782608,1.0,0.0,0
BFS,A3_feature_calc_error,large,0,FEAT_VOL20_STOCK_7_PRICE,REPORT_LIMIT,3,0,1,1,0.3333333333333333,0.8,0.8220672607421875,7
Vanilla-RWR,A3_feature_calc_error,large,0,FEAT_VOL20_STOCK_7_PRICE,REPORT_LIMIT,10,0,0,0,0.1,1.0,0.9179115295410156,9
Structural-RWR,A3_feature_calc_error,large,0,FEAT_VOL20_STOCK_7_PRICE,REPORT_LIMIT,36,0,0,0,0.027777777777777776,1.0,0.8633136749267578,8
PC+RWR,A3_feature_calc_error,large,0,FEAT_VOL20_STOCK_7_PRICE,REPORT_LIMIT,36,0,0,0,0.027777777777777776,1.0,10.13493537902832,8
AnomalyOnly,A3_feature_calc_error,large,0,FEAT_VOL20_STOCK_7_PRICE,REPORT_LIMIT,7,0,0,0,0.14285714285714285,1.0,0.010967254638671875,1
APA-RCA,A3_feature_calc_error,large,0,FEAT_VOL20_STOCK_7_PRICE,REPORT_LIMIT,2,0,1,1,0.5,0.8,0.9248256683349609,9
APA-RCA-v2,A3_feature_calc_error,large,0,FEAT_VOL20_STOCK_7_PRICE,REPORT_LIMIT,3,0,1,1,0.3333333333333333,0.8,0.9171962738037109,9
APA-RCA-v3,A3_feature_calc_error,large,0,FEAT_VOL20_STOCK_7_PRICE,REPORT_LIMIT,3,0,1,1,0.3333333333333333,0.8,0.9253025054931641,9
Schema-Constraint,A3_feature_calc_error,large,0,FEAT_VOL20_STOCK_7_PRICE,REPORT_LIMIT,69,0,0,0,0.014492753623188406,1.0,0.0,0
BFS,A3_feature_calc_error,large,1,FEAT_VOL20_STOCK_4_PRICE,REPORT_LIMIT,3,0,1,1,0.3333333333333333,0.8,0.823974609375,7
Vanilla-RWR,A3_feature_calc_error,large,1,FEAT_VOL20_STOCK_4_PRICE,REPORT_LIMIT,7,0,0,0,0.14285714285714285,1.0,0.9171962738037109,9
Structural-RWR,A3_feature_calc_error,large,1,FEAT_VOL20_STOCK_4_PRICE,REPORT_LIMIT,14,0,0,0,0.07142857142857142,1.0,0.8649826049804688,8
PC+RWR,A3_feature_calc_error,large,1,FEAT_VOL20_STOCK_4_PRICE,REPORT_LIMIT,14,0,0,0,0.07142857142857142,1.0,10.078907012939453,8
AnomalyOnly,A3_feature_calc_error,large,1,FEAT_VOL20_STOCK_4_PRICE,REPORT_LIMIT,1,1,1,1,1.0,0.8,0.010967254638671875,1
APA-RCA,A3_feature_calc_error,large,1,FEAT_VOL20_STOCK_4_PRICE,REPORT_LIMIT,1,1,1,1,1.0,0.8,0.9348392486572266,9
APA-RCA-v2,A3_feature_calc_error,large,1,FEAT_VOL20_STOCK_4_PRICE,REPORT_LIMIT,2,0,1,1,0.5,0.8,0.9081363677978516,9
APA-RCA-v3,A3_feature_calc_error,large,1,FEAT_VOL20_STOCK_4_PRICE,REPORT_LIMIT,2,0,1,1,0.5,0.8,1.2738704681396484,9
Schema-Constraint,A3_feature_calc_error,large,1,FEAT_VOL20_STOCK_4_PRICE,REPORT_LIMIT,66,0,0,0,0.015151515151515152,1.0,0.0,0
BFS,A3_feature_calc_error,large,2,FEAT_VOL20_STOCK_7_PRICE,REPORT_DASHBOARD,4,0,0,1,0.25,0.8,0.8411407470703125,6
Vanilla-RWR,A3_feature_calc_error,large,2,FEAT_VOL20_STOCK_7_PRICE,REPORT_DASHBOARD,42,0,0,0,0.023809523809523808,1.0,0.9069442749023438,9
Structural-RWR,A3_feature_calc_error,large,2,FEAT_VOL20_STOCK_7_PRICE,REPORT_DASHBOARD,22,0,0,0,0.045454545454545456,1.0,0.8490085601806641,8
PC+RWR,A3_feature_calc_error,large,2,FEAT_VOL20_STOCK_7_PRICE,REPORT_DASHBOARD,22,0,0,0,0.045454545454545456,1.0,10.161876678466797,8
AnomalyOnly,A3_feature_calc_error,large,2,FEAT_VOL20_STOCK_7_PRICE,REPORT_DASHBOARD,1,1,1,1,1.0,0.8,0.010967254638671875,1
APA-RCA,A3_feature_calc_error,large,2,FEAT_VOL20_STOCK_7_PRICE,REPORT_DASHBOARD,1,1,1,1,1.0,0.8,0.9150505065917969,9
APA-RCA-v2,A3_feature_calc_error,large,2,FEAT_VOL20_STOCK_7_PRICE,REPORT_DASHBOARD,2,0,1,1,0.5,0.8,1.2831687927246094,9
APA-RCA-v3,A3_feature_calc_error,large,2,FEAT_VOL20_STOCK_7_PRICE,REPORT_DASHBOARD,2,0,1,1,0.5,0.8,0.9119510650634766,9
Schema-Constraint,A3_feature_calc_error,large,2,FEAT_VOL20_STOCK_7_PRICE,REPORT_DASHBOARD,69,0,0,0,0.014492753623188406,1.0,0.0,0
BFS,A3_feature_calc_error,large,3,FEAT_VOL20_STOCK_7_PRICE,REPORT_LIMIT,10,0,0,0,0.1,1.0,0.804901123046875,7
Vanilla-RWR,A3_feature_calc_error,large,3,FEAT_VOL20_STOCK_7_PRICE,REPORT_LIMIT,10,0,0,0,0.1,1.0,0.9112358093261719,9
Structural-RWR,A3_feature_calc_error,large,3,FEAT_VOL20_STOCK_7_PRICE,REPORT_LIMIT,59,0,0,0,0.01694915254237288,1.0,0.843048095703125,8
PC+RWR,A3_feature_calc_error,large,3,FEAT_VOL20_STOCK_7_PRICE,REPORT_LIMIT,59,0,0,0,0.01694915254237288,1.0,10.133981704711914,8
AnomalyOnly,A3_feature_calc_error,large,3,FEAT_VOL20_STOCK_7_PRICE,REPORT_LIMIT,50,0,0,0,0.02,1.0,0.012159347534179688,1
APA-RCA,A3_feature_calc_error,large,3,FEAT_VOL20_STOCK_7_PRICE,REPORT_LIMIT,21,0,0,0,0.047619047619047616,1.0,1.293182373046875,9
APA-RCA-v2,A3_feature_calc_error,large,3,FEAT_VOL20_STOCK_7_PRICE,REPORT_LIMIT,32,0,0,0,0.03125,1.0,0.9090900421142578,9
APA-RCA-v3,A3_feature_calc_error,large,3,FEAT_VOL20_STOCK_7_PRICE,REPORT_LIMIT,32,0,0,0,0.03125,1.0,0.9059906005859375,9
Schema-Constraint,A3_feature_calc_error,large,3,FEAT_VOL20_STOCK_7_PRICE,REPORT_LIMIT,69,0,0,0,0.014492753623188406,1.0,0.0,0
BFS,A3_feature_calc_error,large,4,FEAT_VOL20_STOCK_6_PRICE,REPORT_LIMIT,3,0,1,1,0.3333333333333333,0.8,0.8158683776855469,7
Vanilla-RWR,A3_feature_calc_error,large,4,FEAT_VOL20_STOCK_6_PRICE,REPORT_LIMIT,9,0,0,0,0.1111111111111111,1.0,0.9129047393798828,9
Structural-RWR,A3_feature_calc_error,large,4,FEAT_VOL20_STOCK_6_PRICE,REPORT_LIMIT,19,0,0,0,0.05263157894736842,1.0,0.8442401885986328,8
PC+RWR,A3_feature_calc_error,large,4,FEAT_VOL20_STOCK_6_PRICE,REPORT_LIMIT,19,0,0,0,0.05263157894736842,1.0,10.557174682617188,8
AnomalyOnly,A3_feature_calc_error,large,4,FEAT_VOL20_STOCK_6_PRICE,REPORT_LIMIT,1,1,1,1,1.0,0.8,0.012159347534179688,1
APA-RCA,A3_feature_calc_error,large,4,FEAT_VOL20_STOCK_6_PRICE,REPORT_LIMIT,1,1,1,1,1.0,0.8,0.9300708770751953,9
APA-RCA-v2,A3_feature_calc_error,large,4,FEAT_VOL20_STOCK_6_PRICE,REPORT_LIMIT,3,0,1,1,0.3333333333333333,0.8,0.904083251953125,9
APA-RCA-v3,A3_feature_calc_error,large,4,FEAT_VOL20_STOCK_6_PRICE,REPORT_LIMIT,3,0,1,1,0.3333333333333333,0.8,0.9109973907470703,9
Schema-Constraint,A3_feature_calc_error,large,4,FEAT_VOL20_STOCK_6_PRICE,REPORT_LIMIT,68,0,0,0,0.014705882352941176,1.0,0.0,0
BFS,A3_feature_calc_error,large,5,FEAT_VOL20_STOCK_6_PRICE,REPORT_LIMIT,3,0,1,1,0.3333333333333333,0.8,0.8289813995361328,7
Vanilla-RWR,A3_feature_calc_error,large,5,FEAT_VOL20_STOCK_6_PRICE,REPORT_LIMIT,9,0,0,0,0.1111111111111111,1.0,0.9090900421142578,9
Structural-RWR,A3_feature_calc_error,large,5,FEAT_VOL20_STOCK_6_PRICE,REPORT_LIMIT,17,0,0,0,0.058823529411764705,1.0,1.3880729675292969,8
PC+RWR,A3_feature_calc_error,large,5,FEAT_VOL20_STOCK_6_PRICE,REPORT_LIMIT,17,0,0,0,0.058823529411764705,1.0,10.025978088378906,8
AnomalyOnly,A3_feature_calc_error,large,5,FEAT_VOL20_STOCK_6_PRICE,REPORT_LIMIT,1,1,1,1,1.0,0.8,0.010013580322265625,1
APA-RCA,A3_feature_calc_error,large,5,FEAT_VOL20_STOCK_6_PRICE,REPORT_LIMIT,1,1,1,1,1.0,0.8,0.9129047393798828,9
APA-RCA-v2,A3_feature_calc_error,large,5,FEAT_VOL20_STOCK_6_PRICE,REPORT_LIMIT,1,1,1,1,1.0,0.8,0.9031295776367188,9
APA-RCA-v3,A3_feature_calc_error,large,5,FEAT_VOL20_STOCK_6_PRICE,REPORT_LIMIT,1,1,1,1,1.0,0.8,0.90789794921875,9
Schema-Constraint,A3_feature_calc_error,large,5,FEAT_VOL20_STOCK_6_PRICE,REPORT_LIMIT,68,0,0,0,0.014705882352941176,1.0,0.0,0
BFS,A3_feature_calc_error,large,6,FEAT_VOL20_STOCK_4_PRICE,REPORT_LIMIT,3,0,1,1,0.3333333333333333,0.8,0.8261203765869141,7
Vanilla-RWR,A3_feature_calc_error,large,6,FEAT_VOL20_STOCK_4_PRICE,REPORT_LIMIT,7,0,0,0,0.14285714285714285,1.0,1.3670921325683594,9
Structural-RWR,A3_feature_calc_error,large,6,FEAT_VOL20_STOCK_4_PRICE,REPORT_LIMIT,23,0,0,0,0.043478260869565216,1.0,22.366046905517578,8
PC+RWR,A3_feature_calc_error,large,6,FEAT_VOL20_STOCK_4_PRICE,REPORT_LIMIT,23,0,0,0,0.043478260869565216,1.0,10.097026824951172,8
AnomalyOnly,A3_feature_calc_error,large,6,FEAT_VOL20_STOCK_4_PRICE,REPORT_LIMIT,1,1,1,1,1.0,0.8,0.012159347534179688,1
APA-RCA,A3_feature_calc_error,large,6,FEAT_VOL20_STOCK_4_PRICE,REPORT_LIMIT,1,1,1,1,1.0,0.8,0.9298324584960938,9
APA-RCA-v2,A3_feature_calc_error,large,6,FEAT_VOL20_STOCK_4_PRICE,REPORT_LIMIT,2,0,1,1,0.5,0.8,0.9229183197021484,9
APA-RCA-v3,A3_feature_calc_error,large,6,FEAT_VOL20_STOCK_4_PRICE,REPORT_LIMIT,2,0,1,1,0.5,0.8,0.9238719940185547,9
Schema-Constraint,A3_feature_calc_error,large,6,FEAT_VOL20_STOCK_4_PRICE,REPORT_LIMIT,66,0,0,0,0.015151515151515152,1.0,0.0,0
BFS,A3_feature_calc_error,large,7,FEAT_VOL20_STOCK_8_PRICE,REPORT_LIMIT,3,0,1,1,0.3333333333333333,0.8,0.8139610290527344,7
Vanilla-RWR,A3_feature_calc_error,large,7,FEAT_VOL20_STOCK_8_PRICE,REPORT_LIMIT,11,0,0,0,0.09090909090909091,1.0,1.3649463653564453,9
Structural-RWR,A3_feature_calc_error,large,7,FEAT_VOL20_STOCK_8_PRICE,REPORT_LIMIT,21,0,0,0,0.047619047619047616,1.0,0.8459091186523438,8
PC+RWR,A3_feature_calc_error,large,7,FEAT_VOL20_STOCK_8_PRICE,REPORT_LIMIT,21,0,0,0,0.047619047619047616,1.0,10.350942611694336,8
AnomalyOnly,A3_feature_calc_error,large,7,FEAT_VOL20_STOCK_8_PRICE,REPORT_LIMIT,2,0,1,1,0.5,0.8,0.011920928955078125,1
APA-RCA,A3_feature_calc_error,large,7,FEAT_VOL20_STOCK_8_PRICE,REPORT_LIMIT,1,1,1,1,1.0,0.8,0.9570121765136719,9
APA-RCA-v2,A3_feature_calc_error,large,7,FEAT_VOL20_STOCK_8_PRICE,REPORT_LIMIT,2,0,1,1,0.5,0.8,0.9472370147705078,9
APA-RCA-v3,A3_feature_calc_error,large,7,FEAT_VOL20_STOCK_8_PRICE,REPORT_LIMIT,2,0,1,1,0.5,0.8,0.9400844573974609,9
Schema-Constraint,A3_feature_calc_error,large,7,FEAT_VOL20_STOCK_8_PRICE,REPORT_LIMIT,70,0,0,0,0.014285714285714285,1.0,0.0,0
BFS,A3_feature_calc_error,large,8,FEAT_VOL20_STOCK_6_PRICE,REPORT_LIMIT,3,0,1,1,0.3333333333333333,0.8,1.249074935913086,7
Vanilla-RWR,A3_feature_calc_error,large,8,FEAT_VOL20_STOCK_6_PRICE,REPORT_LIMIT,9,0,0,0,0.1111111111111111,1.0,0.9207725524902344,9
Structural-RWR,A3_feature_calc_error,large,8,FEAT_VOL20_STOCK_6_PRICE,REPORT_LIMIT,23,0,0,0,0.043478260869565216,1.0,0.8440017700195312,8
PC+RWR,A3_feature_calc_error,large,8,FEAT_VOL20_STOCK_6_PRICE,REPORT_LIMIT,23,0,0,0,0.043478260869565216,1.0,10.051250457763672,8
AnomalyOnly,A3_feature_calc_error,large,8,FEAT_VOL20_STOCK_6_PRICE,REPORT_LIMIT,1,1,1,1,1.0,0.8,0.011682510375976562,1
APA-RCA,A3_feature_calc_error,large,8,FEAT_VOL20_STOCK_6_PRICE,REPORT_LIMIT,1,1,1,1,1.0,0.8,0.9210109710693359,9
APA-RCA-v2,A3_feature_calc_error,large,8,FEAT_VOL20_STOCK_6_PRICE,REPORT_LIMIT,2,0,1,1,0.5,0.8,0.9107589721679688,9
APA-RCA-v3,A3_feature_calc_error,large,8,FEAT_VOL20_STOCK_6_PRICE,REPORT_LIMIT,2,0,1,1,0.5,0.8,0.9028911590576172,9
Schema-Constraint,A3_feature_calc_error,large,8,FEAT_VOL20_STOCK_6_PRICE,REPORT_LIMIT,68,0,0,0,0.014705882352941176,1.0,0.0,0
BFS,A3_feature_calc_error,large,9,FEAT_VOL20_STOCK_4_PRICE,REPORT_LIMIT,3,0,1,1,0.3333333333333333,0.8,0.8308887481689453,7
Vanilla-RWR,A3_feature_calc_error,large,9,FEAT_VOL20_STOCK_4_PRICE,REPORT_LIMIT,7,0,0,0,0.14285714285714285,1.0,0.9360313415527344,9
Structural-RWR,A3_feature_calc_error,large,9,FEAT_VOL20_STOCK_4_PRICE,REPORT_LIMIT,23,0,0,0,0.043478260869565216,1.0,0.8611679077148438,8
PC+RWR,A3_feature_calc_error,large,9,FEAT_VOL20_STOCK_4_PRICE,REPORT_LIMIT,23,0,0,0,0.043478260869565216,1.0,10.42485237121582,8
AnomalyOnly,A3_feature_calc_error,large,9,FEAT_VOL20_STOCK_4_PRICE,REPORT_LIMIT,3,0,1,1,0.3333333333333333,0.8,0.01621246337890625,1
APA-RCA,A3_feature_calc_error,large,9,FEAT_VOL20_STOCK_4_PRICE,REPORT_LIMIT,1,1,1,1,1.0,0.8,0.9398460388183594,9
APA-RCA-v2,A3_feature_calc_error,large,9,FEAT_VOL20_STOCK_4_PRICE,REPORT_LIMIT,2,0,1,1,0.5,0.8,0.8578300476074219,9
APA-RCA-v3,A3_feature_calc_error,large,9,FEAT_VOL20_STOCK_4_PRICE,REPORT_LIMIT,2,0,1,1,0.5,0.8,0.9441375732421875,9
Schema-Constraint,A3_feature_calc_error,large,9,FEAT_VOL20_STOCK_4_PRICE,REPORT_LIMIT,66,0,0,0,0.015151515151515152,1.0,0.0,0
BFS,A3_feature_calc_error,large,10,FEAT_VOL20_STOCK_7_PRICE,REPORT_DASHBOARD,4,0,0,1,0.25,0.8,0.8151531219482422,6
Vanilla-RWR,A3_feature_calc_error,large,10,FEAT_VOL20_STOCK_7_PRICE,REPORT_DASHBOARD,42,0,0,0,0.023809523809523808,1.0,0.9272098541259766,9
Structural-RWR,A3_feature_calc_error,large,10,FEAT_VOL20_STOCK_7_PRICE,REPORT_DASHBOARD,24,0,0,0,0.041666666666666664,1.0,0.8590221405029297,8
PC+RWR,A3_feature_calc_error,large,10,FEAT_VOL20_STOCK_7_PRICE,REPORT_DASHBOARD,24,0,0,0,0.041666666666666664,1.0,10.218381881713867,8
AnomalyOnly,A3_feature_calc_error,large,10,FEAT_VOL20_STOCK_7_PRICE,REPORT_DASHBOARD,2,0,1,1,0.5,0.8,0.010967254638671875,1
APA-RCA,A3_feature_calc_error,large,10,FEAT_VOL20_STOCK_7_PRICE,REPORT_DASHBOARD,1,1,1,1,1.0,0.8,0.926971435546875,9
APA-RCA-v2,A3_feature_calc_error,large,10,FEAT_VOL20_STOCK_7_PRICE,REPORT_DASHBOARD,2,0,1,1,0.5,0.8,0.9171962738037109,9
APA-RCA-v3,A3_feature_calc_error,large,10,FEAT_VOL20_STOCK_7_PRICE,REPORT_DASHBOARD,2,0,1,1,0.5,0.8,0.9059906005859375,9
Schema-Constraint,A3_feature_calc_error,large,10,FEAT_VOL20_STOCK_7_PRICE,REPORT_DASHBOARD,69,0,0,0,0.014492753623188406,1.0,0.0,0
BFS,A3_feature_calc_error,large,11,FEAT_VOL20_STOCK_2_PRICE,REPORT_LIMIT,4,0,0,1,0.25,0.8,0.8299350738525391,7
Vanilla-RWR,A3_feature_calc_error,large,11,FEAT_VOL20_STOCK_2_PRICE,REPORT_LIMIT,5,0,0,1,0.2,0.8,0.9191036224365234,9
Structural-RWR,A3_feature_calc_error,large,11,FEAT_VOL20_STOCK_2_PRICE,REPORT_LIMIT,55,0,0,0,0.01818181818181818,1.0,0.8711814880371094,8
PC+RWR,A3_feature_calc_error,large,11,FEAT_VOL20_STOCK_2_PRICE,REPORT_LIMIT,55,0,0,0,0.01818181818181818,1.0,10.103940963745117,8
AnomalyOnly,A3_feature_calc_error,large,11,FEAT_VOL20_STOCK_2_PRICE,REPORT_LIMIT,13,0,0,0,0.07692307692307693,1.0,0.011205673217773438,1
APA-RCA,A3_feature_calc_error,large,11,FEAT_VOL20_STOCK_2_PRICE,REPORT_LIMIT,8,0,0,0,0.125,1.0,0.9219646453857422,9
APA-RCA-v2,A3_feature_calc_error,large,11,FEAT_VOL20_STOCK_2_PRICE,REPORT_LIMIT,16,0,0,0,0.0625,1.0,0.9191036224365234,9
APA-RCA-v3,A3_feature_calc_error,large,11,FEAT_VOL20_STOCK_2_PRICE,REPORT_LIMIT,16,0,0,0,0.0625,1.0,0.9126663208007812,9
Schema-Constraint,A3_feature_calc_error,large,11,FEAT_VOL20_STOCK_2_PRICE,REPORT_LIMIT,64,0,0,0,0.015625,1.0,0.0,0
BFS,A3_feature_calc_error,large,12,FEAT_VOL20_STOCK_5_PRICE,REPORT_LIMIT,3,0,1,1,0.3333333333333333,0.8,0.8027553558349609,7
Vanilla-RWR,A3_feature_calc_error,large,12,FEAT_VOL20_STOCK_5_PRICE,REPORT_LIMIT,8,0,0,0,0.125,1.0,0.9150505065917969,9
Structural-RWR,A3_feature_calc_error,large,12,FEAT_VOL20_STOCK_5_PRICE,REPORT_LIMIT,17,0,0,0,0.058823529411764705,1.0,0.8568763732910156,8
PC+RWR,A3_feature_calc_error,large,12,FEAT_VOL20_STOCK_5_PRICE,REPORT_LIMIT,17,0,0,0,0.058823529411764705,1.0,10.076045989990234,8
AnomalyOnly,A3_feature_calc_error,large,12,FEAT_VOL20_STOCK_5_PRICE,REPORT_LIMIT,1,1,1,1,1.0,0.8,0.010967254638671875,1
APA-RCA,A3_feature_calc_error,large,12,FEAT_VOL20_STOCK_5_PRICE,REPORT_LIMIT,1,1,1,1,1.0,0.8,0.9188652038574219,9
APA-RCA-v2,A3_feature_calc_error,large,12,FEAT_VOL20_STOCK_5_PRICE,REPORT_LIMIT,2,0,1,1,0.5,0.8,0.9102821350097656,9
APA-RCA-v3,A3_feature_calc_error,large,12,FEAT_VOL20_STOCK_5_PRICE,REPORT_LIMIT,2,0,1,1,0.5,0.8,0.9107589721679688,9
Schema-Constraint,A3_feature_calc_error,large,12,FEAT_VOL20_STOCK_5_PRICE,REPORT_LIMIT,67,0,0,0,0.014925373134328358,1.0,0.0,0
BFS,A3_feature_calc_error,large,13,FEAT_VOL20_STOCK_8_PRICE,REPORT_LIMIT,3,0,1,1,0.3333333333333333,0.8,0.8280277252197266,7
Vanilla-RWR,A3_feature_calc_error,large,13,FEAT_VOL20_STOCK_8_PRICE,REPORT_LIMIT,11,0,0,0,0.09090909090909091,1.0,0.9090900421142578,9
Structural-RWR,A3_feature_calc_error,large,13,FEAT_VOL20_STOCK_8_PRICE,REPORT_LIMIT,20,0,0,0,0.05,1.0,0.8540153503417969,8
PC+RWR,A3_feature_calc_error,large,13,FEAT_VOL20_STOCK_8_PRICE,REPORT_LIMIT,20,0,0,0,0.05,1.0,10.117053985595703,8
AnomalyOnly,A3_feature_calc_error,large,13,FEAT_VOL20_STOCK_8_PRICE,REPORT_LIMIT,1,1,1,1,1.0,0.8,0.010967254638671875,1
APA-RCA,A3_feature_calc_error,large,13,FEAT_VOL20_STOCK_8_PRICE,REPORT_LIMIT,1,1,1,1,1.0,0.8,0.9281635284423828,9
APA-RCA-v2,A3_feature_calc_error,large,13,FEAT_VOL20_STOCK_8_PRICE,REPORT_LIMIT,1,1,1,1,1.0,0.8,0.9131431579589844,9
APA-RCA-v3,A3_feature_calc_error,large,13,FEAT_VOL20_STOCK_8_PRICE,REPORT_LIMIT,1,1,1,1,1.0,0.8,0.9489059448242188,9
Schema-Constraint,A3_feature_calc_error,large,13,FEAT_VOL20_STOCK_8_PRICE,REPORT_LIMIT,70,0,0,0,0.014285714285714285,1.0,0.0,0
BFS,A3_feature_calc_error,large,14,FEAT_VOL20_STOCK_2_PRICE,REPORT_DASHBOARD,5,0,0,1,0.2,0.8,0.8330345153808594,6
Vanilla-RWR,A3_feature_calc_error,large,14,FEAT_VOL20_STOCK_2_PRICE,REPORT_DASHBOARD,37,0,0,0,0.02702702702702703,1.0,0.9090900421142578,9
Structural-RWR,A3_feature_calc_error,large,14,FEAT_VOL20_STOCK_2_PRICE,REPORT_DASHBOARD,24,0,0,0,0.041666666666666664,1.0,0.8749961853027344,8
PC+RWR,A3_feature_calc_error,large,14,FEAT_VOL20_STOCK_2_PRICE,REPORT_DASHBOARD,24,0,0,0,0.041666666666666664,1.0,10.098934173583984,8
AnomalyOnly,A3_feature_calc_error,large,14,FEAT_VOL20_STOCK_2_PRICE,REPORT_DASHBOARD,3,0,1,1,0.3333333333333333,0.8,0.010967254638671875,1
APA-RCA,A3_feature_calc_error,large,14,FEAT_VOL20_STOCK_2_PRICE,REPORT_DASHBOARD,2,0,1,1,0.5,0.8,0.9152889251708984,9
APA-RCA-v2,A3_feature_calc_error,large,14,FEAT_VOL20_STOCK_2_PRICE,REPORT_DASHBOARD,3,0,1,1,0.3333333333333333,0.8,0.9081363677978516,9
APA-RCA-v3,A3_feature_calc_error,large,14,FEAT_VOL20_STOCK_2_PRICE,REPORT_DASHBOARD,3,0,1,1,0.3333333333333333,0.8,1.2569427490234375,9
Schema-Constraint,A3_feature_calc_error,large,14,FEAT_VOL20_STOCK_2_PRICE,REPORT_DASHBOARD,64,0,0,0,0.015625,1.0,0.0,0
BFS,A3_feature_calc_error,large,15,FEAT_VOL20_STOCK_8_PRICE,REPORT_LIMIT,3,0,1,1,0.3333333333333333,0.8,0.843048095703125,7
Vanilla-RWR,A3_feature_calc_error,large,15,FEAT_VOL20_STOCK_8_PRICE,REPORT_LIMIT,11,0,0,0,0.09090909090909091,1.0,0.9369850158691406,9
Structural-RWR,A3_feature_calc_error,large,15,FEAT_VOL20_STOCK_8_PRICE,REPORT_LIMIT,22,0,0,0,0.045454545454545456,1.0,0.8540153503417969,8
PC+RWR,A3_feature_calc_error,large,15,FEAT_VOL20_STOCK_8_PRICE,REPORT_LIMIT,22,0,0,0,0.045454545454545456,1.0,10.641098022460938,8
AnomalyOnly,A3_feature_calc_error,large,15,FEAT_VOL20_STOCK_8_PRICE,REPORT_LIMIT,1,1,1,1,1.0,0.8,0.012159347534179688,1
APA-RCA,A3_feature_calc_error,large,15,FEAT_VOL20_STOCK_8_PRICE,REPORT_LIMIT,1,1,1,1,1.0,0.8,0.9870529174804688,9
APA-RCA-v2,A3_feature_calc_error,large,15,FEAT_VOL20_STOCK_8_PRICE,REPORT_LIMIT,3,0,1,1,0.3333333333333333,0.8,1.4090538024902344,9
APA-RCA-v3,A3_feature_calc_error,large,15,FEAT_VOL20_STOCK_8_PRICE,REPORT_LIMIT,3,0,1,1,0.3333333333333333,0.8,0.9429454803466797,9
Schema-Constraint,A3_feature_calc_error,large,15,FEAT_VOL20_STOCK_8_PRICE,REPORT_LIMIT,70,0,0,0,0.014285714285714285,1.0,0.0,0
BFS,A3_feature_calc_error,large,16,FEAT_VOL20_STOCK_5_PRICE,REPORT_LIMIT,6,0,0,0,0.16666666666666666,1.0,0.8709430694580078,7
Vanilla-RWR,A3_feature_calc_error,large,16,FEAT_VOL20_STOCK_5_PRICE,REPORT_LIMIT,8,0,0,0,0.125,1.0,0.9770393371582031,9
Structural-RWR,A3_feature_calc_error,large,16,FEAT_VOL20_STOCK_5_PRICE,REPORT_LIMIT,57,0,0,0,0.017543859649122806,1.0,0.8859634399414062,8
PC+RWR,A3_feature_calc_error,large,16,FEAT_VOL20_STOCK_5_PRICE,REPORT_LIMIT,57,0,0,0,0.017543859649122806,1.0,11.016845703125,8
AnomalyOnly,A3_feature_calc_error,large,16,FEAT_VOL20_STOCK_5_PRICE,REPORT_LIMIT,18,0,0,0,0.05555555555555555,1.0,0.012874603271484375,1
APA-RCA,A3_feature_calc_error,large,16,FEAT_VOL20_STOCK_5_PRICE,REPORT_LIMIT,8,0,0,0,0.125,1.0,1.48773193359375,9
APA-RCA-v2,A3_feature_calc_error,large,16,FEAT_VOL20_STOCK_5_PRICE,REPORT_LIMIT,12,0,0,0,0.08333333333333333,1.0,0.9469985961914062,9
APA-RCA-v3,A3_feature_calc_error,large,16,FEAT_VOL20_STOCK_5_PRICE,REPORT_LIMIT,12,0,0,0,0.08333333333333333,1.0,1.0111331939697266,9
Schema-Constraint,A3_feature_calc_error,large,16,FEAT_VOL20_STOCK_5_PRICE,REPORT_LIMIT,67,0,0,0,0.014925373134328358,1.0,0.0,0
BFS,A3_feature_calc_error,large,17,FEAT_VOL20_STOCK_6_PRICE,REPORT_LIMIT,6,0,0,0,0.16666666666666666,1.0,0.9181499481201172,7
Vanilla-RWR,A3_feature_calc_error,large,17,FEAT_VOL20_STOCK_6_PRICE,REPORT_LIMIT,9,0,0,0,0.1111111111111111,1.0,1.0721683502197266,9
Structural-RWR,A3_feature_calc_error,large,17,FEAT_VOL20_STOCK_6_PRICE,REPORT_LIMIT,59,0,0,0,0.01694915254237288,1.0,0.9143352508544922,8
PC+RWR,A3_feature_calc_error,large,17,FEAT_VOL20_STOCK_6_PRICE,REPORT_LIMIT,59,0,0,0,0.01694915254237288,1.0,11.691093444824219,8
AnomalyOnly,A3_feature_calc_error,large,17,FEAT_VOL20_STOCK_6_PRICE,REPORT_LIMIT,30,0,0,0,0.03333333333333333,1.0,0.012159347534179688,1
APA-RCA,A3_feature_calc_error,large,17,FEAT_VOL20_STOCK_6_PRICE,REPORT_LIMIT,8,0,0,0,0.125,1.0,0.9887218475341797,9
APA-RCA-v2,A3_feature_calc_error,large,17,FEAT_VOL20_STOCK_6_PRICE,REPORT_LIMIT,20,0,0,0,0.05,1.0,0.9679794311523438,9
APA-RCA-v3,A3_feature_calc_error,large,17,FEAT_VOL20_STOCK_6_PRICE,REPORT_LIMIT,20,0,0,0,0.05,1.0,0.9601116180419922,9
Schema-Constraint,A3_feature_calc_error,large,17,FEAT_VOL20_STOCK_6_PRICE,REPORT_LIMIT,68,0,0,0,0.014705882352941176,1.0,0.0,0
BFS,A3_feature_calc_error,large,18,FEAT_VOL20_STOCK_8_PRICE,REPORT_LIMIT,4,0,0,1,0.25,0.8,0.888824462890625,7
Vanilla-RWR,A3_feature_calc_error,large,18,FEAT_VOL20_STOCK_8_PRICE,REPORT_LIMIT,11,0,0,0,0.09090909090909091,1.0,1.0039806365966797,9
Structural-RWR,A3_feature_calc_error,large,18,FEAT_VOL20_STOCK_8_PRICE,REPORT_LIMIT,48,0,0,0,0.020833333333333332,1.0,1.561880111694336,8
PC+RWR,A3_feature_calc_error,large,18,FEAT_VOL20_STOCK_8_PRICE,REPORT_LIMIT,48,0,0,0,0.020833333333333332,1.0,10.903120040893555,8
AnomalyOnly,A3_feature_calc_error,large,18,FEAT_VOL20_STOCK_8_PRICE,REPORT_LIMIT,7,0,0,0,0.14285714285714285,1.0,0.011920928955078125,1
APA-RCA,A3_feature_calc_error,large,18,FEAT_VOL20_STOCK_8_PRICE,REPORT_LIMIT,5,0,0,1,0.2,0.8,0.9992122650146484,9
APA-RCA-v2,A3_feature_calc_error,large,18,FEAT_VOL20_STOCK_8_PRICE,REPORT_LIMIT,9,0,0,0,0.1111111111111111,1.0,0.9720325469970703,9
APA-RCA-v3,A3_feature_calc_error,large,18,FEAT_VOL20_STOCK_8_PRICE,REPORT_LIMIT,9,0,0,0,0.1111111111111111,1.0,0.9777545928955078,9
Schema-Constraint,A3_feature_calc_error,large,18,FEAT_VOL20_STOCK_8_PRICE,REPORT_LIMIT,70,0,0,0,0.014285714285714285,1.0,0.0,0
BFS,A3_feature_calc_error,large,19,FEAT_VOL20_STOCK_5_PRICE,REPORT_LIMIT,3,0,1,1,0.3333333333333333,0.8,0.8997917175292969,7
Vanilla-RWR,A3_feature_calc_error,large,19,FEAT_VOL20_STOCK_5_PRICE,REPORT_LIMIT,8,0,0,0,0.125,1.0,1.5752315521240234,9
Structural-RWR,A3_feature_calc_error,large,19,FEAT_VOL20_STOCK_5_PRICE,REPORT_LIMIT,20,0,0,0,0.05,1.0,0.9191036224365234,8
PC+RWR,A3_feature_calc_error,large,19,FEAT_VOL20_STOCK_5_PRICE,REPORT_LIMIT,20,0,0,0,0.05,1.0,10.89787483215332,8
AnomalyOnly,A3_feature_calc_error,large,19,FEAT_VOL20_STOCK_5_PRICE,REPORT_LIMIT,1,1,1,1,1.0,0.8,0.012159347534179688,1
APA-RCA,A3_feature_calc_error,large,19,FEAT_VOL20_STOCK_5_PRICE,REPORT_LIMIT,1,1,1,1,1.0,0.8,0.9870529174804688,9
APA-RCA-v2,A3_feature_calc_error,large,19,FEAT_VOL20_STOCK_5_PRICE,REPORT_LIMIT,2,0,1,1,0.5,0.8,0.9801387786865234,9
APA-RCA-v3,A3_feature_calc_error,large,19,FEAT_VOL20_STOCK_5_PRICE,REPORT_LIMIT,2,0,1,1,0.5,0.8,0.9789466857910156,9
Schema-Constraint,A3_feature_calc_error,large,19,FEAT_VOL20_STOCK_5_PRICE,REPORT_LIMIT,67,0,0,0,0.014925373134328358,1.0,0.0,0
BFS,A3_feature_calc_error,large,20,FEAT_VOL20_STOCK_8_PRICE,REPORT_LIMIT,5,0,0,1,0.2,0.8,1.4841556549072266,7
Vanilla-RWR,A3_feature_calc_error,large,20,FEAT_VOL20_STOCK_8_PRICE,REPORT_LIMIT,11,0,0,0,0.09090909090909091,1.0,34.71803665161133,9
Structural-RWR,A3_feature_calc_error,large,20,FEAT_VOL20_STOCK_8_PRICE,REPORT_LIMIT,53,0,0,0,0.018867924528301886,1.0,0.9341239929199219,8
PC+RWR,A3_feature_calc_error,large,20,FEAT_VOL20_STOCK_8_PRICE,REPORT_LIMIT,53,0,0,0,0.018867924528301886,1.0,10.890960693359375,8
AnomalyOnly,A3_feature_calc_error,large,20,FEAT_VOL20_STOCK_8_PRICE,REPORT_LIMIT,12,0,0,0,0.08333333333333333,1.0,0.013113021850585938,1
APA-RCA,A3_feature_calc_error,large,20,FEAT_VOL20_STOCK_8_PRICE,REPORT_LIMIT,6,0,0,0,0.16666666666666666,1.0,0.9829998016357422,9
APA-RCA-v2,A3_feature_calc_error,large,20,FEAT_VOL20_STOCK_8_PRICE,REPORT_LIMIT,10,0,0,0,0.1,1.0,0.9667873382568359,9
APA-RCA-v3,A3_feature_calc_error,large,20,FEAT_VOL20_STOCK_8_PRICE,REPORT_LIMIT,10,0,0,0,0.1,1.0,0.9579658508300781,9
Schema-Constraint,A3_feature_calc_error,large,20,FEAT_VOL20_STOCK_8_PRICE,REPORT_LIMIT,70,0,0,0,0.014285714285714285,1.0,0.0,0
BFS,A3_feature_calc_error,large,21,FEAT_VOL20_STOCK_3_PRICE,REPORT_DASHBOARD,4,0,0,1,0.25,0.8,1.3849735260009766,6
Vanilla-RWR,A3_feature_calc_error,large,21,FEAT_VOL20_STOCK_3_PRICE,REPORT_DASHBOARD,38,0,0,0,0.02631578947368421,1.0,1.0099411010742188,9
Structural-RWR,A3_feature_calc_error,large,21,FEAT_VOL20_STOCK_3_PRICE,REPORT_DASHBOARD,17,0,0,0,0.058823529411764705,1.0,0.9081363677978516,8
PC+RWR,A3_feature_calc_error,large,21,FEAT_VOL20_STOCK_3_PRICE,REPORT_DASHBOARD,17,0,0,0,0.058823529411764705,1.0,10.821819305419922,8
AnomalyOnly,A3_feature_calc_error,large,21,FEAT_VOL20_STOCK_3_PRICE,REPORT_DASHBOARD,1,1,1,1,1.0,0.8,0.014066696166992188,1
APA-RCA,A3_feature_calc_error,large,21,FEAT_VOL20_STOCK_3_PRICE,REPORT_DASHBOARD,1,1,1,1,1.0,0.8,0.9768009185791016,9
APA-RCA-v2,A3_feature_calc_error,large,21,FEAT_VOL20_STOCK_3_PRICE,REPORT_DASHBOARD,2,0,1,1,0.5,0.8,0.9658336639404297,9
APA-RCA-v3,A3_feature_calc_error,large,21,FEAT_VOL20_STOCK_3_PRICE,REPORT_DASHBOARD,2,0,1,1,0.5,0.8,0.9710788726806641,9
Schema-Constraint,A3_feature_calc_error,large,21,FEAT_VOL20_STOCK_3_PRICE,REPORT_DASHBOARD,65,0,0,0,0.015384615384615385,1.0,0.0,0
BFS,A3_feature_calc_error,large,22,FEAT_VOL20_STOCK_7_PRICE,REPORT_LIMIT,3,0,1,1,0.3333333333333333,0.8,0.8680820465087891,7
Vanilla-RWR,A3_feature_calc_error,large,22,FEAT_VOL20_STOCK_7_PRICE,REPORT_LIMIT,10,0,0,0,0.1,1.0,0.9760856628417969,9
Structural-RWR,A3_feature_calc_error,large,22,FEAT_VOL20_STOCK_7_PRICE,REPORT_LIMIT,23,0,0,0,0.043478260869565216,1.0,0.8997917175292969,8
PC+RWR,A3_feature_calc_error,large,22,FEAT_VOL20_STOCK_7_PRICE,REPORT_LIMIT,23,0,0,0,0.043478260869565216,1.0,10.877132415771484,8
AnomalyOnly,A3_feature_calc_error,large,22,FEAT_VOL20_STOCK_7_PRICE,REPORT_LIMIT,7,0,0,0,0.14285714285714285,1.0,0.013113021850585938,1
APA-RCA,A3_feature_calc_error,large,22,FEAT_VOL20_STOCK_7_PRICE,REPORT_LIMIT,1,1,1,1,1.0,0.8,0.9999275207519531,9
APA-RCA-v2,A3_feature_calc_error,large,22,FEAT_VOL20_STOCK_7_PRICE,REPORT_LIMIT,2,0,1,1,0.5,0.8,0.9911060333251953,9
APA-RCA-v3,A3_feature_calc_error,large,22,FEAT_VOL20_STOCK_7_PRICE,REPORT_LIMIT,2,0,1,1,0.5,0.8,0.9868144989013672,9
Schema-Constraint,A3_feature_calc_error,large,22,FEAT_VOL20_STOCK_7_PRICE,REPORT_LIMIT,69,0,0,0,0.014492753623188406,1.0,0.0,0
BFS,A3_feature_calc_error,large,23,FEAT_VOL20_STOCK_1_PRICE,REPORT_LIMIT,3,0,1,1,0.3333333333333333,0.8,0.9119510650634766,7
Vanilla-RWR,A3_feature_calc_error,large,23,FEAT_VOL20_STOCK_1_PRICE,REPORT_LIMIT,4,0,0,1,0.25,0.8,1.0080337524414062,9
Structural-RWR,A3_feature_calc_error,large,23,FEAT_VOL20_STOCK_1_PRICE,REPORT_LIMIT,18,0,0,0,0.05555555555555555,1.0,0.9379386901855469,8
PC+RWR,A3_feature_calc_error,large,23,FEAT_VOL20_STOCK_1_PRICE,REPORT_LIMIT,18,0,0,0,0.05555555555555555,1.0,10.830163955688477,8
AnomalyOnly,A3_feature_calc_error,large,23,FEAT_VOL20_STOCK_1_PRICE,REPORT_LIMIT,1,1,1,1,1.0,0.8,0.011920928955078125,1
APA-RCA,A3_feature_calc_error,large,23,FEAT_VOL20_STOCK_1_PRICE,REPORT_LIMIT,1,1,1,1,1.0,0.8,0.9920597076416016,9
APA-RCA-v2,A3_feature_calc_error,large,23,FEAT_VOL20_STOCK_1_PRICE,REPORT_LIMIT,2,0,1,1,0.5,0.8,0.9968280792236328,9
APA-RCA-v3,A3_feature_calc_error,large,23,FEAT_VOL20_STOCK_1_PRICE,REPORT_LIMIT,2,0,1,1,0.5,0.8,0.96893310546875,9
Schema-Constraint,A3_feature_calc_error,large,23,FEAT_VOL20_STOCK_1_PRICE,REPORT_LIMIT,63,0,0,0,0.015873015873015872,1.0,0.0,0
BFS,A3_feature_calc_error,large,24,FEAT_VOL20_STOCK_4_PRICE,REPORT_LIMIT,3,0,1,1,0.3333333333333333,0.8,0.8912086486816406,7
Vanilla-RWR,A3_feature_calc_error,large,24,FEAT_VOL20_STOCK_4_PRICE,REPORT_LIMIT,7,0,0,0,0.14285714285714285,1.0,0.9889602661132812,9
Structural-RWR,A3_feature_calc_error,large,24,FEAT_VOL20_STOCK_4_PRICE,REPORT_LIMIT,16,0,0,0,0.0625,1.0,0.9191036224365234,8
PC+RWR,A3_feature_calc_error,large,24,FEAT_VOL20_STOCK_4_PRICE,REPORT_LIMIT,16,0,0,0,0.0625,1.0,11.027097702026367,8
AnomalyOnly,A3_feature_calc_error,large,24,FEAT_VOL20_STOCK_4_PRICE,REPORT_LIMIT,1,1,1,1,1.0,0.8,0.012159347534179688,1
APA-RCA,A3_feature_calc_error,large,24,FEAT_VOL20_STOCK_4_PRICE,REPORT_LIMIT,1,1,1,1,1.0,0.8,1.0020732879638672,9
APA-RCA-v2,A3_feature_calc_error,large,24,FEAT_VOL20_STOCK_4_PRICE,REPORT_LIMIT,2,0,1,1,0.5,0.8,1.0340213775634766,9
APA-RCA-v3,A3_feature_calc_error,large,24,FEAT_VOL20_STOCK_4_PRICE,REPORT_LIMIT,2,0,1,1,0.5,0.8,0.9899139404296875,9
Schema-Constraint,A3_feature_calc_error,large,24,FEAT_VOL20_STOCK_4_PRICE,REPORT_LIMIT,66,0,0,0,0.015151515151515152,1.0,0.0,0
BFS,A3_feature_calc_error,large,25,FEAT_VOL20_STOCK_5_PRICE,REPORT_LIMIT,3,0,1,1,0.3333333333333333,0.8,0.8547306060791016,7
Vanilla-RWR,A3_feature_calc_error,large,25,FEAT_VOL20_STOCK_5_PRICE,REPORT_LIMIT,8,0,0,0,0.125,1.0,0.9200572967529297,9
Structural-RWR,A3_feature_calc_error,large,25,FEAT_VOL20_STOCK_5_PRICE,REPORT_LIMIT,16,0,0,0,0.0625,1.0,0.8571147918701172,8
PC+RWR,A3_feature_calc_error,large,25,FEAT_VOL20_STOCK_5_PRICE,REPORT_LIMIT,16,0,0,0,0.0625,1.0,10.150909423828125,8
AnomalyOnly,A3_feature_calc_error,large,25,FEAT_VOL20_STOCK_5_PRICE,REPORT_LIMIT,1,1,1,1,1.0,0.8,0.010967254638671875,1
APA-RCA,A3_feature_calc_error,large,25,FEAT_VOL20_STOCK_5_PRICE,REPORT_LIMIT,1,1,1,1,1.0,0.8,0.9138584136962891,9
APA-RCA-v2,A3_feature_calc_error,large,25,FEAT_VOL20_STOCK_5_PRICE,REPORT_LIMIT,1,1,1,1,1.0,0.8,0.9229183197021484,9
APA-RCA-v3,A3_feature_calc_error,large,25,FEAT_VOL20_STOCK_5_PRICE,REPORT_LIMIT,1,1,1,1,1.0,0.8,0.9059906005859375,9
Schema-Constraint,A3_feature_calc_error,large,25,FEAT_VOL20_STOCK_5_PRICE,REPORT_LIMIT,67,0,0,0,0.014925373134328358,1.0,0.0,0
BFS,A3_feature_calc_error,large,26,FEAT_VOL20_STOCK_7_PRICE,REPORT_LIMIT,3,0,1,1,0.3333333333333333,0.8,0.8251667022705078,7
Vanilla-RWR,A3_feature_calc_error,large,26,FEAT_VOL20_STOCK_7_PRICE,REPORT_LIMIT,10,0,0,0,0.1,1.0,0.9143352508544922,9
Structural-RWR,A3_feature_calc_error,large,26,FEAT_VOL20_STOCK_7_PRICE,REPORT_LIMIT,16,0,0,0,0.0625,1.0,0.8702278137207031,8
PC+RWR,A3_feature_calc_error,large,26,FEAT_VOL20_STOCK_7_PRICE,REPORT_LIMIT,16,0,0,0,0.0625,1.0,10.067939758300781,8
AnomalyOnly,A3_feature_calc_error,large,26,FEAT_VOL20_STOCK_7_PRICE,REPORT_LIMIT,1,1,1,1,1.0,0.8,0.010967254638671875,1
APA-RCA,A3_feature_calc_error,large,26,FEAT_VOL20_STOCK_7_PRICE,REPORT_LIMIT,1,1,1,1,1.0,0.8,0.9288787841796875,9
APA-RCA-v2,A3_feature_calc_error,large,26,FEAT_VOL20_STOCK_7_PRICE,REPORT_LIMIT,2,0,1,1,0.5,0.8,0.9367465972900391,9
APA-RCA-v3,A3_feature_calc_error,large,26,FEAT_VOL20_STOCK_7_PRICE,REPORT_LIMIT,2,0,1,1,0.5,0.8,0.9152889251708984,9
Schema-Constraint,A3_feature_calc_error,large,26,FEAT_VOL20_STOCK_7_PRICE,REPORT_LIMIT,69,0,0,0,0.014492753623188406,1.0,0.0,0
BFS,A3_feature_calc_error,large,27,FEAT_VOL20_STOCK_1_PRICE,REPORT_LIMIT,3,0,1,1,0.3333333333333333,0.8,0.8409023284912109,7
Vanilla-RWR,A3_feature_calc_error,large,27,FEAT_VOL20_STOCK_1_PRICE,REPORT_LIMIT,4,0,0,1,0.25,0.8,0.9169578552246094,9
Structural-RWR,A3_feature_calc_error,large,27,FEAT_VOL20_STOCK_1_PRICE,REPORT_LIMIT,17,0,0,0,0.058823529411764705,1.0,0.8647441864013672,8
PC+RWR,A3_feature_calc_error,large,27,FEAT_VOL20_STOCK_1_PRICE,REPORT_LIMIT,17,0,0,0,0.058823529411764705,1.0,10.140180587768555,8
AnomalyOnly,A3_feature_calc_error,large,27,FEAT_VOL20_STOCK_1_PRICE,REPORT_LIMIT,1,1,1,1,1.0,0.8,0.010967254638671875,1
APA-RCA,A3_feature_calc_error,large,27,FEAT_VOL20_STOCK_1_PRICE,REPORT_LIMIT,1,1,1,1,1.0,0.8,0.9219646453857422,9
APA-RCA-v2,A3_feature_calc_error,large,27,FEAT_VOL20_STOCK_1_PRICE,REPORT_LIMIT,2,0,1,1,0.5,0.8,0.9152889251708984,9
APA-RCA-v3,A3_feature_calc_error,large,27,FEAT_VOL20_STOCK_1_PRICE,REPORT_LIMIT,2,0,1,1,0.5,0.8,1.2822151184082031,9
Schema-Constraint,A3_feature_calc_error,large,27,FEAT_VOL20_STOCK_1_PRICE,REPORT_LIMIT,63,0,0,0,0.015873015873015872,1.0,0.0,0
BFS,A3_feature_calc_error,large,28,FEAT_VOL20_STOCK_6_PRICE,REPORT_LIMIT,3,0,1,1,0.3333333333333333,0.8,0.8299350738525391,7
Vanilla-RWR,A3_feature_calc_error,large,28,FEAT_VOL20_STOCK_6_PRICE,REPORT_LIMIT,9,0,0,0,0.1111111111111111,1.0,0.9162425994873047,9
Structural-RWR,A3_feature_calc_error,large,28,FEAT_VOL20_STOCK_6_PRICE,REPORT_LIMIT,22,0,0,0,0.045454545454545456,1.0,0.8509159088134766,8
PC+RWR,A3_feature_calc_error,large,28,FEAT_VOL20_STOCK_6_PRICE,REPORT_LIMIT,22,0,0,0,0.045454545454545456,1.0,10.151863098144531,8
AnomalyOnly,A3_feature_calc_error,large,28,FEAT_VOL20_STOCK_6_PRICE,REPORT_LIMIT,2,0,1,1,0.5,0.8,0.011205673217773438,1
APA-RCA,A3_feature_calc_error,large,28,FEAT_VOL20_STOCK_6_PRICE,REPORT_LIMIT,1,1,1,1,1.0,0.8,0.9260177612304688,9
APA-RCA-v2,A3_feature_calc_error,large,28,FEAT_VOL20_STOCK_6_PRICE,REPORT_LIMIT,2,0,1,1,0.5,0.8,1.2989044189453125,9
APA-RCA-v3,A3_feature_calc_error,large,28,FEAT_VOL20_STOCK_6_PRICE,REPORT_LIMIT,2,0,1,1,0.5,0.8,0.9200572967529297,9
Schema-Constraint,A3_feature_calc_error,large,28,FEAT_VOL20_STOCK_6_PRICE,REPORT_LIMIT,68,0,0,0,0.014705882352941176,1.0,0.0,0
BFS,A3_feature_calc_error,large,29,FEAT_VOL20_STOCK_8_PRICE,REPORT_LIMIT,4,0,0,1,0.25,0.8,0.8089542388916016,7
Vanilla-RWR,A3_feature_calc_error,large,29,FEAT_VOL20_STOCK_8_PRICE,REPORT_LIMIT,11,0,0,0,0.09090909090909091,1.0,0.9160041809082031,9
Structural-RWR,A3_feature_calc_error,large,29,FEAT_VOL20_STOCK_8_PRICE,REPORT_LIMIT,47,0,0,0,0.02127659574468085,1.0,0.8530616760253906,8
PC+RWR,A3_feature_calc_error,large,29,FEAT_VOL20_STOCK_8_PRICE,REPORT_LIMIT,47,0,0,0,0.02127659574468085,1.0,10.146856307983398,8
AnomalyOnly,A3_feature_calc_error,large,29,FEAT_VOL20_STOCK_8_PRICE,REPORT_LIMIT,11,0,0,0,0.09090909090909091,1.0,0.010967254638671875,1
APA-RCA,A3_feature_calc_error,large,29,FEAT_VOL20_STOCK_8_PRICE,REPORT_LIMIT,2,0,1,1,0.5,0.8,1.313924789428711,9
APA-RCA-v2,A3_feature_calc_error,large,29,FEAT_VOL20_STOCK_8_PRICE,REPORT_LIMIT,5,0,0,1,0.2,0.8,0.9160041809082031,9
APA-RCA-v3,A3_feature_calc_error,large,29,FEAT_VOL20_STOCK_8_PRICE,REPORT_LIMIT,5,0,0,1,0.2,0.8,0.9059906005859375,9
Schema-Constraint,A3_feature_calc_error,large,29,FEAT_VOL20_STOCK_8_PRICE,REPORT_LIMIT,70,0,0,0,0.014285714285714285,1.0,0.0,0
BFS,A4_aggregation_error,large,0,FEAT_SECTOR_B,REPORT_LIMIT,89,0,0,0,0.011235955056179775,1.0,0.8218288421630859,7
Vanilla-RWR,A4_aggregation_error,large,0,FEAT_SECTOR_B,REPORT_LIMIT,83,0,0,0,0.012048192771084338,1.0,0.911712646484375,9
Structural-RWR,A4_aggregation_error,large,0,FEAT_SECTOR_B,REPORT_LIMIT,59,0,0,0,0.01694915254237288,1.0,0.8459091186523438,8
PC+RWR,A4_aggregation_error,large,0,FEAT_SECTOR_B,REPORT_LIMIT,59,0,0,0,0.01694915254237288,1.0,10.614156723022461,8
AnomalyOnly,A4_aggregation_error,large,0,FEAT_SECTOR_B,REPORT_LIMIT,87,0,0,0,0.011494252873563218,1.0,0.011205673217773438,1
APA-RCA,A4_aggregation_error,large,0,FEAT_SECTOR_B,REPORT_LIMIT,88,0,0,0,0.011363636363636364,1.0,0.9248256683349609,9
APA-RCA-v2,A4_aggregation_error,large,0,FEAT_SECTOR_B,REPORT_LIMIT,87,0,0,0,0.011494252873563218,1.0,0.9148120880126953,9
APA-RCA-v3,A4_aggregation_error,large,0,FEAT_SECTOR_B,REPORT_LIMIT,87,0,0,0,0.011494252873563218,1.0,0.9069442749023438,9
Schema-Constraint,A4_aggregation_error,large,0,FEAT_SECTOR_B,REPORT_LIMIT,1,1,1,1,1.0,0.8,0.0021457672119140625,1
BFS,A4_aggregation_error,large,1,FEAT_SECTOR_A,REPORT_LIMIT,83,0,0,0,0.012048192771084338,1.0,0.8237361907958984,7
Vanilla-RWR,A4_aggregation_error,large,1,FEAT_SECTOR_A,REPORT_LIMIT,82,0,0,0,0.012195121951219513,1.0,0.90789794921875,9
Structural-RWR,A4_aggregation_error,large,1,FEAT_SECTOR_A,REPORT_LIMIT,56,0,0,0,0.017857142857142856,1.0,1.397848129272461,8
PC+RWR,A4_aggregation_error,large,1,FEAT_SECTOR_A,REPORT_LIMIT,56,0,0,0,0.017857142857142856,1.0,10.200977325439453,8
AnomalyOnly,A4_aggregation_error,large,1,FEAT_SECTOR_A,REPORT_LIMIT,68,0,0,0,0.014705882352941176,1.0,0.010967254638671875,1
APA-RCA,A4_aggregation_error,large,1,FEAT_SECTOR_A,REPORT_LIMIT,82,0,0,0,0.012195121951219513,1.0,0.9210109710693359,9
APA-RCA-v2,A4_aggregation_error,large,1,FEAT_SECTOR_A,REPORT_LIMIT,81,0,0,0,0.012345679012345678,1.0,0.9181499481201172,9
APA-RCA-v3,A4_aggregation_error,large,1,FEAT_SECTOR_A,REPORT_LIMIT,81,0,0,0,0.012345679012345678,1.0,0.9069442749023438,9
Schema-Constraint,A4_aggregation_error,large,1,FEAT_SECTOR_A,REPORT_LIMIT,1,1,1,1,1.0,0.8,0.0030994415283203125,1
BFS,A4_aggregation_error,large,2,FEAT_SECTOR_B,REPORT_LIMIT,72,0,0,0,0.013888888888888888,1.0,0.8339881896972656,7
Vanilla-RWR,A4_aggregation_error,large,2,FEAT_SECTOR_B,REPORT_LIMIT,83,0,0,0,0.012048192771084338,1.0,1.4050006866455078,9
Structural-RWR,A4_aggregation_error,large,2,FEAT_SECTOR_B,REPORT_LIMIT,47,0,0,0,0.02127659574468085,1.0,0.8478164672851562,8
PC+RWR,A4_aggregation_error,large,2,FEAT_SECTOR_B,REPORT_LIMIT,47,0,0,0,0.02127659574468085,1.0,10.162353515625,8
AnomalyOnly,A4_aggregation_error,large,2,FEAT_SECTOR_B,REPORT_LIMIT,22,0,0,0,0.045454545454545456,1.0,0.011205673217773438,1
APA-RCA,A4_aggregation_error,large,2,FEAT_SECTOR_B,REPORT_LIMIT,71,0,0,0,0.014084507042253521,1.0,0.9212493896484375,9
APA-RCA-v2,A4_aggregation_error,large,2,FEAT_SECTOR_B,REPORT_LIMIT,71,0,0,0,0.014084507042253521,1.0,0.9148120880126953,9
APA-RCA-v3,A4_aggregation_error,large,2,FEAT_SECTOR_B,REPORT_LIMIT,71,0,0,0,0.014084507042253521,1.0,0.9028911590576172,9
Schema-Constraint,A4_aggregation_error,large,2,FEAT_SECTOR_B,REPORT_LIMIT,1,1,1,1,1.0,0.8,0.0019073486328125,1
BFS,A4_aggregation_error,large,3,FEAT_SECTOR_B,REPORT_LIMIT,88,0,0,0,0.011363636363636364,1.0,1.3229846954345703,7
Vanilla-RWR,A4_aggregation_error,large,3,FEAT_SECTOR_B,REPORT_LIMIT,83,0,0,0,0.012048192771084338,1.0,0.9129047393798828,9
Structural-RWR,A4_aggregation_error,large,3,FEAT_SECTOR_B,REPORT_LIMIT,57,0,0,0,0.017543859649122806,1.0,0.8471012115478516,8
PC+RWR,A4_aggregation_error,large,3,FEAT_SECTOR_B,REPORT_LIMIT,57,0,0,0,0.017543859649122806,1.0,10.154247283935547,8
AnomalyOnly,A4_aggregation_error,large,3,FEAT_SECTOR_B,REPORT_LIMIT,86,0,0,0,0.011627906976744186,1.0,0.010967254638671875,1
APA-RCA,A4_aggregation_error,large,3,FEAT_SECTOR_B,REPORT_LIMIT,87,0,0,0,0.011494252873563218,1.0,0.9310245513916016,9
APA-RCA-v2,A4_aggregation_error,large,3,FEAT_SECTOR_B,REPORT_LIMIT,86,0,0,0,0.011627906976744186,1.0,0.9069442749023438,9
APA-RCA-v3,A4_aggregation_error,large,3,FEAT_SECTOR_B,REPORT_LIMIT,86,0,0,0,0.011627906976744186,1.0,0.9081363677978516,9
Schema-Constraint,A4_aggregation_error,large,3,FEAT_SECTOR_B,REPORT_LIMIT,1,1,1,1,1.0,0.8,0.0021457672119140625,1
BFS,A4_aggregation_error,large,4,FEAT_SECTOR_B,REPORT_LIMIT,87,0,0,0,0.011494252873563218,1.0,22.900104522705078,7
Vanilla-RWR,A4_aggregation_error,large,4,FEAT_SECTOR_B,REPORT_LIMIT,83,0,0,0,0.012048192771084338,1.0,0.9400844573974609,9
Structural-RWR,A4_aggregation_error,large,4,FEAT_SECTOR_B,REPORT_LIMIT,46,0,0,0,0.021739130434782608,1.0,0.8618831634521484,8
PC+RWR,A4_aggregation_error,large,4,FEAT_SECTOR_B,REPORT_LIMIT,46,0,0,0,0.021739130434782608,1.0,10.290145874023438,8
AnomalyOnly,A4_aggregation_error,large,4,FEAT_SECTOR_B,REPORT_LIMIT,82,0,0,0,0.012195121951219513,1.0,0.011682510375976562,1
APA-RCA,A4_aggregation_error,large,4,FEAT_SECTOR_B,REPORT_LIMIT,86,0,0,0,0.011627906976744186,1.0,0.9329319000244141,9
APA-RCA-v2,A4_aggregation_error,large,4,FEAT_SECTOR_B,REPORT_LIMIT,86,0,0,0,0.011627906976744186,1.0,0.9059906005859375,9
APA-RCA-v3,A4_aggregation_error,large,4,FEAT_SECTOR_B,REPORT_LIMIT,86,0,0,0,0.011627906976744186,1.0,0.9059906005859375,9
Schema-Constraint,A4_aggregation_error,large,4,FEAT_SECTOR_B,REPORT_LIMIT,1,1,1,1,1.0,0.8,0.006198883056640625,1
BFS,A4_aggregation_error,large,5,FEAT_SECTOR_B,REPORT_LIMIT,77,0,0,0,0.012987012987012988,1.0,0.8232593536376953,7
Vanilla-RWR,A4_aggregation_error,large,5,FEAT_SECTOR_B,REPORT_LIMIT,83,0,0,0,0.012048192771084338,1.0,0.9100437164306641,9
Structural-RWR,A4_aggregation_error,large,5,FEAT_SECTOR_B,REPORT_LIMIT,47,0,0,0,0.02127659574468085,1.0,0.8528232574462891,8
PC+RWR,A4_aggregation_error,large,5,FEAT_SECTOR_B,REPORT_LIMIT,47,0,0,0,0.02127659574468085,1.0,10.083913803100586,8
AnomalyOnly,A4_aggregation_error,large,5,FEAT_SECTOR_B,REPORT_LIMIT,49,0,0,0,0.02040816326530612,1.0,0.010967254638671875,1
APA-RCA,A4_aggregation_error,large,5,FEAT_SECTOR_B,REPORT_LIMIT,75,0,0,0,0.013333333333333334,1.0,0.9207725524902344,9
APA-RCA-v2,A4_aggregation_error,large,5,FEAT_SECTOR_B,REPORT_LIMIT,75,0,0,0,0.013333333333333334,1.0,0.9129047393798828,9
APA-RCA-v3,A4_aggregation_error,large,5,FEAT_SECTOR_B,REPORT_LIMIT,75,0,0,0,0.013333333333333334,1.0,0.9038448333740234,9
Schema-Constraint,A4_aggregation_error,large,5,FEAT_SECTOR_B,REPORT_LIMIT,1,1,1,1,1.0,0.8,0.0040531158447265625,1
BFS,A4_aggregation_error,large,6,FEAT_SECTOR_A,REPORT_LIMIT,88,0,0,0,0.011363636363636364,1.0,0.8342266082763672,7
Vanilla-RWR,A4_aggregation_error,large,6,FEAT_SECTOR_A,REPORT_LIMIT,82,0,0,0,0.012195121951219513,1.0,0.9238719940185547,9
Structural-RWR,A4_aggregation_error,large,6,FEAT_SECTOR_A,REPORT_LIMIT,62,0,0,0,0.016129032258064516,1.0,0.8711814880371094,8
PC+RWR,A4_aggregation_error,large,6,FEAT_SECTOR_A,REPORT_LIMIT,62,0,0,0,0.016129032258064516,1.0,10.057926177978516,8
AnomalyOnly,A4_aggregation_error,large,6,FEAT_SECTOR_A,REPORT_LIMIT,87,0,0,0,0.011494252873563218,1.0,0.010967254638671875,1
APA-RCA,A4_aggregation_error,large,6,FEAT_SECTOR_A,REPORT_LIMIT,87,0,0,0,0.011494252873563218,1.0,0.9222030639648438,9
APA-RCA-v2,A4_aggregation_error,large,6,FEAT_SECTOR_A,REPORT_LIMIT,87,0,0,0,0.011494252873563218,1.0,0.9212493896484375,9
APA-RCA-v3,A4_aggregation_error,large,6,FEAT_SECTOR_A,REPORT_LIMIT,87,0,0,0,0.011494252873563218,1.0,0.9222030639648438,9
Schema-Constraint,A4_aggregation_error,large,6,FEAT_SECTOR_A,REPORT_LIMIT,1,1,1,1,1.0,0.8,0.00286102294921875,1
BFS,A4_aggregation_error,large,7,FEAT_SECTOR_B,REPORT_LIMIT,74,0,0,0,0.013513513513513514,1.0,0.8361339569091797,7
Vanilla-RWR,A4_aggregation_error,large,7,FEAT_SECTOR_B,REPORT_LIMIT,83,0,0,0,0.012048192771084338,1.0,0.9140968322753906,9
Structural-RWR,A4_aggregation_error,large,7,FEAT_SECTOR_B,REPORT_LIMIT,52,0,0,0,0.019230769230769232,1.0,0.8609294891357422,8
PC+RWR,A4_aggregation_error,large,7,FEAT_SECTOR_B,REPORT_LIMIT,52,0,0,0,0.019230769230769232,1.0,10.157108306884766,8
AnomalyOnly,A4_aggregation_error,large,7,FEAT_SECTOR_B,REPORT_LIMIT,40,0,0,0,0.025,1.0,0.010967254638671875,1
APA-RCA,A4_aggregation_error,large,7,FEAT_SECTOR_B,REPORT_LIMIT,72,0,0,0,0.013888888888888888,1.0,0.9222030639648438,9
APA-RCA-v2,A4_aggregation_error,large,7,FEAT_SECTOR_B,REPORT_LIMIT,72,0,0,0,0.013888888888888888,1.0,0.9219646453857422,9
APA-RCA-v3,A4_aggregation_error,large,7,FEAT_SECTOR_B,REPORT_LIMIT,72,0,0,0,0.013888888888888888,1.0,0.9188652038574219,9
Schema-Constraint,A4_aggregation_error,large,7,FEAT_SECTOR_B,REPORT_LIMIT,1,1,1,1,1.0,0.8,0.003814697265625,1
BFS,A4_aggregation_error,large,8,FEAT_SECTOR_B,REPORT_LIMIT,69,0,0,0,0.014492753623188406,1.0,0.8218288421630859,7
Vanilla-RWR,A4_aggregation_error,large,8,FEAT_SECTOR_B,REPORT_LIMIT,83,0,0,0,0.012048192771084338,1.0,0.9102821350097656,9
Structural-RWR,A4_aggregation_error,large,8,FEAT_SECTOR_B,REPORT_LIMIT,16,0,0,0,0.0625,1.0,0.8590221405029297,8
PC+RWR,A4_aggregation_error,large,8,FEAT_SECTOR_B,REPORT_LIMIT,16,0,0,0,0.0625,1.0,10.023117065429688,8
AnomalyOnly,A4_aggregation_error,large,8,FEAT_SECTOR_B,REPORT_LIMIT,1,1,1,1,1.0,0.8,0.010967254638671875,1
APA-RCA,A4_aggregation_error,large,8,FEAT_SECTOR_B,REPORT_LIMIT,69,0,0,0,0.014492753623188406,1.0,0.9174346923828125,9
APA-RCA-v2,A4_aggregation_error,large,8,FEAT_SECTOR_B,REPORT_LIMIT,69,0,0,0,0.014492753623188406,1.0,0.9033679962158203,9
APA-RCA-v3,A4_aggregation_error,large,8,FEAT_SECTOR_B,REPORT_LIMIT,69,0,0,0,0.014492753623188406,1.0,0.9052753448486328,9
Schema-Constraint,A4_aggregation_error,large,8,FEAT_SECTOR_B,REPORT_LIMIT,1,1,1,1,1.0,0.8,0.0030994415283203125,1
BFS,A4_aggregation_error,large,9,FEAT_SECTOR_A,REPORT_LIMIT,86,0,0,0,0.011627906976744186,1.0,0.8339881896972656,7
Vanilla-RWR,A4_aggregation_error,large,9,FEAT_SECTOR_A,REPORT_LIMIT,82,0,0,0,0.012195121951219513,1.0,0.9131431579589844,9
Structural-RWR,A4_aggregation_error,large,9,FEAT_SECTOR_A,REPORT_LIMIT,52,0,0,0,0.019230769230769232,1.0,0.8490085601806641,8
PC+RWR,A4_aggregation_error,large,9,FEAT_SECTOR_A,REPORT_LIMIT,52,0,0,0,0.019230769230769232,1.0,10.134220123291016,8
AnomalyOnly,A4_aggregation_error,large,9,FEAT_SECTOR_A,REPORT_LIMIT,75,0,0,0,0.013333333333333334,1.0,0.010967254638671875,1
APA-RCA,A4_aggregation_error,large,9,FEAT_SECTOR_A,REPORT_LIMIT,83,0,0,0,0.012048192771084338,1.0,0.9238719940185547,9
APA-RCA-v2,A4_aggregation_error,large,9,FEAT_SECTOR_A,REPORT_LIMIT,82,0,0,0,0.012195121951219513,1.0,0.9248256683349609,9
APA-RCA-v3,A4_aggregation_error,large,9,FEAT_SECTOR_A,REPORT_LIMIT,82,0,0,0,0.012195121951219513,1.0,0.9071826934814453,9
Schema-Constraint,A4_aggregation_error,large,9,FEAT_SECTOR_A,REPORT_LIMIT,1,1,1,1,1.0,0.8,0.0030994415283203125,1
BFS,A4_aggregation_error,large,10,FEAT_SECTOR_B,REPORT_LIMIT,88,0,0,0,0.011363636363636364,1.0,0.8330345153808594,7
Vanilla-RWR,A4_aggregation_error,large,10,FEAT_SECTOR_B,REPORT_LIMIT,83,0,0,0,0.012048192771084338,1.0,0.9071826934814453,9
Structural-RWR,A4_aggregation_error,large,10,FEAT_SECTOR_B,REPORT_LIMIT,52,0,0,0,0.019230769230769232,1.0,0.8511543273925781,8
PC+RWR,A4_aggregation_error,large,10,FEAT_SECTOR_B,REPORT_LIMIT,52,0,0,0,0.019230769230769232,1.0,10.170936584472656,8
AnomalyOnly,A4_aggregation_error,large,10,FEAT_SECTOR_B,REPORT_LIMIT,88,0,0,0,0.011363636363636364,1.0,0.010967254638671875,1
APA-RCA,A4_aggregation_error,large,10,FEAT_SECTOR_B,REPORT_LIMIT,86,0,0,0,0.011627906976744186,1.0,0.9160041809082031,9
APA-RCA-v2,A4_aggregation_error,large,10,FEAT_SECTOR_B,REPORT_LIMIT,86,0,0,0,0.011627906976744186,1.0,0.9129047393798828,9
APA-RCA-v3,A4_aggregation_error,large,10,FEAT_SECTOR_B,REPORT_LIMIT,86,0,0,0,0.011627906976744186,1.0,1.2784004211425781,9
Schema-Constraint,A4_aggregation_error,large,10,FEAT_SECTOR_B,REPORT_LIMIT,1,1,1,1,1.0,0.8,0.0019073486328125,1
BFS,A4_aggregation_error,large,11,FEAT_SECTOR_A,REPORT_LIMIT,76,0,0,0,0.013157894736842105,1.0,0.8161067962646484,7
Vanilla-RWR,A4_aggregation_error,large,11,FEAT_SECTOR_A,REPORT_LIMIT,82,0,0,0,0.012195121951219513,1.0,0.9088516235351562,9
Structural-RWR,A4_aggregation_error,large,11,FEAT_SECTOR_A,REPORT_LIMIT,48,0,0,0,0.020833333333333332,1.0,0.8530616760253906,8
PC+RWR,A4_aggregation_error,large,11,FEAT_SECTOR_A,REPORT_LIMIT,48,0,0,0,0.020833333333333332,1.0,10.150909423828125,8
AnomalyOnly,A4_aggregation_error,large,11,FEAT_SECTOR_A,REPORT_LIMIT,56,0,0,0,0.017857142857142856,1.0,0.010967254638671875,1
APA-RCA,A4_aggregation_error,large,11,FEAT_SECTOR_A,REPORT_LIMIT,74,0,0,0,0.013513513513513514,1.0,0.9179115295410156,9
APA-RCA-v2,A4_aggregation_error,large,11,FEAT_SECTOR_A,REPORT_LIMIT,74,0,0,0,0.013513513513513514,1.0,1.2731552124023438,9
APA-RCA-v3,A4_aggregation_error,large,11,FEAT_SECTOR_A,REPORT_LIMIT,74,0,0,0,0.013513513513513514,1.0,0.911712646484375,9
Schema-Constraint,A4_aggregation_error,large,11,FEAT_SECTOR_A,REPORT_LIMIT,1,1,1,1,1.0,0.8,0.0019073486328125,1
BFS,A4_aggregation_error,large,12,FEAT_SECTOR_B,REPORT_LIMIT,71,0,0,0,0.014084507042253521,1.0,0.8180141448974609,7
Vanilla-RWR,A4_aggregation_error,large,12,FEAT_SECTOR_B,REPORT_LIMIT,83,0,0,0,0.012048192771084338,1.0,0.90789794921875,9
Structural-RWR,A4_aggregation_error,large,12,FEAT_SECTOR_B,REPORT_LIMIT,28,0,0,0,0.03571428571428571,1.0,0.8440017700195312,8
PC+RWR,A4_aggregation_error,large,12,FEAT_SECTOR_B,REPORT_LIMIT,28,0,0,0,0.03571428571428571,1.0,10.207891464233398,8
AnomalyOnly,A4_aggregation_error,large,12,FEAT_SECTOR_B,REPORT_LIMIT,9,0,0,0,0.1111111111111111,1.0,0.010728836059570312,1
APA-RCA,A4_aggregation_error,large,12,FEAT_SECTOR_B,REPORT_LIMIT,71,0,0,0,0.014084507042253521,1.0,1.2941360473632812,9
APA-RCA-v2,A4_aggregation_error,large,12,FEAT_SECTOR_B,REPORT_LIMIT,71,0,0,0,0.014084507042253521,1.0,0.9069442749023438,9
APA-RCA-v3,A4_aggregation_error,large,12,FEAT_SECTOR_B,REPORT_LIMIT,71,0,0,0,0.014084507042253521,1.0,0.9059906005859375,9
Schema-Constraint,A4_aggregation_error,large,12,FEAT_SECTOR_B,REPORT_LIMIT,1,1,1,1,1.0,0.8,0.00286102294921875,1
BFS,A4_aggregation_error,large,13,FEAT_SECTOR_B,REPORT_LIMIT,71,0,0,0,0.014084507042253521,1.0,0.8118152618408203,7
Vanilla-RWR,A4_aggregation_error,large,13,FEAT_SECTOR_B,REPORT_LIMIT,83,0,0,0,0.012048192771084338,1.0,0.9021759033203125,9
Structural-RWR,A4_aggregation_error,large,13,FEAT_SECTOR_B,REPORT_LIMIT,35,0,0,0,0.02857142857142857,1.0,0.8451938629150391,8
PC+RWR,A4_aggregation_error,large,13,FEAT_SECTOR_B,REPORT_LIMIT,35,0,0,0,0.02857142857142857,1.0,10.418176651000977,8
AnomalyOnly,A4_aggregation_error,large,13,FEAT_SECTOR_B,REPORT_LIMIT,18,0,0,0,0.05555555555555555,1.0,0.010967254638671875,1
APA-RCA,A4_aggregation_error,large,13,FEAT_SECTOR_B,REPORT_LIMIT,71,0,0,0,0.014084507042253521,1.0,0.92315673828125,9
APA-RCA-v2,A4_aggregation_error,large,13,FEAT_SECTOR_B,REPORT_LIMIT,71,0,0,0,0.014084507042253521,1.0,0.9043216705322266,9
APA-RCA-v3,A4_aggregation_error,large,13,FEAT_SECTOR_B,REPORT_LIMIT,71,0,0,0,0.014084507042253521,1.0,0.9133815765380859,9
Schema-Constraint,A4_aggregation_error,large,13,FEAT_SECTOR_B,REPORT_LIMIT,1,1,1,1,1.0,0.8,0.00286102294921875,1
BFS,A4_aggregation_error,large,14,FEAT_SECTOR_A,REPORT_LIMIT,71,0,0,0,0.014084507042253521,1.0,0.8230209350585938,7
Vanilla-RWR,A4_aggregation_error,large,14,FEAT_SECTOR_A,REPORT_LIMIT,82,0,0,0,0.012195121951219513,1.0,0.9069442749023438,9
Structural-RWR,A4_aggregation_error,large,14,FEAT_SECTOR_A,REPORT_LIMIT,44,0,0,0,0.022727272727272728,1.0,1.3408660888671875,8
PC+RWR,A4_aggregation_error,large,14,FEAT_SECTOR_A,REPORT_LIMIT,44,0,0,0,0.022727272727272728,1.0,10.149002075195312,8
AnomalyOnly,A4_aggregation_error,large,14,FEAT_SECTOR_A,REPORT_LIMIT,18,0,0,0,0.05555555555555555,1.0,0.011205673217773438,1
APA-RCA,A4_aggregation_error,large,14,FEAT_SECTOR_A,REPORT_LIMIT,71,0,0,0,0.014084507042253521,1.0,0.9200572967529297,9
APA-RCA-v2,A4_aggregation_error,large,14,FEAT_SECTOR_A,REPORT_LIMIT,71,0,0,0,0.014084507042253521,1.0,0.9031295776367188,9
APA-RCA-v3,A4_aggregation_error,large,14,FEAT_SECTOR_A,REPORT_LIMIT,71,0,0,0,0.014084507042253521,1.0,0.9047985076904297,9
Schema-Constraint,A4_aggregation_error,large,14,FEAT_SECTOR_A,REPORT_LIMIT,1,1,1,1,1.0,0.8,0.0030994415283203125,1
BFS,A4_aggregation_error,large,15,FEAT_SECTOR_B,REPORT_LIMIT,73,0,0,0,0.0136986301369863,1.0,0.8258819580078125,7
Vanilla-RWR,A4_aggregation_error,large,15,FEAT_SECTOR_B,REPORT_LIMIT,83,0,0,0,0.012048192771084338,1.0,1.40380859375,9
Structural-RWR,A4_aggregation_error,large,15,FEAT_SECTOR_B,REPORT_LIMIT,33,0,0,0,0.030303030303030304,1.0,0.8490085601806641,8
PC+RWR,A4_aggregation_error,large,15,FEAT_SECTOR_B,REPORT_LIMIT,33,0,0,0,0.030303030303030304,1.0,10.209083557128906,8
AnomalyOnly,A4_aggregation_error,large,15,FEAT_SECTOR_B,REPORT_LIMIT,23,0,0,0,0.043478260869565216,1.0,0.011920928955078125,1
APA-RCA,A4_aggregation_error,large,15,FEAT_SECTOR_B,REPORT_LIMIT,71,0,0,0,0.014084507042253521,1.0,0.92315673828125,9
APA-RCA-v2,A4_aggregation_error,large,15,FEAT_SECTOR_B,REPORT_LIMIT,71,0,0,0,0.014084507042253521,1.0,0.9160041809082031,9
APA-RCA-v3,A4_aggregation_error,large,15,FEAT_SECTOR_B,REPORT_LIMIT,71,0,0,0,0.014084507042253521,1.0,0.9038448333740234,9
Schema-Constraint,A4_aggregation_error,large,15,FEAT_SECTOR_B,REPORT_LIMIT,1,1,1,1,1.0,0.8,0.0030994415283203125,1
BFS,A4_aggregation_error,large,16,FEAT_SECTOR_B,REPORT_LIMIT,81,0,0,0,0.012345679012345678,1.0,1.3451576232910156,7
Vanilla-RWR,A4_aggregation_error,large,16,FEAT_SECTOR_B,REPORT_LIMIT,83,0,0,0,0.012048192771084338,1.0,0.9140968322753906,9
Structural-RWR,A4_aggregation_error,large,16,FEAT_SECTOR_B,REPORT_LIMIT,53,0,0,0,0.018867924528301886,1.0,0.8649826049804688,8
PC+RWR,A4_aggregation_error,large,16,FEAT_SECTOR_B,REPORT_LIMIT,53,0,0,0,0.018867924528301886,1.0,10.171890258789062,8
AnomalyOnly,A4_aggregation_error,large,16,FEAT_SECTOR_B,REPORT_LIMIT,65,0,0,0,0.015384615384615385,1.0,0.010967254638671875,1
APA-RCA,A4_aggregation_error,large,16,FEAT_SECTOR_B,REPORT_LIMIT,81,0,0,0,0.012345679012345678,1.0,0.9171962738037109,9
APA-RCA-v2,A4_aggregation_error,large,16,FEAT_SECTOR_B,REPORT_LIMIT,81,0,0,0,0.012345679012345678,1.0,0.9100437164306641,9
APA-RCA-v3,A4_aggregation_error,large,16,FEAT_SECTOR_B,REPORT_LIMIT,81,0,0,0,0.012345679012345678,1.0,0.9090900421142578,9
Schema-Constraint,A4_aggregation_error,large,16,FEAT_SECTOR_B,REPORT_LIMIT,1,1,1,1,1.0,0.8,0.0019073486328125,1
BFS,A4_aggregation_error,large,17,FEAT_SECTOR_B,REPORT_LIMIT,72,0,0,0,0.013888888888888888,1.0,0.8480548858642578,7
Vanilla-RWR,A4_aggregation_error,large,17,FEAT_SECTOR_B,REPORT_LIMIT,83,0,0,0,0.012048192771084338,1.0,0.9632110595703125,9
Structural-RWR,A4_aggregation_error,large,17,FEAT_SECTOR_B,REPORT_LIMIT,46,0,0,0,0.021739130434782608,1.0,0.885009765625,8
PC+RWR,A4_aggregation_error,large,17,FEAT_SECTOR_B,REPORT_LIMIT,46,0,0,0,0.021739130434782608,1.0,10.498046875,8
AnomalyOnly,A4_aggregation_error,large,17,FEAT_SECTOR_B,REPORT_LIMIT,33,0,0,0,0.030303030303030304,1.0,0.011920928955078125,1
APA-RCA,A4_aggregation_error,large,17,FEAT_SECTOR_B,REPORT_LIMIT,71,0,0,0,0.014084507042253521,1.0,0.9453296661376953,9
APA-RCA-v2,A4_aggregation_error,large,17,FEAT_SECTOR_B,REPORT_LIMIT,71,0,0,0,0.014084507042253521,1.0,0.9129047393798828,9
APA-RCA-v3,A4_aggregation_error,large,17,FEAT_SECTOR_B,REPORT_LIMIT,71,0,0,0,0.014084507042253521,1.0,0.9191036224365234,9
Schema-Constraint,A4_aggregation_error,large,17,FEAT_SECTOR_B,REPORT_LIMIT,1,1,1,1,1.0,0.8,0.0069141387939453125,1
BFS,A4_aggregation_error,large,18,FEAT_SECTOR_B,REPORT_LIMIT,70,0,0,0,0.014285714285714285,1.0,0.8370876312255859,7
Vanilla-RWR,A4_aggregation_error,large,18,FEAT_SECTOR_B,REPORT_LIMIT,83,0,0,0,0.012048192771084338,1.0,0.9121894836425781,9
Structural-RWR,A4_aggregation_error,large,18,FEAT_SECTOR_B,REPORT_LIMIT,24,0,0,0,0.041666666666666664,1.0,0.8580684661865234,8
PC+RWR,A4_aggregation_error,large,18,FEAT_SECTOR_B,REPORT_LIMIT,24,0,0,0,0.041666666666666664,1.0,10.107040405273438,8
AnomalyOnly,A4_aggregation_error,large,18,FEAT_SECTOR_B,REPORT_LIMIT,5,0,0,1,0.2,0.8,0.010967254638671875,1
APA-RCA,A4_aggregation_error,large,18,FEAT_SECTOR_B,REPORT_LIMIT,70,0,0,0,0.014285714285714285,1.0,0.9131431579589844,9
APA-RCA-v2,A4_aggregation_error,large,18,FEAT_SECTOR_B,REPORT_LIMIT,70,0,0,0,0.014285714285714285,1.0,0.9090900421142578,9
APA-RCA-v3,A4_aggregation_error,large,18,FEAT_SECTOR_B,REPORT_LIMIT,70,0,0,0,0.014285714285714285,1.0,0.9119510650634766,9
Schema-Constraint,A4_aggregation_error,large,18,FEAT_SECTOR_B,REPORT_LIMIT,1,1,1,1,1.0,0.8,0.00286102294921875,1
BFS,A4_aggregation_error,large,19,FEAT_SECTOR_B,REPORT_LIMIT,85,0,0,0,0.011764705882352941,1.0,0.823974609375,7
Vanilla-RWR,A4_aggregation_error,large,19,FEAT_SECTOR_B,REPORT_LIMIT,83,0,0,0,0.012048192771084338,1.0,0.9157657623291016,9
Structural-RWR,A4_aggregation_error,large,19,FEAT_SECTOR_B,REPORT_LIMIT,55,0,0,0,0.01818181818181818,1.0,0.8633136749267578,8
PC+RWR,A4_aggregation_error,large,19,FEAT_SECTOR_B,REPORT_LIMIT,55,0,0,0,0.01818181818181818,1.0,10.072708129882812,8
AnomalyOnly,A4_aggregation_error,large,19,FEAT_SECTOR_B,REPORT_LIMIT,71,0,0,0,0.014084507042253521,1.0,0.010967254638671875,1
APA-RCA,A4_aggregation_error,large,19,FEAT_SECTOR_B,REPORT_LIMIT,81,0,0,0,0.012345679012345678,1.0,0.9229183197021484,9
APA-RCA-v2,A4_aggregation_error,large,19,FEAT_SECTOR_B,REPORT_LIMIT,81,0,0,0,0.012345679012345678,1.0,0.9081363677978516,9
APA-RCA-v3,A4_aggregation_error,large,19,FEAT_SECTOR_B,REPORT_LIMIT,81,0,0,0,0.012345679012345678,1.0,0.9090900421142578,9
Schema-Constraint,A4_aggregation_error,large,19,FEAT_SECTOR_B,REPORT_LIMIT,1,1,1,1,1.0,0.8,0.0019073486328125,1
BFS,A4_aggregation_error,large,20,FEAT_SECTOR_B,REPORT_LIMIT,71,0,0,0,0.014084507042253521,1.0,0.8289813995361328,7
Vanilla-RWR,A4_aggregation_error,large,20,FEAT_SECTOR_B,REPORT_LIMIT,83,0,0,0,0.012048192771084338,1.0,0.9050369262695312,9
Structural-RWR,A4_aggregation_error,large,20,FEAT_SECTOR_B,REPORT_LIMIT,42,0,0,0,0.023809523809523808,1.0,0.86212158203125,8
PC+RWR,A4_aggregation_error,large,20,FEAT_SECTOR_B,REPORT_LIMIT,42,0,0,0,0.023809523809523808,1.0,10.174036026000977,8
AnomalyOnly,A4_aggregation_error,large,20,FEAT_SECTOR_B,REPORT_LIMIT,13,0,0,0,0.07692307692307693,1.0,0.011920928955078125,1
APA-RCA,A4_aggregation_error,large,20,FEAT_SECTOR_B,REPORT_LIMIT,71,0,0,0,0.014084507042253521,1.0,0.9369850158691406,9
APA-RCA-v2,A4_aggregation_error,large,20,FEAT_SECTOR_B,REPORT_LIMIT,71,0,0,0,0.014084507042253521,1.0,0.9181499481201172,9
APA-RCA-v3,A4_aggregation_error,large,20,FEAT_SECTOR_B,REPORT_LIMIT,71,0,0,0,0.014084507042253521,1.0,0.9291172027587891,9
Schema-Constraint,A4_aggregation_error,large,20,FEAT_SECTOR_B,REPORT_LIMIT,1,1,1,1,1.0,0.8,0.0030994415283203125,1
BFS,A4_aggregation_error,large,21,FEAT_SECTOR_A,REPORT_DASHBOARD,68,0,0,0,0.014705882352941176,1.0,0.8246898651123047,6
Vanilla-RWR,A4_aggregation_error,large,21,FEAT_SECTOR_A,REPORT_DASHBOARD,83,0,0,0,0.012048192771084338,1.0,0.911712646484375,9
Structural-RWR,A4_aggregation_error,large,21,FEAT_SECTOR_A,REPORT_DASHBOARD,45,0,0,0,0.022222222222222223,1.0,0.8580684661865234,8
PC+RWR,A4_aggregation_error,large,21,FEAT_SECTOR_A,REPORT_DASHBOARD,45,0,0,0,0.022222222222222223,1.0,10.14399528503418,8
AnomalyOnly,A4_aggregation_error,large,21,FEAT_SECTOR_A,REPORT_DASHBOARD,45,0,0,0,0.022222222222222223,1.0,0.010967254638671875,1
APA-RCA,A4_aggregation_error,large,21,FEAT_SECTOR_A,REPORT_DASHBOARD,59,0,0,0,0.01694915254237288,1.0,0.9198188781738281,9
APA-RCA-v2,A4_aggregation_error,large,21,FEAT_SECTOR_A,REPORT_DASHBOARD,58,0,0,0,0.017241379310344827,1.0,0.9090900421142578,9
APA-RCA-v3,A4_aggregation_error,large,21,FEAT_SECTOR_A,REPORT_DASHBOARD,58,0,0,0,0.017241379310344827,1.0,0.9090900421142578,9
Schema-Constraint,A4_aggregation_error,large,21,FEAT_SECTOR_A,REPORT_DASHBOARD,1,1,1,1,1.0,0.8,0.0030994415283203125,1
BFS,A4_aggregation_error,large,22,FEAT_SECTOR_B,REPORT_LIMIT,82,0,0,0,0.012195121951219513,1.0,0.8671283721923828,7
Vanilla-RWR,A4_aggregation_error,large,22,FEAT_SECTOR_B,REPORT_LIMIT,83,0,0,0,0.012048192771084338,1.0,1.1818408966064453,9
Structural-RWR,A4_aggregation_error,large,22,FEAT_SECTOR_B,REPORT_LIMIT,50,0,0,0,0.02,1.0,0.9050369262695312,8
PC+RWR,A4_aggregation_error,large,22,FEAT_SECTOR_B,REPORT_LIMIT,50,0,0,0,0.02,1.0,11.665105819702148,8
AnomalyOnly,A4_aggregation_error,large,22,FEAT_SECTOR_B,REPORT_LIMIT,67,0,0,0,0.014925373134328358,1.0,0.012874603271484375,1
APA-RCA,A4_aggregation_error,large,22,FEAT_SECTOR_B,REPORT_LIMIT,80,0,0,0,0.0125,1.0,0.9710788726806641,9
APA-RCA-v2,A4_aggregation_error,large,22,FEAT_SECTOR_B,REPORT_LIMIT,80,0,0,0,0.0125,1.0,0.9500980377197266,9
APA-RCA-v3,A4_aggregation_error,large,22,FEAT_SECTOR_B,REPORT_LIMIT,80,0,0,0,0.0125,1.0,0.942230224609375,9
Schema-Constraint,A4_aggregation_error,large,22,FEAT_SECTOR_B,REPORT_LIMIT,1,1,1,1,1.0,0.8,0.0069141387939453125,1
BFS,A4_aggregation_error,large,23,FEAT_SECTOR_A,REPORT_LIMIT,81,0,0,0,0.012345679012345678,1.0,0.8401870727539062,7
Vanilla-RWR,A4_aggregation_error,large,23,FEAT_SECTOR_A,REPORT_LIMIT,82,0,0,0,0.012195121951219513,1.0,0.9281635284423828,9
Structural-RWR,A4_aggregation_error,large,23,FEAT_SECTOR_A,REPORT_LIMIT,49,0,0,0,0.02040816326530612,1.0,0.8609294891357422,8
PC+RWR,A4_aggregation_error,large,23,FEAT_SECTOR_A,REPORT_LIMIT,49,0,0,0,0.02040816326530612,1.0,10.04791259765625,8
AnomalyOnly,A4_aggregation_error,large,23,FEAT_SECTOR_A,REPORT_LIMIT,66,0,0,0,0.015151515151515152,1.0,0.010967254638671875,1
APA-RCA,A4_aggregation_error,large,23,FEAT_SECTOR_A,REPORT_LIMIT,78,0,0,0,0.01282051282051282,1.0,0.9331703186035156,9
APA-RCA-v2,A4_aggregation_error,large,23,FEAT_SECTOR_A,REPORT_LIMIT,78,0,0,0,0.01282051282051282,1.0,0.9047985076904297,9
APA-RCA-v3,A4_aggregation_error,large,23,FEAT_SECTOR_A,REPORT_LIMIT,78,0,0,0,0.01282051282051282,1.0,1.2798309326171875,9
Schema-Constraint,A4_aggregation_error,large,23,FEAT_SECTOR_A,REPORT_LIMIT,1,1,1,1,1.0,0.8,0.0030994415283203125,1
BFS,A4_aggregation_error,large,24,FEAT_SECTOR_A,REPORT_LIMIT,88,0,0,0,0.011363636363636364,1.0,0.8211135864257812,7
Vanilla-RWR,A4_aggregation_error,large,24,FEAT_SECTOR_A,REPORT_LIMIT,82,0,0,0,0.012195121951219513,1.0,0.8988380432128906,9
Structural-RWR,A4_aggregation_error,large,24,FEAT_SECTOR_A,REPORT_LIMIT,58,0,0,0,0.017241379310344827,1.0,0.8590221405029297,8
PC+RWR,A4_aggregation_error,large,24,FEAT_SECTOR_A,REPORT_LIMIT,58,0,0,0,0.017241379310344827,1.0,10.04791259765625,8
AnomalyOnly,A4_aggregation_error,large,24,FEAT_SECTOR_A,REPORT_LIMIT,86,0,0,0,0.011627906976744186,1.0,0.010967254638671875,1
APA-RCA,A4_aggregation_error,large,24,FEAT_SECTOR_A,REPORT_LIMIT,87,0,0,0,0.011494252873563218,1.0,0.9322166442871094,9
APA-RCA-v2,A4_aggregation_error,large,24,FEAT_SECTOR_A,REPORT_LIMIT,87,0,0,0,0.011494252873563218,1.0,1.2650489807128906,9
APA-RCA-v3,A4_aggregation_error,large,24,FEAT_SECTOR_A,REPORT_LIMIT,87,0,0,0,0.011494252873563218,1.0,0.9140968322753906,9
Schema-Constraint,A4_aggregation_error,large,24,FEAT_SECTOR_A,REPORT_LIMIT,1,1,1,1,1.0,0.8,0.0021457672119140625,1
BFS,A4_aggregation_error,large,25,FEAT_SECTOR_B,REPORT_LIMIT,71,0,0,0,0.014084507042253521,1.0,0.8158683776855469,7
Vanilla-RWR,A4_aggregation_error,large,25,FEAT_SECTOR_B,REPORT_LIMIT,83,0,0,0,0.012048192771084338,1.0,0.9076595306396484,9
Structural-RWR,A4_aggregation_error,large,25,FEAT_SECTOR_B,REPORT_LIMIT,46,0,0,0,0.021739130434782608,1.0,0.8518695831298828,8
PC+RWR,A4_aggregation_error,large,25,FEAT_SECTOR_B,REPORT_LIMIT,46,0,0,0,0.021739130434782608,1.0,10.182857513427734,8
AnomalyOnly,A4_aggregation_error,large,25,FEAT_SECTOR_B,REPORT_LIMIT,27,0,0,0,0.037037037037037035,1.0,0.010967254638671875,1
APA-RCA,A4_aggregation_error,large,25,FEAT_SECTOR_B,REPORT_LIMIT,71,0,0,0,0.014084507042253521,1.0,1.2958049774169922,9
APA-RCA-v2,A4_aggregation_error,large,25,FEAT_SECTOR_B,REPORT_LIMIT,71,0,0,0,0.014084507042253521,1.0,0.9031295776367188,9
APA-RCA-v3,A4_aggregation_error,large,25,FEAT_SECTOR_B,REPORT_LIMIT,71,0,0,0,0.014084507042253521,1.0,0.9138584136962891,9
Schema-Constraint,A4_aggregation_error,large,25,FEAT_SECTOR_B,REPORT_LIMIT,1,1,1,1,1.0,0.8,0.0030994415283203125,1
BFS,A4_aggregation_error,large,26,FEAT_SECTOR_B,REPORT_LIMIT,79,0,0,0,0.012658227848101266,1.0,0.8089542388916016,7
Vanilla-RWR,A4_aggregation_error,large,26,FEAT_SECTOR_B,REPORT_LIMIT,83,0,0,0,0.012048192771084338,1.0,0.8959770202636719,9
Structural-RWR,A4_aggregation_error,large,26,FEAT_SECTOR_B,REPORT_LIMIT,48,0,0,0,0.020833333333333332,1.0,0.8571147918701172,8
PC+RWR,A4_aggregation_error,large,26,FEAT_SECTOR_B,REPORT_LIMIT,48,0,0,0,0.020833333333333332,1.0,10.40196418762207,8
AnomalyOnly,A4_aggregation_error,large,26,FEAT_SECTOR_B,REPORT_LIMIT,61,0,0,0,0.01639344262295082,1.0,0.010967254638671875,1
APA-RCA,A4_aggregation_error,large,26,FEAT_SECTOR_B,REPORT_LIMIT,77,0,0,0,0.012987012987012988,1.0,0.911712646484375,9
APA-RCA-v2,A4_aggregation_error,large,26,FEAT_SECTOR_B,REPORT_LIMIT,77,0,0,0,0.012987012987012988,1.0,0.8981227874755859,9
APA-RCA-v3,A4_aggregation_error,large,26,FEAT_SECTOR_B,REPORT_LIMIT,77,0,0,0,0.012987012987012988,1.0,0.9171962738037109,9
Schema-Constraint,A4_aggregation_error,large,26,FEAT_SECTOR_B,REPORT_LIMIT,1,1,1,1,1.0,0.8,0.0030994415283203125,1
BFS,A4_aggregation_error,large,27,FEAT_SECTOR_A,REPORT_LIMIT,71,0,0,0,0.014084507042253521,1.0,0.8270740509033203,7
Vanilla-RWR,A4_aggregation_error,large,27,FEAT_SECTOR_A,REPORT_LIMIT,82,0,0,0,0.012195121951219513,1.0,0.9169578552246094,9
Structural-RWR,A4_aggregation_error,large,27,FEAT_SECTOR_A,REPORT_LIMIT,38,0,0,0,0.02631578947368421,1.0,1.413106918334961,8
PC+RWR,A4_aggregation_error,large,27,FEAT_SECTOR_A,REPORT_LIMIT,38,0,0,0,0.02631578947368421,1.0,10.027170181274414,8
AnomalyOnly,A4_aggregation_error,large,27,FEAT_SECTOR_A,REPORT_LIMIT,11,0,0,0,0.09090909090909091,1.0,0.012159347534179688,1
APA-RCA,A4_aggregation_error,large,27,FEAT_SECTOR_A,REPORT_LIMIT,71,0,0,0,0.014084507042253521,1.0,0.9212493896484375,9
APA-RCA-v2,A4_aggregation_error,large,27,FEAT_SECTOR_A,REPORT_LIMIT,71,0,0,0,0.014084507042253521,1.0,0.9059906005859375,9
APA-RCA-v3,A4_aggregation_error,large,27,FEAT_SECTOR_A,REPORT_LIMIT,71,0,0,0,0.014084507042253521,1.0,0.9050369262695312,9
Schema-Constraint,A4_aggregation_error,large,27,FEAT_SECTOR_A,REPORT_LIMIT,1,1,1,1,1.0,0.8,0.0030994415283203125,1
BFS,A4_aggregation_error,large,28,FEAT_SECTOR_B,REPORT_LIMIT,86,0,0,0,0.011627906976744186,1.0,0.8449554443359375,7
Vanilla-RWR,A4_aggregation_error,large,28,FEAT_SECTOR_B,REPORT_LIMIT,83,0,0,0,0.012048192771084338,1.0,1.3828277587890625,9
Structural-RWR,A4_aggregation_error,large,28,FEAT_SECTOR_B,REPORT_LIMIT,59,0,0,0,0.01694915254237288,1.0,0.8609294891357422,8
PC+RWR,A4_aggregation_error,large,28,FEAT_SECTOR_B,REPORT_LIMIT,59,0,0,0,0.01694915254237288,1.0,10.087966918945312,8
AnomalyOnly,A4_aggregation_error,large,28,FEAT_SECTOR_B,REPORT_LIMIT,75,0,0,0,0.013333333333333334,1.0,0.010967254638671875,1
APA-RCA,A4_aggregation_error,large,28,FEAT_SECTOR_B,REPORT_LIMIT,83,0,0,0,0.012048192771084338,1.0,0.9307861328125,9
APA-RCA-v2,A4_aggregation_error,large,28,FEAT_SECTOR_B,REPORT_LIMIT,83,0,0,0,0.012048192771084338,1.0,0.9112358093261719,9
APA-RCA-v3,A4_aggregation_error,large,28,FEAT_SECTOR_B,REPORT_LIMIT,83,0,0,0,0.012048192771084338,1.0,0.9090900421142578,9
Schema-Constraint,A4_aggregation_error,large,28,FEAT_SECTOR_B,REPORT_LIMIT,1,1,1,1,1.0,0.8,0.0030994415283203125,1
BFS,A4_aggregation_error,large,29,FEAT_SECTOR_B,REPORT_LIMIT,86,0,0,0,0.011627906976744186,1.0,1.3079643249511719,7
Vanilla-RWR,A4_aggregation_error,large,29,FEAT_SECTOR_B,REPORT_LIMIT,83,0,0,0,0.012048192771084338,1.0,0.9100437164306641,9
Structural-RWR,A4_aggregation_error,large,29,FEAT_SECTOR_B,REPORT_LIMIT,54,0,0,0,0.018518518518518517,1.0,0.8442401885986328,8
PC+RWR,A4_aggregation_error,large,29,FEAT_SECTOR_B,REPORT_LIMIT,54,0,0,0,0.018518518518518517,1.0,10.412931442260742,8
AnomalyOnly,A4_aggregation_error,large,29,FEAT_SECTOR_B,REPORT_LIMIT,82,0,0,0,0.012195121951219513,1.0,0.012159347534179688,1
APA-RCA,A4_aggregation_error,large,29,FEAT_SECTOR_B,REPORT_LIMIT,85,0,0,0,0.011764705882352941,1.0,0.9799003601074219,9
APA-RCA-v2,A4_aggregation_error,large,29,FEAT_SECTOR_B,REPORT_LIMIT,85,0,0,0,0.011764705882352941,1.0,1.0159015655517578,9
APA-RCA-v3,A4_aggregation_error,large,29,FEAT_SECTOR_B,REPORT_LIMIT,85,0,0,0,0.011764705882352941,1.0,0.9348392486572266,9
Schema-Constraint,A4_aggregation_error,large,29,FEAT_SECTOR_B,REPORT_LIMIT,1,1,1,1,1.0,0.8,0.006198883056640625,1
BFS,A5_downstream_masking,large,0,SRC_STOCK_7_PRICE,REPORT_LIMIT,62,0,0,0,0.016129032258064516,1.0,0.8158683776855469,7
Vanilla-RWR,A5_downstream_masking,large,0,SRC_STOCK_7_PRICE,REPORT_LIMIT,51,0,0,0,0.0196078431372549,1.0,0.9179115295410156,9
Structural-RWR,A5_downstream_masking,large,0,SRC_STOCK_7_PRICE,REPORT_LIMIT,60,0,0,0,0.016666666666666666,1.0,0.8556842803955078,8
PC+RWR,A5_downstream_masking,large,0,SRC_STOCK_7_PRICE,REPORT_LIMIT,60,0,0,0,0.016666666666666666,1.0,10.224103927612305,8
AnomalyOnly,A5_downstream_masking,large,0,SRC_STOCK_7_PRICE,REPORT_LIMIT,16,0,0,0,0.0625,1.0,0.010967254638671875,1
APA-RCA,A5_downstream_masking,large,0,SRC_STOCK_7_PRICE,REPORT_LIMIT,13,0,0,0,0.07692307692307693,1.0,0.9257793426513672,9
APA-RCA-v2,A5_downstream_masking,large,0,SRC_STOCK_7_PRICE,REPORT_LIMIT,4,0,0,1,0.25,0.8,0.9131431579589844,9
APA-RCA-v3,A5_downstream_masking,large,0,SRC_STOCK_7_PRICE,REPORT_LIMIT,4,0,0,1,0.25,0.8,0.9121894836425781,9
Schema-Constraint,A5_downstream_masking,large,0,SRC_STOCK_7_PRICE,REPORT_LIMIT,7,0,0,0,0.14285714285714285,1.0,0.0,0
BFS,A5_downstream_masking,large,1,SRC_STOCK_4_PRICE,REPORT_LIMIT,61,0,0,0,0.01639344262295082,1.0,0.8161067962646484,7
Vanilla-RWR,A5_downstream_masking,large,1,SRC_STOCK_4_PRICE,REPORT_LIMIT,48,0,0,0,0.020833333333333332,1.0,0.9081363677978516,9
Structural-RWR,A5_downstream_masking,large,1,SRC_STOCK_4_PRICE,REPORT_LIMIT,52,0,0,0,0.019230769230769232,1.0,0.8530616760253906,8
PC+RWR,A5_downstream_masking,large,1,SRC_STOCK_4_PRICE,REPORT_LIMIT,52,0,0,0,0.019230769230769232,1.0,10.21575927734375,8
AnomalyOnly,A5_downstream_masking,large,1,SRC_STOCK_4_PRICE,REPORT_LIMIT,5,0,0,1,0.2,0.8,0.012159347534179688,1
APA-RCA,A5_downstream_masking,large,1,SRC_STOCK_4_PRICE,REPORT_LIMIT,3,0,1,1,0.3333333333333333,0.8,0.9207725524902344,9
APA-RCA-v2,A5_downstream_masking,large,1,SRC_STOCK_4_PRICE,REPORT_LIMIT,2,0,1,1,0.5,0.8,0.9081363677978516,9
APA-RCA-v3,A5_downstream_masking,large,1,SRC_STOCK_4_PRICE,REPORT_LIMIT,2,0,1,1,0.5,0.8,0.911712646484375,9
Schema-Constraint,A5_downstream_masking,large,1,SRC_STOCK_4_PRICE,REPORT_LIMIT,4,0,0,1,0.25,0.8,0.0,0
BFS,A5_downstream_masking,large,2,SRC_STOCK_7_PRICE,REPORT_LIMIT,62,0,0,0,0.016129032258064516,1.0,0.8318424224853516,7
Vanilla-RWR,A5_downstream_masking,large,2,SRC_STOCK_7_PRICE,REPORT_LIMIT,51,0,0,0,0.0196078431372549,1.0,0.9181499481201172,9
Structural-RWR,A5_downstream_masking,large,2,SRC_STOCK_7_PRICE,REPORT_LIMIT,59,0,0,0,0.01694915254237288,1.0,0.8480548858642578,8
PC+RWR,A5_downstream_masking,large,2,SRC_STOCK_7_PRICE,REPORT_LIMIT,59,0,0,0,0.01694915254237288,1.0,10.065793991088867,8
AnomalyOnly,A5_downstream_masking,large,2,SRC_STOCK_7_PRICE,REPORT_LIMIT,15,0,0,0,0.06666666666666667,1.0,0.010967254638671875,1
APA-RCA,A5_downstream_masking,large,2,SRC_STOCK_7_PRICE,REPORT_LIMIT,13,0,0,0,0.07692307692307693,1.0,0.9160041809082031,9
APA-RCA-v2,A5_downstream_masking,large,2,SRC_STOCK_7_PRICE,REPORT_LIMIT,3,0,1,1,0.3333333333333333,0.8,0.9059906005859375,9
APA-RCA-v3,A5_downstream_masking,large,2,SRC_STOCK_7_PRICE,REPORT_LIMIT,3,0,1,1,0.3333333333333333,0.8,0.9081363677978516,9
Schema-Constraint,A5_downstream_masking,large,2,SRC_STOCK_7_PRICE,REPORT_LIMIT,7,0,0,0,0.14285714285714285,1.0,0.0,0
BFS,A5_downstream_masking,large,3,SRC_STOCK_7_PRICE,REPORT_LIMIT,61,0,0,0,0.01639344262295082,1.0,0.8299350738525391,7
Vanilla-RWR,A5_downstream_masking,large,3,SRC_STOCK_7_PRICE,REPORT_LIMIT,51,0,0,0,0.0196078431372549,1.0,0.9038448333740234,9
Structural-RWR,A5_downstream_masking,large,3,SRC_STOCK_7_PRICE,REPORT_LIMIT,49,0,0,0,0.02040816326530612,1.0,1.0652542114257812,8
PC+RWR,A5_downstream_masking,large,3,SRC_STOCK_7_PRICE,REPORT_LIMIT,49,0,0,0,0.02040816326530612,1.0,10.604143142700195,8
AnomalyOnly,A5_downstream_masking,large,3,SRC_STOCK_7_PRICE,REPORT_LIMIT,10,0,0,0,0.1,1.0,0.010967254638671875,1
APA-RCA,A5_downstream_masking,large,3,SRC_STOCK_7_PRICE,REPORT_LIMIT,8,0,0,0,0.125,1.0,0.9357929229736328,9
APA-RCA-v2,A5_downstream_masking,large,3,SRC_STOCK_7_PRICE,REPORT_LIMIT,2,0,1,1,0.5,0.8,0.9152889251708984,9
APA-RCA-v3,A5_downstream_masking,large,3,SRC_STOCK_7_PRICE,REPORT_LIMIT,2,0,1,1,0.5,0.8,0.9169578552246094,9
Schema-Constraint,A5_downstream_masking,large,3,SRC_STOCK_7_PRICE,REPORT_LIMIT,7,0,0,0,0.14285714285714285,1.0,0.0,0
BFS,A5_downstream_masking,large,4,SRC_STOCK_6_PRICE,REPORT_LIMIT,62,0,0,0,0.016129032258064516,1.0,0.827789306640625,7
Vanilla-RWR,A5_downstream_masking,large,4,SRC_STOCK_6_PRICE,REPORT_LIMIT,50,0,0,0,0.02,1.0,0.9348392486572266,9
Structural-RWR,A5_downstream_masking,large,4,SRC_STOCK_6_PRICE,REPORT_LIMIT,50,0,0,0,0.02,1.0,0.8618831634521484,8
PC+RWR,A5_downstream_masking,large,4,SRC_STOCK_6_PRICE,REPORT_LIMIT,50,0,0,0,0.02,1.0,10.200977325439453,8
AnomalyOnly,A5_downstream_masking,large,4,SRC_STOCK_6_PRICE,REPORT_LIMIT,13,0,0,0,0.07692307692307693,1.0,0.012159347534179688,1
APA-RCA,A5_downstream_masking,large,4,SRC_STOCK_6_PRICE,REPORT_LIMIT,9,0,0,0,0.1111111111111111,1.0,0.9229183197021484,9
APA-RCA-v2,A5_downstream_masking,large,4,SRC_STOCK_6_PRICE,REPORT_LIMIT,3,0,1,1,0.3333333333333333,0.8,0.9148120880126953,9
APA-RCA-v3,A5_downstream_masking,large,4,SRC_STOCK_6_PRICE,REPORT_LIMIT,3,0,1,1,0.3333333333333333,0.8,0.9140968322753906,9
Schema-Constraint,A5_downstream_masking,large,4,SRC_STOCK_6_PRICE,REPORT_LIMIT,6,0,0,0,0.16666666666666666,1.0,0.0,0
BFS,A5_downstream_masking,large,5,SRC_STOCK_6_PRICE,REPORT_LIMIT,61,0,0,0,0.01639344262295082,1.0,0.823974609375,7
Vanilla-RWR,A5_downstream_masking,large,5,SRC_STOCK_6_PRICE,REPORT_LIMIT,50,0,0,0,0.02,1.0,0.9157657623291016,9
Structural-RWR,A5_downstream_masking,large,5,SRC_STOCK_6_PRICE,REPORT_LIMIT,51,0,0,0,0.0196078431372549,1.0,0.8540153503417969,8
PC+RWR,A5_downstream_masking,large,5,SRC_STOCK_6_PRICE,REPORT_LIMIT,51,0,0,0,0.0196078431372549,1.0,10.128021240234375,8
AnomalyOnly,A5_downstream_masking,large,5,SRC_STOCK_6_PRICE,REPORT_LIMIT,10,0,0,0,0.1,1.0,0.011205673217773438,1
APA-RCA,A5_downstream_masking,large,5,SRC_STOCK_6_PRICE,REPORT_LIMIT,4,0,0,1,0.25,0.8,0.9300708770751953,9
APA-RCA-v2,A5_downstream_masking,large,5,SRC_STOCK_6_PRICE,REPORT_LIMIT,1,1,1,1,1.0,0.8,0.9160041809082031,9
APA-RCA-v3,A5_downstream_masking,large,5,SRC_STOCK_6_PRICE,REPORT_LIMIT,1,1,1,1,1.0,0.8,0.9098052978515625,9
Schema-Constraint,A5_downstream_masking,large,5,SRC_STOCK_6_PRICE,REPORT_LIMIT,6,0,0,0,0.16666666666666666,1.0,0.0,0
BFS,A5_downstream_masking,large,6,SRC_STOCK_4_PRICE,REPORT_LIMIT,62,0,0,0,0.016129032258064516,1.0,0.8258819580078125,7
Vanilla-RWR,A5_downstream_masking,large,6,SRC_STOCK_4_PRICE,REPORT_LIMIT,48,0,0,0,0.020833333333333332,1.0,0.9150505065917969,9
Structural-RWR,A5_downstream_masking,large,6,SRC_STOCK_4_PRICE,REPORT_LIMIT,62,0,0,0,0.016129032258064516,1.0,0.8490085601806641,8
PC+RWR,A5_downstream_masking,large,6,SRC_STOCK_4_PRICE,REPORT_LIMIT,62,0,0,0,0.016129032258064516,1.0,10.118246078491211,8
AnomalyOnly,A5_downstream_masking,large,6,SRC_STOCK_4_PRICE,REPORT_LIMIT,19,0,0,0,0.05263157894736842,1.0,0.010967254638671875,1
APA-RCA,A5_downstream_masking,large,6,SRC_STOCK_4_PRICE,REPORT_LIMIT,16,0,0,0,0.0625,1.0,0.9171962738037109,9
APA-RCA-v2,A5_downstream_masking,large,6,SRC_STOCK_4_PRICE,REPORT_LIMIT,4,0,0,1,0.25,0.8,0.9090900421142578,9
APA-RCA-v3,A5_downstream_masking,large,6,SRC_STOCK_4_PRICE,REPORT_LIMIT,4,0,0,1,0.25,0.8,1.2891292572021484,9
Schema-Constraint,A5_downstream_masking,large,6,SRC_STOCK_4_PRICE,REPORT_LIMIT,4,0,0,1,0.25,0.8,0.0,0
BFS,A5_downstream_masking,large,7,SRC_STOCK_8_PRICE,REPORT_LIMIT,63,0,0,0,0.015873015873015872,1.0,0.8211135864257812,7
Vanilla-RWR,A5_downstream_masking,large,7,SRC_STOCK_8_PRICE,REPORT_LIMIT,52,0,0,0,0.019230769230769232,1.0,0.9107589721679688,9
Structural-RWR,A5_downstream_masking,large,7,SRC_STOCK_8_PRICE,REPORT_LIMIT,64,0,0,0,0.015625,1.0,0.8549690246582031,8
PC+RWR,A5_downstream_masking,large,7,SRC_STOCK_8_PRICE,REPORT_LIMIT,64,0,0,0,0.015625,1.0,10.085821151733398,8
AnomalyOnly,A5_downstream_masking,large,7,SRC_STOCK_8_PRICE,REPORT_LIMIT,18,0,0,0,0.05555555555555555,1.0,0.010967254638671875,1
APA-RCA,A5_downstream_masking,large,7,SRC_STOCK_8_PRICE,REPORT_LIMIT,16,0,0,0,0.0625,1.0,0.9300708770751953,9
APA-RCA-v2,A5_downstream_masking,large,7,SRC_STOCK_8_PRICE,REPORT_LIMIT,7,0,0,0,0.14285714285714285,1.0,1.2791156768798828,9
APA-RCA-v3,A5_downstream_masking,large,7,SRC_STOCK_8_PRICE,REPORT_LIMIT,7,0,0,0,0.14285714285714285,1.0,0.9160041809082031,9
Schema-Constraint,A5_downstream_masking,large,7,SRC_STOCK_8_PRICE,REPORT_LIMIT,8,0,0,0,0.125,1.0,0.0,0
BFS,A5_downstream_masking,large,8,SRC_STOCK_6_PRICE,REPORT_LIMIT,62,0,0,0,0.016129032258064516,1.0,0.8058547973632812,7
Vanilla-RWR,A5_downstream_masking,large,8,SRC_STOCK_6_PRICE,REPORT_LIMIT,50,0,0,0,0.02,1.0,0.9100437164306641,9
Structural-RWR,A5_downstream_masking,large,8,SRC_STOCK_6_PRICE,REPORT_LIMIT,42,0,0,0,0.023809523809523808,1.0,0.8587837219238281,8
PC+RWR,A5_downstream_masking,large,8,SRC_STOCK_6_PRICE,REPORT_LIMIT,42,0,0,0,0.023809523809523808,1.0,10.088920593261719,8
AnomalyOnly,A5_downstream_masking,large,8,SRC_STOCK_6_PRICE,REPORT_LIMIT,12,0,0,0,0.08333333333333333,1.0,0.010967254638671875,1
APA-RCA,A5_downstream_masking,large,8,SRC_STOCK_6_PRICE,REPORT_LIMIT,5,0,0,1,0.2,0.8,1.294851303100586,9
APA-RCA-v2,A5_downstream_masking,large,8,SRC_STOCK_6_PRICE,REPORT_LIMIT,2,0,1,1,0.5,0.8,0.9162425994873047,9
APA-RCA-v3,A5_downstream_masking,large,8,SRC_STOCK_6_PRICE,REPORT_LIMIT,2,0,1,1,0.5,0.8,0.9160041809082031,9
Schema-Constraint,A5_downstream_masking,large,8,SRC_STOCK_6_PRICE,REPORT_LIMIT,6,0,0,0,0.16666666666666666,1.0,0.0,0
BFS,A5_downstream_masking,large,9,SRC_STOCK_4_PRICE,REPORT_LIMIT,61,0,0,0,0.01639344262295082,1.0,0.8215904235839844,7
Vanilla-RWR,A5_downstream_masking,large,9,SRC_STOCK_4_PRICE,REPORT_LIMIT,48,0,0,0,0.020833333333333332,1.0,0.90789794921875,9
Structural-RWR,A5_downstream_masking,large,9,SRC_STOCK_4_PRICE,REPORT_LIMIT,46,0,0,0,0.021739130434782608,1.0,0.8449554443359375,8
PC+RWR,A5_downstream_masking,large,9,SRC_STOCK_4_PRICE,REPORT_LIMIT,46,0,0,0,0.021739130434782608,1.0,10.586023330688477,8
AnomalyOnly,A5_downstream_masking,large,9,SRC_STOCK_4_PRICE,REPORT_LIMIT,9,0,0,0,0.1111111111111111,1.0,0.010967254638671875,1
APA-RCA,A5_downstream_masking,large,9,SRC_STOCK_4_PRICE,REPORT_LIMIT,6,0,0,0,0.16666666666666666,1.0,0.9300708770751953,9
APA-RCA-v2,A5_downstream_masking,large,9,SRC_STOCK_4_PRICE,REPORT_LIMIT,1,1,1,1,1.0,0.8,0.9138584136962891,9
APA-RCA-v3,A5_downstream_masking,large,9,SRC_STOCK_4_PRICE,REPORT_LIMIT,1,1,1,1,1.0,0.8,0.9222030639648438,9
Schema-Constraint,A5_downstream_masking,large,9,SRC_STOCK_4_PRICE,REPORT_LIMIT,4,0,0,1,0.25,0.8,0.0,0
BFS,A5_downstream_masking,large,10,SRC_STOCK_7_PRICE,REPORT_LIMIT,62,0,0,0,0.016129032258064516,1.0,0.8270740509033203,7
Vanilla-RWR,A5_downstream_masking,large,10,SRC_STOCK_7_PRICE,REPORT_LIMIT,51,0,0,0,0.0196078431372549,1.0,0.9109973907470703,9
Structural-RWR,A5_downstream_masking,large,10,SRC_STOCK_7_PRICE,REPORT_LIMIT,55,0,0,0,0.01818181818181818,1.0,1.4090538024902344,8
PC+RWR,A5_downstream_masking,large,10,SRC_STOCK_7_PRICE,REPORT_LIMIT,55,0,0,0,0.01818181818181818,1.0,10.020017623901367,8
AnomalyOnly,A5_downstream_masking,large,10,SRC_STOCK_7_PRICE,REPORT_LIMIT,19,0,0,0,0.05263157894736842,1.0,0.010967254638671875,1
APA-RCA,A5_downstream_masking,large,10,SRC_STOCK_7_PRICE,REPORT_LIMIT,14,0,0,0,0.07142857142857142,1.0,0.9248256683349609,9
APA-RCA-v2,A5_downstream_masking,large,10,SRC_STOCK_7_PRICE,REPORT_LIMIT,4,0,0,1,0.25,0.8,0.9100437164306641,9
APA-RCA-v3,A5_downstream_masking,large,10,SRC_STOCK_7_PRICE,REPORT_LIMIT,4,0,0,1,0.25,0.8,0.9121894836425781,9
Schema-Constraint,A5_downstream_masking,large,10,SRC_STOCK_7_PRICE,REPORT_LIMIT,7,0,0,0,0.14285714285714285,1.0,0.0,0
BFS,A5_downstream_masking,large,11,SRC_STOCK_2_PRICE,REPORT_LIMIT,61,0,0,0,0.01639344262295082,1.0,0.8208751678466797,7
Vanilla-RWR,A5_downstream_masking,large,11,SRC_STOCK_2_PRICE,REPORT_LIMIT,46,0,0,0,0.021739130434782608,1.0,1.3580322265625,9
Structural-RWR,A5_downstream_masking,large,11,SRC_STOCK_2_PRICE,REPORT_LIMIT,59,0,0,0,0.01694915254237288,1.0,0.8540153503417969,8
PC+RWR,A5_downstream_masking,large,11,SRC_STOCK_2_PRICE,REPORT_LIMIT,59,0,0,0,0.01694915254237288,1.0,10.250091552734375,8
AnomalyOnly,A5_downstream_masking,large,11,SRC_STOCK_2_PRICE,REPORT_LIMIT,14,0,0,0,0.07142857142857142,1.0,0.010967254638671875,1
APA-RCA,A5_downstream_masking,large,11,SRC_STOCK_2_PRICE,REPORT_LIMIT,13,0,0,0,0.07692307692307693,1.0,0.9510517120361328,9
APA-RCA-v2,A5_downstream_masking,large,11,SRC_STOCK_2_PRICE,REPORT_LIMIT,6,0,0,0,0.16666666666666666,1.0,0.9510517120361328,9
APA-RCA-v3,A5_downstream_masking,large,11,SRC_STOCK_2_PRICE,REPORT_LIMIT,6,0,0,0,0.16666666666666666,1.0,0.9560585021972656,9
Schema-Constraint,A5_downstream_masking,large,11,SRC_STOCK_2_PRICE,REPORT_LIMIT,2,0,1,1,0.5,0.8,0.0,0
BFS,A5_downstream_masking,large,12,SRC_STOCK_5_PRICE,REPORT_LIMIT,61,0,0,0,0.01639344262295082,1.0,1.3060569763183594,7
Vanilla-RWR,A5_downstream_masking,large,12,SRC_STOCK_5_PRICE,REPORT_LIMIT,49,0,0,0,0.02040816326530612,1.0,0.9140968322753906,9
Structural-RWR,A5_downstream_masking,large,12,SRC_STOCK_5_PRICE,REPORT_LIMIT,52,0,0,0,0.019230769230769232,1.0,0.8440017700195312,8
PC+RWR,A5_downstream_masking,large,12,SRC_STOCK_5_PRICE,REPORT_LIMIT,52,0,0,0,0.019230769230769232,1.0,10.08296012878418,8
AnomalyOnly,A5_downstream_masking,large,12,SRC_STOCK_5_PRICE,REPORT_LIMIT,9,0,0,0,0.1111111111111111,1.0,0.010967254638671875,1
APA-RCA,A5_downstream_masking,large,12,SRC_STOCK_5_PRICE,REPORT_LIMIT,8,0,0,0,0.125,1.0,0.9212493896484375,9
APA-RCA-v2,A5_downstream_masking,large,12,SRC_STOCK_5_PRICE,REPORT_LIMIT,3,0,1,1,0.3333333333333333,0.8,0.9107589721679688,9
APA-RCA-v3,A5_downstream_masking,large,12,SRC_STOCK_5_PRICE,REPORT_LIMIT,3,0,1,1,0.3333333333333333,0.8,0.9181499481201172,9
Schema-Constraint,A5_downstream_masking,large,12,SRC_STOCK_5_PRICE,REPORT_LIMIT,5,0,0,1,0.2,0.8,0.0,0
BFS,A5_downstream_masking,large,13,SRC_STOCK_8_PRICE,REPORT_LIMIT,61,0,0,0,0.01639344262295082,1.0,0.8230209350585938,7
Vanilla-RWR,A5_downstream_masking,large,13,SRC_STOCK_8_PRICE,REPORT_LIMIT,52,0,0,0,0.019230769230769232,1.0,0.9222030639648438,9
Structural-RWR,A5_downstream_masking,large,13,SRC_STOCK_8_PRICE,REPORT_LIMIT,52,0,0,0,0.019230769230769232,1.0,0.8602142333984375,8
PC+RWR,A5_downstream_masking,large,13,SRC_STOCK_8_PRICE,REPORT_LIMIT,52,0,0,0,0.019230769230769232,1.0,10.081052780151367,8
AnomalyOnly,A5_downstream_masking,large,13,SRC_STOCK_8_PRICE,REPORT_LIMIT,9,0,0,0,0.1111111111111111,1.0,0.012159347534179688,1
APA-RCA,A5_downstream_masking,large,13,SRC_STOCK_8_PRICE,REPORT_LIMIT,7,0,0,0,0.14285714285714285,1.0,0.9500980377197266,9
APA-RCA-v2,A5_downstream_masking,large,13,SRC_STOCK_8_PRICE,REPORT_LIMIT,1,1,1,1,1.0,0.8,0.9229183197021484,9
APA-RCA-v3,A5_downstream_masking,large,13,SRC_STOCK_8_PRICE,REPORT_LIMIT,1,1,1,1,1.0,0.8,0.9169578552246094,9
Schema-Constraint,A5_downstream_masking,large,13,SRC_STOCK_8_PRICE,REPORT_LIMIT,8,0,0,0,0.125,1.0,0.0,0
BFS,A5_downstream_masking,large,14,SRC_STOCK_2_PRICE,REPORT_LIMIT,64,0,0,0,0.015625,1.0,0.8287429809570312,7
Vanilla-RWR,A5_downstream_masking,large,14,SRC_STOCK_2_PRICE,REPORT_LIMIT,46,0,0,0,0.021739130434782608,1.0,0.9181499481201172,9
Structural-RWR,A5_downstream_masking,large,14,SRC_STOCK_2_PRICE,REPORT_LIMIT,68,0,0,0,0.014705882352941176,1.0,0.8559226989746094,8
PC+RWR,A5_downstream_masking,large,14,SRC_STOCK_2_PRICE,REPORT_LIMIT,68,0,0,0,0.014705882352941176,1.0,10.396003723144531,8
AnomalyOnly,A5_downstream_masking,large,14,SRC_STOCK_2_PRICE,REPORT_LIMIT,28,0,0,0,0.03571428571428571,1.0,0.011682510375976562,1
APA-RCA,A5_downstream_masking,large,14,SRC_STOCK_2_PRICE,REPORT_LIMIT,24,0,0,0,0.041666666666666664,1.0,0.9317398071289062,9
APA-RCA-v2,A5_downstream_masking,large,14,SRC_STOCK_2_PRICE,REPORT_LIMIT,12,0,0,0,0.08333333333333333,1.0,0.9210109710693359,9
APA-RCA-v3,A5_downstream_masking,large,14,SRC_STOCK_2_PRICE,REPORT_LIMIT,12,0,0,0,0.08333333333333333,1.0,0.9157657623291016,9
Schema-Constraint,A5_downstream_masking,large,14,SRC_STOCK_2_PRICE,REPORT_LIMIT,2,0,1,1,0.5,0.8,0.0,0
BFS,A5_downstream_masking,large,15,SRC_STOCK_8_PRICE,REPORT_LIMIT,62,0,0,0,0.016129032258064516,1.0,0.8361339569091797,7
Vanilla-RWR,A5_downstream_masking,large,15,SRC_STOCK_8_PRICE,REPORT_LIMIT,52,0,0,0,0.019230769230769232,1.0,0.9191036224365234,9
Structural-RWR,A5_downstream_masking,large,15,SRC_STOCK_8_PRICE,REPORT_LIMIT,45,0,0,0,0.022222222222222223,1.0,0.8590221405029297,8
PC+RWR,A5_downstream_masking,large,15,SRC_STOCK_8_PRICE,REPORT_LIMIT,45,0,0,0,0.022222222222222223,1.0,10.06174087524414,8
AnomalyOnly,A5_downstream_masking,large,15,SRC_STOCK_8_PRICE,REPORT_LIMIT,11,0,0,0,0.09090909090909091,1.0,0.010967254638671875,1
APA-RCA,A5_downstream_masking,large,15,SRC_STOCK_8_PRICE,REPORT_LIMIT,7,0,0,0,0.14285714285714285,1.0,0.926971435546875,9
APA-RCA-v2,A5_downstream_masking,large,15,SRC_STOCK_8_PRICE,REPORT_LIMIT,2,0,1,1,0.5,0.8,0.9119510650634766,9
APA-RCA-v3,A5_downstream_masking,large,15,SRC_STOCK_8_PRICE,REPORT_LIMIT,2,0,1,1,0.5,0.8,0.9169578552246094,9
Schema-Constraint,A5_downstream_masking,large,15,SRC_STOCK_8_PRICE,REPORT_LIMIT,8,0,0,0,0.125,1.0,0.0,0
BFS,A5_downstream_masking,large,16,SRC_STOCK_5_PRICE,REPORT_LIMIT,62,0,0,0,0.016129032258064516,1.0,0.8401870727539062,7
Vanilla-RWR,A5_downstream_masking,large,16,SRC_STOCK_5_PRICE,REPORT_LIMIT,49,0,0,0,0.02040816326530612,1.0,0.9279251098632812,9
Structural-RWR,A5_downstream_masking,large,16,SRC_STOCK_5_PRICE,REPORT_LIMIT,55,0,0,0,0.01818181818181818,1.0,0.8637905120849609,8
PC+RWR,A5_downstream_masking,large,16,SRC_STOCK_5_PRICE,REPORT_LIMIT,55,0,0,0,0.01818181818181818,1.0,10.334253311157227,8
AnomalyOnly,A5_downstream_masking,large,16,SRC_STOCK_5_PRICE,REPORT_LIMIT,9,0,0,0,0.1111111111111111,1.0,0.010967254638671875,1
APA-RCA,A5_downstream_masking,large,16,SRC_STOCK_5_PRICE,REPORT_LIMIT,7,0,0,0,0.14285714285714285,1.0,0.9160041809082031,9
APA-RCA-v2,A5_downstream_masking,large,16,SRC_STOCK_5_PRICE,REPORT_LIMIT,2,0,1,1,0.5,0.8,0.9000301361083984,9
APA-RCA-v3,A5_downstream_masking,large,16,SRC_STOCK_5_PRICE,REPORT_LIMIT,2,0,1,1,0.5,0.8,0.9028911590576172,9
Schema-Constraint,A5_downstream_masking,large,16,SRC_STOCK_5_PRICE,REPORT_LIMIT,5,0,0,1,0.2,0.8,0.0,0
BFS,A5_downstream_masking,large,17,SRC_STOCK_6_PRICE,REPORT_LIMIT,61,0,0,0,0.01639344262295082,1.0,0.8208751678466797,7
Vanilla-RWR,A5_downstream_masking,large,17,SRC_STOCK_6_PRICE,REPORT_LIMIT,50,0,0,0,0.02,1.0,0.9000301361083984,9
Structural-RWR,A5_downstream_masking,large,17,SRC_STOCK_6_PRICE,REPORT_LIMIT,60,0,0,0,0.016666666666666666,1.0,0.8528232574462891,8
PC+RWR,A5_downstream_masking,large,17,SRC_STOCK_6_PRICE,REPORT_LIMIT,60,0,0,0,0.016666666666666666,1.0,10.05697250366211,8
AnomalyOnly,A5_downstream_masking,large,17,SRC_STOCK_6_PRICE,REPORT_LIMIT,13,0,0,0,0.07692307692307693,1.0,0.010967254638671875,1
APA-RCA,A5_downstream_masking,large,17,SRC_STOCK_6_PRICE,REPORT_LIMIT,10,0,0,0,0.1,1.0,0.9176731109619141,9
APA-RCA-v2,A5_downstream_masking,large,17,SRC_STOCK_6_PRICE,REPORT_LIMIT,3,0,1,1,0.3333333333333333,0.8,0.9081363677978516,9
APA-RCA-v3,A5_downstream_masking,large,17,SRC_STOCK_6_PRICE,REPORT_LIMIT,3,0,1,1,0.3333333333333333,0.8,0.9081363677978516,9
Schema-Constraint,A5_downstream_masking,large,17,SRC_STOCK_6_PRICE,REPORT_LIMIT,6,0,0,0,0.16666666666666666,1.0,0.0,0
BFS,A5_downstream_masking,large,18,SRC_STOCK_8_PRICE,REPORT_LIMIT,61,0,0,0,0.01639344262295082,1.0,0.8089542388916016,7
Vanilla-RWR,A5_downstream_masking,large,18,SRC_STOCK_8_PRICE,REPORT_LIMIT,52,0,0,0,0.019230769230769232,1.0,0.9050369262695312,9
Structural-RWR,A5_downstream_masking,large,18,SRC_STOCK_8_PRICE,REPORT_LIMIT,55,0,0,0,0.01818181818181818,1.0,0.8461475372314453,8
PC+RWR,A5_downstream_masking,large,18,SRC_STOCK_8_PRICE,REPORT_LIMIT,55,0,0,0,0.01818181818181818,1.0,10.025978088378906,8
AnomalyOnly,A5_downstream_masking,large,18,SRC_STOCK_8_PRICE,REPORT_LIMIT,9,0,0,0,0.1111111111111111,1.0,0.010967254638671875,1
APA-RCA,A5_downstream_masking,large,18,SRC_STOCK_8_PRICE,REPORT_LIMIT,8,0,0,0,0.125,1.0,0.9160041809082031,9
APA-RCA-v2,A5_downstream_masking,large,18,SRC_STOCK_8_PRICE,REPORT_LIMIT,2,0,1,1,0.5,0.8,0.9098052978515625,9
APA-RCA-v3,A5_downstream_masking,large,18,SRC_STOCK_8_PRICE,REPORT_LIMIT,2,0,1,1,0.5,0.8,0.9047985076904297,9
Schema-Constraint,A5_downstream_masking,large,18,SRC_STOCK_8_PRICE,REPORT_LIMIT,8,0,0,0,0.125,1.0,0.0,0
BFS,A5_downstream_masking,large,19,SRC_STOCK_5_PRICE,REPORT_LIMIT,61,0,0,0,0.01639344262295082,1.0,0.8230209350585938,7
Vanilla-RWR,A5_downstream_masking,large,19,SRC_STOCK_5_PRICE,REPORT_LIMIT,49,0,0,0,0.02040816326530612,1.0,0.9069442749023438,9
Structural-RWR,A5_downstream_masking,large,19,SRC_STOCK_5_PRICE,REPORT_LIMIT,35,0,0,0,0.02857142857142857,1.0,0.8487701416015625,8
PC+RWR,A5_downstream_masking,large,19,SRC_STOCK_5_PRICE,REPORT_LIMIT,35,0,0,0,0.02857142857142857,1.0,10.045051574707031,8
AnomalyOnly,A5_downstream_masking,large,19,SRC_STOCK_5_PRICE,REPORT_LIMIT,9,0,0,0,0.1111111111111111,1.0,0.010728836059570312,1
APA-RCA,A5_downstream_masking,large,19,SRC_STOCK_5_PRICE,REPORT_LIMIT,5,0,0,1,0.2,0.8,0.9179115295410156,9
APA-RCA-v2,A5_downstream_masking,large,19,SRC_STOCK_5_PRICE,REPORT_LIMIT,1,1,1,1,1.0,0.8,0.9090900421142578,9
APA-RCA-v3,A5_downstream_masking,large,19,SRC_STOCK_5_PRICE,REPORT_LIMIT,1,1,1,1,1.0,0.8,1.291036605834961,9
Schema-Constraint,A5_downstream_masking,large,19,SRC_STOCK_5_PRICE,REPORT_LIMIT,5,0,0,1,0.2,0.8,0.0,0
BFS,A5_downstream_masking,large,20,SRC_STOCK_8_PRICE,REPORT_LIMIT,64,0,0,0,0.015625,1.0,0.8130073547363281,7
Vanilla-RWR,A5_downstream_masking,large,20,SRC_STOCK_8_PRICE,REPORT_LIMIT,52,0,0,0,0.019230769230769232,1.0,0.9052753448486328,9
Structural-RWR,A5_downstream_masking,large,20,SRC_STOCK_8_PRICE,REPORT_LIMIT,63,0,0,0,0.015873015873015872,1.0,0.8459091186523438,8
PC+RWR,A5_downstream_masking,large,20,SRC_STOCK_8_PRICE,REPORT_LIMIT,63,0,0,0,0.015873015873015872,1.0,10.031938552856445,8
AnomalyOnly,A5_downstream_masking,large,20,SRC_STOCK_8_PRICE,REPORT_LIMIT,22,0,0,0,0.045454545454545456,1.0,0.011920928955078125,1
APA-RCA,A5_downstream_masking,large,20,SRC_STOCK_8_PRICE,REPORT_LIMIT,15,0,0,0,0.06666666666666667,1.0,0.9291172027587891,9
APA-RCA-v2,A5_downstream_masking,large,20,SRC_STOCK_8_PRICE,REPORT_LIMIT,9,0,0,0,0.1111111111111111,1.0,1.2540817260742188,9
APA-RCA-v3,A5_downstream_masking,large,20,SRC_STOCK_8_PRICE,REPORT_LIMIT,9,0,0,0,0.1111111111111111,1.0,0.9162425994873047,9
Schema-Constraint,A5_downstream_masking,large,20,SRC_STOCK_8_PRICE,REPORT_LIMIT,8,0,0,0,0.125,1.0,0.0,0
BFS,A5_downstream_masking,large,21,SRC_STOCK_3_PRICE,REPORT_DASHBOARD,37,0,0,0,0.02702702702702703,1.0,0.8289813995361328,6
Vanilla-RWR,A5_downstream_masking,large,21,SRC_STOCK_3_PRICE,REPORT_DASHBOARD,30,0,0,0,0.03333333333333333,1.0,0.9171962738037109,9
Structural-RWR,A5_downstream_masking,large,21,SRC_STOCK_3_PRICE,REPORT_DASHBOARD,58,0,0,0,0.017241379310344827,1.0,0.8459091186523438,8
PC+RWR,A5_downstream_masking,large,21,SRC_STOCK_3_PRICE,REPORT_DASHBOARD,58,0,0,0,0.017241379310344827,1.0,10.154962539672852,8
AnomalyOnly,A5_downstream_masking,large,21,SRC_STOCK_3_PRICE,REPORT_DASHBOARD,14,0,0,0,0.07142857142857142,1.0,0.011920928955078125,1
APA-RCA,A5_downstream_masking,large,21,SRC_STOCK_3_PRICE,REPORT_DASHBOARD,7,0,0,0,0.14285714285714285,1.0,1.2900829315185547,9
APA-RCA-v2,A5_downstream_masking,large,21,SRC_STOCK_3_PRICE,REPORT_DASHBOARD,3,0,1,1,0.3333333333333333,0.8,0.9000301361083984,9
APA-RCA-v3,A5_downstream_masking,large,21,SRC_STOCK_3_PRICE,REPORT_DASHBOARD,3,0,1,1,0.3333333333333333,0.8,0.8919239044189453,9
Schema-Constraint,A5_downstream_masking,large,21,SRC_STOCK_3_PRICE,REPORT_DASHBOARD,3,0,1,1,0.3333333333333333,0.8,0.0,0
BFS,A5_downstream_masking,large,22,SRC_STOCK_7_PRICE,REPORT_LIMIT,63,0,0,0,0.015873015873015872,1.0,0.8268356323242188,7
Vanilla-RWR,A5_downstream_masking,large,22,SRC_STOCK_7_PRICE,REPORT_LIMIT,51,0,0,0,0.0196078431372549,1.0,0.9160041809082031,9
Structural-RWR,A5_downstream_masking,large,22,SRC_STOCK_7_PRICE,REPORT_LIMIT,60,0,0,0,0.016666666666666666,1.0,0.8530616760253906,8
PC+RWR,A5_downstream_masking,large,22,SRC_STOCK_7_PRICE,REPORT_LIMIT,60,0,0,0,0.016666666666666666,1.0,10.528802871704102,8
AnomalyOnly,A5_downstream_masking,large,22,SRC_STOCK_7_PRICE,REPORT_LIMIT,18,0,0,0,0.05555555555555555,1.0,0.010967254638671875,1
APA-RCA,A5_downstream_masking,large,22,SRC_STOCK_7_PRICE,REPORT_LIMIT,13,0,0,0,0.07692307692307693,1.0,0.9148120880126953,9
APA-RCA-v2,A5_downstream_masking,large,22,SRC_STOCK_7_PRICE,REPORT_LIMIT,5,0,0,1,0.2,0.8,0.9100437164306641,9
APA-RCA-v3,A5_downstream_masking,large,22,SRC_STOCK_7_PRICE,REPORT_LIMIT,5,0,0,1,0.2,0.8,0.9119510650634766,9
Schema-Constraint,A5_downstream_masking,large,22,SRC_STOCK_7_PRICE,REPORT_LIMIT,7,0,0,0,0.14285714285714285,1.0,0.0,0
BFS,A5_downstream_masking,large,23,SRC_STOCK_1_PRICE,REPORT_LIMIT,68,0,0,0,0.014705882352941176,1.0,0.8001327514648438,7
Vanilla-RWR,A5_downstream_masking,large,23,SRC_STOCK_1_PRICE,REPORT_LIMIT,45,0,0,0,0.022222222222222223,1.0,0.9038448333740234,9
Structural-RWR,A5_downstream_masking,large,23,SRC_STOCK_1_PRICE,REPORT_LIMIT,84,0,0,0,0.011904761904761904,1.0,1.33514404296875,8
PC+RWR,A5_downstream_masking,large,23,SRC_STOCK_1_PRICE,REPORT_LIMIT,84,0,0,0,0.011904761904761904,1.0,10.041952133178711,8
AnomalyOnly,A5_downstream_masking,large,23,SRC_STOCK_1_PRICE,REPORT_LIMIT,60,0,0,0,0.016666666666666666,1.0,0.010967254638671875,1
APA-RCA,A5_downstream_masking,large,23,SRC_STOCK_1_PRICE,REPORT_LIMIT,41,0,0,0,0.024390243902439025,1.0,0.9179115295410156,9
APA-RCA-v2,A5_downstream_masking,large,23,SRC_STOCK_1_PRICE,REPORT_LIMIT,25,0,0,0,0.04,1.0,0.9148120880126953,9
APA-RCA-v3,A5_downstream_masking,large,23,SRC_STOCK_1_PRICE,REPORT_LIMIT,25,0,0,0,0.04,1.0,0.9069442749023438,9
Schema-Constraint,A5_downstream_masking,large,23,SRC_STOCK_1_PRICE,REPORT_LIMIT,1,1,1,1,1.0,0.8,0.0,0
BFS,A5_downstream_masking,large,24,SRC_STOCK_4_PRICE,REPORT_LIMIT,61,0,0,0,0.01639344262295082,1.0,0.8192062377929688,7
Vanilla-RWR,A5_downstream_masking,large,24,SRC_STOCK_4_PRICE,REPORT_LIMIT,48,0,0,0,0.020833333333333332,1.0,1.3790130615234375,9
Structural-RWR,A5_downstream_masking,large,24,SRC_STOCK_4_PRICE,REPORT_LIMIT,48,0,0,0,0.020833333333333332,1.0,0.8482933044433594,8
PC+RWR,A5_downstream_masking,large,24,SRC_STOCK_4_PRICE,REPORT_LIMIT,48,0,0,0,0.020833333333333332,1.0,10.032892227172852,8
AnomalyOnly,A5_downstream_masking,large,24,SRC_STOCK_4_PRICE,REPORT_LIMIT,5,0,0,1,0.2,0.8,0.010967254638671875,1
APA-RCA,A5_downstream_masking,large,24,SRC_STOCK_4_PRICE,REPORT_LIMIT,5,0,0,1,0.2,0.8,0.9291172027587891,9
APA-RCA-v2,A5_downstream_masking,large,24,SRC_STOCK_4_PRICE,REPORT_LIMIT,1,1,1,1,1.0,0.8,0.9140968322753906,9
APA-RCA-v3,A5_downstream_masking,large,24,SRC_STOCK_4_PRICE,REPORT_LIMIT,1,1,1,1,1.0,0.8,0.9086132049560547,9
Schema-Constraint,A5_downstream_masking,large,24,SRC_STOCK_4_PRICE,REPORT_LIMIT,4,0,0,1,0.25,0.8,0.0,0
BFS,A5_downstream_masking,large,25,SRC_STOCK_5_PRICE,REPORT_LIMIT,61,0,0,0,0.01639344262295082,1.0,1.322031021118164,7
Vanilla-RWR,A5_downstream_masking,large,25,SRC_STOCK_5_PRICE,REPORT_LIMIT,49,0,0,0,0.02040816326530612,1.0,0.8842945098876953,9
Structural-RWR,A5_downstream_masking,large,25,SRC_STOCK_5_PRICE,REPORT_LIMIT,59,0,0,0,0.01694915254237288,1.0,0.8530616760253906,8
PC+RWR,A5_downstream_masking,large,25,SRC_STOCK_5_PRICE,REPORT_LIMIT,59,0,0,0,0.01694915254237288,1.0,10.241031646728516,8
AnomalyOnly,A5_downstream_masking,large,25,SRC_STOCK_5_PRICE,REPORT_LIMIT,13,0,0,0,0.07692307692307693,1.0,0.010967254638671875,1
APA-RCA,A5_downstream_masking,large,25,SRC_STOCK_5_PRICE,REPORT_LIMIT,12,0,0,0,0.08333333333333333,1.0,0.9207725524902344,9
APA-RCA-v2,A5_downstream_masking,large,25,SRC_STOCK_5_PRICE,REPORT_LIMIT,6,0,0,0,0.16666666666666666,1.0,0.9150505065917969,9
APA-RCA-v3,A5_downstream_masking,large,25,SRC_STOCK_5_PRICE,REPORT_LIMIT,6,0,0,0,0.16666666666666666,1.0,0.911712646484375,9
Schema-Constraint,A5_downstream_masking,large,25,SRC_STOCK_5_PRICE,REPORT_LIMIT,5,0,0,1,0.2,0.8,0.0,0
BFS,A5_downstream_masking,large,26,SRC_STOCK_7_PRICE,REPORT_LIMIT,61,0,0,0,0.01639344262295082,1.0,0.8149147033691406,7
Vanilla-RWR,A5_downstream_masking,large,26,SRC_STOCK_7_PRICE,REPORT_LIMIT,51,0,0,0,0.0196078431372549,1.0,0.9138584136962891,9
Structural-RWR,A5_downstream_masking,large,26,SRC_STOCK_7_PRICE,REPORT_LIMIT,23,0,0,0,0.043478260869565216,1.0,0.8692741394042969,8
PC+RWR,A5_downstream_masking,large,26,SRC_STOCK_7_PRICE,REPORT_LIMIT,23,0,0,0,0.043478260869565216,1.0,10.149717330932617,8
AnomalyOnly,A5_downstream_masking,large,26,SRC_STOCK_7_PRICE,REPORT_LIMIT,3,0,1,1,0.3333333333333333,0.8,0.011205673217773438,1
APA-RCA,A5_downstream_masking,large,26,SRC_STOCK_7_PRICE,REPORT_LIMIT,2,0,1,1,0.5,0.8,0.9491443634033203,9
APA-RCA-v2,A5_downstream_masking,large,26,SRC_STOCK_7_PRICE,REPORT_LIMIT,1,1,1,1,1.0,0.8,0.9210109710693359,9
APA-RCA-v3,A5_downstream_masking,large,26,SRC_STOCK_7_PRICE,REPORT_LIMIT,1,1,1,1,1.0,0.8,0.9169578552246094,9
Schema-Constraint,A5_downstream_masking,large,26,SRC_STOCK_7_PRICE,REPORT_LIMIT,7,0,0,0,0.14285714285714285,1.0,0.0,0
BFS,A5_downstream_masking,large,27,SRC_STOCK_1_PRICE,REPORT_LIMIT,64,0,0,0,0.015625,1.0,0.8347034454345703,7
Vanilla-RWR,A5_downstream_masking,large,27,SRC_STOCK_1_PRICE,REPORT_LIMIT,45,0,0,0,0.022222222222222223,1.0,0.9138584136962891,9
Structural-RWR,A5_downstream_masking,large,27,SRC_STOCK_1_PRICE,REPORT_LIMIT,67,0,0,0,0.014925373134328358,1.0,0.8537769317626953,8
PC+RWR,A5_downstream_masking,large,27,SRC_STOCK_1_PRICE,REPORT_LIMIT,67,0,0,0,0.014925373134328358,1.0,10.1470947265625,8
AnomalyOnly,A5_downstream_masking,large,27,SRC_STOCK_1_PRICE,REPORT_LIMIT,33,0,0,0,0.030303030303030304,1.0,0.010967254638671875,1
APA-RCA,A5_downstream_masking,large,27,SRC_STOCK_1_PRICE,REPORT_LIMIT,20,0,0,0,0.05,1.0,0.9279251098632812,9
APA-RCA-v2,A5_downstream_masking,large,27,SRC_STOCK_1_PRICE,REPORT_LIMIT,9,0,0,0,0.1111111111111111,1.0,0.9319782257080078,9
APA-RCA-v3,A5_downstream_masking,large,27,SRC_STOCK_1_PRICE,REPORT_LIMIT,9,0,0,0,0.1111111111111111,1.0,0.9131431579589844,9
Schema-Constraint,A5_downstream_masking,large,27,SRC_STOCK_1_PRICE,REPORT_LIMIT,1,1,1,1,1.0,0.8,0.0,0
BFS,A5_downstream_masking,large,28,SRC_STOCK_6_PRICE,REPORT_LIMIT,63,0,0,0,0.015873015873015872,1.0,0.8420944213867188,7
Vanilla-RWR,A5_downstream_masking,large,28,SRC_STOCK_6_PRICE,REPORT_LIMIT,50,0,0,0,0.02,1.0,0.92315673828125,9
Structural-RWR,A5_downstream_masking,large,28,SRC_STOCK_6_PRICE,REPORT_LIMIT,69,0,0,0,0.014492753623188406,1.0,0.8587837219238281,8
PC+RWR,A5_downstream_masking,large,28,SRC_STOCK_6_PRICE,REPORT_LIMIT,69,0,0,0,0.014492753623188406,1.0,10.167121887207031,8
AnomalyOnly,A5_downstream_masking,large,28,SRC_STOCK_6_PRICE,REPORT_LIMIT,26,0,0,0,0.038461538461538464,1.0,0.010967254638671875,1
APA-RCA,A5_downstream_masking,large,28,SRC_STOCK_6_PRICE,REPORT_LIMIT,27,0,0,0,0.037037037037037035,1.0,0.9210109710693359,9
APA-RCA-v2,A5_downstream_masking,large,28,SRC_STOCK_6_PRICE,REPORT_LIMIT,10,0,0,0,0.1,1.0,0.9200572967529297,9
APA-RCA-v3,A5_downstream_masking,large,28,SRC_STOCK_6_PRICE,REPORT_LIMIT,10,0,0,0,0.1,1.0,0.9229183197021484,9
Schema-Constraint,A5_downstream_masking,large,28,SRC_STOCK_6_PRICE,REPORT_LIMIT,6,0,0,0,0.16666666666666666,1.0,0.0,0
BFS,A5_downstream_masking,large,29,SRC_STOCK_8_PRICE,REPORT_LIMIT,62,0,0,0,0.016129032258064516,1.0,0.8261203765869141,7
Vanilla-RWR,A5_downstream_masking,large,29,SRC_STOCK_8_PRICE,REPORT_LIMIT,52,0,0,0,0.019230769230769232,1.0,0.9222030639648438,9
Structural-RWR,A5_downstream_masking,large,29,SRC_STOCK_8_PRICE,REPORT_LIMIT,54,0,0,0,0.018518518518518517,1.0,0.8678436279296875,8
PC+RWR,A5_downstream_masking,large,29,SRC_STOCK_8_PRICE,REPORT_LIMIT,54,0,0,0,0.018518518518518517,1.0,10.119915008544922,8
AnomalyOnly,A5_downstream_masking,large,29,SRC_STOCK_8_PRICE,REPORT_LIMIT,12,0,0,0,0.08333333333333333,1.0,0.010967254638671875,1
APA-RCA,A5_downstream_masking,large,29,SRC_STOCK_8_PRICE,REPORT_LIMIT,9,0,0,0,0.1111111111111111,1.0,0.926971435546875,9
APA-RCA-v2,A5_downstream_masking,large,29,SRC_STOCK_8_PRICE,REPORT_LIMIT,2,0,1,1,0.5,0.8,0.9241104125976562,9
APA-RCA-v3,A5_downstream_masking,large,29,SRC_STOCK_8_PRICE,REPORT_LIMIT,2,0,1,1,0.5,0.8,0.9238719940185547,9
Schema-Constraint,A5_downstream_masking,large,29,SRC_STOCK_8_PRICE,REPORT_LIMIT,8,0,0,0,0.125,1.0,0.0,0
BFS,A6_multi_source,large,0,SRC_STOCK_5_PRICE,REPORT_LIMIT,61,0,0,0,0.01639344262295082,1.0,0.8270740509033203,7
Vanilla-RWR,A6_multi_source,large,0,SRC_STOCK_5_PRICE,REPORT_LIMIT,49,0,0,0,0.02040816326530612,1.0,0.9150505065917969,9
Structural-RWR,A6_multi_source,large,0,SRC_STOCK_5_PRICE,REPORT_LIMIT,27,0,0,0,0.037037037037037035,1.0,0.8509159088134766,8
PC+RWR,A6_multi_source,large,0,SRC_STOCK_5_PRICE,REPORT_LIMIT,27,0,0,0,0.037037037037037035,1.0,10.14399528503418,8
AnomalyOnly,A6_multi_source,large,0,SRC_STOCK_5_PRICE,REPORT_LIMIT,1,1,1,1,1.0,0.8,0.010967254638671875,1
APA-RCA,A6_multi_source,large,0,SRC_STOCK_5_PRICE,REPORT_LIMIT,3,0,1,1,0.3333333333333333,0.8,0.9160041809082031,9
APA-RCA-v2,A6_multi_source,large,0,SRC_STOCK_5_PRICE,REPORT_LIMIT,2,0,1,1,0.5,0.8,0.9121894836425781,9
APA-RCA-v3,A6_multi_source,large,0,SRC_STOCK_5_PRICE,REPORT_LIMIT,2,0,1,1,0.5,0.8,0.9050369262695312,9
Schema-Constraint,A6_multi_source,large,0,SRC_STOCK_5_PRICE,REPORT_LIMIT,5,0,0,1,0.2,0.8,0.0,0
BFS,A6_multi_source,large,1,SRC_STOCK_4_PRICE,REPORT_LIMIT,62,0,0,0,0.016129032258064516,1.0,0.8130073547363281,7
Vanilla-RWR,A6_multi_source,large,1,SRC_STOCK_4_PRICE,REPORT_LIMIT,48,0,0,0,0.020833333333333332,1.0,0.9238719940185547,9
Structural-RWR,A6_multi_source,large,1,SRC_STOCK_4_PRICE,REPORT_LIMIT,28,0,0,0,0.03571428571428571,1.0,0.8511543273925781,8
PC+RWR,A6_multi_source,large,1,SRC_STOCK_4_PRICE,REPORT_LIMIT,28,0,0,0,0.03571428571428571,1.0,10.109901428222656,8
AnomalyOnly,A6_multi_source,large,1,SRC_STOCK_4_PRICE,REPORT_LIMIT,2,0,1,1,0.5,0.8,0.011205673217773438,1
APA-RCA,A6_multi_source,large,1,SRC_STOCK_4_PRICE,REPORT_LIMIT,2,0,1,1,0.5,0.8,0.9238719940185547,9
APA-RCA-v2,A6_multi_source,large,1,SRC_STOCK_4_PRICE,REPORT_LIMIT,2,0,1,1,0.5,0.8,0.9248256683349609,9
APA-RCA-v3,A6_multi_source,large,1,SRC_STOCK_4_PRICE,REPORT_LIMIT,2,0,1,1,0.5,0.8,0.9179115295410156,9
Schema-Constraint,A6_multi_source,large,1,SRC_STOCK_4_PRICE,REPORT_LIMIT,4,0,0,1,0.25,0.8,0.0,0
BFS,A6_multi_source,large,2,SRC_STOCK_2_PRICE,REPORT_STRESS,27,0,0,0,0.037037037037037035,1.0,0.8106231689453125,6
Vanilla-RWR,A6_multi_source,large,2,SRC_STOCK_2_PRICE,REPORT_STRESS,27,0,0,0,0.037037037037037035,1.0,0.8969306945800781,9
Structural-RWR,A6_multi_source,large,2,SRC_STOCK_2_PRICE,REPORT_STRESS,34,0,0,0,0.029411764705882353,1.0,0.8513927459716797,8
PC+RWR,A6_multi_source,large,2,SRC_STOCK_2_PRICE,REPORT_STRESS,34,0,0,0,0.029411764705882353,1.0,10.097742080688477,8
AnomalyOnly,A6_multi_source,large,2,SRC_STOCK_2_PRICE,REPORT_STRESS,3,0,1,1,0.3333333333333333,0.8,0.010967254638671875,1
APA-RCA,A6_multi_source,large,2,SRC_STOCK_2_PRICE,REPORT_STRESS,1,1,1,1,1.0,0.8,0.9107589721679688,9
APA-RCA-v2,A6_multi_source,large,2,SRC_STOCK_2_PRICE,REPORT_STRESS,1,1,1,1,1.0,0.8,0.9129047393798828,9
APA-RCA-v3,A6_multi_source,large,2,SRC_STOCK_2_PRICE,REPORT_STRESS,1,1,1,1,1.0,0.8,1.2657642364501953,9
Schema-Constraint,A6_multi_source,large,2,SRC_STOCK_2_PRICE,REPORT_STRESS,2,0,1,1,0.5,0.8,0.0,0
BFS,A6_multi_source,large,3,SRC_STOCK_1_PRICE,REPORT_STRESS,26,0,0,0,0.038461538461538464,1.0,0.823974609375,6
Vanilla-RWR,A6_multi_source,large,3,SRC_STOCK_1_PRICE,REPORT_STRESS,26,0,0,0,0.038461538461538464,1.0,0.9112358093261719,9
Structural-RWR,A6_multi_source,large,3,SRC_STOCK_1_PRICE,REPORT_STRESS,36,0,0,0,0.027777777777777776,1.0,0.8480548858642578,8
PC+RWR,A6_multi_source,large,3,SRC_STOCK_1_PRICE,REPORT_STRESS,36,0,0,0,0.027777777777777776,1.0,10.161876678466797,8
AnomalyOnly,A6_multi_source,large,3,SRC_STOCK_1_PRICE,REPORT_STRESS,1,1,1,1,1.0,0.8,0.011205673217773438,1
APA-RCA,A6_multi_source,large,3,SRC_STOCK_1_PRICE,REPORT_STRESS,2,0,1,1,0.5,0.8,0.9219646453857422,9
APA-RCA-v2,A6_multi_source,large,3,SRC_STOCK_1_PRICE,REPORT_STRESS,2,0,1,1,0.5,0.8,1.2888908386230469,9
APA-RCA-v3,A6_multi_source,large,3,SRC_STOCK_1_PRICE,REPORT_STRESS,2,0,1,1,0.5,0.8,0.9071826934814453,9
Schema-Constraint,A6_multi_source,large,3,SRC_STOCK_1_PRICE,REPORT_STRESS,1,1,1,1,1.0,0.8,0.0,0
BFS,A6_multi_source,large,4,SRC_STOCK_5_PRICE,REPORT_LIMIT,61,0,0,0,0.01639344262295082,1.0,0.8351802825927734,7
Vanilla-RWR,A6_multi_source,large,4,SRC_STOCK_5_PRICE,REPORT_LIMIT,49,0,0,0,0.02040816326530612,1.0,0.9169578552246094,9
Structural-RWR,A6_multi_source,large,4,SRC_STOCK_5_PRICE,REPORT_LIMIT,33,0,0,0,0.030303030303030304,1.0,0.8509159088134766,8
PC+RWR,A6_multi_source,large,4,SRC_STOCK_5_PRICE,REPORT_LIMIT,33,0,0,0,0.030303030303030304,1.0,10.211706161499023,8
AnomalyOnly,A6_multi_source,large,4,SRC_STOCK_5_PRICE,REPORT_LIMIT,1,1,1,1,1.0,0.8,0.011205673217773438,1
APA-RCA,A6_multi_source,large,4,SRC_STOCK_5_PRICE,REPORT_LIMIT,1,1,1,1,1.0,0.8,1.2879371643066406,9
APA-RCA-v2,A6_multi_source,large,4,SRC_STOCK_5_PRICE,REPORT_LIMIT,1,1,1,1,1.0,0.8,0.9198188781738281,9
APA-RCA-v3,A6_multi_source,large,4,SRC_STOCK_5_PRICE,REPORT_LIMIT,1,1,1,1,1.0,0.8,0.9140968322753906,9
Schema-Constraint,A6_multi_source,large,4,SRC_STOCK_5_PRICE,REPORT_LIMIT,5,0,0,1,0.2,0.8,0.0,0
BFS,A6_multi_source,large,5,SRC_STOCK_6_PRICE,REPORT_LIMIT,62,0,0,0,0.016129032258064516,1.0,0.8158683776855469,7
Vanilla-RWR,A6_multi_source,large,5,SRC_STOCK_6_PRICE,REPORT_LIMIT,50,0,0,0,0.02,1.0,0.9069442749023438,9
Structural-RWR,A6_multi_source,large,5,SRC_STOCK_6_PRICE,REPORT_LIMIT,37,0,0,0,0.02702702702702703,1.0,0.8692741394042969,8
PC+RWR,A6_multi_source,large,5,SRC_STOCK_6_PRICE,REPORT_LIMIT,37,0,0,0,0.02702702702702703,1.0,10.54692268371582,8
AnomalyOnly,A6_multi_source,large,5,SRC_STOCK_6_PRICE,REPORT_LIMIT,2,0,1,1,0.5,0.8,0.010967254638671875,1
APA-RCA,A6_multi_source,large,5,SRC_STOCK_6_PRICE,REPORT_LIMIT,3,0,1,1,0.3333333333333333,0.8,0.9279251098632812,9
APA-RCA-v2,A6_multi_source,large,5,SRC_STOCK_6_PRICE,REPORT_LIMIT,2,0,1,1,0.5,0.8,0.9100437164306641,9
APA-RCA-v3,A6_multi_source,large,5,SRC_STOCK_6_PRICE,REPORT_LIMIT,2,0,1,1,0.5,0.8,0.9081363677978516,9
Schema-Constraint,A6_multi_source,large,5,SRC_STOCK_6_PRICE,REPORT_LIMIT,6,0,0,0,0.16666666666666666,1.0,0.0,0
BFS,A6_multi_source,large,6,SRC_STOCK_3_PRICE,REPORT_STRESS,26,0,0,0,0.038461538461538464,1.0,0.8082389831542969,6
Vanilla-RWR,A6_multi_source,large,6,SRC_STOCK_3_PRICE,REPORT_STRESS,28,0,0,0,0.03571428571428571,1.0,0.9148120880126953,9
Structural-RWR,A6_multi_source,large,6,SRC_STOCK_3_PRICE,REPORT_STRESS,37,0,0,0,0.02702702702702703,1.0,1.3859272003173828,8
PC+RWR,A6_multi_source,large,6,SRC_STOCK_3_PRICE,REPORT_STRESS,37,0,0,0,0.02702702702702703,1.0,10.070085525512695,8
AnomalyOnly,A6_multi_source,large,6,SRC_STOCK_3_PRICE,REPORT_STRESS,2,0,1,1,0.5,0.8,0.010967254638671875,1
APA-RCA,A6_multi_source,large,6,SRC_STOCK_3_PRICE,REPORT_STRESS,2,0,1,1,0.5,0.8,0.9107589721679688,9
APA-RCA-v2,A6_multi_source,large,6,SRC_STOCK_3_PRICE,REPORT_STRESS,2,0,1,1,0.5,0.8,0.9090900421142578,9
APA-RCA-v3,A6_multi_source,large,6,SRC_STOCK_3_PRICE,REPORT_STRESS,2,0,1,1,0.5,0.8,0.9000301361083984,9
Schema-Constraint,A6_multi_source,large,6,SRC_STOCK_3_PRICE,REPORT_STRESS,3,0,1,1,0.3333333333333333,0.8,0.0,0
BFS,A6_multi_source,large,7,SRC_STOCK_6_PRICE,REPORT_DASHBOARD,37,0,0,0,0.02702702702702703,1.0,0.84686279296875,6
Vanilla-RWR,A6_multi_source,large,7,SRC_STOCK_6_PRICE,REPORT_DASHBOARD,33,0,0,0,0.030303030303030304,1.0,1.4138221740722656,9
Structural-RWR,A6_multi_source,large,7,SRC_STOCK_6_PRICE,REPORT_DASHBOARD,41,0,0,0,0.024390243902439025,1.0,0.8721351623535156,8
PC+RWR,A6_multi_source,large,7,SRC_STOCK_6_PRICE,REPORT_DASHBOARD,41,0,0,0,0.024390243902439025,1.0,10.159730911254883,8
AnomalyOnly,A6_multi_source,large,7,SRC_STOCK_6_PRICE,REPORT_DASHBOARD,3,0,1,1,0.3333333333333333,0.8,0.010967254638671875,1
APA-RCA,A6_multi_source,large,7,SRC_STOCK_6_PRICE,REPORT_DASHBOARD,2,0,1,1,0.5,0.8,0.9191036224365234,9
APA-RCA-v2,A6_multi_source,large,7,SRC_STOCK_6_PRICE,REPORT_DASHBOARD,1,1,1,1,1.0,0.8,0.9281635284423828,9
APA-RCA-v3,A6_multi_source,large,7,SRC_STOCK_6_PRICE,REPORT_DASHBOARD,1,1,1,1,1.0,0.8,0.9050369262695312,9
Schema-Constraint,A6_multi_source,large,7,SRC_STOCK_6_PRICE,REPORT_DASHBOARD,6,0,0,0,0.16666666666666666,1.0,0.0,0
BFS,A6_multi_source,large,8,SRC_STOCK_3_PRICE,REPORT_STRESS,26,0,0,0,0.038461538461538464,1.0,1.2788772583007812,6
Vanilla-RWR,A6_multi_source,large,8,SRC_STOCK_3_PRICE,REPORT_STRESS,28,0,0,0,0.03571428571428571,1.0,0.9121894836425781,9
Structural-RWR,A6_multi_source,large,8,SRC_STOCK_3_PRICE,REPORT_STRESS,38,0,0,0,0.02631578947368421,1.0,0.8518695831298828,8
PC+RWR,A6_multi_source,large,8,SRC_STOCK_3_PRICE,REPORT_STRESS,38,0,0,0,0.02631578947368421,1.0,10.194778442382812,8
AnomalyOnly,A6_multi_source,large,8,SRC_STOCK_3_PRICE,REPORT_STRESS,1,1,1,1,1.0,0.8,0.010013580322265625,1
APA-RCA,A6_multi_source,large,8,SRC_STOCK_3_PRICE,REPORT_STRESS,2,0,1,1,0.5,0.8,0.9169578552246094,9
APA-RCA-v2,A6_multi_source,large,8,SRC_STOCK_3_PRICE,REPORT_STRESS,2,0,1,1,0.5,0.8,0.9102821350097656,9
APA-RCA-v3,A6_multi_source,large,8,SRC_STOCK_3_PRICE,REPORT_STRESS,2,0,1,1,0.5,0.8,0.9069442749023438,9
Schema-Constraint,A6_multi_source,large,8,SRC_STOCK_3_PRICE,REPORT_STRESS,3,0,1,1,0.3333333333333333,0.8,0.0,0
BFS,A6_multi_source,large,9,SRC_STOCK_7_PRICE,REPORT_LIMIT,61,0,0,0,0.01639344262295082,1.0,0.8151531219482422,7
Vanilla-RWR,A6_multi_source,large,9,SRC_STOCK_7_PRICE,REPORT_LIMIT,51,0,0,0,0.0196078431372549,1.0,0.9162425994873047,9
Structural-RWR,A6_multi_source,large,9,SRC_STOCK_7_PRICE,REPORT_LIMIT,39,0,0,0,0.02564102564102564,1.0,0.8502006530761719,8
PC+RWR,A6_multi_source,large,9,SRC_STOCK_7_PRICE,REPORT_LIMIT,39,0,0,0,0.02564102564102564,1.0,10.233879089355469,8
AnomalyOnly,A6_multi_source,large,9,SRC_STOCK_7_PRICE,REPORT_LIMIT,2,0,1,1,0.5,0.8,0.010728836059570312,1
APA-RCA,A6_multi_source,large,9,SRC_STOCK_7_PRICE,REPORT_LIMIT,3,0,1,1,0.3333333333333333,0.8,0.9260177612304688,9
APA-RCA-v2,A6_multi_source,large,9,SRC_STOCK_7_PRICE,REPORT_LIMIT,2,0,1,1,0.5,0.8,0.9222030639648438,9
APA-RCA-v3,A6_multi_source,large,9,SRC_STOCK_7_PRICE,REPORT_LIMIT,2,0,1,1,0.5,0.8,0.9119510650634766,9
Schema-Constraint,A6_multi_source,large,9,SRC_STOCK_7_PRICE,REPORT_LIMIT,7,0,0,0,0.14285714285714285,1.0,0.0,0
BFS,A6_multi_source,large,10,SRC_STOCK_3_PRICE,REPORT_STRESS,26,0,0,0,0.038461538461538464,1.0,0.8301734924316406,6
Vanilla-RWR,A6_multi_source,large,10,SRC_STOCK_3_PRICE,REPORT_STRESS,28,0,0,0,0.03571428571428571,1.0,0.9131431579589844,9
Structural-RWR,A6_multi_source,large,10,SRC_STOCK_3_PRICE,REPORT_STRESS,42,0,0,0,0.023809523809523808,1.0,0.8590221405029297,8
PC+RWR,A6_multi_source,large,10,SRC_STOCK_3_PRICE,REPORT_STRESS,42,0,0,0,0.023809523809523808,1.0,10.169029235839844,8
AnomalyOnly,A6_multi_source,large,10,SRC_STOCK_3_PRICE,REPORT_STRESS,1,1,1,1,1.0,0.8,0.012159347534179688,1
APA-RCA,A6_multi_source,large,10,SRC_STOCK_3_PRICE,REPORT_STRESS,1,1,1,1,1.0,0.8,0.9229183197021484,9
APA-RCA-v2,A6_multi_source,large,10,SRC_STOCK_3_PRICE,REPORT_STRESS,1,1,1,1,1.0,0.8,0.9090900421142578,9
APA-RCA-v3,A6_multi_source,large,10,SRC_STOCK_3_PRICE,REPORT_STRESS,1,1,1,1,1.0,0.8,0.9241104125976562,9
Schema-Constraint,A6_multi_source,large,10,SRC_STOCK_3_PRICE,REPORT_STRESS,3,0,1,1,0.3333333333333333,0.8,0.0,0
BFS,A6_multi_source,large,11,SRC_STOCK_1_PRICE,REPORT_LIMIT,61,0,0,0,0.01639344262295082,1.0,0.8246898651123047,7
Vanilla-RWR,A6_multi_source,large,11,SRC_STOCK_1_PRICE,REPORT_LIMIT,45,0,0,0,0.022222222222222223,1.0,0.9150505065917969,9
Structural-RWR,A6_multi_source,large,11,SRC_STOCK_1_PRICE,REPORT_LIMIT,35,0,0,0,0.02857142857142857,1.0,0.8578300476074219,8
PC+RWR,A6_multi_source,large,11,SRC_STOCK_1_PRICE,REPORT_LIMIT,35,0,0,0,0.02857142857142857,1.0,10.093212127685547,8
AnomalyOnly,A6_multi_source,large,11,SRC_STOCK_1_PRICE,REPORT_LIMIT,1,1,1,1,1.0,0.8,0.010967254638671875,1
APA-RCA,A6_multi_source,large,11,SRC_STOCK_1_PRICE,REPORT_LIMIT,2,0,1,1,0.5,0.8,0.9217262268066406,9
APA-RCA-v2,A6_multi_source,large,11,SRC_STOCK_1_PRICE,REPORT_LIMIT,1,1,1,1,1.0,0.8,0.9226799011230469,9
APA-RCA-v3,A6_multi_source,large,11,SRC_STOCK_1_PRICE,REPORT_LIMIT,1,1,1,1,1.0,0.8,0.9317398071289062,9
Schema-Constraint,A6_multi_source,large,11,SRC_STOCK_1_PRICE,REPORT_LIMIT,1,1,1,1,1.0,0.8,0.0,0
BFS,A6_multi_source,large,12,SRC_STOCK_2_PRICE,REPORT_LIMIT,61,0,0,0,0.01639344262295082,1.0,0.8251667022705078,7
Vanilla-RWR,A6_multi_source,large,12,SRC_STOCK_2_PRICE,REPORT_LIMIT,46,0,0,0,0.021739130434782608,1.0,0.9131431579589844,9
Structural-RWR,A6_multi_source,large,12,SRC_STOCK_2_PRICE,REPORT_LIMIT,33,0,0,0,0.030303030303030304,1.0,0.8587837219238281,8
PC+RWR,A6_multi_source,large,12,SRC_STOCK_2_PRICE,REPORT_LIMIT,33,0,0,0,0.030303030303030304,1.0,10.158777236938477,8
AnomalyOnly,A6_multi_source,large,12,SRC_STOCK_2_PRICE,REPORT_LIMIT,1,1,1,1,1.0,0.8,0.010967254638671875,1
APA-RCA,A6_multi_source,large,12,SRC_STOCK_2_PRICE,REPORT_LIMIT,1,1,1,1,1.0,0.8,0.9260177612304688,9
APA-RCA-v2,A6_multi_source,large,12,SRC_STOCK_2_PRICE,REPORT_LIMIT,1,1,1,1,1.0,0.8,0.9200572967529297,9
APA-RCA-v3,A6_multi_source,large,12,SRC_STOCK_2_PRICE,REPORT_LIMIT,1,1,1,1,1.0,0.8,0.9200572967529297,9
Schema-Constraint,A6_multi_source,large,12,SRC_STOCK_2_PRICE,REPORT_LIMIT,2,0,1,1,0.5,0.8,0.0,0
BFS,A6_multi_source,large,13,SRC_STOCK_7_PRICE,REPORT_LIMIT,62,0,0,0,0.016129032258064516,1.0,0.8230209350585938,7
Vanilla-RWR,A6_multi_source,large,13,SRC_STOCK_7_PRICE,REPORT_LIMIT,51,0,0,0,0.0196078431372549,1.0,0.9160041809082031,9
Structural-RWR,A6_multi_source,large,13,SRC_STOCK_7_PRICE,REPORT_LIMIT,36,0,0,0,0.027777777777777776,1.0,0.8640289306640625,8
PC+RWR,A6_multi_source,large,13,SRC_STOCK_7_PRICE,REPORT_LIMIT,36,0,0,0,0.027777777777777776,1.0,10.09368896484375,8
AnomalyOnly,A6_multi_source,large,13,SRC_STOCK_7_PRICE,REPORT_LIMIT,2,0,1,1,0.5,0.8,0.010728836059570312,1
APA-RCA,A6_multi_source,large,13,SRC_STOCK_7_PRICE,REPORT_LIMIT,1,1,1,1,1.0,0.8,0.9260177612304688,9
APA-RCA-v2,A6_multi_source,large,13,SRC_STOCK_7_PRICE,REPORT_LIMIT,1,1,1,1,1.0,0.8,0.9329319000244141,9
APA-RCA-v3,A6_multi_source,large,13,SRC_STOCK_7_PRICE,REPORT_LIMIT,1,1,1,1,1.0,0.8,0.9212493896484375,9
Schema-Constraint,A6_multi_source,large,13,SRC_STOCK_7_PRICE,REPORT_LIMIT,7,0,0,0,0.14285714285714285,1.0,0.0,0
BFS,A6_multi_source,large,14,SRC_STOCK_8_PRICE,REPORT_DASHBOARD,37,0,0,0,0.02702702702702703,1.0,0.8299350738525391,6
Vanilla-RWR,A6_multi_source,large,14,SRC_STOCK_8_PRICE,REPORT_DASHBOARD,35,0,0,0,0.02857142857142857,1.0,0.9169578552246094,9
Structural-RWR,A6_multi_source,large,14,SRC_STOCK_8_PRICE,REPORT_DASHBOARD,41,0,0,0,0.024390243902439025,1.0,0.8578300476074219,8
PC+RWR,A6_multi_source,large,14,SRC_STOCK_8_PRICE,REPORT_DASHBOARD,41,0,0,0,0.024390243902439025,1.0,10.167121887207031,8
AnomalyOnly,A6_multi_source,large,14,SRC_STOCK_8_PRICE,REPORT_DASHBOARD,2,0,1,1,0.5,0.8,0.011205673217773438,1
APA-RCA,A6_multi_source,large,14,SRC_STOCK_8_PRICE,REPORT_DASHBOARD,2,0,1,1,0.5,0.8,0.9181499481201172,9
APA-RCA-v2,A6_multi_source,large,14,SRC_STOCK_8_PRICE,REPORT_DASHBOARD,1,1,1,1,1.0,0.8,0.9200572967529297,9
APA-RCA-v3,A6_multi_source,large,14,SRC_STOCK_8_PRICE,REPORT_DASHBOARD,1,1,1,1,1.0,0.8,0.904083251953125,9
Schema-Constraint,A6_multi_source,large,14,SRC_STOCK_8_PRICE,REPORT_DASHBOARD,8,0,0,0,0.125,1.0,0.0,0
BFS,A6_multi_source,large,15,SRC_STOCK_5_PRICE,REPORT_LIMIT,61,0,0,0,0.01639344262295082,1.0,0.8447170257568359,7
Vanilla-RWR,A6_multi_source,large,15,SRC_STOCK_5_PRICE,REPORT_LIMIT,49,0,0,0,0.02040816326530612,1.0,0.9260177612304688,9
Structural-RWR,A6_multi_source,large,15,SRC_STOCK_5_PRICE,REPORT_LIMIT,32,0,0,0,0.03125,1.0,0.8640289306640625,8
PC+RWR,A6_multi_source,large,15,SRC_STOCK_5_PRICE,REPORT_LIMIT,32,0,0,0,0.03125,1.0,10.085105895996094,8
AnomalyOnly,A6_multi_source,large,15,SRC_STOCK_5_PRICE,REPORT_LIMIT,1,1,1,1,1.0,0.8,0.011205673217773438,1
APA-RCA,A6_multi_source,large,15,SRC_STOCK_5_PRICE,REPORT_LIMIT,3,0,1,1,0.3333333333333333,0.8,0.926971435546875,9
APA-RCA-v2,A6_multi_source,large,15,SRC_STOCK_5_PRICE,REPORT_LIMIT,1,1,1,1,1.0,0.8,0.9288787841796875,9
APA-RCA-v3,A6_multi_source,large,15,SRC_STOCK_5_PRICE,REPORT_LIMIT,1,1,1,1,1.0,0.8,1.2810230255126953,9
Schema-Constraint,A6_multi_source,large,15,SRC_STOCK_5_PRICE,REPORT_LIMIT,5,0,0,1,0.2,0.8,0.0,0
BFS,A6_multi_source,large,16,SRC_STOCK_4_PRICE,REPORT_LIMIT,61,0,0,0,0.01639344262295082,1.0,0.8280277252197266,7
Vanilla-RWR,A6_multi_source,large,16,SRC_STOCK_4_PRICE,REPORT_LIMIT,48,0,0,0,0.020833333333333332,1.0,0.9157657623291016,9
Structural-RWR,A6_multi_source,large,16,SRC_STOCK_4_PRICE,REPORT_LIMIT,29,0,0,0,0.034482758620689655,1.0,0.8609294891357422,8
PC+RWR,A6_multi_source,large,16,SRC_STOCK_4_PRICE,REPORT_LIMIT,29,0,0,0,0.034482758620689655,1.0,10.236024856567383,8
AnomalyOnly,A6_multi_source,large,16,SRC_STOCK_4_PRICE,REPORT_LIMIT,1,1,1,1,1.0,0.8,0.010967254638671875,1
APA-RCA,A6_multi_source,large,16,SRC_STOCK_4_PRICE,REPORT_LIMIT,2,0,1,1,0.5,0.8,0.9229183197021484,9
APA-RCA-v2,A6_multi_source,large,16,SRC_STOCK_4_PRICE,REPORT_LIMIT,1,1,1,1,1.0,0.8,1.291036605834961,9
APA-RCA-v3,A6_multi_source,large,16,SRC_STOCK_4_PRICE,REPORT_LIMIT,1,1,1,1,1.0,0.8,0.9131431579589844,9
Schema-Constraint,A6_multi_source,large,16,SRC_STOCK_4_PRICE,REPORT_LIMIT,4,0,0,1,0.25,0.8,0.0,0
BFS,A6_multi_source,large,17,SRC_STOCK_6_PRICE,REPORT_STRESS,27,0,0,0,0.037037037037037035,1.0,0.8089542388916016,6
Vanilla-RWR,A6_multi_source,large,17,SRC_STOCK_6_PRICE,REPORT_STRESS,31,0,0,0,0.03225806451612903,1.0,0.9138584136962891,9
Structural-RWR,A6_multi_source,large,17,SRC_STOCK_6_PRICE,REPORT_STRESS,35,0,0,0,0.02857142857142857,1.0,0.8599758148193359,8
PC+RWR,A6_multi_source,large,17,SRC_STOCK_6_PRICE,REPORT_STRESS,35,0,0,0,0.02857142857142857,1.0,10.152101516723633,8
AnomalyOnly,A6_multi_source,large,17,SRC_STOCK_6_PRICE,REPORT_STRESS,2,0,1,1,0.5,0.8,0.010967254638671875,1
APA-RCA,A6_multi_source,large,17,SRC_STOCK_6_PRICE,REPORT_STRESS,1,1,1,1,1.0,0.8,1.2660026550292969,9
APA-RCA-v2,A6_multi_source,large,17,SRC_STOCK_6_PRICE,REPORT_STRESS,1,1,1,1,1.0,0.8,0.9107589721679688,9
APA-RCA-v3,A6_multi_source,large,17,SRC_STOCK_6_PRICE,REPORT_STRESS,1,1,1,1,1.0,0.8,0.9138584136962891,9
Schema-Constraint,A6_multi_source,large,17,SRC_STOCK_6_PRICE,REPORT_STRESS,6,0,0,0,0.16666666666666666,1.0,0.0,0
BFS,A6_multi_source,large,18,SRC_STOCK_6_PRICE,REPORT_LIMIT,62,0,0,0,0.016129032258064516,1.0,0.8289813995361328,7
Vanilla-RWR,A6_multi_source,large,18,SRC_STOCK_6_PRICE,REPORT_LIMIT,50,0,0,0,0.02,1.0,0.9162425994873047,9
Structural-RWR,A6_multi_source,large,18,SRC_STOCK_6_PRICE,REPORT_LIMIT,33,0,0,0,0.030303030303030304,1.0,0.8609294891357422,8
PC+RWR,A6_multi_source,large,18,SRC_STOCK_6_PRICE,REPORT_LIMIT,33,0,0,0,0.030303030303030304,1.0,10.576248168945312,8
AnomalyOnly,A6_multi_source,large,18,SRC_STOCK_6_PRICE,REPORT_LIMIT,2,0,1,1,0.5,0.8,0.010967254638671875,1
APA-RCA,A6_multi_source,large,18,SRC_STOCK_6_PRICE,REPORT_LIMIT,1,1,1,1,1.0,0.8,0.9510517120361328,9
APA-RCA-v2,A6_multi_source,large,18,SRC_STOCK_6_PRICE,REPORT_LIMIT,1,1,1,1,1.0,0.8,0.9191036224365234,9
APA-RCA-v3,A6_multi_source,large,18,SRC_STOCK_6_PRICE,REPORT_LIMIT,1,1,1,1,1.0,0.8,0.9081363677978516,9
Schema-Constraint,A6_multi_source,large,18,SRC_STOCK_6_PRICE,REPORT_LIMIT,6,0,0,0,0.16666666666666666,1.0,0.0,0
BFS,A6_multi_source,large,19,SRC_STOCK_3_PRICE,REPORT_DASHBOARD,36,0,0,0,0.027777777777777776,1.0,0.8132457733154297,6
Vanilla-RWR,A6_multi_source,large,19,SRC_STOCK_3_PRICE,REPORT_DASHBOARD,30,0,0,0,0.03333333333333333,1.0,0.9107589721679688,9
Structural-RWR,A6_multi_source,large,19,SRC_STOCK_3_PRICE,REPORT_DASHBOARD,31,0,0,0,0.03225806451612903,1.0,1.3723373413085938,8
PC+RWR,A6_multi_source,large,19,SRC_STOCK_3_PRICE,REPORT_DASHBOARD,31,0,0,0,0.03225806451612903,1.0,10.102033615112305,8
AnomalyOnly,A6_multi_source,large,19,SRC_STOCK_3_PRICE,REPORT_DASHBOARD,2,0,1,1,0.5,0.8,0.010967254638671875,1
APA-RCA,A6_multi_source,large,19,SRC_STOCK_3_PRICE,REPORT_DASHBOARD,3,0,1,1,0.3333333333333333,0.8,0.9291172027587891,9
APA-RCA-v2,A6_multi_source,large,19,SRC_STOCK_3_PRICE,REPORT_DASHBOARD,2,0,1,1,0.5,0.8,0.9219646453857422,9
APA-RCA-v3,A6_multi_source,large,19,SRC_STOCK_3_PRICE,REPORT_DASHBOARD,2,0,1,1,0.5,0.8,0.9050369262695312,9
Schema-Constraint,A6_multi_source,large,19,SRC_STOCK_3_PRICE,REPORT_DASHBOARD,3,0,1,1,0.3333333333333333,0.8,0.0,0
BFS,A6_multi_source,large,20,SRC_STOCK_6_PRICE,REPORT_STRESS,27,0,0,0,0.037037037037037035,1.0,0.8120536804199219,6
Vanilla-RWR,A6_multi_source,large,20,SRC_STOCK_6_PRICE,REPORT_STRESS,31,0,0,0,0.03225806451612903,1.0,1.332998275756836,9
Structural-RWR,A6_multi_source,large,20,SRC_STOCK_6_PRICE,REPORT_STRESS,35,0,0,0,0.02857142857142857,1.0,0.8568763732910156,8
PC+RWR,A6_multi_source,large,20,SRC_STOCK_6_PRICE,REPORT_STRESS,35,0,0,0,0.02857142857142857,1.0,10.114669799804688,8
AnomalyOnly,A6_multi_source,large,20,SRC_STOCK_6_PRICE,REPORT_STRESS,2,0,1,1,0.5,0.8,0.010967254638671875,1
APA-RCA,A6_multi_source,large,20,SRC_STOCK_6_PRICE,REPORT_STRESS,2,0,1,1,0.5,0.8,0.9179115295410156,9
APA-RCA-v2,A6_multi_source,large,20,SRC_STOCK_6_PRICE,REPORT_STRESS,2,0,1,1,0.5,0.8,0.9121894836425781,9
APA-RCA-v3,A6_multi_source,large,20,SRC_STOCK_6_PRICE,REPORT_STRESS,2,0,1,1,0.5,0.8,0.9009838104248047,9
Schema-Constraint,A6_multi_source,large,20,SRC_STOCK_6_PRICE,REPORT_STRESS,6,0,0,0,0.16666666666666666,1.0,0.0,0
BFS,A6_multi_source,large,21,SRC_STOCK_4_PRICE,REPORT_DASHBOARD,37,0,0,0,0.02702702702702703,1.0,1.3120174407958984,6
Vanilla-RWR,A6_multi_source,large,21,SRC_STOCK_4_PRICE,REPORT_DASHBOARD,31,0,0,0,0.03225806451612903,1.0,0.9059906005859375,9
Structural-RWR,A6_multi_source,large,21,SRC_STOCK_4_PRICE,REPORT_DASHBOARD,39,0,0,0,0.02564102564102564,1.0,0.8499622344970703,8
PC+RWR,A6_multi_source,large,21,SRC_STOCK_4_PRICE,REPORT_DASHBOARD,39,0,0,0,0.02564102564102564,1.0,10.109901428222656,8
AnomalyOnly,A6_multi_source,large,21,SRC_STOCK_4_PRICE,REPORT_DASHBOARD,3,0,1,1,0.3333333333333333,0.8,0.010967254638671875,1
APA-RCA,A6_multi_source,large,21,SRC_STOCK_4_PRICE,REPORT_DASHBOARD,2,0,1,1,0.5,0.8,0.9200572967529297,9
APA-RCA-v2,A6_multi_source,large,21,SRC_STOCK_4_PRICE,REPORT_DASHBOARD,1,1,1,1,1.0,0.8,0.9150505065917969,9
APA-RCA-v3,A6_multi_source,large,21,SRC_STOCK_4_PRICE,REPORT_DASHBOARD,1,1,1,1,1.0,0.8,0.9100437164306641,9
Schema-Constraint,A6_multi_source,large,21,SRC_STOCK_4_PRICE,REPORT_DASHBOARD,4,0,0,1,0.25,0.8,0.0,0
BFS,A6_multi_source,large,22,SRC_STOCK_6_PRICE,REPORT_STRESS,27,0,0,0,0.037037037037037035,1.0,0.8137226104736328,6
Vanilla-RWR,A6_multi_source,large,22,SRC_STOCK_6_PRICE,REPORT_STRESS,31,0,0,0,0.03225806451612903,1.0,0.9140968322753906,9
Structural-RWR,A6_multi_source,large,22,SRC_STOCK_6_PRICE,REPORT_STRESS,34,0,0,0,0.029411764705882353,1.0,0.8568763732910156,8
PC+RWR,A6_multi_source,large,22,SRC_STOCK_6_PRICE,REPORT_STRESS,34,0,0,0,0.029411764705882353,1.0,10.211944580078125,8
AnomalyOnly,A6_multi_source,large,22,SRC_STOCK_6_PRICE,REPORT_STRESS,2,0,1,1,0.5,0.8,0.011920928955078125,1
APA-RCA,A6_multi_source,large,22,SRC_STOCK_6_PRICE,REPORT_STRESS,2,0,1,1,0.5,0.8,0.9179115295410156,9
APA-RCA-v2,A6_multi_source,large,22,SRC_STOCK_6_PRICE,REPORT_STRESS,2,0,1,1,0.5,0.8,0.9200572967529297,9
APA-RCA-v3,A6_multi_source,large,22,SRC_STOCK_6_PRICE,REPORT_STRESS,2,0,1,1,0.5,0.8,0.9121894836425781,9
Schema-Constraint,A6_multi_source,large,22,SRC_STOCK_6_PRICE,REPORT_STRESS,6,0,0,0,0.16666666666666666,1.0,0.0,0
BFS,A6_multi_source,large,23,SRC_STOCK_4_PRICE,REPORT_STRESS,27,0,0,0,0.037037037037037035,1.0,0.8189678192138672,6
Vanilla-RWR,A6_multi_source,large,23,SRC_STOCK_4_PRICE,REPORT_STRESS,29,0,0,0,0.034482758620689655,1.0,0.9212493896484375,9
Structural-RWR,A6_multi_source,large,23,SRC_STOCK_4_PRICE,REPORT_STRESS,35,0,0,0,0.02857142857142857,1.0,0.8568763732910156,8
PC+RWR,A6_multi_source,large,23,SRC_STOCK_4_PRICE,REPORT_STRESS,35,0,0,0,0.02857142857142857,1.0,10.10584831237793,8
AnomalyOnly,A6_multi_source,large,23,SRC_STOCK_4_PRICE,REPORT_STRESS,2,0,1,1,0.5,0.8,0.010967254638671875,1
APA-RCA,A6_multi_source,large,23,SRC_STOCK_4_PRICE,REPORT_STRESS,2,0,1,1,0.5,0.8,0.9169578552246094,9
APA-RCA-v2,A6_multi_source,large,23,SRC_STOCK_4_PRICE,REPORT_STRESS,2,0,1,1,0.5,0.8,0.9179115295410156,9
APA-RCA-v3,A6_multi_source,large,23,SRC_STOCK_4_PRICE,REPORT_STRESS,2,0,1,1,0.5,0.8,0.9169578552246094,9
Schema-Constraint,A6_multi_source,large,23,SRC_STOCK_4_PRICE,REPORT_STRESS,4,0,0,1,0.25,0.8,0.0,0
BFS,A6_multi_source,large,24,SRC_STOCK_3_PRICE,REPORT_STRESS,26,0,0,0,0.038461538461538464,1.0,0.8199214935302734,6
Vanilla-RWR,A6_multi_source,large,24,SRC_STOCK_3_PRICE,REPORT_STRESS,28,0,0,0,0.03571428571428571,1.0,0.9219646453857422,9
Structural-RWR,A6_multi_source,large,24,SRC_STOCK_3_PRICE,REPORT_STRESS,38,0,0,0,0.02631578947368421,1.0,0.8697509765625,8
PC+RWR,A6_multi_source,large,24,SRC_STOCK_3_PRICE,REPORT_STRESS,38,0,0,0,0.02631578947368421,1.0,10.136127471923828,8
AnomalyOnly,A6_multi_source,large,24,SRC_STOCK_3_PRICE,REPORT_STRESS,1,1,1,1,1.0,0.8,0.012159347534179688,1
APA-RCA,A6_multi_source,large,24,SRC_STOCK_3_PRICE,REPORT_STRESS,1,1,1,1,1.0,0.8,0.9210109710693359,9
APA-RCA-v2,A6_multi_source,large,24,SRC_STOCK_3_PRICE,REPORT_STRESS,1,1,1,1,1.0,0.8,0.9143352508544922,9
APA-RCA-v3,A6_multi_source,large,24,SRC_STOCK_3_PRICE,REPORT_STRESS,1,1,1,1,1.0,0.8,0.9129047393798828,9
Schema-Constraint,A6_multi_source,large,24,SRC_STOCK_3_PRICE,REPORT_STRESS,3,0,1,1,0.3333333333333333,0.8,0.0,0
BFS,A6_multi_source,large,25,SRC_STOCK_2_PRICE,REPORT_LIMIT,61,0,0,0,0.01639344262295082,1.0,0.8299350738525391,7
Vanilla-RWR,A6_multi_source,large,25,SRC_STOCK_2_PRICE,REPORT_LIMIT,46,0,0,0,0.021739130434782608,1.0,0.9179115295410156,9
Structural-RWR,A6_multi_source,large,25,SRC_STOCK_2_PRICE,REPORT_LIMIT,32,0,0,0,0.03125,1.0,0.8640289306640625,8
PC+RWR,A6_multi_source,large,25,SRC_STOCK_2_PRICE,REPORT_LIMIT,32,0,0,0,0.03125,1.0,10.127067565917969,8
AnomalyOnly,A6_multi_source,large,25,SRC_STOCK_2_PRICE,REPORT_LIMIT,1,1,1,1,1.0,0.8,0.012159347534179688,1
APA-RCA,A6_multi_source,large,25,SRC_STOCK_2_PRICE,REPORT_LIMIT,4,0,0,1,0.25,0.8,0.9360313415527344,9
APA-RCA-v2,A6_multi_source,large,25,SRC_STOCK_2_PRICE,REPORT_LIMIT,2,0,1,1,0.5,0.8,0.9250640869140625,9
APA-RCA-v3,A6_multi_source,large,25,SRC_STOCK_2_PRICE,REPORT_LIMIT,2,0,1,1,0.5,0.8,0.9119510650634766,9
Schema-Constraint,A6_multi_source,large,25,SRC_STOCK_2_PRICE,REPORT_LIMIT,2,0,1,1,0.5,0.8,0.0,0
BFS,A6_multi_source,large,26,SRC_STOCK_4_PRICE,REPORT_DASHBOARD,36,0,0,0,0.027777777777777776,1.0,0.8189678192138672,6
Vanilla-RWR,A6_multi_source,large,26,SRC_STOCK_4_PRICE,REPORT_DASHBOARD,31,0,0,0,0.03225806451612903,1.0,0.9160041809082031,9
Structural-RWR,A6_multi_source,large,26,SRC_STOCK_4_PRICE,REPORT_DASHBOARD,28,0,0,0,0.03571428571428571,1.0,0.8618831634521484,8
PC+RWR,A6_multi_source,large,26,SRC_STOCK_4_PRICE,REPORT_DASHBOARD,28,0,0,0,0.03571428571428571,1.0,10.178089141845703,8
AnomalyOnly,A6_multi_source,large,26,SRC_STOCK_4_PRICE,REPORT_DASHBOARD,2,0,1,1,0.5,0.8,0.011205673217773438,1
APA-RCA,A6_multi_source,large,26,SRC_STOCK_4_PRICE,REPORT_DASHBOARD,1,1,1,1,1.0,0.8,0.9188652038574219,9
APA-RCA-v2,A6_multi_source,large,26,SRC_STOCK_4_PRICE,REPORT_DASHBOARD,1,1,1,1,1.0,0.8,0.9160041809082031,9
APA-RCA-v3,A6_multi_source,large,26,SRC_STOCK_4_PRICE,REPORT_DASHBOARD,1,1,1,1,1.0,0.8,0.9107589721679688,9
Schema-Constraint,A6_multi_source,large,26,SRC_STOCK_4_PRICE,REPORT_DASHBOARD,4,0,0,1,0.25,0.8,0.0,0
BFS,A6_multi_source,large,27,SRC_STOCK_2_PRICE,REPORT_LIMIT,61,0,0,0,0.01639344262295082,1.0,0.8318424224853516,7
Vanilla-RWR,A6_multi_source,large,27,SRC_STOCK_2_PRICE,REPORT_LIMIT,46,0,0,0,0.021739130434782608,1.0,0.9238719940185547,9
Structural-RWR,A6_multi_source,large,27,SRC_STOCK_2_PRICE,REPORT_LIMIT,31,0,0,0,0.03225806451612903,1.0,0.8649826049804688,8
PC+RWR,A6_multi_source,large,27,SRC_STOCK_2_PRICE,REPORT_LIMIT,31,0,0,0,0.03225806451612903,1.0,10.573863983154297,8
AnomalyOnly,A6_multi_source,large,27,SRC_STOCK_2_PRICE,REPORT_LIMIT,1,1,1,1,1.0,0.8,0.011920928955078125,1
APA-RCA,A6_multi_source,large,27,SRC_STOCK_2_PRICE,REPORT_LIMIT,4,0,0,1,0.25,0.8,0.9660720825195312,9
APA-RCA-v2,A6_multi_source,large,27,SRC_STOCK_2_PRICE,REPORT_LIMIT,2,0,1,1,0.5,0.8,0.9658336639404297,9
APA-RCA-v3,A6_multi_source,large,27,SRC_STOCK_2_PRICE,REPORT_LIMIT,2,0,1,1,0.5,0.8,1.45721435546875,9
Schema-Constraint,A6_multi_source,large,27,SRC_STOCK_2_PRICE,REPORT_LIMIT,2,0,1,1,0.5,0.8,0.0,0
BFS,A6_multi_source,large,28,SRC_STOCK_4_PRICE,REPORT_LIMIT,61,0,0,0,0.01639344262295082,1.0,0.8347034454345703,7
Vanilla-RWR,A6_multi_source,large,28,SRC_STOCK_4_PRICE,REPORT_LIMIT,48,0,0,0,0.020833333333333332,1.0,0.9169578552246094,9
Structural-RWR,A6_multi_source,large,28,SRC_STOCK_4_PRICE,REPORT_LIMIT,37,0,0,0,0.02702702702702703,1.0,0.8511543273925781,8
PC+RWR,A6_multi_source,large,28,SRC_STOCK_4_PRICE,REPORT_LIMIT,37,0,0,0,0.02702702702702703,1.0,10.178089141845703,8
AnomalyOnly,A6_multi_source,large,28,SRC_STOCK_4_PRICE,REPORT_LIMIT,1,1,1,1,1.0,0.8,0.010967254638671875,1
APA-RCA,A6_multi_source,large,28,SRC_STOCK_4_PRICE,REPORT_LIMIT,3,0,1,1,0.3333333333333333,0.8,0.926971435546875,9
APA-RCA-v2,A6_multi_source,large,28,SRC_STOCK_4_PRICE,REPORT_LIMIT,1,1,1,1,1.0,0.8,0.926971435546875,9
APA-RCA-v3,A6_multi_source,large,28,SRC_STOCK_4_PRICE,REPORT_LIMIT,1,1,1,1,1.0,0.8,1.2590885162353516,9
Schema-Constraint,A6_multi_source,large,28,SRC_STOCK_4_PRICE,REPORT_LIMIT,4,0,0,1,0.25,0.8,0.0,0
BFS,A6_multi_source,large,29,SRC_STOCK_5_PRICE,REPORT_STRESS,26,0,0,0,0.038461538461538464,1.0,0.823974609375,6
Vanilla-RWR,A6_multi_source,large,29,SRC_STOCK_5_PRICE,REPORT_STRESS,30,0,0,0,0.03333333333333333,1.0,0.9100437164306641,9
Structural-RWR,A6_multi_source,large,29,SRC_STOCK_5_PRICE,REPORT_STRESS,39,0,0,0,0.02564102564102564,1.0,0.8652210235595703,8
PC+RWR,A6_multi_source,large,29,SRC_STOCK_5_PRICE,REPORT_STRESS,39,0,0,0,0.02564102564102564,1.0,10.169029235839844,8
AnomalyOnly,A6_multi_source,large,29,SRC_STOCK_5_PRICE,REPORT_STRESS,2,0,1,1,0.5,0.8,0.012159347534179688,1
APA-RCA,A6_multi_source,large,29,SRC_STOCK_5_PRICE,REPORT_STRESS,2,0,1,1,0.5,0.8,0.9291172027587891,9
APA-RCA-v2,A6_multi_source,large,29,SRC_STOCK_5_PRICE,REPORT_STRESS,2,0,1,1,0.5,0.8,1.2941360473632812,9
APA-RCA-v3,A6_multi_source,large,29,SRC_STOCK_5_PRICE,REPORT_STRESS,2,0,1,1,0.5,0.8,0.9157657623291016,9
Schema-Constraint,A6_multi_source,large,29,SRC_STOCK_5_PRICE,REPORT_STRESS,5,0,0,1,0.2,0.8,0.0,0
BFS,A7_coincidental,large,0,SRC_STOCK_7_PRICE,REPORT_LIMIT,61,0,0,0,0.01639344262295082,1.0,0.8273124694824219,7
Vanilla-RWR,A7_coincidental,large,0,SRC_STOCK_7_PRICE,REPORT_LIMIT,51,0,0,0,0.0196078431372549,1.0,0.9098052978515625,9
Structural-RWR,A7_coincidental,large,0,SRC_STOCK_7_PRICE,REPORT_LIMIT,28,0,0,0,0.03571428571428571,1.0,0.8518695831298828,8
PC+RWR,A7_coincidental,large,0,SRC_STOCK_7_PRICE,REPORT_LIMIT,28,0,0,0,0.03571428571428571,1.0,10.13803482055664,8
AnomalyOnly,A7_coincidental,large,0,SRC_STOCK_7_PRICE,REPORT_LIMIT,2,0,1,1,0.5,0.8,0.010967254638671875,1
APA-RCA,A7_coincidental,large,0,SRC_STOCK_7_PRICE,REPORT_LIMIT,3,0,1,1,0.3333333333333333,0.8,1.2919902801513672,9
APA-RCA-v2,A7_coincidental,large,0,SRC_STOCK_7_PRICE,REPORT_LIMIT,1,1,1,1,1.0,0.8,0.9241104125976562,9
APA-RCA-v3,A7_coincidental,large,0,SRC_STOCK_7_PRICE,REPORT_LIMIT,1,1,1,1,1.0,0.8,0.9119510650634766,9
Schema-Constraint,A7_coincidental,large,0,SRC_STOCK_7_PRICE,REPORT_LIMIT,7,0,0,0,0.14285714285714285,1.0,0.0,0
BFS,A7_coincidental,large,1,SRC_STOCK_4_PRICE,REPORT_LIMIT,61,0,0,0,0.01639344262295082,1.0,0.8120536804199219,7
Vanilla-RWR,A7_coincidental,large,1,SRC_STOCK_4_PRICE,REPORT_LIMIT,48,0,0,0,0.020833333333333332,1.0,0.9059906005859375,9
Structural-RWR,A7_coincidental,large,1,SRC_STOCK_4_PRICE,REPORT_LIMIT,27,0,0,0,0.037037037037037035,1.0,0.8492469787597656,8
PC+RWR,A7_coincidental,large,1,SRC_STOCK_4_PRICE,REPORT_LIMIT,27,0,0,0,0.037037037037037035,1.0,10.510683059692383,8
AnomalyOnly,A7_coincidental,large,1,SRC_STOCK_4_PRICE,REPORT_LIMIT,3,0,1,1,0.3333333333333333,0.8,0.011205673217773438,1
APA-RCA,A7_coincidental,large,1,SRC_STOCK_4_PRICE,REPORT_LIMIT,4,0,0,1,0.25,0.8,0.9210109710693359,9
APA-RCA-v2,A7_coincidental,large,1,SRC_STOCK_4_PRICE,REPORT_LIMIT,1,1,1,1,1.0,0.8,0.9090900421142578,9
APA-RCA-v3,A7_coincidental,large,1,SRC_STOCK_4_PRICE,REPORT_LIMIT,1,1,1,1,1.0,0.8,0.9138584136962891,9
Schema-Constraint,A7_coincidental,large,1,SRC_STOCK_4_PRICE,REPORT_LIMIT,4,0,0,1,0.25,0.8,0.0,0
BFS,A7_coincidental,large,2,SRC_STOCK_7_PRICE,REPORT_STRESS,26,0,0,0,0.038461538461538464,1.0,0.8120536804199219,6
Vanilla-RWR,A7_coincidental,large,2,SRC_STOCK_7_PRICE,REPORT_STRESS,32,0,0,0,0.03125,1.0,0.9059906005859375,9
Structural-RWR,A7_coincidental,large,2,SRC_STOCK_7_PRICE,REPORT_STRESS,33,0,0,0,0.030303030303030304,1.0,1.3871192932128906,8
PC+RWR,A7_coincidental,large,2,SRC_STOCK_7_PRICE,REPORT_STRESS,33,0,0,0,0.030303030303030304,1.0,10.161161422729492,8
AnomalyOnly,A7_coincidental,large,2,SRC_STOCK_7_PRICE,REPORT_STRESS,2,0,1,1,0.5,0.8,0.010967254638671875,1
APA-RCA,A7_coincidental,large,2,SRC_STOCK_7_PRICE,REPORT_STRESS,1,1,1,1,1.0,0.8,0.9107589721679688,9
APA-RCA-v2,A7_coincidental,large,2,SRC_STOCK_7_PRICE,REPORT_STRESS,1,1,1,1,1.0,0.8,0.9059906005859375,9
APA-RCA-v3,A7_coincidental,large,2,SRC_STOCK_7_PRICE,REPORT_STRESS,1,1,1,1,1.0,0.8,0.90789794921875,9
Schema-Constraint,A7_coincidental,large,2,SRC_STOCK_7_PRICE,REPORT_STRESS,7,0,0,0,0.14285714285714285,1.0,0.0,0
BFS,A7_coincidental,large,3,SRC_STOCK_7_PRICE,REPORT_LIMIT,61,0,0,0,0.01639344262295082,1.0,0.8189678192138672,7
Vanilla-RWR,A7_coincidental,large,3,SRC_STOCK_7_PRICE,REPORT_LIMIT,51,0,0,0,0.0196078431372549,1.0,1.374959945678711,9
Structural-RWR,A7_coincidental,large,3,SRC_STOCK_7_PRICE,REPORT_LIMIT,26,0,0,0,0.038461538461538464,1.0,0.8628368377685547,8
PC+RWR,A7_coincidental,large,3,SRC_STOCK_7_PRICE,REPORT_LIMIT,26,0,0,0,0.038461538461538464,1.0,10.19597053527832,8
AnomalyOnly,A7_coincidental,large,3,SRC_STOCK_7_PRICE,REPORT_LIMIT,2,0,1,1,0.5,0.8,0.010967254638671875,1
APA-RCA,A7_coincidental,large,3,SRC_STOCK_7_PRICE,REPORT_LIMIT,3,0,1,1,0.3333333333333333,0.8,0.9188652038574219,9
APA-RCA-v2,A7_coincidental,large,3,SRC_STOCK_7_PRICE,REPORT_LIMIT,1,1,1,1,1.0,0.8,0.9229183197021484,9
APA-RCA-v3,A7_coincidental,large,3,SRC_STOCK_7_PRICE,REPORT_LIMIT,1,1,1,1,1.0,0.8,0.9169578552246094,9
Schema-Constraint,A7_coincidental,large,3,SRC_STOCK_7_PRICE,REPORT_LIMIT,7,0,0,0,0.14285714285714285,1.0,0.0,0
BFS,A7_coincidental,large,4,SRC_STOCK_6_PRICE,REPORT_LIMIT,61,0,0,0,0.01639344262295082,1.0,1.341104507446289,7
Vanilla-RWR,A7_coincidental,large,4,SRC_STOCK_6_PRICE,REPORT_LIMIT,50,0,0,0,0.02,1.0,0.9152889251708984,9
Structural-RWR,A7_coincidental,large,4,SRC_STOCK_6_PRICE,REPORT_LIMIT,27,0,0,0,0.037037037037037035,1.0,0.8499622344970703,8
PC+RWR,A7_coincidental,large,4,SRC_STOCK_6_PRICE,REPORT_LIMIT,27,0,0,0,0.037037037037037035,1.0,10.101079940795898,8
AnomalyOnly,A7_coincidental,large,4,SRC_STOCK_6_PRICE,REPORT_LIMIT,2,0,1,1,0.5,0.8,0.010967254638671875,1
APA-RCA,A7_coincidental,large,4,SRC_STOCK_6_PRICE,REPORT_LIMIT,3,0,1,1,0.3333333333333333,0.8,0.9226799011230469,9
APA-RCA-v2,A7_coincidental,large,4,SRC_STOCK_6_PRICE,REPORT_LIMIT,1,1,1,1,1.0,0.8,0.9188652038574219,9
APA-RCA-v3,A7_coincidental,large,4,SRC_STOCK_6_PRICE,REPORT_LIMIT,1,1,1,1,1.0,0.8,0.9131431579589844,9
Schema-Constraint,A7_coincidental,large,4,SRC_STOCK_6_PRICE,REPORT_LIMIT,6,0,0,0,0.16666666666666666,1.0,0.0,0
BFS,A7_coincidental,large,5,SRC_STOCK_6_PRICE,REPORT_LIMIT,61,0,0,0,0.01639344262295082,1.0,0.8060932159423828,7
Vanilla-RWR,A7_coincidental,large,5,SRC_STOCK_6_PRICE,REPORT_LIMIT,50,0,0,0,0.02,1.0,0.9150505065917969,9
Structural-RWR,A7_coincidental,large,5,SRC_STOCK_6_PRICE,REPORT_LIMIT,29,0,0,0,0.034482758620689655,1.0,0.8502006530761719,8
PC+RWR,A7_coincidental,large,5,SRC_STOCK_6_PRICE,REPORT_LIMIT,29,0,0,0,0.034482758620689655,1.0,10.159969329833984,8
AnomalyOnly,A7_coincidental,large,5,SRC_STOCK_6_PRICE,REPORT_LIMIT,3,0,1,1,0.3333333333333333,0.8,0.012159347534179688,1
APA-RCA,A7_coincidental,large,5,SRC_STOCK_6_PRICE,REPORT_LIMIT,5,0,0,1,0.2,0.8,0.9169578552246094,9
APA-RCA-v2,A7_coincidental,large,5,SRC_STOCK_6_PRICE,REPORT_LIMIT,1,1,1,1,1.0,0.8,0.9253025054931641,9
APA-RCA-v3,A7_coincidental,large,5,SRC_STOCK_6_PRICE,REPORT_LIMIT,1,1,1,1,1.0,0.8,0.9038448333740234,9
Schema-Constraint,A7_coincidental,large,5,SRC_STOCK_6_PRICE,REPORT_LIMIT,6,0,0,0,0.16666666666666666,1.0,0.0,0
BFS,A7_coincidental,large,6,SRC_STOCK_4_PRICE,REPORT_LIMIT,61,0,0,0,0.01639344262295082,1.0,0.8080005645751953,7
Vanilla-RWR,A7_coincidental,large,6,SRC_STOCK_4_PRICE,REPORT_LIMIT,48,0,0,0,0.020833333333333332,1.0,0.9119510650634766,9
Structural-RWR,A7_coincidental,large,6,SRC_STOCK_4_PRICE,REPORT_LIMIT,34,0,0,0,0.029411764705882353,1.0,0.8509159088134766,8
PC+RWR,A7_coincidental,large,6,SRC_STOCK_4_PRICE,REPORT_LIMIT,34,0,0,0,0.029411764705882353,1.0,10.035991668701172,8
AnomalyOnly,A7_coincidental,large,6,SRC_STOCK_4_PRICE,REPORT_LIMIT,2,0,1,1,0.5,0.8,0.010967254638671875,1
APA-RCA,A7_coincidental,large,6,SRC_STOCK_4_PRICE,REPORT_LIMIT,4,0,0,1,0.25,0.8,0.9219646453857422,9
APA-RCA-v2,A7_coincidental,large,6,SRC_STOCK_4_PRICE,REPORT_LIMIT,1,1,1,1,1.0,0.8,0.9207725524902344,9
APA-RCA-v3,A7_coincidental,large,6,SRC_STOCK_4_PRICE,REPORT_LIMIT,1,1,1,1,1.0,0.8,0.9200572967529297,9
Schema-Constraint,A7_coincidental,large,6,SRC_STOCK_4_PRICE,REPORT_LIMIT,4,0,0,1,0.25,0.8,0.0,0
BFS,A7_coincidental,large,7,SRC_STOCK_8_PRICE,REPORT_STRESS,26,0,0,0,0.038461538461538464,1.0,0.843048095703125,6
Vanilla-RWR,A7_coincidental,large,7,SRC_STOCK_8_PRICE,REPORT_STRESS,33,0,0,0,0.030303030303030304,1.0,0.9229183197021484,9
Structural-RWR,A7_coincidental,large,7,SRC_STOCK_8_PRICE,REPORT_STRESS,29,0,0,0,0.034482758620689655,1.0,0.8780956268310547,8
PC+RWR,A7_coincidental,large,7,SRC_STOCK_8_PRICE,REPORT_STRESS,29,0,0,0,0.034482758620689655,1.0,10.233163833618164,8
AnomalyOnly,A7_coincidental,large,7,SRC_STOCK_8_PRICE,REPORT_STRESS,2,0,1,1,0.5,0.8,0.010967254638671875,1
APA-RCA,A7_coincidental,large,7,SRC_STOCK_8_PRICE,REPORT_STRESS,1,1,1,1,1.0,0.8,0.9279251098632812,9
APA-RCA-v2,A7_coincidental,large,7,SRC_STOCK_8_PRICE,REPORT_STRESS,1,1,1,1,1.0,0.8,0.92315673828125,9
APA-RCA-v3,A7_coincidental,large,7,SRC_STOCK_8_PRICE,REPORT_STRESS,1,1,1,1,1.0,0.8,0.9088516235351562,9
Schema-Constraint,A7_coincidental,large,7,SRC_STOCK_8_PRICE,REPORT_STRESS,8,0,0,0,0.125,1.0,0.0,0
BFS,A7_coincidental,large,8,SRC_STOCK_6_PRICE,REPORT_LIMIT,61,0,0,0,0.01639344262295082,1.0,0.8320808410644531,7
Vanilla-RWR,A7_coincidental,large,8,SRC_STOCK_6_PRICE,REPORT_LIMIT,50,0,0,0,0.02,1.0,0.9140968322753906,9
Structural-RWR,A7_coincidental,large,8,SRC_STOCK_6_PRICE,REPORT_LIMIT,27,0,0,0,0.037037037037037035,1.0,0.8656978607177734,8
PC+RWR,A7_coincidental,large,8,SRC_STOCK_6_PRICE,REPORT_LIMIT,27,0,0,0,0.037037037037037035,1.0,10.07699966430664,8
AnomalyOnly,A7_coincidental,large,8,SRC_STOCK_6_PRICE,REPORT_LIMIT,1,1,1,1,1.0,0.8,0.010967254638671875,1
APA-RCA,A7_coincidental,large,8,SRC_STOCK_6_PRICE,REPORT_LIMIT,3,0,1,1,0.3333333333333333,0.8,0.9169578552246094,9
APA-RCA-v2,A7_coincidental,large,8,SRC_STOCK_6_PRICE,REPORT_LIMIT,1,1,1,1,1.0,0.8,0.9050369262695312,9
APA-RCA-v3,A7_coincidental,large,8,SRC_STOCK_6_PRICE,REPORT_LIMIT,1,1,1,1,1.0,0.8,0.9179115295410156,9
Schema-Constraint,A7_coincidental,large,8,SRC_STOCK_6_PRICE,REPORT_LIMIT,6,0,0,0,0.16666666666666666,1.0,0.0,0
BFS,A7_coincidental,large,9,SRC_STOCK_4_PRICE,REPORT_LIMIT,61,0,0,0,0.01639344262295082,1.0,0.8320808410644531,7
Vanilla-RWR,A7_coincidental,large,9,SRC_STOCK_4_PRICE,REPORT_LIMIT,48,0,0,0,0.020833333333333332,1.0,0.9200572967529297,9
Structural-RWR,A7_coincidental,large,9,SRC_STOCK_4_PRICE,REPORT_LIMIT,24,0,0,0,0.041666666666666664,1.0,0.8609294891357422,8
PC+RWR,A7_coincidental,large,9,SRC_STOCK_4_PRICE,REPORT_LIMIT,24,0,0,0,0.041666666666666664,1.0,10.324954986572266,8
AnomalyOnly,A7_coincidental,large,9,SRC_STOCK_4_PRICE,REPORT_LIMIT,1,1,1,1,1.0,0.8,0.015020370483398438,1
APA-RCA,A7_coincidental,large,9,SRC_STOCK_4_PRICE,REPORT_LIMIT,5,0,0,1,0.2,0.8,0.96893310546875,9
APA-RCA-v2,A7_coincidental,large,9,SRC_STOCK_4_PRICE,REPORT_LIMIT,1,1,1,1,1.0,0.8,0.9348392486572266,9
APA-RCA-v3,A7_coincidental,large,9,SRC_STOCK_4_PRICE,REPORT_LIMIT,1,1,1,1,1.0,0.8,0.9410381317138672,9
Schema-Constraint,A7_coincidental,large,9,SRC_STOCK_4_PRICE,REPORT_LIMIT,4,0,0,1,0.25,0.8,0.0,0
BFS,A7_coincidental,large,10,SRC_STOCK_7_PRICE,REPORT_DASHBOARD,36,0,0,0,0.027777777777777776,1.0,0.8373260498046875,6
Vanilla-RWR,A7_coincidental,large,10,SRC_STOCK_7_PRICE,REPORT_DASHBOARD,34,0,0,0,0.029411764705882353,1.0,0.9109973907470703,9
Structural-RWR,A7_coincidental,large,10,SRC_STOCK_7_PRICE,REPORT_DASHBOARD,38,0,0,0,0.02631578947368421,1.0,0.8788108825683594,8
PC+RWR,A7_coincidental,large,10,SRC_STOCK_7_PRICE,REPORT_DASHBOARD,38,0,0,0,0.02631578947368421,1.0,10.19287109375,8
AnomalyOnly,A7_coincidental,large,10,SRC_STOCK_7_PRICE,REPORT_DASHBOARD,2,0,1,1,0.5,0.8,0.011205673217773438,1
APA-RCA,A7_coincidental,large,10,SRC_STOCK_7_PRICE,REPORT_DASHBOARD,2,0,1,1,0.5,0.8,0.9243488311767578,9
APA-RCA-v2,A7_coincidental,large,10,SRC_STOCK_7_PRICE,REPORT_DASHBOARD,1,1,1,1,1.0,0.8,0.9109973907470703,9
APA-RCA-v3,A7_coincidental,large,10,SRC_STOCK_7_PRICE,REPORT_DASHBOARD,1,1,1,1,1.0,0.8,1.2922286987304688,9
Schema-Constraint,A7_coincidental,large,10,SRC_STOCK_7_PRICE,REPORT_DASHBOARD,7,0,0,0,0.14285714285714285,1.0,0.0,0
BFS,A7_coincidental,large,11,SRC_STOCK_2_PRICE,REPORT_LIMIT,61,0,0,0,0.01639344262295082,1.0,0.8261203765869141,7
Vanilla-RWR,A7_coincidental,large,11,SRC_STOCK_2_PRICE,REPORT_LIMIT,46,0,0,0,0.021739130434782608,1.0,0.9069442749023438,9
Structural-RWR,A7_coincidental,large,11,SRC_STOCK_2_PRICE,REPORT_LIMIT,33,0,0,0,0.030303030303030304,1.0,0.8647441864013672,8
PC+RWR,A7_coincidental,large,11,SRC_STOCK_2_PRICE,REPORT_LIMIT,33,0,0,0,0.030303030303030304,1.0,10.096073150634766,8
AnomalyOnly,A7_coincidental,large,11,SRC_STOCK_2_PRICE,REPORT_LIMIT,1,1,1,1,1.0,0.8,0.010967254638671875,1
APA-RCA,A7_coincidental,large,11,SRC_STOCK_2_PRICE,REPORT_LIMIT,4,0,0,1,0.25,0.8,0.9238719940185547,9
APA-RCA-v2,A7_coincidental,large,11,SRC_STOCK_2_PRICE,REPORT_LIMIT,1,1,1,1,1.0,0.8,1.3000965118408203,9
APA-RCA-v3,A7_coincidental,large,11,SRC_STOCK_2_PRICE,REPORT_LIMIT,1,1,1,1,1.0,0.8,22.80282974243164,9
Schema-Constraint,A7_coincidental,large,11,SRC_STOCK_2_PRICE,REPORT_LIMIT,2,0,1,1,0.5,0.8,0.0,0
BFS,A7_coincidental,large,12,SRC_STOCK_5_PRICE,REPORT_LIMIT,61,0,0,0,0.01639344262295082,1.0,0.820159912109375,7
Vanilla-RWR,A7_coincidental,large,12,SRC_STOCK_5_PRICE,REPORT_LIMIT,49,0,0,0,0.02040816326530612,1.0,0.90789794921875,9
Structural-RWR,A7_coincidental,large,12,SRC_STOCK_5_PRICE,REPORT_LIMIT,29,0,0,0,0.034482758620689655,1.0,0.8461475372314453,8
PC+RWR,A7_coincidental,large,12,SRC_STOCK_5_PRICE,REPORT_LIMIT,29,0,0,0,0.034482758620689655,1.0,10.04171371459961,8
AnomalyOnly,A7_coincidental,large,12,SRC_STOCK_5_PRICE,REPORT_LIMIT,2,0,1,1,0.5,0.8,0.010967254638671875,1
APA-RCA,A7_coincidental,large,12,SRC_STOCK_5_PRICE,REPORT_LIMIT,5,0,0,1,0.2,0.8,1.1930465698242188,9
APA-RCA-v2,A7_coincidental,large,12,SRC_STOCK_5_PRICE,REPORT_LIMIT,1,1,1,1,1.0,0.8,0.9021759033203125,9
APA-RCA-v3,A7_coincidental,large,12,SRC_STOCK_5_PRICE,REPORT_LIMIT,1,1,1,1,1.0,0.8,0.9100437164306641,9
Schema-Constraint,A7_coincidental,large,12,SRC_STOCK_5_PRICE,REPORT_LIMIT,5,0,0,1,0.2,0.8,0.0,0
BFS,A7_coincidental,large,13,SRC_STOCK_8_PRICE,REPORT_LIMIT,61,0,0,0,0.01639344262295082,1.0,0.8111000061035156,7
Vanilla-RWR,A7_coincidental,large,13,SRC_STOCK_8_PRICE,REPORT_LIMIT,52,0,0,0,0.019230769230769232,1.0,0.9171962738037109,9
Structural-RWR,A7_coincidental,large,13,SRC_STOCK_8_PRICE,REPORT_LIMIT,28,0,0,0,0.03571428571428571,1.0,0.8561611175537109,8
PC+RWR,A7_coincidental,large,13,SRC_STOCK_8_PRICE,REPORT_LIMIT,28,0,0,0,0.03571428571428571,1.0,10.478973388671875,8
AnomalyOnly,A7_coincidental,large,13,SRC_STOCK_8_PRICE,REPORT_LIMIT,1,1,1,1,1.0,0.8,0.010967254638671875,1
APA-RCA,A7_coincidental,large,13,SRC_STOCK_8_PRICE,REPORT_LIMIT,3,0,1,1,0.3333333333333333,0.8,0.9129047393798828,9
APA-RCA-v2,A7_coincidental,large,13,SRC_STOCK_8_PRICE,REPORT_LIMIT,1,1,1,1,1.0,0.8,0.9038448333740234,9
APA-RCA-v3,A7_coincidental,large,13,SRC_STOCK_8_PRICE,REPORT_LIMIT,1,1,1,1,1.0,0.8,0.8959770202636719,9
Schema-Constraint,A7_coincidental,large,13,SRC_STOCK_8_PRICE,REPORT_LIMIT,8,0,0,0,0.125,1.0,0.0,0
BFS,A7_coincidental,large,14,SRC_STOCK_2_PRICE,REPORT_DASHBOARD,36,0,0,0,0.027777777777777776,1.0,0.7998943328857422,6
Vanilla-RWR,A7_coincidental,large,14,SRC_STOCK_2_PRICE,REPORT_DASHBOARD,29,0,0,0,0.034482758620689655,1.0,0.9050369262695312,9
Structural-RWR,A7_coincidental,large,14,SRC_STOCK_2_PRICE,REPORT_DASHBOARD,37,0,0,0,0.02702702702702703,1.0,1.3489723205566406,8
PC+RWR,A7_coincidental,large,14,SRC_STOCK_2_PRICE,REPORT_DASHBOARD,37,0,0,0,0.02702702702702703,1.0,10.01596450805664,8
AnomalyOnly,A7_coincidental,large,14,SRC_STOCK_2_PRICE,REPORT_DASHBOARD,3,0,1,1,0.3333333333333333,0.8,0.011205673217773438,1
APA-RCA,A7_coincidental,large,14,SRC_STOCK_2_PRICE,REPORT_DASHBOARD,2,0,1,1,0.5,0.8,0.9160041809082031,9
APA-RCA-v2,A7_coincidental,large,14,SRC_STOCK_2_PRICE,REPORT_DASHBOARD,1,1,1,1,1.0,0.8,0.8969306945800781,9
APA-RCA-v3,A7_coincidental,large,14,SRC_STOCK_2_PRICE,REPORT_DASHBOARD,1,1,1,1,1.0,0.8,0.8990764617919922,9
Schema-Constraint,A7_coincidental,large,14,SRC_STOCK_2_PRICE,REPORT_DASHBOARD,2,0,1,1,0.5,0.8,0.0,0
BFS,A7_coincidental,large,15,SRC_STOCK_8_PRICE,REPORT_LIMIT,61,0,0,0,0.01639344262295082,1.0,0.8342266082763672,7
Vanilla-RWR,A7_coincidental,large,15,SRC_STOCK_8_PRICE,REPORT_LIMIT,52,0,0,0,0.019230769230769232,1.0,1.3842582702636719,9
Structural-RWR,A7_coincidental,large,15,SRC_STOCK_8_PRICE,REPORT_LIMIT,28,0,0,0,0.03571428571428571,1.0,0.8552074432373047,8
PC+RWR,A7_coincidental,large,15,SRC_STOCK_8_PRICE,REPORT_LIMIT,28,0,0,0,0.03571428571428571,1.0,10.0860595703125,8
AnomalyOnly,A7_coincidental,large,15,SRC_STOCK_8_PRICE,REPORT_LIMIT,2,0,1,1,0.5,0.8,0.010967254638671875,1
APA-RCA,A7_coincidental,large,15,SRC_STOCK_8_PRICE,REPORT_LIMIT,5,0,0,1,0.2,0.8,0.9198188781738281,9
APA-RCA-v2,A7_coincidental,large,15,SRC_STOCK_8_PRICE,REPORT_LIMIT,1,1,1,1,1.0,0.8,0.9090900421142578,9
APA-RCA-v3,A7_coincidental,large,15,SRC_STOCK_8_PRICE,REPORT_LIMIT,1,1,1,1,1.0,0.8,0.9098052978515625,9
Schema-Constraint,A7_coincidental,large,15,SRC_STOCK_8_PRICE,REPORT_LIMIT,8,0,0,0,0.125,1.0,0.0,0
BFS,A7_coincidental,large,16,SRC_STOCK_5_PRICE,REPORT_LIMIT,61,0,0,0,0.01639344262295082,1.0,1.3289451599121094,7
Vanilla-RWR,A7_coincidental,large,16,SRC_STOCK_5_PRICE,REPORT_LIMIT,49,0,0,0,0.02040816326530612,1.0,0.9107589721679688,9
Structural-RWR,A7_coincidental,large,16,SRC_STOCK_5_PRICE,REPORT_LIMIT,20,0,0,0,0.05,1.0,0.8530616760253906,8
PC+RWR,A7_coincidental,large,16,SRC_STOCK_5_PRICE,REPORT_LIMIT,20,0,0,0,0.05,1.0,9.96088981628418,8
AnomalyOnly,A7_coincidental,large,16,SRC_STOCK_5_PRICE,REPORT_LIMIT,1,1,1,1,1.0,0.8,0.011205673217773438,1
APA-RCA,A7_coincidental,large,16,SRC_STOCK_5_PRICE,REPORT_LIMIT,4,0,0,1,0.25,0.8,0.9250640869140625,9
APA-RCA-v2,A7_coincidental,large,16,SRC_STOCK_5_PRICE,REPORT_LIMIT,1,1,1,1,1.0,0.8,0.9109973907470703,9
APA-RCA-v3,A7_coincidental,large,16,SRC_STOCK_5_PRICE,REPORT_LIMIT,1,1,1,1,1.0,0.8,0.9260177612304688,9
Schema-Constraint,A7_coincidental,large,16,SRC_STOCK_5_PRICE,REPORT_LIMIT,5,0,0,1,0.2,0.8,0.0,0
BFS,A7_coincidental,large,17,SRC_STOCK_6_PRICE,REPORT_DASHBOARD,36,0,0,0,0.027777777777777776,1.0,0.8099079132080078,6
Vanilla-RWR,A7_coincidental,large,17,SRC_STOCK_6_PRICE,REPORT_DASHBOARD,33,0,0,0,0.030303030303030304,1.0,0.9002685546875,9
Structural-RWR,A7_coincidental,large,17,SRC_STOCK_6_PRICE,REPORT_DASHBOARD,32,0,0,0,0.03125,1.0,0.8499622344970703,8
PC+RWR,A7_coincidental,large,17,SRC_STOCK_6_PRICE,REPORT_DASHBOARD,32,0,0,0,0.03125,1.0,10.148763656616211,8
AnomalyOnly,A7_coincidental,large,17,SRC_STOCK_6_PRICE,REPORT_DASHBOARD,3,0,1,1,0.3333333333333333,0.8,0.010967254638671875,1
APA-RCA,A7_coincidental,large,17,SRC_STOCK_6_PRICE,REPORT_DASHBOARD,2,0,1,1,0.5,0.8,0.9169578552246094,9
APA-RCA-v2,A7_coincidental,large,17,SRC_STOCK_6_PRICE,REPORT_DASHBOARD,1,1,1,1,1.0,0.8,0.9052753448486328,9
APA-RCA-v3,A7_coincidental,large,17,SRC_STOCK_6_PRICE,REPORT_DASHBOARD,1,1,1,1,1.0,0.8,0.8997917175292969,9
Schema-Constraint,A7_coincidental,large,17,SRC_STOCK_6_PRICE,REPORT_DASHBOARD,6,0,0,0,0.16666666666666666,1.0,0.0,0
BFS,A7_coincidental,large,18,SRC_STOCK_8_PRICE,REPORT_LIMIT,61,0,0,0,0.01639344262295082,1.0,0.8199214935302734,7
Vanilla-RWR,A7_coincidental,large,18,SRC_STOCK_8_PRICE,REPORT_LIMIT,52,0,0,0,0.019230769230769232,1.0,0.904083251953125,9
Structural-RWR,A7_coincidental,large,18,SRC_STOCK_8_PRICE,REPORT_LIMIT,28,0,0,0,0.03571428571428571,1.0,0.8561611175537109,8
PC+RWR,A7_coincidental,large,18,SRC_STOCK_8_PRICE,REPORT_LIMIT,28,0,0,0,0.03571428571428571,1.0,9.96708869934082,8
AnomalyOnly,A7_coincidental,large,18,SRC_STOCK_8_PRICE,REPORT_LIMIT,1,1,1,1,1.0,0.8,0.010967254638671875,1
APA-RCA,A7_coincidental,large,18,SRC_STOCK_8_PRICE,REPORT_LIMIT,3,0,1,1,0.3333333333333333,0.8,0.9248256683349609,9
APA-RCA-v2,A7_coincidental,large,18,SRC_STOCK_8_PRICE,REPORT_LIMIT,1,1,1,1,1.0,0.8,0.9207725524902344,9
APA-RCA-v3,A7_coincidental,large,18,SRC_STOCK_8_PRICE,REPORT_LIMIT,1,1,1,1,1.0,0.8,0.9150505065917969,9
Schema-Constraint,A7_coincidental,large,18,SRC_STOCK_8_PRICE,REPORT_LIMIT,8,0,0,0,0.125,1.0,0.0,0
BFS,A7_coincidental,large,19,SRC_STOCK_5_PRICE,REPORT_DASHBOARD,36,0,0,0,0.027777777777777776,1.0,0.8120536804199219,6
Vanilla-RWR,A7_coincidental,large,19,SRC_STOCK_5_PRICE,REPORT_DASHBOARD,32,0,0,0,0.03125,1.0,0.9059906005859375,9
Structural-RWR,A7_coincidental,large,19,SRC_STOCK_5_PRICE,REPORT_DASHBOARD,33,0,0,0,0.030303030303030304,1.0,0.8561611175537109,8
PC+RWR,A7_coincidental,large,19,SRC_STOCK_5_PRICE,REPORT_DASHBOARD,33,0,0,0,0.030303030303030304,1.0,10.178089141845703,8
AnomalyOnly,A7_coincidental,large,19,SRC_STOCK_5_PRICE,REPORT_DASHBOARD,3,0,1,1,0.3333333333333333,0.8,0.011920928955078125,1
APA-RCA,A7_coincidental,large,19,SRC_STOCK_5_PRICE,REPORT_DASHBOARD,2,0,1,1,0.5,0.8,0.9171962738037109,9
APA-RCA-v2,A7_coincidental,large,19,SRC_STOCK_5_PRICE,REPORT_DASHBOARD,1,1,1,1,1.0,0.8,0.9071826934814453,9
APA-RCA-v3,A7_coincidental,large,19,SRC_STOCK_5_PRICE,REPORT_DASHBOARD,1,1,1,1,1.0,0.8,0.9050369262695312,9
Schema-Constraint,A7_coincidental,large,19,SRC_STOCK_5_PRICE,REPORT_DASHBOARD,5,0,0,1,0.2,0.8,0.0,0
BFS,A7_coincidental,large,20,SRC_STOCK_8_PRICE,REPORT_LIMIT,61,0,0,0,0.01639344262295082,1.0,0.8082389831542969,7
Vanilla-RWR,A7_coincidental,large,20,SRC_STOCK_8_PRICE,REPORT_LIMIT,52,0,0,0,0.019230769230769232,1.0,0.9012222290039062,9
Structural-RWR,A7_coincidental,large,20,SRC_STOCK_8_PRICE,REPORT_LIMIT,26,0,0,0,0.038461538461538464,1.0,0.8499622344970703,8
PC+RWR,A7_coincidental,large,20,SRC_STOCK_8_PRICE,REPORT_LIMIT,26,0,0,0,0.038461538461538464,1.0,10.06007194519043,8
AnomalyOnly,A7_coincidental,large,20,SRC_STOCK_8_PRICE,REPORT_LIMIT,2,0,1,1,0.5,0.8,0.012159347534179688,1
APA-RCA,A7_coincidental,large,20,SRC_STOCK_8_PRICE,REPORT_LIMIT,3,0,1,1,0.3333333333333333,0.8,0.9260177612304688,9
APA-RCA-v2,A7_coincidental,large,20,SRC_STOCK_8_PRICE,REPORT_LIMIT,1,1,1,1,1.0,0.8,0.90789794921875,9
APA-RCA-v3,A7_coincidental,large,20,SRC_STOCK_8_PRICE,REPORT_LIMIT,1,1,1,1,1.0,0.8,0.9148120880126953,9
Schema-Constraint,A7_coincidental,large,20,SRC_STOCK_8_PRICE,REPORT_LIMIT,8,0,0,0,0.125,1.0,0.0,0
BFS,A7_coincidental,large,21,SRC_STOCK_3_PRICE,REPORT_STRESS,26,0,0,0,0.038461538461538464,1.0,0.8330345153808594,6
Vanilla-RWR,A7_coincidental,large,21,SRC_STOCK_3_PRICE,REPORT_STRESS,28,0,0,0,0.03571428571428571,1.0,0.9100437164306641,9
Structural-RWR,A7_coincidental,large,21,SRC_STOCK_3_PRICE,REPORT_STRESS,31,0,0,0,0.03225806451612903,1.0,0.8640289306640625,8
PC+RWR,A7_coincidental,large,21,SRC_STOCK_3_PRICE,REPORT_STRESS,31,0,0,0,0.03225806451612903,1.0,10.034799575805664,8
AnomalyOnly,A7_coincidental,large,21,SRC_STOCK_3_PRICE,REPORT_STRESS,2,0,1,1,0.5,0.8,0.012159347534179688,1
APA-RCA,A7_coincidental,large,21,SRC_STOCK_3_PRICE,REPORT_STRESS,1,1,1,1,1.0,0.8,0.9090900421142578,9
APA-RCA-v2,A7_coincidental,large,21,SRC_STOCK_3_PRICE,REPORT_STRESS,1,1,1,1,1.0,0.8,0.9069442749023438,9
APA-RCA-v3,A7_coincidental,large,21,SRC_STOCK_3_PRICE,REPORT_STRESS,1,1,1,1,1.0,0.8,0.8978843688964844,9
Schema-Constraint,A7_coincidental,large,21,SRC_STOCK_3_PRICE,REPORT_STRESS,3,0,1,1,0.3333333333333333,0.8,0.0,0
BFS,A7_coincidental,large,22,SRC_STOCK_7_PRICE,REPORT_LIMIT,61,0,0,0,0.01639344262295082,1.0,0.8411407470703125,7
Vanilla-RWR,A7_coincidental,large,22,SRC_STOCK_7_PRICE,REPORT_LIMIT,51,0,0,0,0.0196078431372549,1.0,0.9188652038574219,9
Structural-RWR,A7_coincidental,large,22,SRC_STOCK_7_PRICE,REPORT_LIMIT,25,0,0,0,0.04,1.0,0.8687973022460938,8
PC+RWR,A7_coincidental,large,22,SRC_STOCK_7_PRICE,REPORT_LIMIT,25,0,0,0,0.04,1.0,10.154008865356445,8
AnomalyOnly,A7_coincidental,large,22,SRC_STOCK_7_PRICE,REPORT_LIMIT,1,1,1,1,1.0,0.8,0.010967254638671875,1
APA-RCA,A7_coincidental,large,22,SRC_STOCK_7_PRICE,REPORT_LIMIT,4,0,0,1,0.25,0.8,0.9226799011230469,9
APA-RCA-v2,A7_coincidental,large,22,SRC_STOCK_7_PRICE,REPORT_LIMIT,1,1,1,1,1.0,0.8,0.9291172027587891,9
APA-RCA-v3,A7_coincidental,large,22,SRC_STOCK_7_PRICE,REPORT_LIMIT,1,1,1,1,1.0,0.8,1.3089179992675781,9
Schema-Constraint,A7_coincidental,large,22,SRC_STOCK_7_PRICE,REPORT_LIMIT,7,0,0,0,0.14285714285714285,1.0,0.0,0
BFS,A7_coincidental,large,23,SRC_STOCK_1_PRICE,REPORT_LIMIT,61,0,0,0,0.01639344262295082,1.0,0.8230209350585938,7
Vanilla-RWR,A7_coincidental,large,23,SRC_STOCK_1_PRICE,REPORT_LIMIT,45,0,0,0,0.022222222222222223,1.0,0.9100437164306641,9
Structural-RWR,A7_coincidental,large,23,SRC_STOCK_1_PRICE,REPORT_LIMIT,28,0,0,0,0.03571428571428571,1.0,0.8578300476074219,8
PC+RWR,A7_coincidental,large,23,SRC_STOCK_1_PRICE,REPORT_LIMIT,28,0,0,0,0.03571428571428571,1.0,10.146856307983398,8
AnomalyOnly,A7_coincidental,large,23,SRC_STOCK_1_PRICE,REPORT_LIMIT,1,1,1,1,1.0,0.8,0.010967254638671875,1
APA-RCA,A7_coincidental,large,23,SRC_STOCK_1_PRICE,REPORT_LIMIT,3,0,1,1,0.3333333333333333,0.8,0.9129047393798828,9
APA-RCA-v2,A7_coincidental,large,23,SRC_STOCK_1_PRICE,REPORT_LIMIT,1,1,1,1,1.0,0.8,1.2860298156738281,9
APA-RCA-v3,A7_coincidental,large,23,SRC_STOCK_1_PRICE,REPORT_LIMIT,1,1,1,1,1.0,0.8,0.8969306945800781,9
Schema-Constraint,A7_coincidental,large,23,SRC_STOCK_1_PRICE,REPORT_LIMIT,1,1,1,1,1.0,0.8,0.0,0
BFS,A7_coincidental,large,24,SRC_STOCK_4_PRICE,REPORT_LIMIT,61,0,0,0,0.01639344262295082,1.0,0.8282661437988281,7
Vanilla-RWR,A7_coincidental,large,24,SRC_STOCK_4_PRICE,REPORT_LIMIT,48,0,0,0,0.020833333333333332,1.0,0.9179115295410156,9
Structural-RWR,A7_coincidental,large,24,SRC_STOCK_4_PRICE,REPORT_LIMIT,29,0,0,0,0.034482758620689655,1.0,0.8449554443359375,8
PC+RWR,A7_coincidental,large,24,SRC_STOCK_4_PRICE,REPORT_LIMIT,29,0,0,0,0.034482758620689655,1.0,10.141134262084961,8
AnomalyOnly,A7_coincidental,large,24,SRC_STOCK_4_PRICE,REPORT_LIMIT,2,0,1,1,0.5,0.8,0.012159347534179688,1
APA-RCA,A7_coincidental,large,24,SRC_STOCK_4_PRICE,REPORT_LIMIT,3,0,1,1,0.3333333333333333,0.8,1.3129711151123047,9
APA-RCA-v2,A7_coincidental,large,24,SRC_STOCK_4_PRICE,REPORT_LIMIT,1,1,1,1,1.0,0.8,23.185014724731445,9
APA-RCA-v3,A7_coincidental,large,24,SRC_STOCK_4_PRICE,REPORT_LIMIT,1,1,1,1,1.0,0.8,0.9429454803466797,9
Schema-Constraint,A7_coincidental,large,24,SRC_STOCK_4_PRICE,REPORT_LIMIT,4,0,0,1,0.25,0.8,0.0,0
BFS,A7_coincidental,large,25,SRC_STOCK_5_PRICE,REPORT_LIMIT,61,0,0,0,0.01639344262295082,1.0,0.8199214935302734,7
Vanilla-RWR,A7_coincidental,large,25,SRC_STOCK_5_PRICE,REPORT_LIMIT,49,0,0,0,0.02040816326530612,1.0,0.9019374847412109,9
Structural-RWR,A7_coincidental,large,25,SRC_STOCK_5_PRICE,REPORT_LIMIT,24,0,0,0,0.041666666666666664,1.0,0.8490085601806641,8
PC+RWR,A7_coincidental,large,25,SRC_STOCK_5_PRICE,REPORT_LIMIT,24,0,0,0,0.041666666666666664,1.0,10.352134704589844,8
AnomalyOnly,A7_coincidental,large,25,SRC_STOCK_5_PRICE,REPORT_LIMIT,2,0,1,1,0.5,0.8,0.012159347534179688,1
APA-RCA,A7_coincidental,large,25,SRC_STOCK_5_PRICE,REPORT_LIMIT,3,0,1,1,0.3333333333333333,0.8,0.9038448333740234,9
APA-RCA-v2,A7_coincidental,large,25,SRC_STOCK_5_PRICE,REPORT_LIMIT,1,1,1,1,1.0,0.8,0.8909702301025391,9
APA-RCA-v3,A7_coincidental,large,25,SRC_STOCK_5_PRICE,REPORT_LIMIT,1,1,1,1,1.0,0.8,0.8947849273681641,9
Schema-Constraint,A7_coincidental,large,25,SRC_STOCK_5_PRICE,REPORT_LIMIT,5,0,0,1,0.2,0.8,0.0,0
BFS,A7_coincidental,large,26,SRC_STOCK_7_PRICE,REPORT_LIMIT,61,0,0,0,0.01639344262295082,1.0,0.8120536804199219,7
Vanilla-RWR,A7_coincidental,large,26,SRC_STOCK_7_PRICE,REPORT_LIMIT,51,0,0,0,0.0196078431372549,1.0,0.9069442749023438,9
Structural-RWR,A7_coincidental,large,26,SRC_STOCK_7_PRICE,REPORT_LIMIT,22,0,0,0,0.045454545454545456,1.0,1.3380050659179688,8
PC+RWR,A7_coincidental,large,26,SRC_STOCK_7_PRICE,REPORT_LIMIT,22,0,0,0,0.045454545454545456,1.0,10.151147842407227,8
AnomalyOnly,A7_coincidental,large,26,SRC_STOCK_7_PRICE,REPORT_LIMIT,2,0,1,1,0.5,0.8,0.010967254638671875,1
APA-RCA,A7_coincidental,large,26,SRC_STOCK_7_PRICE,REPORT_LIMIT,1,1,1,1,1.0,0.8,0.9181499481201172,9
APA-RCA-v2,A7_coincidental,large,26,SRC_STOCK_7_PRICE,REPORT_LIMIT,1,1,1,1,1.0,0.8,0.9031295776367188,9
APA-RCA-v3,A7_coincidental,large,26,SRC_STOCK_7_PRICE,REPORT_LIMIT,1,1,1,1,1.0,0.8,0.9009838104248047,9
Schema-Constraint,A7_coincidental,large,26,SRC_STOCK_7_PRICE,REPORT_LIMIT,7,0,0,0,0.14285714285714285,1.0,0.0,0
BFS,A7_coincidental,large,27,SRC_STOCK_1_PRICE,REPORT_LIMIT,61,0,0,0,0.01639344262295082,1.0,0.823974609375,7
Vanilla-RWR,A7_coincidental,large,27,SRC_STOCK_1_PRICE,REPORT_LIMIT,45,0,0,0,0.022222222222222223,1.0,1.3730525970458984,9
Structural-RWR,A7_coincidental,large,27,SRC_STOCK_1_PRICE,REPORT_LIMIT,26,0,0,0,0.038461538461538464,1.0,0.86212158203125,8
PC+RWR,A7_coincidental,large,27,SRC_STOCK_1_PRICE,REPORT_LIMIT,26,0,0,0,0.038461538461538464,1.0,10.01596450805664,8
AnomalyOnly,A7_coincidental,large,27,SRC_STOCK_1_PRICE,REPORT_LIMIT,1,1,1,1,1.0,0.8,0.010967254638671875,1
APA-RCA,A7_coincidental,large,27,SRC_STOCK_1_PRICE,REPORT_LIMIT,3,0,1,1,0.3333333333333333,0.8,0.9200572967529297,9
APA-RCA-v2,A7_coincidental,large,27,SRC_STOCK_1_PRICE,REPORT_LIMIT,1,1,1,1,1.0,0.8,0.9169578552246094,9
APA-RCA-v3,A7_coincidental,large,27,SRC_STOCK_1_PRICE,REPORT_LIMIT,1,1,1,1,1.0,0.8,0.9047985076904297,9
Schema-Constraint,A7_coincidental,large,27,SRC_STOCK_1_PRICE,REPORT_LIMIT,1,1,1,1,1.0,0.8,0.0,0
BFS,A7_coincidental,large,28,SRC_STOCK_6_PRICE,REPORT_LIMIT,61,0,0,0,0.01639344262295082,1.0,1.2450218200683594,7
Vanilla-RWR,A7_coincidental,large,28,SRC_STOCK_6_PRICE,REPORT_LIMIT,50,0,0,0,0.02,1.0,0.9112358093261719,9
Structural-RWR,A7_coincidental,large,28,SRC_STOCK_6_PRICE,REPORT_LIMIT,28,0,0,0,0.03571428571428571,1.0,0.8418560028076172,8
PC+RWR,A7_coincidental,large,28,SRC_STOCK_6_PRICE,REPORT_LIMIT,28,0,0,0,0.03571428571428571,1.0,10.029077529907227,8
AnomalyOnly,A7_coincidental,large,28,SRC_STOCK_6_PRICE,REPORT_LIMIT,2,0,1,1,0.5,0.8,0.011205673217773438,1
APA-RCA,A7_coincidental,large,28,SRC_STOCK_6_PRICE,REPORT_LIMIT,6,0,0,0,0.16666666666666666,1.0,0.9191036224365234,9
APA-RCA-v2,A7_coincidental,large,28,SRC_STOCK_6_PRICE,REPORT_LIMIT,1,1,1,1,1.0,0.8,0.9081363677978516,9
APA-RCA-v3,A7_coincidental,large,28,SRC_STOCK_6_PRICE,REPORT_LIMIT,1,1,1,1,1.0,0.8,0.9016990661621094,9
Schema-Constraint,A7_coincidental,large,28,SRC_STOCK_6_PRICE,REPORT_LIMIT,6,0,0,0,0.16666666666666666,1.0,0.0,0
BFS,A7_coincidental,large,29,SRC_STOCK_8_PRICE,REPORT_STRESS,26,0,0,0,0.038461538461538464,1.0,0.8151531219482422,6
Vanilla-RWR,A7_coincidental,large,29,SRC_STOCK_8_PRICE,REPORT_STRESS,33,0,0,0,0.030303030303030304,1.0,0.9009838104248047,9
Structural-RWR,A7_coincidental,large,29,SRC_STOCK_8_PRICE,REPORT_STRESS,37,0,0,0,0.02702702702702703,1.0,0.8530616760253906,8
PC+RWR,A7_coincidental,large,29,SRC_STOCK_8_PRICE,REPORT_STRESS,37,0,0,0,0.02702702702702703,1.0,10.181903839111328,8
AnomalyOnly,A7_coincidental,large,29,SRC_STOCK_8_PRICE,REPORT_STRESS,1,1,1,1,1.0,0.8,0.010967254638671875,1
APA-RCA,A7_coincidental,large,29,SRC_STOCK_8_PRICE,REPORT_STRESS,1,1,1,1,1.0,0.8,0.9119510650634766,9
APA-RCA-v2,A7_coincidental,large,29,SRC_STOCK_8_PRICE,REPORT_STRESS,1,1,1,1,1.0,0.8,0.8990764617919922,9
APA-RCA-v3,A7_coincidental,large,29,SRC_STOCK_8_PRICE,REPORT_STRESS,1,1,1,1,1.0,0.8,0.9031295776367188,9
Schema-Constraint,A7_coincidental,large,29,SRC_STOCK_8_PRICE,REPORT_STRESS,8,0,0,0,0.125,1.0,0.0,0
