method,anomaly_type,pipeline_size,trial,true_root_cause,target_node,rank,top1,top3,top5,reciprocal_rank,false_rc_rate_k5,elapsed_ms,convergence_iters
blend_a00+APA+ResGCN,A1_source_corruption,medium_real,0,SRC_STOCK_11_PRICE,REPORT_LIMIT,1,1,1,1,1.0,0.8,1.4469623565673828,9
blend_a00+APA+ResGCN,A1_source_corruption,medium_real,1,SRC_STOCK_6_PRICE,REPORT_LIMIT,1,1,1,1,1.0,0.8,1.4181137084960938,9
blend_a00+APA+ResGCN,A1_source_corruption,medium_real,2,SRC_STOCK_11_PRICE,REPORT_LIMIT,1,1,1,1,1.0,0.8,1.4352798461914062,9
blend_a00+APA+ResGCN,A1_source_corruption,medium_real,3,SRC_STOCK_10_PRICE,REPORT_LIMIT,3,0,1,1,0.3333333333333333,0.8,1.3859272003173828,9
blend_a00+APA+ResGCN,A1_source_corruption,medium_real,4,SRC_STOCK_9_PRICE,REPORT_LIMIT,1,1,1,1,1.0,0.8,1.4541149139404297,9
blend_a00+APA+ResGCN,A1_source_corruption,medium_real,5,SRC_STOCK_9_PRICE,REPORT_LIMIT,1,1,1,1,1.0,0.8,1.4619827270507812,9
blend_a00+APA+ResGCN,A1_source_corruption,medium_real,6,SRC_STOCK_6_PRICE,REPORT_LIMIT,1,1,1,1,1.0,0.8,1.4100074768066406,9
blend_a00+APA+ResGCN,A1_source_corruption,medium_real,7,SRC_STOCK_12_PRICE,REPORT_LIMIT,1,1,1,1,1.0,0.8,1.4319419860839844,9
blend_a00+APA+ResGCN,A1_source_corruption,medium_real,8,SRC_STOCK_9_PRICE,REPORT_LIMIT,1,1,1,1,1.0,0.8,1.4050006866455078,9
blend_a00+APA+ResGCN,A1_source_corruption,medium_real,9,SRC_STOCK_6_PRICE,REPORT_LIMIT,1,1,1,1,1.0,0.8,1.399993896484375,9
blend_a00+APA+ResGCN,A1_source_corruption,medium_real,10,SRC_STOCK_10_PRICE,REPORT_LIMIT,1,1,1,1,1.0,0.8,1.405954360961914,9
blend_a00+APA+ResGCN,A1_source_corruption,medium_real,11,SRC_STOCK_2_PRICE,REPORT_LIMIT,2,0,1,1,0.5,0.8,1.4281272888183594,9
blend_a00+APA+ResGCN,A1_source_corruption,medium_real,12,SRC_STOCK_8_PRICE,REPORT_LIMIT,1,1,1,1,1.0,0.8,1.4891624450683594,9
blend_a00+APA+ResGCN,A1_source_corruption,medium_real,13,SRC_STOCK_11_PRICE,REPORT_LIMIT,1,1,1,1,1.0,0.8,1.3661384582519531,9
blend_a00+APA+ResGCN,A1_source_corruption,medium_real,14,SRC_STOCK_2_PRICE,REPORT_LIMIT,1,1,1,1,1.0,0.8,1.3608932495117188,9
blend_a00+APA+ResGCN,A1_source_corruption,medium_real,15,SRC_STOCK_12_PRICE,REPORT_LIMIT,1,1,1,1,1.0,0.8,1.626729965209961,9
blend_a00+APA+ResGCN,A1_source_corruption,medium_real,16,SRC_STOCK_7_PRICE,REPORT_LIMIT,1,1,1,1,1.0,0.8,1.4052391052246094,9
blend_a00+APA+ResGCN,A1_source_corruption,medium_real,17,SRC_STOCK_9_PRICE,REPORT_LIMIT,1,1,1,1,1.0,0.8,1.4810562133789062,9
blend_a00+APA+ResGCN,A1_source_corruption,medium_real,18,SRC_STOCK_11_PRICE,REPORT_LIMIT,1,1,1,1,1.0,0.8,1.4200210571289062,9
blend_a00+APA+ResGCN,A1_source_corruption,medium_real,19,SRC_STOCK_8_PRICE,REPORT_LIMIT,1,1,1,1,1.0,0.8,1.4247894287109375,9
blend_a00+APA+ResGCN,A1_source_corruption,medium_real,20,SRC_STOCK_11_PRICE,REPORT_LIMIT,1,1,1,1,1.0,0.8,1.4231204986572266,9
blend_a00+APA+ResGCN,A1_source_corruption,medium_real,21,SRC_STOCK_4_PRICE,REPORT_LIMIT,1,1,1,1,1.0,0.8,1.4209747314453125,9
blend_a00+APA+ResGCN,A1_source_corruption,medium_real,22,SRC_STOCK_10_PRICE,REPORT_LIMIT,2,0,1,1,0.5,0.8,1.3687610626220703,9
blend_a00+APA+ResGCN,A1_source_corruption,medium_real,23,SRC_STOCK_1_PRICE,REPORT_LIMIT,1,1,1,1,1.0,0.8,1.4078617095947266,9
blend_a00+APA+ResGCN,A1_source_corruption,medium_real,24,SRC_STOCK_5_PRICE,REPORT_LIMIT,2,0,1,1,0.5,0.8,1.3880729675292969,9
blend_a00+APA+ResGCN,A1_source_corruption,medium_real,25,SRC_STOCK_7_PRICE,REPORT_LIMIT,2,0,1,1,0.5,0.8,1.4312267303466797,9
blend_a00+APA+ResGCN,A1_source_corruption,medium_real,26,SRC_STOCK_11_PRICE,REPORT_LIMIT,1,1,1,1,1.0,0.8,1.4159679412841797,9
blend_a00+APA+ResGCN,A1_source_corruption,medium_real,27,SRC_STOCK_1_PRICE,REPORT_LIMIT,1,1,1,1,1.0,0.8,1.4240741729736328,9
blend_a00+APA+ResGCN,A1_source_corruption,medium_real,28,SRC_STOCK_8_PRICE,REPORT_LIMIT,1,1,1,1,1.0,0.8,1.4061927795410156,9
blend_a00+APA+ResGCN,A1_source_corruption,medium_real,29,SRC_STOCK_12_PRICE,REPORT_LIMIT,1,1,1,1,1.0,0.8,1.3897418975830078,9
blend_a00+APA+ResGCN,A2_etl_logic_error,medium_real,0,ETL_FX_STOCK_11_PRICE,REPORT_LIMIT,22,0,0,0,0.045454545454545456,1.0,1.6329288482666016,9
blend_a00+APA+ResGCN,A2_etl_logic_error,medium_real,1,ETL_FX_STOCK_6_PRICE,REPORT_LIMIT,22,0,0,0,0.045454545454545456,1.0,1.4340877532958984,9
blend_a00+APA+ResGCN,A2_etl_logic_error,medium_real,2,ETL_FX_STOCK_11_PRICE,REPORT_LIMIT,22,0,0,0,0.045454545454545456,1.0,1.3880729675292969,9
blend_a00+APA+ResGCN,A2_etl_logic_error,medium_real,3,ETL_FX_STOCK_10_PRICE,REPORT_LIMIT,19,0,0,0,0.05263157894736842,1.0,1.4071464538574219,9
blend_a00+APA+ResGCN,A2_etl_logic_error,medium_real,4,ETL_FX_STOCK_9_PRICE,REPORT_LIMIT,18,0,0,0,0.05555555555555555,1.0,1.3930797576904297,9
blend_a00+APA+ResGCN,A2_etl_logic_error,medium_real,5,ETL_FX_STOCK_9_PRICE,REPORT_LIMIT,18,0,0,0,0.05555555555555555,1.0,1.6632080078125,9
blend_a00+APA+ResGCN,A2_etl_logic_error,medium_real,6,ETL_FX_STOCK_6_PRICE,REPORT_LIMIT,22,0,0,0,0.045454545454545456,1.0,1.4200210571289062,9
blend_a00+APA+ResGCN,A2_etl_logic_error,medium_real,7,ETL_FX_STOCK_12_PRICE,REPORT_LIMIT,18,0,0,0,0.05555555555555555,1.0,1.397848129272461,9
blend_a00+APA+ResGCN,A2_etl_logic_error,medium_real,8,ETL_FX_STOCK_9_PRICE,REPORT_LIMIT,18,0,0,0,0.05555555555555555,1.0,1.4011859893798828,9
blend_a00+APA+ResGCN,A2_etl_logic_error,medium_real,9,ETL_FX_STOCK_6_PRICE,REPORT_LIMIT,22,0,0,0,0.045454545454545456,1.0,1.567840576171875,9
blend_a00+APA+ResGCN,A2_etl_logic_error,medium_real,10,ETL_FX_STOCK_10_PRICE,REPORT_LIMIT,19,0,0,0,0.05263157894736842,1.0,1.386880874633789,9
blend_a00+APA+ResGCN,A2_etl_logic_error,medium_real,11,ETL_FX_STOCK_2_PRICE,REPORT_LIMIT,21,0,0,0,0.047619047619047616,1.0,1.363992691040039,9
blend_a00+APA+ResGCN,A2_etl_logic_error,medium_real,12,ETL_FX_STOCK_8_PRICE,REPORT_LIMIT,22,0,0,0,0.045454545454545456,1.0,1.397848129272461,9
blend_a00+APA+ResGCN,A2_etl_logic_error,medium_real,13,ETL_FX_STOCK_11_PRICE,REPORT_LIMIT,22,0,0,0,0.045454545454545456,1.0,1.4629364013671875,9
blend_a00+APA+ResGCN,A2_etl_logic_error,medium_real,14,ETL_FX_STOCK_2_PRICE,REPORT_LIMIT,21,0,0,0,0.047619047619047616,1.0,1.3930797576904297,9
blend_a00+APA+ResGCN,A2_etl_logic_error,medium_real,15,ETL_FX_STOCK_12_PRICE,REPORT_LIMIT,18,0,0,0,0.05555555555555555,1.0,1.405954360961914,9
blend_a00+APA+ResGCN,A2_etl_logic_error,medium_real,16,ETL_FX_STOCK_7_PRICE,REPORT_LIMIT,21,0,0,0,0.047619047619047616,1.0,1.4050006866455078,9
blend_a00+APA+ResGCN,A2_etl_logic_error,medium_real,17,ETL_FX_STOCK_9_PRICE,REPORT_LIMIT,18,0,0,0,0.05555555555555555,1.0,1.3990402221679688,9
blend_a00+APA+ResGCN,A2_etl_logic_error,medium_real,18,ETL_FX_STOCK_11_PRICE,REPORT_LIMIT,22,0,0,0,0.045454545454545456,1.0,1.6918182373046875,9
blend_a00+APA+ResGCN,A2_etl_logic_error,medium_real,19,ETL_FX_STOCK_8_PRICE,REPORT_LIMIT,22,0,0,0,0.045454545454545456,1.0,1.4231204986572266,9
blend_a00+APA+ResGCN,A2_etl_logic_error,medium_real,20,ETL_FX_STOCK_11_PRICE,REPORT_LIMIT,22,0,0,0,0.045454545454545456,1.0,1.39617919921875,9
blend_a00+APA+ResGCN,A2_etl_logic_error,medium_real,21,ETL_FX_STOCK_4_PRICE,REPORT_LIMIT,18,0,0,0,0.05555555555555555,1.0,1.3489723205566406,9
blend_a00+APA+ResGCN,A2_etl_logic_error,medium_real,22,ETL_FX_STOCK_10_PRICE,REPORT_LIMIT,19,0,0,0,0.05263157894736842,1.0,2.1431446075439453,9
blend_a00+APA+ResGCN,A2_etl_logic_error,medium_real,23,ETL_FX_STOCK_1_PRICE,REPORT_LIMIT,21,0,0,0,0.047619047619047616,1.0,1.4667510986328125,9
blend_a00+APA+ResGCN,A2_etl_logic_error,medium_real,24,ETL_FX_STOCK_5_PRICE,REPORT_LIMIT,24,0,0,0,0.041666666666666664,1.0,1.4128684997558594,9
blend_a00+APA+ResGCN,A2_etl_logic_error,medium_real,25,ETL_FX_STOCK_7_PRICE,REPORT_LIMIT,21,0,0,0,0.047619047619047616,1.0,1.4028549194335938,9
blend_a00+APA+ResGCN,A2_etl_logic_error,medium_real,26,ETL_FX_STOCK_11_PRICE,REPORT_LIMIT,22,0,0,0,0.045454545454545456,1.0,1.4448165893554688,9
blend_a00+APA+ResGCN,A2_etl_logic_error,medium_real,27,ETL_FX_STOCK_1_PRICE,REPORT_LIMIT,21,0,0,0,0.047619047619047616,1.0,1.5709400177001953,9
blend_a00+APA+ResGCN,A2_etl_logic_error,medium_real,28,ETL_FX_STOCK_8_PRICE,REPORT_LIMIT,22,0,0,0,0.045454545454545456,1.0,1.5747547149658203,9
blend_a00+APA+ResGCN,A2_etl_logic_error,medium_real,29,ETL_FX_STOCK_12_PRICE,REPORT_LIMIT,18,0,0,0,0.05555555555555555,1.0,1.8842220306396484,9
blend_a00+APA+ResGCN,A3_feature_calc_error,medium_real,0,FEAT_VOL20_STOCK_11_PRICE,REPORT_LIMIT,16,0,0,0,0.0625,1.0,1.4801025390625,9
blend_a00+APA+ResGCN,A3_feature_calc_error,medium_real,1,FEAT_VOL20_STOCK_6_PRICE,REPORT_LIMIT,11,0,0,0,0.09090909090909091,1.0,1.4150142669677734,9
blend_a00+APA+ResGCN,A3_feature_calc_error,medium_real,2,FEAT_VOL20_STOCK_11_PRICE,REPORT_LIMIT,16,0,0,0,0.0625,1.0,1.5749931335449219,9
blend_a00+APA+ResGCN,A3_feature_calc_error,medium_real,3,FEAT_VOL20_STOCK_10_PRICE,REPORT_LIMIT,12,0,0,0,0.08333333333333333,1.0,1.4700889587402344,9
blend_a00+APA+ResGCN,A3_feature_calc_error,medium_real,4,FEAT_VOL20_STOCK_9_PRICE,REPORT_LIMIT,9,0,0,0,0.1111111111111111,1.0,1.5239715576171875,9
blend_a00+APA+ResGCN,A3_feature_calc_error,medium_real,5,FEAT_VOL20_STOCK_9_PRICE,REPORT_LIMIT,9,0,0,0,0.1111111111111111,1.0,1.4281272888183594,9
blend_a00+APA+ResGCN,A3_feature_calc_error,medium_real,6,FEAT_VOL20_STOCK_6_PRICE,REPORT_LIMIT,11,0,0,0,0.09090909090909091,1.0,1.4700889587402344,9
blend_a00+APA+ResGCN,A3_feature_calc_error,medium_real,7,FEAT_VOL20_STOCK_12_PRICE,REPORT_LIMIT,11,0,0,0,0.09090909090909091,1.0,1.447916030883789,9
blend_a00+APA+ResGCN,A3_feature_calc_error,medium_real,8,FEAT_VOL20_STOCK_9_PRICE,REPORT_LIMIT,9,0,0,0,0.1111111111111111,1.0,1.4388561248779297,9
blend_a00+APA+ResGCN,A3_feature_calc_error,medium_real,9,FEAT_VOL20_STOCK_6_PRICE,REPORT_LIMIT,11,0,0,0,0.09090909090909091,1.0,1.4481544494628906,9
blend_a00+APA+ResGCN,A3_feature_calc_error,medium_real,10,FEAT_VOL20_STOCK_10_PRICE,REPORT_LIMIT,12,0,0,0,0.08333333333333333,1.0,1.4998912811279297,9
blend_a00+APA+ResGCN,A3_feature_calc_error,medium_real,11,FEAT_VOL20_STOCK_2_PRICE,REPORT_LIMIT,11,0,0,0,0.09090909090909091,1.0,1.461029052734375,9
blend_a00+APA+ResGCN,A3_feature_calc_error,medium_real,12,FEAT_VOL20_STOCK_8_PRICE,REPORT_LIMIT,11,0,0,0,0.09090909090909091,1.0,1.5571117401123047,9
blend_a00+APA+ResGCN,A3_feature_calc_error,medium_real,13,FEAT_VOL20_STOCK_11_PRICE,REPORT_LIMIT,16,0,0,0,0.0625,1.0,1.4650821685791016,9
blend_a00+APA+ResGCN,A3_feature_calc_error,medium_real,14,FEAT_VOL20_STOCK_2_PRICE,REPORT_LIMIT,11,0,0,0,0.09090909090909091,1.0,1.5857219696044922,9
blend_a00+APA+ResGCN,A3_feature_calc_error,medium_real,15,FEAT_VOL20_STOCK_12_PRICE,REPORT_LIMIT,11,0,0,0,0.09090909090909091,1.0,1.4579296112060547,9
blend_a00+APA+ResGCN,A3_feature_calc_error,medium_real,16,FEAT_VOL20_STOCK_7_PRICE,REPORT_LIMIT,11,0,0,0,0.09090909090909091,1.0,1.413106918334961,9
blend_a00+APA+ResGCN,A3_feature_calc_error,medium_real,17,FEAT_VOL20_STOCK_9_PRICE,REPORT_LIMIT,9,0,0,0,0.1111111111111111,1.0,1.6109943389892578,9
blend_a00+APA+ResGCN,A3_feature_calc_error,medium_real,18,FEAT_VOL20_STOCK_11_PRICE,REPORT_LIMIT,16,0,0,0,0.0625,1.0,1.661062240600586,9
blend_a00+APA+ResGCN,A3_feature_calc_error,medium_real,19,FEAT_VOL20_STOCK_8_PRICE,REPORT_LIMIT,11,0,0,0,0.09090909090909091,1.0,1.7590522766113281,9
blend_a00+APA+ResGCN,A3_feature_calc_error,medium_real,20,FEAT_VOL20_STOCK_11_PRICE,REPORT_LIMIT,16,0,0,0,0.0625,1.0,1.6999244689941406,9
blend_a00+APA+ResGCN,A3_feature_calc_error,medium_real,21,FEAT_VOL20_STOCK_4_PRICE,REPORT_LIMIT,11,0,0,0,0.09090909090909091,1.0,2.019643783569336,9
blend_a00+APA+ResGCN,A3_feature_calc_error,medium_real,22,FEAT_VOL20_STOCK_10_PRICE,REPORT_LIMIT,12,0,0,0,0.08333333333333333,1.0,1.7359256744384766,9
blend_a00+APA+ResGCN,A3_feature_calc_error,medium_real,23,FEAT_VOL20_STOCK_1_PRICE,REPORT_LIMIT,11,0,0,0,0.09090909090909091,1.0,1.4500617980957031,9
blend_a00+APA+ResGCN,A3_feature_calc_error,medium_real,24,FEAT_VOL20_STOCK_5_PRICE,REPORT_LIMIT,11,0,0,0,0.09090909090909091,1.0,1.432180404663086,9
blend_a00+APA+ResGCN,A3_feature_calc_error,medium_real,25,FEAT_VOL20_STOCK_7_PRICE,REPORT_LIMIT,11,0,0,0,0.09090909090909091,1.0,1.3797283172607422,9
blend_a00+APA+ResGCN,A3_feature_calc_error,medium_real,26,FEAT_VOL20_STOCK_11_PRICE,REPORT_LIMIT,16,0,0,0,0.0625,1.0,1.458883285522461,9
blend_a00+APA+ResGCN,A3_feature_calc_error,medium_real,27,FEAT_VOL20_STOCK_1_PRICE,REPORT_LIMIT,11,0,0,0,0.09090909090909091,1.0,1.728057861328125,9
blend_a00+APA+ResGCN,A3_feature_calc_error,medium_real,28,FEAT_VOL20_STOCK_8_PRICE,REPORT_LIMIT,11,0,0,0,0.09090909090909091,1.0,1.9288063049316406,9
blend_a00+APA+ResGCN,A3_feature_calc_error,medium_real,29,FEAT_VOL20_STOCK_12_PRICE,REPORT_LIMIT,11,0,0,0,0.09090909090909091,1.0,1.6760826110839844,9
blend_a00+APA+ResGCN,A4_aggregation_error,medium_real,0,FEAT_SECTOR_B,REPORT_LIMIT,105,0,0,0,0.009523809523809525,1.0,1.5311241149902344,9
blend_a00+APA+ResGCN,A4_aggregation_error,medium_real,1,FEAT_SECTOR_A,REPORT_LIMIT,120,0,0,0,0.008333333333333333,1.0,1.4557838439941406,9
blend_a00+APA+ResGCN,A4_aggregation_error,medium_real,2,FEAT_SECTOR_B,REPORT_LIMIT,105,0,0,0,0.009523809523809525,1.0,1.7969608306884766,9
blend_a00+APA+ResGCN,A4_aggregation_error,medium_real,3,FEAT_SECTOR_B,REPORT_LIMIT,117,0,0,0,0.008547008547008548,1.0,1.6829967498779297,9
blend_a00+APA+ResGCN,A4_aggregation_error,medium_real,4,FEAT_SECTOR_B,REPORT_LIMIT,117,0,0,0,0.008547008547008548,1.0,1.447916030883789,9
blend_a00+APA+ResGCN,A4_aggregation_error,medium_real,5,FEAT_SECTOR_B,REPORT_LIMIT,117,0,0,0,0.008547008547008548,1.0,1.4281272888183594,9
blend_a00+APA+ResGCN,A4_aggregation_error,medium_real,6,FEAT_SECTOR_A,REPORT_LIMIT,120,0,0,0,0.008333333333333333,1.0,1.6169548034667969,9
blend_a00+APA+ResGCN,A4_aggregation_error,medium_real,7,FEAT_SECTOR_B,REPORT_LIMIT,105,0,0,0,0.009523809523809525,1.0,1.4829635620117188,9
blend_a00+APA+ResGCN,A4_aggregation_error,medium_real,8,FEAT_SECTOR_B,REPORT_LIMIT,117,0,0,0,0.008547008547008548,1.0,1.9359588623046875,9
blend_a00+APA+ResGCN,A4_aggregation_error,medium_real,9,FEAT_SECTOR_A,REPORT_LIMIT,120,0,0,0,0.008333333333333333,1.0,1.6849040985107422,9
blend_a00+APA+ResGCN,A4_aggregation_error,medium_real,10,FEAT_SECTOR_B,REPORT_LIMIT,117,0,0,0,0.008547008547008548,1.0,1.847982406616211,9
blend_a00+APA+ResGCN,A4_aggregation_error,medium_real,11,FEAT_SECTOR_A,REPORT_LIMIT,114,0,0,0,0.008771929824561403,1.0,1.750946044921875,9
blend_a00+APA+ResGCN,A4_aggregation_error,medium_real,12,FEAT_SECTOR_B,REPORT_LIMIT,124,0,0,0,0.008064516129032258,1.0,1.7578601837158203,9
blend_a00+APA+ResGCN,A4_aggregation_error,medium_real,13,FEAT_SECTOR_B,REPORT_LIMIT,105,0,0,0,0.009523809523809525,1.0,1.4081001281738281,9
blend_a00+APA+ResGCN,A4_aggregation_error,medium_real,14,FEAT_SECTOR_A,REPORT_LIMIT,114,0,0,0,0.008771929824561403,1.0,1.4481544494628906,9
blend_a00+APA+ResGCN,A4_aggregation_error,medium_real,15,FEAT_SECTOR_B,REPORT_LIMIT,105,0,0,0,0.009523809523809525,1.0,1.4810562133789062,9
blend_a00+APA+ResGCN,A4_aggregation_error,medium_real,16,FEAT_SECTOR_B,REPORT_LIMIT,124,0,0,0,0.008064516129032258,1.0,1.4569759368896484,9
blend_a00+APA+ResGCN,A4_aggregation_error,medium_real,17,FEAT_SECTOR_B,REPORT_LIMIT,117,0,0,0,0.008547008547008548,1.0,1.4338493347167969,9
blend_a00+APA+ResGCN,A4_aggregation_error,medium_real,18,FEAT_SECTOR_B,REPORT_LIMIT,105,0,0,0,0.009523809523809525,1.0,1.405954360961914,9
blend_a00+APA+ResGCN,A4_aggregation_error,medium_real,19,FEAT_SECTOR_B,REPORT_LIMIT,124,0,0,0,0.008064516129032258,1.0,1.4338493347167969,9
blend_a00+APA+ResGCN,A4_aggregation_error,medium_real,20,FEAT_SECTOR_B,REPORT_LIMIT,105,0,0,0,0.009523809523809525,1.0,1.4848709106445312,9
blend_a00+APA+ResGCN,A4_aggregation_error,medium_real,21,FEAT_SECTOR_A,REPORT_LIMIT,114,0,0,0,0.008771929824561403,1.0,1.44195556640625,9
blend_a00+APA+ResGCN,A4_aggregation_error,medium_real,22,FEAT_SECTOR_B,REPORT_LIMIT,117,0,0,0,0.008547008547008548,1.0,1.4011859893798828,9
blend_a00+APA+ResGCN,A4_aggregation_error,medium_real,23,FEAT_SECTOR_A,REPORT_LIMIT,114,0,0,0,0.008771929824561403,1.0,1.466989517211914,9
blend_a00+APA+ResGCN,A4_aggregation_error,medium_real,24,FEAT_SECTOR_A,REPORT_LIMIT,120,0,0,0,0.008333333333333333,1.0,1.3890266418457031,9
blend_a00+APA+ResGCN,A4_aggregation_error,medium_real,25,FEAT_SECTOR_B,REPORT_LIMIT,124,0,0,0,0.008064516129032258,1.0,1.4650821685791016,9
blend_a00+APA+ResGCN,A4_aggregation_error,medium_real,26,FEAT_SECTOR_B,REPORT_LIMIT,105,0,0,0,0.009523809523809525,1.0,1.4379024505615234,9
blend_a00+APA+ResGCN,A4_aggregation_error,medium_real,27,FEAT_SECTOR_A,REPORT_LIMIT,114,0,0,0,0.008771929824561403,1.0,1.4348030090332031,9
blend_a00+APA+ResGCN,A4_aggregation_error,medium_real,28,FEAT_SECTOR_B,REPORT_LIMIT,124,0,0,0,0.008064516129032258,1.0,1.4619827270507812,9
blend_a00+APA+ResGCN,A4_aggregation_error,medium_real,29,FEAT_SECTOR_B,REPORT_LIMIT,105,0,0,0,0.009523809523809525,1.0,1.4400482177734375,9
blend_a00+APA+ResGCN,A5_downstream_masking,medium_real,0,SRC_STOCK_11_PRICE,REPORT_LIMIT,6,0,0,0,0.16666666666666666,1.0,1.3780593872070312,9
blend_a00+APA+ResGCN,A5_downstream_masking,medium_real,1,SRC_STOCK_6_PRICE,REPORT_LIMIT,4,0,0,1,0.25,0.8,1.3649463653564453,9
blend_a00+APA+ResGCN,A5_downstream_masking,medium_real,2,SRC_STOCK_11_PRICE,REPORT_LIMIT,4,0,0,1,0.25,0.8,1.377105712890625,9
blend_a00+APA+ResGCN,A5_downstream_masking,medium_real,3,SRC_STOCK_10_PRICE,REPORT_LIMIT,4,0,0,1,0.25,0.8,1.3911724090576172,9
blend_a00+APA+ResGCN,A5_downstream_masking,medium_real,4,SRC_STOCK_9_PRICE,REPORT_LIMIT,1,1,1,1,1.0,0.8,1.3821125030517578,9
blend_a00+APA+ResGCN,A5_downstream_masking,medium_real,5,SRC_STOCK_9_PRICE,REPORT_LIMIT,1,1,1,1,1.0,0.8,1.383066177368164,9
blend_a00+APA+ResGCN,A5_downstream_masking,medium_real,6,SRC_STOCK_6_PRICE,REPORT_LIMIT,4,0,0,1,0.25,0.8,1.4009475708007812,9
blend_a00+APA+ResGCN,A5_downstream_masking,medium_real,7,SRC_STOCK_12_PRICE,REPORT_LIMIT,2,0,1,1,0.5,0.8,1.3849735260009766,9
blend_a00+APA+ResGCN,A5_downstream_masking,medium_real,8,SRC_STOCK_9_PRICE,REPORT_LIMIT,1,1,1,1,1.0,0.8,1.4328956604003906,9
blend_a00+APA+ResGCN,A5_downstream_masking,medium_real,9,SRC_STOCK_6_PRICE,REPORT_LIMIT,4,0,0,1,0.25,0.8,1.428842544555664,9
blend_a00+APA+ResGCN,A5_downstream_masking,medium_real,10,SRC_STOCK_10_PRICE,REPORT_LIMIT,4,0,0,1,0.25,0.8,1.3921260833740234,9
blend_a00+APA+ResGCN,A5_downstream_masking,medium_real,11,SRC_STOCK_2_PRICE,REPORT_LIMIT,4,0,0,1,0.25,0.8,1.3849735260009766,9
blend_a00+APA+ResGCN,A5_downstream_masking,medium_real,12,SRC_STOCK_8_PRICE,REPORT_LIMIT,4,0,0,1,0.25,0.8,1.3840198516845703,9
blend_a00+APA+ResGCN,A5_downstream_masking,medium_real,13,SRC_STOCK_11_PRICE,REPORT_LIMIT,25,0,0,0,0.04,1.0,1.4219284057617188,9
blend_a00+APA+ResGCN,A5_downstream_masking,medium_real,14,SRC_STOCK_2_PRICE,REPORT_LIMIT,4,0,0,1,0.25,0.8,1.4047622680664062,9
blend_a00+APA+ResGCN,A5_downstream_masking,medium_real,15,SRC_STOCK_12_PRICE,REPORT_LIMIT,2,0,1,1,0.5,0.8,1.4030933380126953,9
blend_a00+APA+ResGCN,A5_downstream_masking,medium_real,16,SRC_STOCK_7_PRICE,REPORT_LIMIT,4,0,0,1,0.25,0.8,1.3887882232666016,9
blend_a00+APA+ResGCN,A5_downstream_masking,medium_real,17,SRC_STOCK_9_PRICE,REPORT_LIMIT,1,1,1,1,1.0,0.8,1.416921615600586,9
blend_a00+APA+ResGCN,A5_downstream_masking,medium_real,18,SRC_STOCK_11_PRICE,REPORT_LIMIT,25,0,0,0,0.04,1.0,1.416921615600586,9
blend_a00+APA+ResGCN,A5_downstream_masking,medium_real,19,SRC_STOCK_8_PRICE,REPORT_LIMIT,4,0,0,1,0.25,0.8,1.4491081237792969,9
blend_a00+APA+ResGCN,A5_downstream_masking,medium_real,20,SRC_STOCK_11_PRICE,REPORT_LIMIT,25,0,0,0,0.04,1.0,1.425027847290039,9
blend_a00+APA+ResGCN,A5_downstream_masking,medium_real,21,SRC_STOCK_4_PRICE,REPORT_LIMIT,4,0,0,1,0.25,0.8,1.3687610626220703,9
blend_a00+APA+ResGCN,A5_downstream_masking,medium_real,22,SRC_STOCK_10_PRICE,REPORT_LIMIT,4,0,0,1,0.25,0.8,1.3892650604248047,9
blend_a00+APA+ResGCN,A5_downstream_masking,medium_real,23,SRC_STOCK_1_PRICE,REPORT_LIMIT,6,0,0,0,0.16666666666666666,1.0,1.4221668243408203,9
blend_a00+APA+ResGCN,A5_downstream_masking,medium_real,24,SRC_STOCK_5_PRICE,REPORT_LIMIT,4,0,0,1,0.25,0.8,1.377105712890625,9
blend_a00+APA+ResGCN,A5_downstream_masking,medium_real,25,SRC_STOCK_7_PRICE,REPORT_LIMIT,4,0,0,1,0.25,0.8,1.415252685546875,9
blend_a00+APA+ResGCN,A5_downstream_masking,medium_real,26,SRC_STOCK_11_PRICE,REPORT_LIMIT,25,0,0,0,0.04,1.0,1.4040470123291016,9
blend_a00+APA+ResGCN,A5_downstream_masking,medium_real,27,SRC_STOCK_1_PRICE,REPORT_LIMIT,35,0,0,0,0.02857142857142857,1.0,1.3859272003173828,9
blend_a00+APA+ResGCN,A5_downstream_masking,medium_real,28,SRC_STOCK_8_PRICE,REPORT_LIMIT,4,0,0,1,0.25,0.8,1.4100074768066406,9
blend_a00+APA+ResGCN,A5_downstream_masking,medium_real,29,SRC_STOCK_12_PRICE,REPORT_LIMIT,2,0,1,1,0.5,0.8,1.377105712890625,9
blend_a00+APA+ResGCN,A6_multi_source,medium_real,0,SRC_STOCK_8_PRICE,REPORT_LIMIT,2,0,1,1,0.5,0.8,1.4109611511230469,9
blend_a00+APA+ResGCN,A6_multi_source,medium_real,1,SRC_STOCK_6_PRICE,REPORT_LIMIT,2,0,1,1,0.5,0.8,1.4090538024902344,9
blend_a00+APA+ResGCN,A6_multi_source,medium_real,2,SRC_STOCK_3_PRICE,REPORT_LIMIT,1,1,1,1,1.0,0.8,1.3630390167236328,9
blend_a00+APA+ResGCN,A6_multi_source,medium_real,3,SRC_STOCK_1_PRICE,REPORT_LIMIT,1,1,1,1,1.0,0.8,1.3928413391113281,9
blend_a00+APA+ResGCN,A6_multi_source,medium_real,4,SRC_STOCK_8_PRICE,REPORT_LIMIT,1,1,1,1,1.0,0.8,1.3949871063232422,9
blend_a00+APA+ResGCN,A6_multi_source,medium_real,5,SRC_STOCK_9_PRICE,REPORT_LIMIT,1,1,1,1,1.0,0.8,1.3933181762695312,9
blend_a00+APA+ResGCN,A6_multi_source,medium_real,6,SRC_STOCK_5_PRICE,REPORT_LIMIT,2,0,1,1,0.5,0.8,1.6269683837890625,9
blend_a00+APA+ResGCN,A6_multi_source,medium_real,7,SRC_STOCK_10_PRICE,REPORT_LIMIT,3,0,1,1,0.3333333333333333,0.8,1.4367103576660156,9
blend_a00+APA+ResGCN,A6_multi_source,medium_real,8,SRC_STOCK_4_PRICE,REPORT_LIMIT,5,0,0,1,0.2,0.8,1.3709068298339844,9
blend_a00+APA+ResGCN,A6_multi_source,medium_real,9,SRC_STOCK_10_PRICE,REPORT_LIMIT,4,0,0,1,0.25,0.8,1.3642311096191406,9
blend_a00+APA+ResGCN,A6_multi_source,medium_real,10,SRC_STOCK_4_PRICE,REPORT_LIMIT,1,1,1,1,1.0,0.8,1.5807151794433594,9
blend_a00+APA+ResGCN,A6_multi_source,medium_real,11,SRC_STOCK_2_PRICE,REPORT_LIMIT,1,1,1,1,1.0,0.8,1.4052391052246094,9
blend_a00+APA+ResGCN,A6_multi_source,medium_real,12,SRC_STOCK_3_PRICE,REPORT_LIMIT,3,0,1,1,0.3333333333333333,0.8,3.8802623748779297,9
blend_a00+APA+ResGCN,A6_multi_source,medium_real,13,SRC_STOCK_10_PRICE,REPORT_LIMIT,3,0,1,1,0.3333333333333333,0.8,1.3990402221679688,9
blend_a00+APA+ResGCN,A6_multi_source,medium_real,14,SRC_STOCK_8_PRICE,REPORT_LIMIT,2,0,1,1,0.5,0.8,1.4007091522216797,9
blend_a00+APA+ResGCN,A6_multi_source,medium_real,15,SRC_STOCK_8_PRICE,REPORT_LIMIT,2,0,1,1,0.5,0.8,1.3897418975830078,9
blend_a00+APA+ResGCN,A6_multi_source,medium_real,16,SRC_STOCK_6_PRICE,REPORT_LIMIT,1,1,1,1,1.0,0.8,1.4810562133789062,9
blend_a00+APA+ResGCN,A6_multi_source,medium_real,17,SRC_STOCK_10_PRICE,REPORT_LIMIT,4,0,0,1,0.25,0.8,1.5552043914794922,9
blend_a00+APA+ResGCN,A6_multi_source,medium_real,18,SRC_STOCK_9_PRICE,REPORT_LIMIT,1,1,1,1,1.0,0.8,1.386880874633789,9
blend_a00+APA+ResGCN,A6_multi_source,medium_real,19,SRC_STOCK_5_PRICE,REPORT_LIMIT,2,0,1,1,0.5,0.8,1.3670921325683594,9
blend_a00+APA+ResGCN,A6_multi_source,medium_real,20,SRC_STOCK_9_PRICE,REPORT_LIMIT,1,1,1,1,1.0,0.8,1.386880874633789,9
blend_a00+APA+ResGCN,A6_multi_source,medium_real,21,SRC_STOCK_5_PRICE,REPORT_LIMIT,2,0,1,1,0.5,0.8,1.4221668243408203,9
blend_a00+APA+ResGCN,A6_multi_source,medium_real,22,SRC_STOCK_12_PRICE,REPORT_LIMIT,2,0,1,1,0.5,0.8,1.4128684997558594,9
blend_a00+APA+ResGCN,A6_multi_source,medium_real,23,SRC_STOCK_6_PRICE,REPORT_LIMIT,2,0,1,1,0.5,0.8,1.394033432006836,9
blend_a00+APA+ResGCN,A6_multi_source,medium_real,24,SRC_STOCK_4_PRICE,REPORT_LIMIT,2,0,1,1,0.5,0.8,1.4319419860839844,9
blend_a00+APA+ResGCN,A6_multi_source,medium_real,25,SRC_STOCK_2_PRICE,REPORT_LIMIT,2,0,1,1,0.5,0.8,1.421213150024414,9
blend_a00+APA+ResGCN,A6_multi_source,medium_real,26,SRC_STOCK_6_PRICE,REPORT_LIMIT,2,0,1,1,0.5,0.8,1.6379356384277344,9
blend_a00+APA+ResGCN,A6_multi_source,medium_real,27,SRC_STOCK_3_PRICE,REPORT_LIMIT,3,0,1,1,0.3333333333333333,0.8,1.3947486877441406,9
blend_a00+APA+ResGCN,A6_multi_source,medium_real,28,SRC_STOCK_7_PRICE,REPORT_LIMIT,1,1,1,1,1.0,0.8,1.3952255249023438,9
blend_a00+APA+ResGCN,A6_multi_source,medium_real,29,SRC_STOCK_8_PRICE,REPORT_LIMIT,2,0,1,1,0.5,0.8,1.4100074768066406,9
blend_a00+APA+ResGCN,A7_coincidental,medium_real,0,SRC_STOCK_11_PRICE,REPORT_REG_VAR,1,1,1,1,1.0,0.8,1.432180404663086,9
blend_a00+APA+ResGCN,A7_coincidental,medium_real,1,SRC_STOCK_6_PRICE,REPORT_REG_VAR,1,1,1,1,1.0,0.8,1.3959407806396484,9
blend_a00+APA+ResGCN,A7_coincidental,medium_real,2,SRC_STOCK_11_PRICE,REPORT_REG_VAR,1,1,1,1,1.0,0.8,1.4510154724121094,9
blend_a00+APA+ResGCN,A7_coincidental,medium_real,3,SRC_STOCK_10_PRICE,REPORT_LIMIT,3,0,1,1,0.3333333333333333,0.8,1.428842544555664,9
blend_a00+APA+ResGCN,A7_coincidental,medium_real,4,SRC_STOCK_9_PRICE,REPORT_LIMIT,1,1,1,1,1.0,0.8,1.5780925750732422,9
blend_a00+APA+ResGCN,A7_coincidental,medium_real,5,SRC_STOCK_9_PRICE,REPORT_REG_VAR,1,1,1,1,1.0,0.8,1.3759136199951172,9
blend_a00+APA+ResGCN,A7_coincidental,medium_real,6,SRC_STOCK_6_PRICE,REPORT_REG_VAR,1,1,1,1,1.0,0.8,1.4150142669677734,9
blend_a00+APA+ResGCN,A7_coincidental,medium_real,7,SRC_STOCK_12_PRICE,REPORT_REG_VAR,1,1,1,1,1.0,0.8,1.4159679412841797,9
blend_a00+APA+ResGCN,A7_coincidental,medium_real,8,SRC_STOCK_9_PRICE,REPORT_LIMIT,1,1,1,1,1.0,0.8,1.4650821685791016,9
blend_a00+APA+ResGCN,A7_coincidental,medium_real,9,SRC_STOCK_6_PRICE,REPORT_REG_VAR,1,1,1,1,1.0,0.8,1.4858245849609375,9
blend_a00+APA+ResGCN,A7_coincidental,medium_real,10,SRC_STOCK_10_PRICE,REPORT_REG_VAR,1,1,1,1,1.0,0.8,1.3930797576904297,9
blend_a00+APA+ResGCN,A7_coincidental,medium_real,11,SRC_STOCK_2_PRICE,REPORT_REG_VAR,1,1,1,1,1.0,0.8,1.4362335205078125,9
blend_a00+APA+ResGCN,A7_coincidental,medium_real,12,SRC_STOCK_8_PRICE,REPORT_REG_VAR,1,1,1,1,1.0,0.8,1.6248226165771484,9
blend_a00+APA+ResGCN,A7_coincidental,medium_real,13,SRC_STOCK_11_PRICE,REPORT_REG_VAR,1,1,1,1,1.0,0.8,1.4710426330566406,9
blend_a00+APA+ResGCN,A7_coincidental,medium_real,14,SRC_STOCK_2_PRICE,REPORT_LIMIT,1,1,1,1,1.0,0.8,1.4438629150390625,9
blend_a00+APA+ResGCN,A7_coincidental,medium_real,15,SRC_STOCK_12_PRICE,REPORT_REG_VAR,1,1,1,1,1.0,0.8,1.3990402221679688,9
blend_a00+APA+ResGCN,A7_coincidental,medium_real,16,SRC_STOCK_7_PRICE,REPORT_REG_VAR,1,1,1,1,1.0,0.8,1.3651847839355469,9
blend_a00+APA+ResGCN,A7_coincidental,medium_real,17,SRC_STOCK_9_PRICE,REPORT_REG_VAR,1,1,1,1,1.0,0.8,1.6200542449951172,9
blend_a00+APA+ResGCN,A7_coincidental,medium_real,18,SRC_STOCK_11_PRICE,REPORT_REG_VAR,1,1,1,1,1.0,0.8,1.3928413391113281,9
blend_a00+APA+ResGCN,A7_coincidental,medium_real,19,SRC_STOCK_8_PRICE,REPORT_REG_VAR,1,1,1,1,1.0,0.8,1.4662742614746094,9
blend_a00+APA+ResGCN,A7_coincidental,medium_real,20,SRC_STOCK_11_PRICE,REPORT_REG_VAR,1,1,1,1,1.0,0.8,1.3990402221679688,9
blend_a00+APA+ResGCN,A7_coincidental,medium_real,21,SRC_STOCK_4_PRICE,REPORT_REG_VAR,1,1,1,1,1.0,0.8,1.4410018920898438,9
blend_a00+APA+ResGCN,A7_coincidental,medium_real,22,SRC_STOCK_10_PRICE,REPORT_REG_VAR,1,1,1,1,1.0,0.8,1.3918876647949219,9
blend_a00+APA+ResGCN,A7_coincidental,medium_real,23,SRC_STOCK_1_PRICE,REPORT_REG_VAR,1,1,1,1,1.0,0.8,1.3909339904785156,9
blend_a00+APA+ResGCN,A7_coincidental,medium_real,24,SRC_STOCK_5_PRICE,REPORT_REG_VAR,1,1,1,1,1.0,0.8,1.4679431915283203,9
blend_a00+APA+ResGCN,A7_coincidental,medium_real,25,SRC_STOCK_7_PRICE,REPORT_REG_VAR,1,1,1,1,1.0,0.8,1.3833045959472656,9
blend_a00+APA+ResGCN,A7_coincidental,medium_real,26,SRC_STOCK_11_PRICE,REPORT_REG_VAR,1,1,1,1,1.0,0.8,1.631021499633789,9
blend_a00+APA+ResGCN,A7_coincidental,medium_real,27,SRC_STOCK_1_PRICE,REPORT_REG_VAR,1,1,1,1,1.0,0.8,1.4340877532958984,9
blend_a00+APA+ResGCN,A7_coincidental,medium_real,28,SRC_STOCK_8_PRICE,REPORT_DASHBOARD,1,1,1,1,1.0,0.8,1.4219284057617188,9
blend_a00+APA+ResGCN,A7_coincidental,medium_real,29,SRC_STOCK_12_PRICE,REPORT_REG_VAR,1,1,1,1,1.0,0.8,1.435995101928711,9
blend_a03+APA+ResGCN,A1_source_corruption,medium_real,0,SRC_STOCK_11_PRICE,REPORT_LIMIT,1,1,1,1,1.0,0.8,1.3439655303955078,9
blend_a03+APA+ResGCN,A1_source_corruption,medium_real,1,SRC_STOCK_6_PRICE,REPORT_LIMIT,1,1,1,1,1.0,0.8,1.3687610626220703,9
blend_a03+APA+ResGCN,A1_source_corruption,medium_real,2,SRC_STOCK_11_PRICE,REPORT_LIMIT,1,1,1,1,1.0,0.8,1.5587806701660156,9
blend_a03+APA+ResGCN,A1_source_corruption,medium_real,3,SRC_STOCK_10_PRICE,REPORT_LIMIT,2,0,1,1,0.5,0.8,1.3229846954345703,9
blend_a03+APA+ResGCN,A1_source_corruption,medium_real,4,SRC_STOCK_9_PRICE,REPORT_LIMIT,1,1,1,1,1.0,0.8,1.3780593872070312,9
blend_a03+APA+ResGCN,A1_source_corruption,medium_real,5,SRC_STOCK_9_PRICE,REPORT_LIMIT,1,1,1,1,1.0,0.8,1.3849735260009766,9
blend_a03+APA+ResGCN,A1_source_corruption,medium_real,6,SRC_STOCK_6_PRICE,REPORT_LIMIT,1,1,1,1,1.0,0.8,1.325845718383789,9
blend_a03+APA+ResGCN,A1_source_corruption,medium_real,7,SRC_STOCK_12_PRICE,REPORT_LIMIT,1,1,1,1,1.0,0.8,1.4090538024902344,9
blend_a03+APA+ResGCN,A1_source_corruption,medium_real,8,SRC_STOCK_9_PRICE,REPORT_LIMIT,1,1,1,1,1.0,0.8,1.3587474822998047,9
blend_a03+APA+ResGCN,A1_source_corruption,medium_real,9,SRC_STOCK_6_PRICE,REPORT_LIMIT,1,1,1,1,1.0,0.8,1.3833045959472656,9
blend_a03+APA+ResGCN,A1_source_corruption,medium_real,10,SRC_STOCK_10_PRICE,REPORT_LIMIT,1,1,1,1,1.0,0.8,1.3720989227294922,9
blend_a03+APA+ResGCN,A1_source_corruption,medium_real,11,SRC_STOCK_2_PRICE,REPORT_LIMIT,2,0,1,1,0.5,0.8,1.3129711151123047,9
blend_a03+APA+ResGCN,A1_source_corruption,medium_real,12,SRC_STOCK_8_PRICE,REPORT_LIMIT,1,1,1,1,1.0,0.8,1.3587474822998047,9
blend_a03+APA+ResGCN,A1_source_corruption,medium_real,13,SRC_STOCK_11_PRICE,REPORT_LIMIT,1,1,1,1,1.0,0.8,1.3551712036132812,9
blend_a03+APA+ResGCN,A1_source_corruption,medium_real,14,SRC_STOCK_2_PRICE,REPORT_LIMIT,1,1,1,1,1.0,0.8,1.3530254364013672,9
blend_a03+APA+ResGCN,A1_source_corruption,medium_real,15,SRC_STOCK_12_PRICE,REPORT_LIMIT,1,1,1,1,1.0,0.8,1.3761520385742188,9
blend_a03+APA+ResGCN,A1_source_corruption,medium_real,16,SRC_STOCK_7_PRICE,REPORT_LIMIT,1,1,1,1,1.0,0.8,1.6660690307617188,9
blend_a03+APA+ResGCN,A1_source_corruption,medium_real,17,SRC_STOCK_9_PRICE,REPORT_LIMIT,1,1,1,1,1.0,0.8,1.7499923706054688,9
blend_a03+APA+ResGCN,A1_source_corruption,medium_real,18,SRC_STOCK_11_PRICE,REPORT_LIMIT,1,1,1,1,1.0,0.8,1.3508796691894531,9
blend_a03+APA+ResGCN,A1_source_corruption,medium_real,19,SRC_STOCK_8_PRICE,REPORT_LIMIT,1,1,1,1,1.0,0.8,1.3859272003173828,9
blend_a03+APA+ResGCN,A1_source_corruption,medium_real,20,SRC_STOCK_11_PRICE,REPORT_LIMIT,1,1,1,1,1.0,0.8,1.3399124145507812,9
blend_a03+APA+ResGCN,A1_source_corruption,medium_real,21,SRC_STOCK_4_PRICE,REPORT_LIMIT,1,1,1,1,1.0,0.8,1.3360977172851562,9
blend_a03+APA+ResGCN,A1_source_corruption,medium_real,22,SRC_STOCK_10_PRICE,REPORT_LIMIT,1,1,1,1,1.0,0.8,1.3668537139892578,9
blend_a03+APA+ResGCN,A1_source_corruption,medium_real,23,SRC_STOCK_1_PRICE,REPORT_LIMIT,1,1,1,1,1.0,0.8,1.361846923828125,9
blend_a03+APA+ResGCN,A1_source_corruption,medium_real,24,SRC_STOCK_5_PRICE,REPORT_LIMIT,1,1,1,1,1.0,0.8,1.3217926025390625,9
blend_a03+APA+ResGCN,A1_source_corruption,medium_real,25,SRC_STOCK_7_PRICE,REPORT_LIMIT,1,1,1,1,1.0,0.8,1.3680458068847656,9
blend_a03+APA+ResGCN,A1_source_corruption,medium_real,26,SRC_STOCK_11_PRICE,REPORT_LIMIT,1,1,1,1,1.0,0.8,1.6300678253173828,9
blend_a03+APA+ResGCN,A1_source_corruption,medium_real,27,SRC_STOCK_1_PRICE,REPORT_LIMIT,1,1,1,1,1.0,0.8,1.6789436340332031,9
blend_a03+APA+ResGCN,A1_source_corruption,medium_real,28,SRC_STOCK_8_PRICE,REPORT_LIMIT,1,1,1,1,1.0,0.8,1.7387866973876953,9
blend_a03+APA+ResGCN,A1_source_corruption,medium_real,29,SRC_STOCK_12_PRICE,REPORT_LIMIT,1,1,1,1,1.0,0.8,1.3539791107177734,9
blend_a03+APA+ResGCN,A2_etl_logic_error,medium_real,0,ETL_FX_STOCK_11_PRICE,REPORT_LIMIT,21,0,0,0,0.047619047619047616,1.0,1.355886459350586,9
blend_a03+APA+ResGCN,A2_etl_logic_error,medium_real,1,ETL_FX_STOCK_6_PRICE,REPORT_LIMIT,21,0,0,0,0.047619047619047616,1.0,1.3298988342285156,9
blend_a03+APA+ResGCN,A2_etl_logic_error,medium_real,2,ETL_FX_STOCK_11_PRICE,REPORT_LIMIT,21,0,0,0,0.047619047619047616,1.0,1.3530254364013672,9
blend_a03+APA+ResGCN,A2_etl_logic_error,medium_real,3,ETL_FX_STOCK_10_PRICE,REPORT_LIMIT,20,0,0,0,0.05,1.0,1.3530254364013672,9
blend_a03+APA+ResGCN,A2_etl_logic_error,medium_real,4,ETL_FX_STOCK_9_PRICE,REPORT_LIMIT,20,0,0,0,0.05,1.0,1.3308525085449219,9
blend_a03+APA+ResGCN,A2_etl_logic_error,medium_real,5,ETL_FX_STOCK_9_PRICE,REPORT_LIMIT,20,0,0,0,0.05,1.0,1.3599395751953125,9
blend_a03+APA+ResGCN,A2_etl_logic_error,medium_real,6,ETL_FX_STOCK_6_PRICE,REPORT_LIMIT,23,0,0,0,0.043478260869565216,1.0,1.6579627990722656,9
blend_a03+APA+ResGCN,A2_etl_logic_error,medium_real,7,ETL_FX_STOCK_12_PRICE,REPORT_LIMIT,20,0,0,0,0.05,1.0,1.7092227935791016,9
blend_a03+APA+ResGCN,A2_etl_logic_error,medium_real,8,ETL_FX_STOCK_9_PRICE,REPORT_LIMIT,20,0,0,0,0.05,1.0,1.7409324645996094,9
blend_a03+APA+ResGCN,A2_etl_logic_error,medium_real,9,ETL_FX_STOCK_6_PRICE,REPORT_LIMIT,21,0,0,0,0.047619047619047616,1.0,1.316070556640625,9
blend_a03+APA+ResGCN,A2_etl_logic_error,medium_real,10,ETL_FX_STOCK_10_PRICE,REPORT_LIMIT,20,0,0,0,0.05,1.0,1.3442039489746094,9
blend_a03+APA+ResGCN,A2_etl_logic_error,medium_real,11,ETL_FX_STOCK_2_PRICE,REPORT_LIMIT,21,0,0,0,0.047619047619047616,1.0,1.3680458068847656,9
blend_a03+APA+ResGCN,A2_etl_logic_error,medium_real,12,ETL_FX_STOCK_8_PRICE,REPORT_LIMIT,22,0,0,0,0.045454545454545456,1.0,1.3790130615234375,9
blend_a03+APA+ResGCN,A2_etl_logic_error,medium_real,13,ETL_FX_STOCK_11_PRICE,REPORT_LIMIT,21,0,0,0,0.047619047619047616,1.0,1.3759136199951172,9
blend_a03+APA+ResGCN,A2_etl_logic_error,medium_real,14,ETL_FX_STOCK_2_PRICE,REPORT_LIMIT,21,0,0,0,0.047619047619047616,1.0,1.3239383697509766,9
blend_a03+APA+ResGCN,A2_etl_logic_error,medium_real,15,ETL_FX_STOCK_12_PRICE,REPORT_LIMIT,20,0,0,0,0.05,1.0,1.3480186462402344,9
blend_a03+APA+ResGCN,A2_etl_logic_error,medium_real,16,ETL_FX_STOCK_7_PRICE,REPORT_LIMIT,20,0,0,0,0.05,1.0,1.3709068298339844,9
blend_a03+APA+ResGCN,A2_etl_logic_error,medium_real,17,ETL_FX_STOCK_9_PRICE,REPORT_LIMIT,20,0,0,0,0.05,1.0,1.3689994812011719,9
blend_a03+APA+ResGCN,A2_etl_logic_error,medium_real,18,ETL_FX_STOCK_11_PRICE,REPORT_LIMIT,21,0,0,0,0.047619047619047616,1.0,69.01407241821289,9
blend_a03+APA+ResGCN,A2_etl_logic_error,medium_real,19,ETL_FX_STOCK_8_PRICE,REPORT_LIMIT,22,0,0,0,0.045454545454545456,1.0,1.3301372528076172,9
blend_a03+APA+ResGCN,A2_etl_logic_error,medium_real,20,ETL_FX_STOCK_11_PRICE,REPORT_LIMIT,21,0,0,0,0.047619047619047616,1.0,1.5916824340820312,9
blend_a03+APA+ResGCN,A2_etl_logic_error,medium_real,21,ETL_FX_STOCK_4_PRICE,REPORT_LIMIT,20,0,0,0,0.05,1.0,1.3439655303955078,9
blend_a03+APA+ResGCN,A2_etl_logic_error,medium_real,22,ETL_FX_STOCK_10_PRICE,REPORT_LIMIT,20,0,0,0,0.05,1.0,1.4939308166503906,9
blend_a03+APA+ResGCN,A2_etl_logic_error,medium_real,23,ETL_FX_STOCK_1_PRICE,REPORT_LIMIT,21,0,0,0,0.047619047619047616,1.0,1.4481544494628906,9
blend_a03+APA+ResGCN,A2_etl_logic_error,medium_real,24,ETL_FX_STOCK_5_PRICE,REPORT_LIMIT,25,0,0,0,0.04,1.0,1.377105712890625,9
blend_a03+APA+ResGCN,A2_etl_logic_error,medium_real,25,ETL_FX_STOCK_7_PRICE,REPORT_LIMIT,20,0,0,0,0.05,1.0,1.3561248779296875,9
blend_a03+APA+ResGCN,A2_etl_logic_error,medium_real,26,ETL_FX_STOCK_11_PRICE,REPORT_LIMIT,21,0,0,0,0.047619047619047616,1.0,1.432180404663086,9
blend_a03+APA+ResGCN,A2_etl_logic_error,medium_real,27,ETL_FX_STOCK_1_PRICE,REPORT_LIMIT,21,0,0,0,0.047619047619047616,1.0,1.3890266418457031,9
blend_a03+APA+ResGCN,A2_etl_logic_error,medium_real,28,ETL_FX_STOCK_8_PRICE,REPORT_LIMIT,22,0,0,0,0.045454545454545456,1.0,1.8429756164550781,9
blend_a03+APA+ResGCN,A2_etl_logic_error,medium_real,29,ETL_FX_STOCK_12_PRICE,REPORT_LIMIT,20,0,0,0,0.05,1.0,1.4548301696777344,9
blend_a03+APA+ResGCN,A3_feature_calc_error,medium_real,0,FEAT_VOL20_STOCK_11_PRICE,REPORT_LIMIT,15,0,0,0,0.06666666666666667,1.0,1.4529228210449219,9
blend_a03+APA+ResGCN,A3_feature_calc_error,medium_real,1,FEAT_VOL20_STOCK_6_PRICE,REPORT_LIMIT,10,0,0,0,0.1,1.0,1.3689994812011719,9
blend_a03+APA+ResGCN,A3_feature_calc_error,medium_real,2,FEAT_VOL20_STOCK_11_PRICE,REPORT_LIMIT,15,0,0,0,0.06666666666666667,1.0,1.4300346374511719,9
blend_a03+APA+ResGCN,A3_feature_calc_error,medium_real,3,FEAT_VOL20_STOCK_10_PRICE,REPORT_LIMIT,15,0,0,0,0.06666666666666667,1.0,1.9371509552001953,9
blend_a03+APA+ResGCN,A3_feature_calc_error,medium_real,4,FEAT_VOL20_STOCK_9_PRICE,REPORT_LIMIT,8,0,0,0,0.125,1.0,1.4362335205078125,9
blend_a03+APA+ResGCN,A3_feature_calc_error,medium_real,5,FEAT_VOL20_STOCK_9_PRICE,REPORT_LIMIT,8,0,0,0,0.125,1.0,1.3780593872070312,9
blend_a03+APA+ResGCN,A3_feature_calc_error,medium_real,6,FEAT_VOL20_STOCK_6_PRICE,REPORT_LIMIT,10,0,0,0,0.1,1.0,1.3740062713623047,9
blend_a03+APA+ResGCN,A3_feature_calc_error,medium_real,7,FEAT_VOL20_STOCK_12_PRICE,REPORT_LIMIT,12,0,0,0,0.08333333333333333,1.0,1.6510486602783203,9
blend_a03+APA+ResGCN,A3_feature_calc_error,medium_real,8,FEAT_VOL20_STOCK_9_PRICE,REPORT_LIMIT,8,0,0,0,0.125,1.0,1.3709068298339844,9
blend_a03+APA+ResGCN,A3_feature_calc_error,medium_real,9,FEAT_VOL20_STOCK_6_PRICE,REPORT_LIMIT,10,0,0,0,0.1,1.0,1.3720989227294922,9
blend_a03+APA+ResGCN,A3_feature_calc_error,medium_real,10,FEAT_VOL20_STOCK_10_PRICE,REPORT_LIMIT,15,0,0,0,0.06666666666666667,1.0,1.4638900756835938,9
blend_a03+APA+ResGCN,A3_feature_calc_error,medium_real,11,FEAT_VOL20_STOCK_2_PRICE,REPORT_LIMIT,12,0,0,0,0.08333333333333333,1.0,1.4541149139404297,9
blend_a03+APA+ResGCN,A3_feature_calc_error,medium_real,12,FEAT_VOL20_STOCK_8_PRICE,REPORT_LIMIT,10,0,0,0,0.1,1.0,1.428842544555664,9
blend_a03+APA+ResGCN,A3_feature_calc_error,medium_real,13,FEAT_VOL20_STOCK_11_PRICE,REPORT_LIMIT,15,0,0,0,0.06666666666666667,1.0,1.3649463653564453,9
blend_a03+APA+ResGCN,A3_feature_calc_error,medium_real,14,FEAT_VOL20_STOCK_2_PRICE,REPORT_LIMIT,12,0,0,0,0.08333333333333333,1.0,1.4028549194335938,9
blend_a03+APA+ResGCN,A3_feature_calc_error,medium_real,15,FEAT_VOL20_STOCK_12_PRICE,REPORT_LIMIT,12,0,0,0,0.08333333333333333,1.0,1.3649463653564453,9
blend_a03+APA+ResGCN,A3_feature_calc_error,medium_real,16,FEAT_VOL20_STOCK_7_PRICE,REPORT_LIMIT,10,0,0,0,0.1,1.0,2.1009445190429688,9
blend_a03+APA+ResGCN,A3_feature_calc_error,medium_real,17,FEAT_VOL20_STOCK_9_PRICE,REPORT_LIMIT,8,0,0,0,0.125,1.0,1.405954360961914,9
blend_a03+APA+ResGCN,A3_feature_calc_error,medium_real,18,FEAT_VOL20_STOCK_11_PRICE,REPORT_LIMIT,15,0,0,0,0.06666666666666667,1.0,1.3728141784667969,9
blend_a03+APA+ResGCN,A3_feature_calc_error,medium_real,19,FEAT_VOL20_STOCK_8_PRICE,REPORT_LIMIT,10,0,0,0,0.1,1.0,1.481771469116211,9
blend_a03+APA+ResGCN,A3_feature_calc_error,medium_real,20,FEAT_VOL20_STOCK_11_PRICE,REPORT_LIMIT,15,0,0,0,0.06666666666666667,1.0,1.4390945434570312,9
blend_a03+APA+ResGCN,A3_feature_calc_error,medium_real,21,FEAT_VOL20_STOCK_4_PRICE,REPORT_LIMIT,12,0,0,0,0.08333333333333333,1.0,1.4650821685791016,9
blend_a03+APA+ResGCN,A3_feature_calc_error,medium_real,22,FEAT_VOL20_STOCK_10_PRICE,REPORT_LIMIT,15,0,0,0,0.06666666666666667,1.0,1.4510154724121094,9
blend_a03+APA+ResGCN,A3_feature_calc_error,medium_real,23,FEAT_VOL20_STOCK_1_PRICE,REPORT_LIMIT,12,0,0,0,0.08333333333333333,1.0,1.4290809631347656,9
blend_a03+APA+ResGCN,A3_feature_calc_error,medium_real,24,FEAT_VOL20_STOCK_5_PRICE,REPORT_LIMIT,10,0,0,0,0.1,1.0,1.3880729675292969,9
blend_a03+APA+ResGCN,A3_feature_calc_error,medium_real,25,FEAT_VOL20_STOCK_7_PRICE,REPORT_LIMIT,10,0,0,0,0.1,1.0,1.3959407806396484,9
blend_a03+APA+ResGCN,A3_feature_calc_error,medium_real,26,FEAT_VOL20_STOCK_11_PRICE,REPORT_LIMIT,15,0,0,0,0.06666666666666667,1.0,1.60980224609375,9
blend_a03+APA+ResGCN,A3_feature_calc_error,medium_real,27,FEAT_VOL20_STOCK_1_PRICE,REPORT_LIMIT,12,0,0,0,0.08333333333333333,1.0,1.3828277587890625,9
blend_a03+APA+ResGCN,A3_feature_calc_error,medium_real,28,FEAT_VOL20_STOCK_8_PRICE,REPORT_LIMIT,10,0,0,0,0.1,1.0,1.4417171478271484,9
blend_a03+APA+ResGCN,A3_feature_calc_error,medium_real,29,FEAT_VOL20_STOCK_12_PRICE,REPORT_LIMIT,12,0,0,0,0.08333333333333333,1.0,1.3761520385742188,9
blend_a03+APA+ResGCN,A4_aggregation_error,medium_real,0,FEAT_SECTOR_B,REPORT_LIMIT,104,0,0,0,0.009615384615384616,1.0,1.4979839324951172,9
blend_a03+APA+ResGCN,A4_aggregation_error,medium_real,1,FEAT_SECTOR_A,REPORT_LIMIT,106,0,0,0,0.009433962264150943,1.0,1.3623237609863281,9
blend_a03+APA+ResGCN,A4_aggregation_error,medium_real,2,FEAT_SECTOR_B,REPORT_LIMIT,104,0,0,0,0.009615384615384616,1.0,1.3909339904785156,9
blend_a03+APA+ResGCN,A4_aggregation_error,medium_real,3,FEAT_SECTOR_B,REPORT_LIMIT,105,0,0,0,0.009523809523809525,1.0,1.3580322265625,9
blend_a03+APA+ResGCN,A4_aggregation_error,medium_real,4,FEAT_SECTOR_B,REPORT_LIMIT,105,0,0,0,0.009523809523809525,1.0,1.3921260833740234,9
blend_a03+APA+ResGCN,A4_aggregation_error,medium_real,5,FEAT_SECTOR_B,REPORT_LIMIT,105,0,0,0,0.009523809523809525,1.0,1.6341209411621094,9
blend_a03+APA+ResGCN,A4_aggregation_error,medium_real,6,FEAT_SECTOR_A,REPORT_LIMIT,106,0,0,0,0.009433962264150943,1.0,1.7561912536621094,9
blend_a03+APA+ResGCN,A4_aggregation_error,medium_real,7,FEAT_SECTOR_B,REPORT_LIMIT,104,0,0,0,0.009615384615384616,1.0,1.6980171203613281,9
blend_a03+APA+ResGCN,A4_aggregation_error,medium_real,8,FEAT_SECTOR_B,REPORT_LIMIT,105,0,0,0,0.009523809523809525,1.0,1.8439292907714844,9
blend_a03+APA+ResGCN,A4_aggregation_error,medium_real,9,FEAT_SECTOR_A,REPORT_LIMIT,106,0,0,0,0.009433962264150943,1.0,1.4269351959228516,9
blend_a03+APA+ResGCN,A4_aggregation_error,medium_real,10,FEAT_SECTOR_B,REPORT_LIMIT,105,0,0,0,0.009523809523809525,1.0,1.4271736145019531,9
blend_a03+APA+ResGCN,A4_aggregation_error,medium_real,11,FEAT_SECTOR_A,REPORT_LIMIT,105,0,0,0,0.009523809523809525,1.0,1.4190673828125,9
blend_a03+APA+ResGCN,A4_aggregation_error,medium_real,12,FEAT_SECTOR_B,REPORT_LIMIT,106,0,0,0,0.009433962264150943,1.0,1.399993896484375,9
blend_a03+APA+ResGCN,A4_aggregation_error,medium_real,13,FEAT_SECTOR_B,REPORT_LIMIT,104,0,0,0,0.009615384615384616,1.0,1.3661384582519531,9
blend_a03+APA+ResGCN,A4_aggregation_error,medium_real,14,FEAT_SECTOR_A,REPORT_LIMIT,105,0,0,0,0.009523809523809525,1.0,1.360177993774414,9
blend_a03+APA+ResGCN,A4_aggregation_error,medium_real,15,FEAT_SECTOR_B,REPORT_LIMIT,104,0,0,0,0.009615384615384616,1.0,1.3799667358398438,9
blend_a03+APA+ResGCN,A4_aggregation_error,medium_real,16,FEAT_SECTOR_B,REPORT_LIMIT,106,0,0,0,0.009433962264150943,1.0,1.3689994812011719,9
blend_a03+APA+ResGCN,A4_aggregation_error,medium_real,17,FEAT_SECTOR_B,REPORT_LIMIT,105,0,0,0,0.009523809523809525,1.0,1.3589859008789062,9
blend_a03+APA+ResGCN,A4_aggregation_error,medium_real,18,FEAT_SECTOR_B,REPORT_LIMIT,104,0,0,0,0.009615384615384616,1.0,1.4019012451171875,9
blend_a03+APA+ResGCN,A4_aggregation_error,medium_real,19,FEAT_SECTOR_B,REPORT_LIMIT,106,0,0,0,0.009433962264150943,1.0,1.3942718505859375,9
blend_a03+APA+ResGCN,A4_aggregation_error,medium_real,20,FEAT_SECTOR_B,REPORT_LIMIT,104,0,0,0,0.009615384615384616,1.0,1.373291015625,9
blend_a03+APA+ResGCN,A4_aggregation_error,medium_real,21,FEAT_SECTOR_A,REPORT_LIMIT,105,0,0,0,0.009523809523809525,1.0,1.344919204711914,9
blend_a03+APA+ResGCN,A4_aggregation_error,medium_real,22,FEAT_SECTOR_B,REPORT_LIMIT,105,0,0,0,0.009523809523809525,1.0,1.6057491302490234,9
blend_a03+APA+ResGCN,A4_aggregation_error,medium_real,23,FEAT_SECTOR_A,REPORT_LIMIT,105,0,0,0,0.009523809523809525,1.0,1.3511180877685547,9
blend_a03+APA+ResGCN,A4_aggregation_error,medium_real,24,FEAT_SECTOR_A,REPORT_LIMIT,106,0,0,0,0.009433962264150943,1.0,1.359701156616211,9
blend_a03+APA+ResGCN,A4_aggregation_error,medium_real,25,FEAT_SECTOR_B,REPORT_LIMIT,106,0,0,0,0.009433962264150943,1.0,1.3928413391113281,9
blend_a03+APA+ResGCN,A4_aggregation_error,medium_real,26,FEAT_SECTOR_B,REPORT_LIMIT,104,0,0,0,0.009615384615384616,1.0,1.3539791107177734,9
blend_a03+APA+ResGCN,A4_aggregation_error,medium_real,27,FEAT_SECTOR_A,REPORT_LIMIT,105,0,0,0,0.009523809523809525,1.0,1.3451576232910156,9
blend_a03+APA+ResGCN,A4_aggregation_error,medium_real,28,FEAT_SECTOR_B,REPORT_LIMIT,106,0,0,0,0.009433962264150943,1.0,1.363992691040039,9
blend_a03+APA+ResGCN,A4_aggregation_error,medium_real,29,FEAT_SECTOR_B,REPORT_LIMIT,104,0,0,0,0.009615384615384616,1.0,1.3501644134521484,9
blend_a03+APA+ResGCN,A5_downstream_masking,medium_real,0,SRC_STOCK_11_PRICE,REPORT_LIMIT,6,0,0,0,0.16666666666666666,1.0,1.3518333435058594,9
blend_a03+APA+ResGCN,A5_downstream_masking,medium_real,1,SRC_STOCK_6_PRICE,REPORT_LIMIT,3,0,1,1,0.3333333333333333,0.8,1.3277530670166016,9
blend_a03+APA+ResGCN,A5_downstream_masking,medium_real,2,SRC_STOCK_11_PRICE,REPORT_LIMIT,4,0,0,1,0.25,0.8,1.299142837524414,9
blend_a03+APA+ResGCN,A5_downstream_masking,medium_real,3,SRC_STOCK_10_PRICE,REPORT_LIMIT,3,0,1,1,0.3333333333333333,0.8,1.3649463653564453,9
blend_a03+APA+ResGCN,A5_downstream_masking,medium_real,4,SRC_STOCK_9_PRICE,REPORT_LIMIT,1,1,1,1,1.0,0.8,1.377105712890625,9
blend_a03+APA+ResGCN,A5_downstream_masking,medium_real,5,SRC_STOCK_9_PRICE,REPORT_LIMIT,1,1,1,1,1.0,0.8,1.377105712890625,9
blend_a03+APA+ResGCN,A5_downstream_masking,medium_real,6,SRC_STOCK_6_PRICE,REPORT_LIMIT,3,0,1,1,0.3333333333333333,0.8,1.3492107391357422,9
blend_a03+APA+ResGCN,A5_downstream_masking,medium_real,7,SRC_STOCK_12_PRICE,REPORT_LIMIT,2,0,1,1,0.5,0.8,1.3399124145507812,9
blend_a03+APA+ResGCN,A5_downstream_masking,medium_real,8,SRC_STOCK_9_PRICE,REPORT_LIMIT,1,1,1,1,1.0,0.8,1.4278888702392578,9
blend_a03+APA+ResGCN,A5_downstream_masking,medium_real,9,SRC_STOCK_6_PRICE,REPORT_LIMIT,3,0,1,1,0.3333333333333333,0.8,1.3890266418457031,9
blend_a03+APA+ResGCN,A5_downstream_masking,medium_real,10,SRC_STOCK_10_PRICE,REPORT_LIMIT,3,0,1,1,0.3333333333333333,0.8,1.33514404296875,9
blend_a03+APA+ResGCN,A5_downstream_masking,medium_real,11,SRC_STOCK_2_PRICE,REPORT_LIMIT,3,0,1,1,0.3333333333333333,0.8,1.3439655303955078,9
blend_a03+APA+ResGCN,A5_downstream_masking,medium_real,12,SRC_STOCK_8_PRICE,REPORT_LIMIT,3,0,1,1,0.3333333333333333,0.8,1.3301372528076172,9
blend_a03+APA+ResGCN,A5_downstream_masking,medium_real,13,SRC_STOCK_11_PRICE,REPORT_LIMIT,7,0,0,0,0.14285714285714285,1.0,1.3959407806396484,9
blend_a03+APA+ResGCN,A5_downstream_masking,medium_real,14,SRC_STOCK_2_PRICE,REPORT_LIMIT,3,0,1,1,0.3333333333333333,0.8,1.3382434844970703,9
blend_a03+APA+ResGCN,A5_downstream_masking,medium_real,15,SRC_STOCK_12_PRICE,REPORT_LIMIT,2,0,1,1,0.5,0.8,1.3740062713623047,9
blend_a03+APA+ResGCN,A5_downstream_masking,medium_real,16,SRC_STOCK_7_PRICE,REPORT_LIMIT,3,0,1,1,0.3333333333333333,0.8,1.3759136199951172,9
blend_a03+APA+ResGCN,A5_downstream_masking,medium_real,17,SRC_STOCK_9_PRICE,REPORT_LIMIT,1,1,1,1,1.0,0.8,1.3759136199951172,9
blend_a03+APA+ResGCN,A5_downstream_masking,medium_real,18,SRC_STOCK_11_PRICE,REPORT_LIMIT,7,0,0,0,0.14285714285714285,1.0,1.3990402221679688,9
blend_a03+APA+ResGCN,A5_downstream_masking,medium_real,19,SRC_STOCK_8_PRICE,REPORT_LIMIT,3,0,1,1,0.3333333333333333,0.8,1.3959407806396484,9
blend_a03+APA+ResGCN,A5_downstream_masking,medium_real,20,SRC_STOCK_11_PRICE,REPORT_LIMIT,7,0,0,0,0.14285714285714285,1.0,1.39617919921875,9
blend_a03+APA+ResGCN,A5_downstream_masking,medium_real,21,SRC_STOCK_4_PRICE,REPORT_LIMIT,3,0,1,1,0.3333333333333333,0.8,1.3649463653564453,9
blend_a03+APA+ResGCN,A5_downstream_masking,medium_real,22,SRC_STOCK_10_PRICE,REPORT_LIMIT,3,0,1,1,0.3333333333333333,0.8,1.3399124145507812,9
blend_a03+APA+ResGCN,A5_downstream_masking,medium_real,23,SRC_STOCK_1_PRICE,REPORT_LIMIT,5,0,0,1,0.2,0.8,1.3821125030517578,9
blend_a03+APA+ResGCN,A5_downstream_masking,medium_real,24,SRC_STOCK_5_PRICE,REPORT_LIMIT,3,0,1,1,0.3333333333333333,0.8,1.3561248779296875,9
blend_a03+APA+ResGCN,A5_downstream_masking,medium_real,25,SRC_STOCK_7_PRICE,REPORT_LIMIT,3,0,1,1,0.3333333333333333,0.8,1.3802051544189453,9
blend_a03+APA+ResGCN,A5_downstream_masking,medium_real,26,SRC_STOCK_11_PRICE,REPORT_LIMIT,7,0,0,0,0.14285714285714285,1.0,1.4069080352783203,9
blend_a03+APA+ResGCN,A5_downstream_masking,medium_real,27,SRC_STOCK_1_PRICE,REPORT_LIMIT,28,0,0,0,0.03571428571428571,1.0,1.4050006866455078,9
blend_a03+APA+ResGCN,A5_downstream_masking,medium_real,28,SRC_STOCK_8_PRICE,REPORT_LIMIT,3,0,1,1,0.3333333333333333,0.8,1.3241767883300781,9
blend_a03+APA+ResGCN,A5_downstream_masking,medium_real,29,SRC_STOCK_12_PRICE,REPORT_LIMIT,2,0,1,1,0.5,0.8,1.3420581817626953,9
blend_a03+APA+ResGCN,A6_multi_source,medium_real,0,SRC_STOCK_8_PRICE,REPORT_LIMIT,2,0,1,1,0.5,0.8,1.3742446899414062,9
blend_a03+APA+ResGCN,A6_multi_source,medium_real,1,SRC_STOCK_6_PRICE,REPORT_LIMIT,1,1,1,1,1.0,0.8,1.6357898712158203,9
blend_a03+APA+ResGCN,A6_multi_source,medium_real,2,SRC_STOCK_3_PRICE,REPORT_LIMIT,1,1,1,1,1.0,0.8,1.3382434844970703,9
blend_a03+APA+ResGCN,A6_multi_source,medium_real,3,SRC_STOCK_1_PRICE,REPORT_LIMIT,1,1,1,1,1.0,0.8,1.3661384582519531,9
blend_a03+APA+ResGCN,A6_multi_source,medium_real,4,SRC_STOCK_8_PRICE,REPORT_LIMIT,1,1,1,1,1.0,0.8,1.2960433959960938,9
blend_a03+APA+ResGCN,A6_multi_source,medium_real,5,SRC_STOCK_9_PRICE,REPORT_LIMIT,1,1,1,1,1.0,0.8,1.6260147094726562,9
blend_a03+APA+ResGCN,A6_multi_source,medium_real,6,SRC_STOCK_5_PRICE,REPORT_LIMIT,2,0,1,1,0.5,0.8,1.3959407806396484,9
blend_a03+APA+ResGCN,A6_multi_source,medium_real,7,SRC_STOCK_10_PRICE,REPORT_LIMIT,2,0,1,1,0.5,0.8,1.3508796691894531,9
blend_a03+APA+ResGCN,A6_multi_source,medium_real,8,SRC_STOCK_4_PRICE,REPORT_LIMIT,2,0,1,1,0.5,0.8,1.3608932495117188,9
blend_a03+APA+ResGCN,A6_multi_source,medium_real,9,SRC_STOCK_10_PRICE,REPORT_LIMIT,3,0,1,1,0.3333333333333333,0.8,1.3628005981445312,9
blend_a03+APA+ResGCN,A6_multi_source,medium_real,10,SRC_STOCK_4_PRICE,REPORT_LIMIT,1,1,1,1,1.0,0.8,1.3570785522460938,9
blend_a03+APA+ResGCN,A6_multi_source,medium_real,11,SRC_STOCK_2_PRICE,REPORT_LIMIT,1,1,1,1,1.0,0.8,1.3651847839355469,9
blend_a03+APA+ResGCN,A6_multi_source,medium_real,12,SRC_STOCK_3_PRICE,REPORT_LIMIT,2,0,1,1,0.5,0.8,3.7870407104492188,9
blend_a03+APA+ResGCN,A6_multi_source,medium_real,13,SRC_STOCK_10_PRICE,REPORT_LIMIT,2,0,1,1,0.5,0.8,1.361846923828125,9
blend_a03+APA+ResGCN,A6_multi_source,medium_real,14,SRC_STOCK_8_PRICE,REPORT_LIMIT,1,1,1,1,1.0,0.8,1.3341903686523438,9
blend_a03+APA+ResGCN,A6_multi_source,medium_real,15,SRC_STOCK_8_PRICE,REPORT_LIMIT,2,0,1,1,0.5,0.8,1.3282299041748047,9
blend_a03+APA+ResGCN,A6_multi_source,medium_real,16,SRC_STOCK_6_PRICE,REPORT_LIMIT,1,1,1,1,1.0,0.8,1.4078617095947266,9
blend_a03+APA+ResGCN,A6_multi_source,medium_real,17,SRC_STOCK_10_PRICE,REPORT_LIMIT,2,0,1,1,0.5,0.8,1.3728141784667969,9
blend_a03+APA+ResGCN,A6_multi_source,medium_real,18,SRC_STOCK_9_PRICE,REPORT_LIMIT,1,1,1,1,1.0,0.8,1.3377666473388672,9
blend_a03+APA+ResGCN,A6_multi_source,medium_real,19,SRC_STOCK_5_PRICE,REPORT_LIMIT,2,0,1,1,0.5,0.8,1.3289451599121094,9
blend_a03+APA+ResGCN,A6_multi_source,medium_real,20,SRC_STOCK_9_PRICE,REPORT_LIMIT,1,1,1,1,1.0,0.8,1.6210079193115234,9
blend_a03+APA+ResGCN,A6_multi_source,medium_real,21,SRC_STOCK_5_PRICE,REPORT_LIMIT,1,1,1,1,1.0,0.8,1.3241767883300781,9
blend_a03+APA+ResGCN,A6_multi_source,medium_real,22,SRC_STOCK_12_PRICE,REPORT_LIMIT,1,1,1,1,1.0,0.8,1.3120174407958984,9
blend_a03+APA+ResGCN,A6_multi_source,medium_real,23,SRC_STOCK_6_PRICE,REPORT_LIMIT,1,1,1,1,1.0,0.8,1.5430450439453125,9
blend_a03+APA+ResGCN,A6_multi_source,medium_real,24,SRC_STOCK_4_PRICE,REPORT_LIMIT,2,0,1,1,0.5,0.8,1.3468265533447266,9
blend_a03+APA+ResGCN,A6_multi_source,medium_real,25,SRC_STOCK_2_PRICE,REPORT_LIMIT,2,0,1,1,0.5,0.8,1.3628005981445312,9
blend_a03+APA+ResGCN,A6_multi_source,medium_real,26,SRC_STOCK_6_PRICE,REPORT_LIMIT,1,1,1,1,1.0,0.8,1.4090538024902344,9
blend_a03+APA+ResGCN,A6_multi_source,medium_real,27,SRC_STOCK_3_PRICE,REPORT_LIMIT,3,0,1,1,0.3333333333333333,0.8,1.3508796691894531,9
blend_a03+APA+ResGCN,A6_multi_source,medium_real,28,SRC_STOCK_7_PRICE,REPORT_LIMIT,1,1,1,1,1.0,0.8,1.3399124145507812,9
blend_a03+APA+ResGCN,A6_multi_source,medium_real,29,SRC_STOCK_8_PRICE,REPORT_LIMIT,2,0,1,1,0.5,0.8,1.3048648834228516,9
blend_a03+APA+ResGCN,A7_coincidental,medium_real,0,SRC_STOCK_11_PRICE,REPORT_LIMIT,2,0,1,1,0.5,0.8,1.6300678253173828,9
blend_a03+APA+ResGCN,A7_coincidental,medium_real,1,SRC_STOCK_6_PRICE,REPORT_LIMIT,2,0,1,1,0.5,0.8,1.6629695892333984,9
blend_a03+APA+ResGCN,A7_coincidental,medium_real,2,SRC_STOCK_11_PRICE,REPORT_LIMIT,1,1,1,1,1.0,0.8,1.6300678253173828,9
blend_a03+APA+ResGCN,A7_coincidental,medium_real,3,SRC_STOCK_10_PRICE,REPORT_LIMIT,2,0,1,1,0.5,0.8,1.7731189727783203,9
blend_a03+APA+ResGCN,A7_coincidental,medium_real,4,SRC_STOCK_9_PRICE,REPORT_LIMIT,1,1,1,1,1.0,0.8,1.3530254364013672,9
blend_a03+APA+ResGCN,A7_coincidental,medium_real,5,SRC_STOCK_9_PRICE,REPORT_LIMIT,2,0,1,1,0.5,0.8,1.3592243194580078,9
blend_a03+APA+ResGCN,A7_coincidental,medium_real,6,SRC_STOCK_6_PRICE,REPORT_LIMIT,2,0,1,1,0.5,0.8,1.3628005981445312,9
blend_a03+APA+ResGCN,A7_coincidental,medium_real,7,SRC_STOCK_12_PRICE,REPORT_LIMIT,1,1,1,1,1.0,0.8,1.3928413391113281,9
blend_a03+APA+ResGCN,A7_coincidental,medium_real,8,SRC_STOCK_9_PRICE,REPORT_LIMIT,1,1,1,1,1.0,0.8,1.3837814331054688,9
blend_a03+APA+ResGCN,A7_coincidental,medium_real,9,SRC_STOCK_6_PRICE,REPORT_LIMIT,2,0,1,1,0.5,0.8,1.638174057006836,9
blend_a03+APA+ResGCN,A7_coincidental,medium_real,10,SRC_STOCK_10_PRICE,REPORT_LIMIT,2,0,1,1,0.5,0.8,1.6140937805175781,9
blend_a03+APA+ResGCN,A7_coincidental,medium_real,11,SRC_STOCK_2_PRICE,REPORT_LIMIT,2,0,1,1,0.5,0.8,1.683950424194336,9
blend_a03+APA+ResGCN,A7_coincidental,medium_real,12,SRC_STOCK_8_PRICE,REPORT_LIMIT,1,1,1,1,1.0,0.8,1.3470649719238281,9
blend_a03+APA+ResGCN,A7_coincidental,medium_real,13,SRC_STOCK_11_PRICE,REPORT_LIMIT,1,1,1,1,1.0,0.8,1.405954360961914,9
blend_a03+APA+ResGCN,A7_coincidental,medium_real,14,SRC_STOCK_2_PRICE,REPORT_LIMIT,2,0,1,1,0.5,0.8,1.3840198516845703,9
blend_a03+APA+ResGCN,A7_coincidental,medium_real,15,SRC_STOCK_12_PRICE,REPORT_LIMIT,1,1,1,1,1.0,0.8,1.6298294067382812,9
blend_a03+APA+ResGCN,A7_coincidental,medium_real,16,SRC_STOCK_7_PRICE,REPORT_LIMIT,2,0,1,1,0.5,0.8,1.3358592987060547,9
blend_a03+APA+ResGCN,A7_coincidental,medium_real,17,SRC_STOCK_9_PRICE,REPORT_LIMIT,2,0,1,1,0.5,0.8,1.3611316680908203,9
blend_a03+APA+ResGCN,A7_coincidental,medium_real,18,SRC_STOCK_11_PRICE,REPORT_LIMIT,1,1,1,1,1.0,0.8,1.3339519500732422,9
blend_a03+APA+ResGCN,A7_coincidental,medium_real,19,SRC_STOCK_8_PRICE,REPORT_LIMIT,1,1,1,1,1.0,0.8,1.4090538024902344,9
blend_a03+APA+ResGCN,A7_coincidental,medium_real,20,SRC_STOCK_11_PRICE,REPORT_LIMIT,1,1,1,1,1.0,0.8,1.3477802276611328,9
blend_a03+APA+ResGCN,A7_coincidental,medium_real,21,SRC_STOCK_4_PRICE,REPORT_LIMIT,2,0,1,1,0.5,0.8,1.3408660888671875,9
blend_a03+APA+ResGCN,A7_coincidental,medium_real,22,SRC_STOCK_10_PRICE,REPORT_LIMIT,1,1,1,1,1.0,0.8,1.355886459350586,9
blend_a03+APA+ResGCN,A7_coincidental,medium_real,23,SRC_STOCK_1_PRICE,REPORT_LIMIT,2,0,1,1,0.5,0.8,1.542806625366211,9
blend_a03+APA+ResGCN,A7_coincidental,medium_real,24,SRC_STOCK_5_PRICE,REPORT_LIMIT,1,1,1,1,1.0,0.8,1.3828277587890625,9
blend_a03+APA+ResGCN,A7_coincidental,medium_real,25,SRC_STOCK_7_PRICE,REPORT_LIMIT,1,1,1,1,1.0,0.8,1.3301372528076172,9
blend_a03+APA+ResGCN,A7_coincidental,medium_real,26,SRC_STOCK_11_PRICE,REPORT_LIMIT,1,1,1,1,1.0,0.8,1.3527870178222656,9
blend_a03+APA+ResGCN,A7_coincidental,medium_real,27,SRC_STOCK_1_PRICE,REPORT_LIMIT,2,0,1,1,0.5,0.8,1.3768672943115234,9
blend_a03+APA+ResGCN,A7_coincidental,medium_real,28,SRC_STOCK_8_PRICE,REPORT_LIMIT,2,0,1,1,0.5,0.8,1.3489723205566406,9
blend_a03+APA+ResGCN,A7_coincidental,medium_real,29,SRC_STOCK_12_PRICE,REPORT_LIMIT,2,0,1,1,0.5,0.8,1.3377666473388672,9
blend_a05+APA+ResGCN,A1_source_corruption,medium_real,0,SRC_STOCK_11_PRICE,REPORT_LIMIT,1,1,1,1,1.0,0.8,1.3151168823242188,9
blend_a05+APA+ResGCN,A1_source_corruption,medium_real,1,SRC_STOCK_6_PRICE,REPORT_LIMIT,1,1,1,1,1.0,0.8,1.3322830200195312,9
blend_a05+APA+ResGCN,A1_source_corruption,medium_real,2,SRC_STOCK_11_PRICE,REPORT_LIMIT,1,1,1,1,1.0,0.8,1.3260841369628906,9
blend_a05+APA+ResGCN,A1_source_corruption,medium_real,3,SRC_STOCK_10_PRICE,REPORT_LIMIT,1,1,1,1,1.0,0.8,1.3289451599121094,9
blend_a05+APA+ResGCN,A1_source_corruption,medium_real,4,SRC_STOCK_9_PRICE,REPORT_LIMIT,1,1,1,1,1.0,0.8,1.4050006866455078,9
blend_a05+APA+ResGCN,A1_source_corruption,medium_real,5,SRC_STOCK_9_PRICE,REPORT_LIMIT,1,1,1,1,1.0,0.8,1.33514404296875,9
blend_a05+APA+ResGCN,A1_source_corruption,medium_real,6,SRC_STOCK_6_PRICE,REPORT_LIMIT,1,1,1,1,1.0,0.8,1.3458728790283203,9
blend_a05+APA+ResGCN,A1_source_corruption,medium_real,7,SRC_STOCK_12_PRICE,REPORT_LIMIT,1,1,1,1,1.0,0.8,1.3968944549560547,9
blend_a05+APA+ResGCN,A1_source_corruption,medium_real,8,SRC_STOCK_9_PRICE,REPORT_LIMIT,1,1,1,1,1.0,0.8,1.7199516296386719,9
blend_a05+APA+ResGCN,A1_source_corruption,medium_real,9,SRC_STOCK_6_PRICE,REPORT_LIMIT,1,1,1,1,1.0,0.8,1.7728805541992188,9
blend_a05+APA+ResGCN,A1_source_corruption,medium_real,10,SRC_STOCK_10_PRICE,REPORT_LIMIT,1,1,1,1,1.0,0.8,1.3549327850341797,9
blend_a05+APA+ResGCN,A1_source_corruption,medium_real,11,SRC_STOCK_2_PRICE,REPORT_LIMIT,1,1,1,1,1.0,0.8,1.6579627990722656,9
blend_a05+APA+ResGCN,A1_source_corruption,medium_real,12,SRC_STOCK_8_PRICE,REPORT_LIMIT,1,1,1,1,1.0,0.8,1.3959407806396484,9
blend_a05+APA+ResGCN,A1_source_corruption,medium_real,13,SRC_STOCK_11_PRICE,REPORT_LIMIT,1,1,1,1,1.0,0.8,1.3697147369384766,9
blend_a05+APA+ResGCN,A1_source_corruption,medium_real,14,SRC_STOCK_2_PRICE,REPORT_LIMIT,1,1,1,1,1.0,0.8,1.3508796691894531,9
blend_a05+APA+ResGCN,A1_source_corruption,medium_real,15,SRC_STOCK_12_PRICE,REPORT_LIMIT,1,1,1,1,1.0,0.8,1.3551712036132812,9
blend_a05+APA+ResGCN,A1_source_corruption,medium_real,16,SRC_STOCK_7_PRICE,REPORT_LIMIT,1,1,1,1,1.0,0.8,1.3468265533447266,9
blend_a05+APA+ResGCN,A1_source_corruption,medium_real,17,SRC_STOCK_9_PRICE,REPORT_LIMIT,1,1,1,1,1.0,0.8,1.500844955444336,9
blend_a05+APA+ResGCN,A1_source_corruption,medium_real,18,SRC_STOCK_11_PRICE,REPORT_LIMIT,1,1,1,1,1.0,0.8,1.7130374908447266,9
blend_a05+APA+ResGCN,A1_source_corruption,medium_real,19,SRC_STOCK_8_PRICE,REPORT_LIMIT,1,1,1,1,1.0,0.8,1.7409324645996094,9
blend_a05+APA+ResGCN,A1_source_corruption,medium_real,20,SRC_STOCK_11_PRICE,REPORT_LIMIT,1,1,1,1,1.0,0.8,1.708984375,9
blend_a05+APA+ResGCN,A1_source_corruption,medium_real,21,SRC_STOCK_4_PRICE,REPORT_LIMIT,1,1,1,1,1.0,0.8,1.332998275756836,9
blend_a05+APA+ResGCN,A1_source_corruption,medium_real,22,SRC_STOCK_10_PRICE,REPORT_LIMIT,1,1,1,1,1.0,0.8,1.317739486694336,9
blend_a05+APA+ResGCN,A1_source_corruption,medium_real,23,SRC_STOCK_1_PRICE,REPORT_LIMIT,1,1,1,1,1.0,0.8,1.3709068298339844,9
blend_a05+APA+ResGCN,A1_source_corruption,medium_real,24,SRC_STOCK_5_PRICE,REPORT_LIMIT,1,1,1,1,1.0,0.8,1.3680458068847656,9
blend_a05+APA+ResGCN,A1_source_corruption,medium_real,25,SRC_STOCK_7_PRICE,REPORT_LIMIT,1,1,1,1,1.0,0.8,1.3937950134277344,9
blend_a05+APA+ResGCN,A1_source_corruption,medium_real,26,SRC_STOCK_11_PRICE,REPORT_LIMIT,1,1,1,1,1.0,0.8,1.390218734741211,9
blend_a05+APA+ResGCN,A1_source_corruption,medium_real,27,SRC_STOCK_1_PRICE,REPORT_LIMIT,1,1,1,1,1.0,0.8,1.3661384582519531,9
blend_a05+APA+ResGCN,A1_source_corruption,medium_real,28,SRC_STOCK_8_PRICE,REPORT_LIMIT,1,1,1,1,1.0,0.8,1.338958740234375,9
blend_a05+APA+ResGCN,A1_source_corruption,medium_real,29,SRC_STOCK_12_PRICE,REPORT_LIMIT,1,1,1,1,1.0,0.8,1.7621517181396484,9
blend_a05+APA+ResGCN,A2_etl_logic_error,medium_real,0,ETL_FX_STOCK_11_PRICE,REPORT_LIMIT,22,0,0,0,0.045454545454545456,1.0,1.3840198516845703,9
blend_a05+APA+ResGCN,A2_etl_logic_error,medium_real,1,ETL_FX_STOCK_6_PRICE,REPORT_LIMIT,23,0,0,0,0.043478260869565216,1.0,1.399993896484375,9
blend_a05+APA+ResGCN,A2_etl_logic_error,medium_real,2,ETL_FX_STOCK_11_PRICE,REPORT_LIMIT,22,0,0,0,0.045454545454545456,1.0,1.3308525085449219,9
blend_a05+APA+ResGCN,A2_etl_logic_error,medium_real,3,ETL_FX_STOCK_10_PRICE,REPORT_LIMIT,21,0,0,0,0.047619047619047616,1.0,1.3461112976074219,9
blend_a05+APA+ResGCN,A2_etl_logic_error,medium_real,4,ETL_FX_STOCK_9_PRICE,REPORT_LIMIT,21,0,0,0,0.047619047619047616,1.0,1.3589859008789062,9
blend_a05+APA+ResGCN,A2_etl_logic_error,medium_real,5,ETL_FX_STOCK_9_PRICE,REPORT_LIMIT,21,0,0,0,0.047619047619047616,1.0,1.3480186462402344,9
blend_a05+APA+ResGCN,A2_etl_logic_error,medium_real,6,ETL_FX_STOCK_6_PRICE,REPORT_LIMIT,23,0,0,0,0.043478260869565216,1.0,1.3480186462402344,9
blend_a05+APA+ResGCN,A2_etl_logic_error,medium_real,7,ETL_FX_STOCK_12_PRICE,REPORT_LIMIT,21,0,0,0,0.047619047619047616,1.0,1.3282299041748047,9
blend_a05+APA+ResGCN,A2_etl_logic_error,medium_real,8,ETL_FX_STOCK_9_PRICE,REPORT_LIMIT,21,0,0,0,0.047619047619047616,1.0,1.3802051544189453,9
blend_a05+APA+ResGCN,A2_etl_logic_error,medium_real,9,ETL_FX_STOCK_6_PRICE,REPORT_LIMIT,23,0,0,0,0.043478260869565216,1.0,1.363992691040039,9
blend_a05+APA+ResGCN,A2_etl_logic_error,medium_real,10,ETL_FX_STOCK_10_PRICE,REPORT_LIMIT,21,0,0,0,0.047619047619047616,1.0,1.3318061828613281,9
blend_a05+APA+ResGCN,A2_etl_logic_error,medium_real,11,ETL_FX_STOCK_2_PRICE,REPORT_LIMIT,22,0,0,0,0.045454545454545456,1.0,1.3489723205566406,9
blend_a05+APA+ResGCN,A2_etl_logic_error,medium_real,12,ETL_FX_STOCK_8_PRICE,REPORT_LIMIT,22,0,0,0,0.045454545454545456,1.0,1.3251304626464844,9
blend_a05+APA+ResGCN,A2_etl_logic_error,medium_real,13,ETL_FX_STOCK_11_PRICE,REPORT_LIMIT,22,0,0,0,0.045454545454545456,1.0,1.3468265533447266,9
blend_a05+APA+ResGCN,A2_etl_logic_error,medium_real,14,ETL_FX_STOCK_2_PRICE,REPORT_LIMIT,22,0,0,0,0.045454545454545456,1.0,1.3630390167236328,9
blend_a05+APA+ResGCN,A2_etl_logic_error,medium_real,15,ETL_FX_STOCK_12_PRICE,REPORT_LIMIT,21,0,0,0,0.047619047619047616,1.0,1.3318061828613281,9
blend_a05+APA+ResGCN,A2_etl_logic_error,medium_real,16,ETL_FX_STOCK_7_PRICE,REPORT_LIMIT,22,0,0,0,0.045454545454545456,1.0,1.3320446014404297,9
blend_a05+APA+ResGCN,A2_etl_logic_error,medium_real,17,ETL_FX_STOCK_9_PRICE,REPORT_LIMIT,21,0,0,0,0.047619047619047616,1.0,1.3539791107177734,9
blend_a05+APA+ResGCN,A2_etl_logic_error,medium_real,18,ETL_FX_STOCK_11_PRICE,REPORT_LIMIT,22,0,0,0,0.045454545454545456,1.0,1.3971328735351562,9
blend_a05+APA+ResGCN,A2_etl_logic_error,medium_real,19,ETL_FX_STOCK_8_PRICE,REPORT_LIMIT,23,0,0,0,0.043478260869565216,1.0,1.3191699981689453,9
blend_a05+APA+ResGCN,A2_etl_logic_error,medium_real,20,ETL_FX_STOCK_11_PRICE,REPORT_LIMIT,22,0,0,0,0.045454545454545456,1.0,1.3661384582519531,9
blend_a05+APA+ResGCN,A2_etl_logic_error,medium_real,21,ETL_FX_STOCK_4_PRICE,REPORT_LIMIT,20,0,0,0,0.05,1.0,1.7139911651611328,9
blend_a05+APA+ResGCN,A2_etl_logic_error,medium_real,22,ETL_FX_STOCK_10_PRICE,REPORT_LIMIT,21,0,0,0,0.047619047619047616,1.0,1.920938491821289,9
blend_a05+APA+ResGCN,A2_etl_logic_error,medium_real,23,ETL_FX_STOCK_1_PRICE,REPORT_LIMIT,22,0,0,0,0.045454545454545456,1.0,1.8339157104492188,9
blend_a05+APA+ResGCN,A2_etl_logic_error,medium_real,24,ETL_FX_STOCK_5_PRICE,REPORT_LIMIT,23,0,0,0,0.043478260869565216,1.0,1.338958740234375,9
blend_a05+APA+ResGCN,A2_etl_logic_error,medium_real,25,ETL_FX_STOCK_7_PRICE,REPORT_LIMIT,22,0,0,0,0.045454545454545456,1.0,1.3370513916015625,9
blend_a05+APA+ResGCN,A2_etl_logic_error,medium_real,26,ETL_FX_STOCK_11_PRICE,REPORT_LIMIT,22,0,0,0,0.045454545454545456,1.0,1.6131401062011719,9
blend_a05+APA+ResGCN,A2_etl_logic_error,medium_real,27,ETL_FX_STOCK_1_PRICE,REPORT_LIMIT,22,0,0,0,0.045454545454545456,1.0,1.3120174407958984,9
blend_a05+APA+ResGCN,A2_etl_logic_error,medium_real,28,ETL_FX_STOCK_8_PRICE,REPORT_LIMIT,22,0,0,0,0.045454545454545456,1.0,1.840829849243164,9
blend_a05+APA+ResGCN,A2_etl_logic_error,medium_real,29,ETL_FX_STOCK_12_PRICE,REPORT_LIMIT,21,0,0,0,0.047619047619047616,1.0,1.5459060668945312,9
blend_a05+APA+ResGCN,A3_feature_calc_error,medium_real,0,FEAT_VOL20_STOCK_11_PRICE,REPORT_LIMIT,12,0,0,0,0.08333333333333333,1.0,1.6088485717773438,9
blend_a05+APA+ResGCN,A3_feature_calc_error,medium_real,1,FEAT_VOL20_STOCK_6_PRICE,REPORT_LIMIT,10,0,0,0,0.1,1.0,1.3499259948730469,9
blend_a05+APA+ResGCN,A3_feature_calc_error,medium_real,2,FEAT_VOL20_STOCK_11_PRICE,REPORT_LIMIT,13,0,0,0,0.07692307692307693,1.0,1.9278526306152344,9
blend_a05+APA+ResGCN,A3_feature_calc_error,medium_real,3,FEAT_VOL20_STOCK_10_PRICE,REPORT_LIMIT,13,0,0,0,0.07692307692307693,1.0,1.4522075653076172,9
blend_a05+APA+ResGCN,A3_feature_calc_error,medium_real,4,FEAT_VOL20_STOCK_9_PRICE,REPORT_LIMIT,6,0,0,0,0.16666666666666666,1.0,1.4929771423339844,9
blend_a05+APA+ResGCN,A3_feature_calc_error,medium_real,5,FEAT_VOL20_STOCK_9_PRICE,REPORT_LIMIT,6,0,0,0,0.16666666666666666,1.0,1.8749237060546875,9
blend_a05+APA+ResGCN,A3_feature_calc_error,medium_real,6,FEAT_VOL20_STOCK_6_PRICE,REPORT_LIMIT,10,0,0,0,0.1,1.0,1.3837814331054688,9
blend_a05+APA+ResGCN,A3_feature_calc_error,medium_real,7,FEAT_VOL20_STOCK_12_PRICE,REPORT_LIMIT,11,0,0,0,0.09090909090909091,1.0,1.4069080352783203,9
blend_a05+APA+ResGCN,A3_feature_calc_error,medium_real,8,FEAT_VOL20_STOCK_9_PRICE,REPORT_LIMIT,6,0,0,0,0.16666666666666666,1.0,1.355886459350586,9
blend_a05+APA+ResGCN,A3_feature_calc_error,medium_real,9,FEAT_VOL20_STOCK_6_PRICE,REPORT_LIMIT,10,0,0,0,0.1,1.0,1.3980865478515625,9
blend_a05+APA+ResGCN,A3_feature_calc_error,medium_real,10,FEAT_VOL20_STOCK_10_PRICE,REPORT_LIMIT,13,0,0,0,0.07692307692307693,1.0,1.3968944549560547,9
blend_a05+APA+ResGCN,A3_feature_calc_error,medium_real,11,FEAT_VOL20_STOCK_2_PRICE,REPORT_LIMIT,12,0,0,0,0.08333333333333333,1.0,1.3680458068847656,9
blend_a05+APA+ResGCN,A3_feature_calc_error,medium_real,12,FEAT_VOL20_STOCK_8_PRICE,REPORT_LIMIT,10,0,0,0,0.1,1.0,1.4719963073730469,9
blend_a05+APA+ResGCN,A3_feature_calc_error,medium_real,13,FEAT_VOL20_STOCK_11_PRICE,REPORT_LIMIT,13,0,0,0,0.07692307692307693,1.0,1.4591217041015625,9
blend_a05+APA+ResGCN,A3_feature_calc_error,medium_real,14,FEAT_VOL20_STOCK_2_PRICE,REPORT_LIMIT,12,0,0,0,0.08333333333333333,1.0,1.344919204711914,9
blend_a05+APA+ResGCN,A3_feature_calc_error,medium_real,15,FEAT_VOL20_STOCK_12_PRICE,REPORT_LIMIT,11,0,0,0,0.09090909090909091,1.0,1.3670921325683594,9
blend_a05+APA+ResGCN,A3_feature_calc_error,medium_real,16,FEAT_VOL20_STOCK_7_PRICE,REPORT_LIMIT,10,0,0,0,0.1,1.0,1.5048980712890625,9
blend_a05+APA+ResGCN,A3_feature_calc_error,medium_real,17,FEAT_VOL20_STOCK_9_PRICE,REPORT_LIMIT,6,0,0,0,0.16666666666666666,1.0,1.6613006591796875,9
blend_a05+APA+ResGCN,A3_feature_calc_error,medium_real,18,FEAT_VOL20_STOCK_11_PRICE,REPORT_LIMIT,12,0,0,0,0.08333333333333333,1.0,1.3875961303710938,9
blend_a05+APA+ResGCN,A3_feature_calc_error,medium_real,19,FEAT_VOL20_STOCK_8_PRICE,REPORT_LIMIT,10,0,0,0,0.1,1.0,1.4541149139404297,9
blend_a05+APA+ResGCN,A3_feature_calc_error,medium_real,20,FEAT_VOL20_STOCK_11_PRICE,REPORT_LIMIT,12,0,0,0,0.08333333333333333,1.0,1.4121532440185547,9
blend_a05+APA+ResGCN,A3_feature_calc_error,medium_real,21,FEAT_VOL20_STOCK_4_PRICE,REPORT_LIMIT,11,0,0,0,0.09090909090909091,1.0,1.4300346374511719,9
blend_a05+APA+ResGCN,A3_feature_calc_error,medium_real,22,FEAT_VOL20_STOCK_10_PRICE,REPORT_LIMIT,13,0,0,0,0.07692307692307693,1.0,1.5392303466796875,9
blend_a05+APA+ResGCN,A3_feature_calc_error,medium_real,23,FEAT_VOL20_STOCK_1_PRICE,REPORT_LIMIT,10,0,0,0,0.1,1.0,1.5177726745605469,9
blend_a05+APA+ResGCN,A3_feature_calc_error,medium_real,24,FEAT_VOL20_STOCK_5_PRICE,REPORT_LIMIT,10,0,0,0,0.1,1.0,1.3668537139892578,9
blend_a05+APA+ResGCN,A3_feature_calc_error,medium_real,25,FEAT_VOL20_STOCK_7_PRICE,REPORT_LIMIT,10,0,0,0,0.1,1.0,1.8000602722167969,9
blend_a05+APA+ResGCN,A3_feature_calc_error,medium_real,26,FEAT_VOL20_STOCK_11_PRICE,REPORT_LIMIT,12,0,0,0,0.08333333333333333,1.0,1.3759136199951172,9
blend_a05+APA+ResGCN,A3_feature_calc_error,medium_real,27,FEAT_VOL20_STOCK_1_PRICE,REPORT_LIMIT,10,0,0,0,0.1,1.0,1.3811588287353516,9
blend_a05+APA+ResGCN,A3_feature_calc_error,medium_real,28,FEAT_VOL20_STOCK_8_PRICE,REPORT_LIMIT,10,0,0,0,0.1,1.0,1.4300346374511719,9
blend_a05+APA+ResGCN,A3_feature_calc_error,medium_real,29,FEAT_VOL20_STOCK_12_PRICE,REPORT_LIMIT,11,0,0,0,0.09090909090909091,1.0,1.325845718383789,9
blend_a05+APA+ResGCN,A4_aggregation_error,medium_real,0,FEAT_SECTOR_B,REPORT_LIMIT,101,0,0,0,0.009900990099009901,1.0,1.4290809631347656,9
blend_a05+APA+ResGCN,A4_aggregation_error,medium_real,1,FEAT_SECTOR_A,REPORT_LIMIT,102,0,0,0,0.00980392156862745,1.0,1.344919204711914,9
blend_a05+APA+ResGCN,A4_aggregation_error,medium_real,2,FEAT_SECTOR_B,REPORT_LIMIT,101,0,0,0,0.009900990099009901,1.0,1.3871192932128906,9
blend_a05+APA+ResGCN,A4_aggregation_error,medium_real,3,FEAT_SECTOR_B,REPORT_LIMIT,101,0,0,0,0.009900990099009901,1.0,1.4491081237792969,9
blend_a05+APA+ResGCN,A4_aggregation_error,medium_real,4,FEAT_SECTOR_B,REPORT_LIMIT,101,0,0,0,0.009900990099009901,1.0,1.348257064819336,9
blend_a05+APA+ResGCN,A4_aggregation_error,medium_real,5,FEAT_SECTOR_B,REPORT_LIMIT,101,0,0,0,0.009900990099009901,1.0,1.3880729675292969,9
blend_a05+APA+ResGCN,A4_aggregation_error,medium_real,6,FEAT_SECTOR_A,REPORT_LIMIT,102,0,0,0,0.00980392156862745,1.0,1.3346672058105469,9
blend_a05+APA+ResGCN,A4_aggregation_error,medium_real,7,FEAT_SECTOR_B,REPORT_LIMIT,101,0,0,0,0.009900990099009901,1.0,1.4209747314453125,9
blend_a05+APA+ResGCN,A4_aggregation_error,medium_real,8,FEAT_SECTOR_B,REPORT_LIMIT,101,0,0,0,0.009900990099009901,1.0,1.6198158264160156,9
blend_a05+APA+ResGCN,A4_aggregation_error,medium_real,9,FEAT_SECTOR_A,REPORT_LIMIT,102,0,0,0,0.00980392156862745,1.0,1.5308856964111328,9
blend_a05+APA+ResGCN,A4_aggregation_error,medium_real,10,FEAT_SECTOR_B,REPORT_LIMIT,101,0,0,0,0.009900990099009901,1.0,1.4309883117675781,9
blend_a05+APA+ResGCN,A4_aggregation_error,medium_real,11,FEAT_SECTOR_A,REPORT_LIMIT,101,0,0,0,0.009900990099009901,1.0,1.4257431030273438,9
blend_a05+APA+ResGCN,A4_aggregation_error,medium_real,12,FEAT_SECTOR_B,REPORT_LIMIT,102,0,0,0,0.00980392156862745,1.0,1.4400482177734375,9
blend_a05+APA+ResGCN,A4_aggregation_error,medium_real,13,FEAT_SECTOR_B,REPORT_LIMIT,101,0,0,0,0.009900990099009901,1.0,1.3620853424072266,9
blend_a05+APA+ResGCN,A4_aggregation_error,medium_real,14,FEAT_SECTOR_A,REPORT_LIMIT,101,0,0,0,0.009900990099009901,1.0,1.6999244689941406,9
blend_a05+APA+ResGCN,A4_aggregation_error,medium_real,15,FEAT_SECTOR_B,REPORT_LIMIT,101,0,0,0,0.009900990099009901,1.0,1.7399787902832031,9
blend_a05+APA+ResGCN,A4_aggregation_error,medium_real,16,FEAT_SECTOR_B,REPORT_LIMIT,102,0,0,0,0.00980392156862745,1.0,1.730203628540039,9
blend_a05+APA+ResGCN,A4_aggregation_error,medium_real,17,FEAT_SECTOR_B,REPORT_LIMIT,101,0,0,0,0.009900990099009901,1.0,1.728057861328125,9
blend_a05+APA+ResGCN,A4_aggregation_error,medium_real,18,FEAT_SECTOR_B,REPORT_LIMIT,101,0,0,0,0.009900990099009901,1.0,1.750946044921875,9
blend_a05+APA+ResGCN,A4_aggregation_error,medium_real,19,FEAT_SECTOR_B,REPORT_LIMIT,102,0,0,0,0.00980392156862745,1.0,1.744985580444336,9
blend_a05+APA+ResGCN,A4_aggregation_error,medium_real,20,FEAT_SECTOR_B,REPORT_LIMIT,101,0,0,0,0.009900990099009901,1.0,1.3570785522460938,9
blend_a05+APA+ResGCN,A4_aggregation_error,medium_real,21,FEAT_SECTOR_A,REPORT_LIMIT,101,0,0,0,0.009900990099009901,1.0,1.3608932495117188,9
blend_a05+APA+ResGCN,A4_aggregation_error,medium_real,22,FEAT_SECTOR_B,REPORT_LIMIT,101,0,0,0,0.009900990099009901,1.0,1.3570785522460938,9
blend_a05+APA+ResGCN,A4_aggregation_error,medium_real,23,FEAT_SECTOR_A,REPORT_LIMIT,101,0,0,0,0.009900990099009901,1.0,1.3282299041748047,9
blend_a05+APA+ResGCN,A4_aggregation_error,medium_real,24,FEAT_SECTOR_A,REPORT_LIMIT,102,0,0,0,0.00980392156862745,1.0,1.3539791107177734,9
blend_a05+APA+ResGCN,A4_aggregation_error,medium_real,25,FEAT_SECTOR_B,REPORT_LIMIT,102,0,0,0,0.00980392156862745,1.0,1.4040470123291016,9
blend_a05+APA+ResGCN,A4_aggregation_error,medium_real,26,FEAT_SECTOR_B,REPORT_LIMIT,101,0,0,0,0.009900990099009901,1.0,1.331329345703125,9
blend_a05+APA+ResGCN,A4_aggregation_error,medium_real,27,FEAT_SECTOR_A,REPORT_LIMIT,101,0,0,0,0.009900990099009901,1.0,1.3213157653808594,9
blend_a05+APA+ResGCN,A4_aggregation_error,medium_real,28,FEAT_SECTOR_B,REPORT_LIMIT,102,0,0,0,0.00980392156862745,1.0,1.3778209686279297,9
blend_a05+APA+ResGCN,A4_aggregation_error,medium_real,29,FEAT_SECTOR_B,REPORT_LIMIT,101,0,0,0,0.009900990099009901,1.0,1.3239383697509766,9
blend_a05+APA+ResGCN,A5_downstream_masking,medium_real,0,SRC_STOCK_11_PRICE,REPORT_LIMIT,5,0,0,1,0.2,0.8,1.3370513916015625,9
blend_a05+APA+ResGCN,A5_downstream_masking,medium_real,1,SRC_STOCK_6_PRICE,REPORT_LIMIT,3,0,1,1,0.3333333333333333,0.8,1.6827583312988281,9
blend_a05+APA+ResGCN,A5_downstream_masking,medium_real,2,SRC_STOCK_11_PRICE,REPORT_LIMIT,3,0,1,1,0.3333333333333333,0.8,1.3496875762939453,9
blend_a05+APA+ResGCN,A5_downstream_masking,medium_real,3,SRC_STOCK_10_PRICE,REPORT_LIMIT,3,0,1,1,0.3333333333333333,0.8,1.363992691040039,9
blend_a05+APA+ResGCN,A5_downstream_masking,medium_real,4,SRC_STOCK_9_PRICE,REPORT_LIMIT,1,1,1,1,1.0,0.8,1.3279914855957031,9
blend_a05+APA+ResGCN,A5_downstream_masking,medium_real,5,SRC_STOCK_9_PRICE,REPORT_LIMIT,1,1,1,1,1.0,0.8,1.3229846954345703,9
blend_a05+APA+ResGCN,A5_downstream_masking,medium_real,6,SRC_STOCK_6_PRICE,REPORT_LIMIT,3,0,1,1,0.3333333333333333,0.8,1.3289451599121094,9
blend_a05+APA+ResGCN,A5_downstream_masking,medium_real,7,SRC_STOCK_12_PRICE,REPORT_LIMIT,2,0,1,1,0.5,0.8,1.3298988342285156,9
blend_a05+APA+ResGCN,A5_downstream_masking,medium_real,8,SRC_STOCK_9_PRICE,REPORT_LIMIT,1,1,1,1,1.0,0.8,1.3971328735351562,9
blend_a05+APA+ResGCN,A5_downstream_masking,medium_real,9,SRC_STOCK_6_PRICE,REPORT_LIMIT,3,0,1,1,0.3333333333333333,0.8,1.3508796691894531,9
blend_a05+APA+ResGCN,A5_downstream_masking,medium_real,10,SRC_STOCK_10_PRICE,REPORT_LIMIT,3,0,1,1,0.3333333333333333,0.8,1.3320446014404297,9
blend_a05+APA+ResGCN,A5_downstream_masking,medium_real,11,SRC_STOCK_2_PRICE,REPORT_LIMIT,3,0,1,1,0.3333333333333333,0.8,1.3499259948730469,9
blend_a05+APA+ResGCN,A5_downstream_masking,medium_real,12,SRC_STOCK_8_PRICE,REPORT_LIMIT,3,0,1,1,0.3333333333333333,0.8,1.3589859008789062,9
blend_a05+APA+ResGCN,A5_downstream_masking,medium_real,13,SRC_STOCK_11_PRICE,REPORT_LIMIT,5,0,0,1,0.2,0.8,1.3790130615234375,9
blend_a05+APA+ResGCN,A5_downstream_masking,medium_real,14,SRC_STOCK_2_PRICE,REPORT_LIMIT,3,0,1,1,0.3333333333333333,0.8,1.7180442810058594,9
blend_a05+APA+ResGCN,A5_downstream_masking,medium_real,15,SRC_STOCK_12_PRICE,REPORT_LIMIT,2,0,1,1,0.5,0.8,1.6949176788330078,9
blend_a05+APA+ResGCN,A5_downstream_masking,medium_real,16,SRC_STOCK_7_PRICE,REPORT_LIMIT,3,0,1,1,0.3333333333333333,0.8,1.7328262329101562,9
blend_a05+APA+ResGCN,A5_downstream_masking,medium_real,17,SRC_STOCK_9_PRICE,REPORT_LIMIT,1,1,1,1,1.0,0.8,1.3699531555175781,9
blend_a05+APA+ResGCN,A5_downstream_masking,medium_real,18,SRC_STOCK_11_PRICE,REPORT_LIMIT,5,0,0,1,0.2,0.8,1.3718605041503906,9
blend_a05+APA+ResGCN,A5_downstream_masking,medium_real,19,SRC_STOCK_8_PRICE,REPORT_LIMIT,3,0,1,1,0.3333333333333333,0.8,1.711130142211914,9
blend_a05+APA+ResGCN,A5_downstream_masking,medium_real,20,SRC_STOCK_11_PRICE,REPORT_LIMIT,5,0,0,1,0.2,0.8,1.4252662658691406,9
blend_a05+APA+ResGCN,A5_downstream_masking,medium_real,21,SRC_STOCK_4_PRICE,REPORT_LIMIT,3,0,1,1,0.3333333333333333,0.8,1.3439655303955078,9
blend_a05+APA+ResGCN,A5_downstream_masking,medium_real,22,SRC_STOCK_10_PRICE,REPORT_LIMIT,3,0,1,1,0.3333333333333333,0.8,1.3577938079833984,9
blend_a05+APA+ResGCN,A5_downstream_masking,medium_real,23,SRC_STOCK_1_PRICE,REPORT_LIMIT,4,0,0,1,0.25,0.8,1.405954360961914,9
blend_a05+APA+ResGCN,A5_downstream_masking,medium_real,24,SRC_STOCK_5_PRICE,REPORT_LIMIT,3,0,1,1,0.3333333333333333,0.8,1.3461112976074219,9
blend_a05+APA+ResGCN,A5_downstream_masking,medium_real,25,SRC_STOCK_7_PRICE,REPORT_LIMIT,3,0,1,1,0.3333333333333333,0.8,1.7619132995605469,9
blend_a05+APA+ResGCN,A5_downstream_masking,medium_real,26,SRC_STOCK_11_PRICE,REPORT_LIMIT,5,0,0,1,0.2,0.8,1.3499259948730469,9
blend_a05+APA+ResGCN,A5_downstream_masking,medium_real,27,SRC_STOCK_1_PRICE,REPORT_LIMIT,23,0,0,0,0.043478260869565216,1.0,1.7042160034179688,9
blend_a05+APA+ResGCN,A5_downstream_masking,medium_real,28,SRC_STOCK_8_PRICE,REPORT_LIMIT,3,0,1,1,0.3333333333333333,0.8,1.676797866821289,9
blend_a05+APA+ResGCN,A5_downstream_masking,medium_real,29,SRC_STOCK_12_PRICE,REPORT_LIMIT,2,0,1,1,0.5,0.8,1.4159679412841797,9
blend_a05+APA+ResGCN,A6_multi_source,medium_real,0,SRC_STOCK_8_PRICE,REPORT_LIMIT,1,1,1,1,1.0,0.8,1.6942024230957031,9
blend_a05+APA+ResGCN,A6_multi_source,medium_real,1,SRC_STOCK_6_PRICE,REPORT_LIMIT,1,1,1,1,1.0,0.8,1.3709068298339844,9
blend_a05+APA+ResGCN,A6_multi_source,medium_real,2,SRC_STOCK_3_PRICE,REPORT_LIMIT,1,1,1,1,1.0,0.8,1.341104507446289,9
blend_a05+APA+ResGCN,A6_multi_source,medium_real,3,SRC_STOCK_1_PRICE,REPORT_LIMIT,1,1,1,1,1.0,0.8,1.3668537139892578,9
blend_a05+APA+ResGCN,A6_multi_source,medium_real,4,SRC_STOCK_8_PRICE,REPORT_LIMIT,1,1,1,1,1.0,0.8,1.3508796691894531,9
blend_a05+APA+ResGCN,A6_multi_source,medium_real,5,SRC_STOCK_9_PRICE,REPORT_LIMIT,1,1,1,1,1.0,0.8,1.3527870178222656,9
blend_a05+APA+ResGCN,A6_multi_source,medium_real,6,SRC_STOCK_5_PRICE,REPORT_LIMIT,2,0,1,1,0.5,0.8,1.3952255249023438,9
blend_a05+APA+ResGCN,A6_multi_source,medium_real,7,SRC_STOCK_10_PRICE,REPORT_LIMIT,2,0,1,1,0.5,0.8,1.3070106506347656,9
blend_a05+APA+ResGCN,A6_multi_source,medium_real,8,SRC_STOCK_4_PRICE,REPORT_LIMIT,2,0,1,1,0.5,0.8,1.287221908569336,9
blend_a05+APA+ResGCN,A6_multi_source,medium_real,9,SRC_STOCK_10_PRICE,REPORT_LIMIT,2,0,1,1,0.5,0.8,1.6970634460449219,9
blend_a05+APA+ResGCN,A6_multi_source,medium_real,10,SRC_STOCK_4_PRICE,REPORT_LIMIT,1,1,1,1,1.0,0.8,1.3818740844726562,9
blend_a05+APA+ResGCN,A6_multi_source,medium_real,11,SRC_STOCK_2_PRICE,REPORT_LIMIT,1,1,1,1,1.0,0.8,1.3511180877685547,9
blend_a05+APA+ResGCN,A6_multi_source,medium_real,12,SRC_STOCK_3_PRICE,REPORT_LIMIT,2,0,1,1,0.5,0.8,4.471063613891602,9
blend_a05+APA+ResGCN,A6_multi_source,medium_real,13,SRC_STOCK_10_PRICE,REPORT_LIMIT,2,0,1,1,0.5,0.8,1.7559528350830078,9
blend_a05+APA+ResGCN,A6_multi_source,medium_real,14,SRC_STOCK_8_PRICE,REPORT_LIMIT,1,1,1,1,1.0,0.8,1.4050006866455078,9
blend_a05+APA+ResGCN,A6_multi_source,medium_real,15,SRC_STOCK_8_PRICE,REPORT_LIMIT,1,1,1,1,1.0,0.8,1.3289451599121094,9
blend_a05+APA+ResGCN,A6_multi_source,medium_real,16,SRC_STOCK_6_PRICE,REPORT_LIMIT,1,1,1,1,1.0,0.8,1.3267993927001953,9
blend_a05+APA+ResGCN,A6_multi_source,medium_real,17,SRC_STOCK_10_PRICE,REPORT_LIMIT,2,0,1,1,0.5,0.8,1.3082027435302734,9
blend_a05+APA+ResGCN,A6_multi_source,medium_real,18,SRC_STOCK_9_PRICE,REPORT_LIMIT,1,1,1,1,1.0,0.8,1.3358592987060547,9
blend_a05+APA+ResGCN,A6_multi_source,medium_real,19,SRC_STOCK_5_PRICE,REPORT_LIMIT,1,1,1,1,1.0,0.8,1.3251304626464844,9
blend_a05+APA+ResGCN,A6_multi_source,medium_real,20,SRC_STOCK_9_PRICE,REPORT_LIMIT,1,1,1,1,1.0,0.8,1.3430118560791016,9
blend_a05+APA+ResGCN,A6_multi_source,medium_real,21,SRC_STOCK_5_PRICE,REPORT_LIMIT,1,1,1,1,1.0,0.8,1.4030933380126953,9
blend_a05+APA+ResGCN,A6_multi_source,medium_real,22,SRC_STOCK_12_PRICE,REPORT_LIMIT,1,1,1,1,1.0,0.8,1.3988018035888672,9
blend_a05+APA+ResGCN,A6_multi_source,medium_real,23,SRC_STOCK_6_PRICE,REPORT_LIMIT,1,1,1,1,1.0,0.8,1.3527870178222656,9
blend_a05+APA+ResGCN,A6_multi_source,medium_real,24,SRC_STOCK_4_PRICE,REPORT_LIMIT,1,1,1,1,1.0,0.8,1.3420581817626953,9
blend_a05+APA+ResGCN,A6_multi_source,medium_real,25,SRC_STOCK_2_PRICE,REPORT_LIMIT,2,0,1,1,0.5,0.8,1.3501644134521484,9
blend_a05+APA+ResGCN,A6_multi_source,medium_real,26,SRC_STOCK_6_PRICE,REPORT_LIMIT,1,1,1,1,1.0,0.8,1.3859272003173828,9
blend_a05+APA+ResGCN,A6_multi_source,medium_real,27,SRC_STOCK_3_PRICE,REPORT_LIMIT,3,0,1,1,0.3333333333333333,0.8,1.3151168823242188,9
blend_a05+APA+ResGCN,A6_multi_source,medium_real,28,SRC_STOCK_7_PRICE,REPORT_LIMIT,1,1,1,1,1.0,0.8,1.3399124145507812,9
blend_a05+APA+ResGCN,A6_multi_source,medium_real,29,SRC_STOCK_8_PRICE,REPORT_LIMIT,1,1,1,1,1.0,0.8,1.68609619140625,9
blend_a05+APA+ResGCN,A7_coincidental,medium_real,0,SRC_STOCK_11_PRICE,REPORT_LIMIT,2,0,1,1,0.5,0.8,1.3489723205566406,9
blend_a05+APA+ResGCN,A7_coincidental,medium_real,1,SRC_STOCK_6_PRICE,REPORT_LIMIT,2,0,1,1,0.5,0.8,1.325845718383789,9
blend_a05+APA+ResGCN,A7_coincidental,medium_real,2,SRC_STOCK_11_PRICE,REPORT_LIMIT,2,0,1,1,0.5,0.8,1.3158321380615234,9
blend_a05+APA+ResGCN,A7_coincidental,medium_real,3,SRC_STOCK_10_PRICE,REPORT_LIMIT,2,0,1,1,0.5,0.8,1.3439655303955078,9
blend_a05+APA+ResGCN,A7_coincidental,medium_real,4,SRC_STOCK_9_PRICE,REPORT_LIMIT,1,1,1,1,1.0,0.8,1.3189315795898438,9
blend_a05+APA+ResGCN,A7_coincidental,medium_real,5,SRC_STOCK_9_PRICE,REPORT_LIMIT,2,0,1,1,0.5,0.8,1.3420581817626953,9
blend_a05+APA+ResGCN,A7_coincidental,medium_real,6,SRC_STOCK_6_PRICE,REPORT_LIMIT,2,0,1,1,0.5,0.8,1.6398429870605469,9
blend_a05+APA+ResGCN,A7_coincidental,medium_real,7,SRC_STOCK_12_PRICE,REPORT_LIMIT,1,1,1,1,1.0,0.8,1.6560554504394531,9
blend_a05+APA+ResGCN,A7_coincidental,medium_real,8,SRC_STOCK_9_PRICE,REPORT_LIMIT,2,0,1,1,0.5,0.8,1.8167495727539062,9
blend_a05+APA+ResGCN,A7_coincidental,medium_real,9,SRC_STOCK_6_PRICE,REPORT_LIMIT,2,0,1,1,0.5,0.8,1.371145248413086,9
blend_a05+APA+ResGCN,A7_coincidental,medium_real,10,SRC_STOCK_10_PRICE,REPORT_LIMIT,2,0,1,1,0.5,0.8,1.3129711151123047,9
blend_a05+APA+ResGCN,A7_coincidental,medium_real,11,SRC_STOCK_2_PRICE,REPORT_LIMIT,2,0,1,1,0.5,0.8,1.3031959533691406,9
blend_a05+APA+ResGCN,A7_coincidental,medium_real,12,SRC_STOCK_8_PRICE,REPORT_LIMIT,2,0,1,1,0.5,0.8,1.3499259948730469,9
blend_a05+APA+ResGCN,A7_coincidental,medium_real,13,SRC_STOCK_11_PRICE,REPORT_LIMIT,2,0,1,1,0.5,0.8,1.3518333435058594,9
blend_a05+APA+ResGCN,A7_coincidental,medium_real,14,SRC_STOCK_2_PRICE,REPORT_LIMIT,2,0,1,1,0.5,0.8,1.3358592987060547,9
blend_a05+APA+ResGCN,A7_coincidental,medium_real,15,SRC_STOCK_12_PRICE,REPORT_LIMIT,1,1,1,1,1.0,0.8,1.3048648834228516,9
blend_a05+APA+ResGCN,A7_coincidental,medium_real,16,SRC_STOCK_7_PRICE,REPORT_LIMIT,2,0,1,1,0.5,0.8,1.6481876373291016,9
blend_a05+APA+ResGCN,A7_coincidental,medium_real,17,SRC_STOCK_9_PRICE,REPORT_LIMIT,2,0,1,1,0.5,0.8,1.310110092163086,9
blend_a05+APA+ResGCN,A7_coincidental,medium_real,18,SRC_STOCK_11_PRICE,REPORT_LIMIT,2,0,1,1,0.5,0.8,1.3310909271240234,9
blend_a05+APA+ResGCN,A7_coincidental,medium_real,19,SRC_STOCK_8_PRICE,REPORT_LIMIT,2,0,1,1,0.5,0.8,1.3430118560791016,9
blend_a05+APA+ResGCN,A7_coincidental,medium_real,20,SRC_STOCK_11_PRICE,REPORT_LIMIT,2,0,1,1,0.5,0.8,1.3289451599121094,9
blend_a05+APA+ResGCN,A7_coincidental,medium_real,21,SRC_STOCK_4_PRICE,REPORT_LIMIT,2,0,1,1,0.5,0.8,1.355886459350586,9
blend_a05+APA+ResGCN,A7_coincidental,medium_real,22,SRC_STOCK_10_PRICE,REPORT_LIMIT,2,0,1,1,0.5,0.8,1.329183578491211,9
blend_a05+APA+ResGCN,A7_coincidental,medium_real,23,SRC_STOCK_1_PRICE,REPORT_LIMIT,2,0,1,1,0.5,0.8,1.3251304626464844,9
blend_a05+APA+ResGCN,A7_coincidental,medium_real,24,SRC_STOCK_5_PRICE,REPORT_LIMIT,2,0,1,1,0.5,0.8,1.3649463653564453,9
blend_a05+APA+ResGCN,A7_coincidental,medium_real,25,SRC_STOCK_7_PRICE,REPORT_LIMIT,2,0,1,1,0.5,0.8,1.3310909271240234,9
blend_a05+APA+ResGCN,A7_coincidental,medium_real,26,SRC_STOCK_11_PRICE,REPORT_LIMIT,2,0,1,1,0.5,0.8,1.31988525390625,9
blend_a05+APA+ResGCN,A7_coincidental,medium_real,27,SRC_STOCK_1_PRICE,REPORT_LIMIT,2,0,1,1,0.5,0.8,1.3759136199951172,9
blend_a05+APA+ResGCN,A7_coincidental,medium_real,28,SRC_STOCK_8_PRICE,REPORT_LIMIT,2,0,1,1,0.5,0.8,1.3167858123779297,9
blend_a05+APA+ResGCN,A7_coincidental,medium_real,29,SRC_STOCK_12_PRICE,REPORT_LIMIT,2,0,1,1,0.5,0.8,1.3260841369628906,9
blend_a07+APA+ResGCN,A1_source_corruption,medium_real,0,SRC_STOCK_11_PRICE,REPORT_REG_VAR,1,1,1,1,1.0,0.8,1.2879371643066406,9
blend_a07+APA+ResGCN,A1_source_corruption,medium_real,1,SRC_STOCK_6_PRICE,REPORT_REG_VAR,1,1,1,1,1.0,0.8,1.6999244689941406,9
blend_a07+APA+ResGCN,A1_source_corruption,medium_real,2,SRC_STOCK_11_PRICE,REPORT_REG_VAR,1,1,1,1,1.0,0.8,1.3058185577392578,9
blend_a07+APA+ResGCN,A1_source_corruption,medium_real,3,SRC_STOCK_10_PRICE,REPORT_REG_VAR,1,1,1,1,1.0,0.8,1.2969970703125,9
blend_a07+APA+ResGCN,A1_source_corruption,medium_real,4,SRC_STOCK_9_PRICE,REPORT_REG_VAR,1,1,1,1,1.0,0.8,2.007722854614258,9
blend_a07+APA+ResGCN,A1_source_corruption,medium_real,5,SRC_STOCK_9_PRICE,REPORT_REG_VAR,1,1,1,1,1.0,0.8,1.7571449279785156,9
blend_a07+APA+ResGCN,A1_source_corruption,medium_real,6,SRC_STOCK_6_PRICE,REPORT_REG_VAR,1,1,1,1,1.0,0.8,1.7948150634765625,9
blend_a07+APA+ResGCN,A1_source_corruption,medium_real,7,SRC_STOCK_12_PRICE,REPORT_REG_VAR,1,1,1,1,1.0,0.8,1.8410682678222656,9
blend_a07+APA+ResGCN,A1_source_corruption,medium_real,8,SRC_STOCK_9_PRICE,REPORT_REG_VAR,1,1,1,1,1.0,0.8,1.316070556640625,9
blend_a07+APA+ResGCN,A1_source_corruption,medium_real,9,SRC_STOCK_6_PRICE,REPORT_REG_VAR,1,1,1,1,1.0,0.8,1.3229846954345703,9
blend_a07+APA+ResGCN,A1_source_corruption,medium_real,10,SRC_STOCK_10_PRICE,REPORT_REG_VAR,1,1,1,1,1.0,0.8,1.7838478088378906,9
blend_a07+APA+ResGCN,A1_source_corruption,medium_real,11,SRC_STOCK_2_PRICE,REPORT_REG_VAR,1,1,1,1,1.0,0.8,1.3279914855957031,9
blend_a07+APA+ResGCN,A1_source_corruption,medium_real,12,SRC_STOCK_8_PRICE,REPORT_REG_VAR,1,1,1,1,1.0,0.8,1.3439655303955078,9
blend_a07+APA+ResGCN,A1_source_corruption,medium_real,13,SRC_STOCK_11_PRICE,REPORT_REG_VAR,1,1,1,1,1.0,0.8,1.3179779052734375,9
blend_a07+APA+ResGCN,A1_source_corruption,medium_real,14,SRC_STOCK_2_PRICE,REPORT_REG_VAR,1,1,1,1,1.0,0.8,1.3377666473388672,9
blend_a07+APA+ResGCN,A1_source_corruption,medium_real,15,SRC_STOCK_12_PRICE,REPORT_REG_VAR,1,1,1,1,1.0,0.8,1.3377666473388672,9
blend_a07+APA+ResGCN,A1_source_corruption,medium_real,16,SRC_STOCK_7_PRICE,REPORT_REG_VAR,1,1,1,1,1.0,0.8,1.3420581817626953,9
blend_a07+APA+ResGCN,A1_source_corruption,medium_real,17,SRC_STOCK_9_PRICE,REPORT_REG_VAR,1,1,1,1,1.0,0.8,1.45721435546875,9
blend_a07+APA+ResGCN,A1_source_corruption,medium_real,18,SRC_STOCK_11_PRICE,REPORT_REG_VAR,1,1,1,1,1.0,0.8,1.355886459350586,9
blend_a07+APA+ResGCN,A1_source_corruption,medium_real,19,SRC_STOCK_8_PRICE,REPORT_REG_VAR,1,1,1,1,1.0,0.8,1.3179779052734375,9
blend_a07+APA+ResGCN,A1_source_corruption,medium_real,20,SRC_STOCK_11_PRICE,REPORT_REG_VAR,1,1,1,1,1.0,0.8,1.316070556640625,9
blend_a07+APA+ResGCN,A1_source_corruption,medium_real,21,SRC_STOCK_4_PRICE,REPORT_REG_VAR,1,1,1,1,1.0,0.8,1.3191699981689453,9
blend_a07+APA+ResGCN,A1_source_corruption,medium_real,22,SRC_STOCK_10_PRICE,REPORT_REG_VAR,1,1,1,1,1.0,0.8,1.31988525390625,9
blend_a07+APA+ResGCN,A1_source_corruption,medium_real,23,SRC_STOCK_1_PRICE,REPORT_REG_VAR,1,1,1,1,1.0,0.8,1.3229846954345703,9
blend_a07+APA+ResGCN,A1_source_corruption,medium_real,24,SRC_STOCK_5_PRICE,REPORT_REG_VAR,1,1,1,1,1.0,0.8,1.3797283172607422,9
blend_a07+APA+ResGCN,A1_source_corruption,medium_real,25,SRC_STOCK_7_PRICE,REPORT_REG_VAR,1,1,1,1,1.0,0.8,1.3439655303955078,9
blend_a07+APA+ResGCN,A1_source_corruption,medium_real,26,SRC_STOCK_11_PRICE,REPORT_REG_VAR,1,1,1,1,1.0,0.8,1.3458728790283203,9
blend_a07+APA+ResGCN,A1_source_corruption,medium_real,27,SRC_STOCK_1_PRICE,REPORT_REG_VAR,1,1,1,1,1.0,0.8,1.355886459350586,9
blend_a07+APA+ResGCN,A1_source_corruption,medium_real,28,SRC_STOCK_8_PRICE,REPORT_REG_VAR,1,1,1,1,1.0,0.8,1.3759136199951172,9
blend_a07+APA+ResGCN,A1_source_corruption,medium_real,29,SRC_STOCK_12_PRICE,REPORT_REG_VAR,1,1,1,1,1.0,0.8,1.3561248779296875,9
blend_a07+APA+ResGCN,A2_etl_logic_error,medium_real,0,ETL_FX_STOCK_11_PRICE,REPORT_REG_VAR,52,0,0,0,0.019230769230769232,1.0,1.3620853424072266,9
blend_a07+APA+ResGCN,A2_etl_logic_error,medium_real,1,ETL_FX_STOCK_6_PRICE,REPORT_REG_VAR,52,0,0,0,0.019230769230769232,1.0,1.7719268798828125,9
blend_a07+APA+ResGCN,A2_etl_logic_error,medium_real,2,ETL_FX_STOCK_11_PRICE,REPORT_REG_VAR,52,0,0,0,0.019230769230769232,1.0,1.3608932495117188,9
blend_a07+APA+ResGCN,A2_etl_logic_error,medium_real,3,ETL_FX_STOCK_10_PRICE,REPORT_REG_VAR,52,0,0,0,0.019230769230769232,1.0,1.3210773468017578,9
blend_a07+APA+ResGCN,A2_etl_logic_error,medium_real,4,ETL_FX_STOCK_9_PRICE,REPORT_REG_VAR,53,0,0,0,0.018867924528301886,1.0,1.3811588287353516,9
blend_a07+APA+ResGCN,A2_etl_logic_error,medium_real,5,ETL_FX_STOCK_9_PRICE,REPORT_REG_VAR,53,0,0,0,0.018867924528301886,1.0,1.3880729675292969,9
blend_a07+APA+ResGCN,A2_etl_logic_error,medium_real,6,ETL_FX_STOCK_6_PRICE,REPORT_REG_VAR,52,0,0,0,0.019230769230769232,1.0,1.3172626495361328,9
blend_a07+APA+ResGCN,A2_etl_logic_error,medium_real,7,ETL_FX_STOCK_12_PRICE,REPORT_REG_VAR,53,0,0,0,0.018867924528301886,1.0,1.3191699981689453,9
blend_a07+APA+ResGCN,A2_etl_logic_error,medium_real,8,ETL_FX_STOCK_9_PRICE,REPORT_REG_VAR,53,0,0,0,0.018867924528301886,1.0,1.3499259948730469,9
blend_a07+APA+ResGCN,A2_etl_logic_error,medium_real,9,ETL_FX_STOCK_6_PRICE,REPORT_REG_VAR,52,0,0,0,0.019230769230769232,1.0,1.316070556640625,9
blend_a07+APA+ResGCN,A2_etl_logic_error,medium_real,10,ETL_FX_STOCK_10_PRICE,REPORT_REG_VAR,52,0,0,0,0.019230769230769232,1.0,1.3070106506347656,9
blend_a07+APA+ResGCN,A2_etl_logic_error,medium_real,11,ETL_FX_STOCK_2_PRICE,REPORT_REG_VAR,52,0,0,0,0.019230769230769232,1.0,1.3470649719238281,9
blend_a07+APA+ResGCN,A2_etl_logic_error,medium_real,12,ETL_FX_STOCK_8_PRICE,REPORT_REG_VAR,53,0,0,0,0.018867924528301886,1.0,1.332998275756836,9
blend_a07+APA+ResGCN,A2_etl_logic_error,medium_real,13,ETL_FX_STOCK_11_PRICE,REPORT_REG_VAR,52,0,0,0,0.019230769230769232,1.0,1.3151168823242188,9
blend_a07+APA+ResGCN,A2_etl_logic_error,medium_real,14,ETL_FX_STOCK_2_PRICE,REPORT_REG_VAR,52,0,0,0,0.019230769230769232,1.0,1.3420581817626953,9
blend_a07+APA+ResGCN,A2_etl_logic_error,medium_real,15,ETL_FX_STOCK_12_PRICE,REPORT_REG_VAR,53,0,0,0,0.018867924528301886,1.0,1.325845718383789,9
blend_a07+APA+ResGCN,A2_etl_logic_error,medium_real,16,ETL_FX_STOCK_7_PRICE,REPORT_REG_VAR,52,0,0,0,0.019230769230769232,1.0,1.3511180877685547,9
blend_a07+APA+ResGCN,A2_etl_logic_error,medium_real,17,ETL_FX_STOCK_9_PRICE,REPORT_REG_VAR,53,0,0,0,0.018867924528301886,1.0,1.3282299041748047,9
blend_a07+APA+ResGCN,A2_etl_logic_error,medium_real,18,ETL_FX_STOCK_11_PRICE,REPORT_REG_VAR,52,0,0,0,0.019230769230769232,1.0,1.3623237609863281,9
blend_a07+APA+ResGCN,A2_etl_logic_error,medium_real,19,ETL_FX_STOCK_8_PRICE,REPORT_REG_VAR,53,0,0,0,0.018867924528301886,1.0,1.7330646514892578,9
blend_a07+APA+ResGCN,A2_etl_logic_error,medium_real,20,ETL_FX_STOCK_11_PRICE,REPORT_REG_VAR,52,0,0,0,0.019230769230769232,1.0,1.317739486694336,9
blend_a07+APA+ResGCN,A2_etl_logic_error,medium_real,21,ETL_FX_STOCK_4_PRICE,REPORT_REG_VAR,52,0,0,0,0.019230769230769232,1.0,1.3148784637451172,9
blend_a07+APA+ResGCN,A2_etl_logic_error,medium_real,22,ETL_FX_STOCK_10_PRICE,REPORT_REG_VAR,52,0,0,0,0.019230769230769232,1.0,1.3921260833740234,9
blend_a07+APA+ResGCN,A2_etl_logic_error,medium_real,23,ETL_FX_STOCK_1_PRICE,REPORT_REG_VAR,52,0,0,0,0.019230769230769232,1.0,1.3890266418457031,9
blend_a07+APA+ResGCN,A2_etl_logic_error,medium_real,24,ETL_FX_STOCK_5_PRICE,REPORT_REG_VAR,52,0,0,0,0.019230769230769232,1.0,1.8219947814941406,9
blend_a07+APA+ResGCN,A2_etl_logic_error,medium_real,25,ETL_FX_STOCK_7_PRICE,REPORT_REG_VAR,52,0,0,0,0.019230769230769232,1.0,1.3110637664794922,9
blend_a07+APA+ResGCN,A2_etl_logic_error,medium_real,26,ETL_FX_STOCK_11_PRICE,REPORT_REG_VAR,52,0,0,0,0.019230769230769232,1.0,1.3461112976074219,9
blend_a07+APA+ResGCN,A2_etl_logic_error,medium_real,27,ETL_FX_STOCK_1_PRICE,REPORT_REG_VAR,52,0,0,0,0.019230769230769232,1.0,1.3840198516845703,9
blend_a07+APA+ResGCN,A2_etl_logic_error,medium_real,28,ETL_FX_STOCK_8_PRICE,REPORT_REG_VAR,53,0,0,0,0.018867924528301886,1.0,1.4009475708007812,9
blend_a07+APA+ResGCN,A2_etl_logic_error,medium_real,29,ETL_FX_STOCK_12_PRICE,REPORT_REG_VAR,53,0,0,0,0.018867924528301886,1.0,1.399993896484375,9
blend_a07+APA+ResGCN,A3_feature_calc_error,medium_real,0,FEAT_VOL20_STOCK_11_PRICE,REPORT_DASHBOARD,5,0,0,1,0.2,0.8,1.4028549194335938,9
blend_a07+APA+ResGCN,A3_feature_calc_error,medium_real,1,FEAT_VOL20_STOCK_6_PRICE,REPORT_DASHBOARD,4,0,0,1,0.25,0.8,1.7561912536621094,9
blend_a07+APA+ResGCN,A3_feature_calc_error,medium_real,2,FEAT_VOL20_STOCK_11_PRICE,REPORT_DASHBOARD,6,0,0,0,0.16666666666666666,1.0,1.3890266418457031,9
blend_a07+APA+ResGCN,A3_feature_calc_error,medium_real,3,FEAT_VOL20_STOCK_10_PRICE,REPORT_DASHBOARD,7,0,0,0,0.14285714285714285,1.0,1.8951892852783203,9
blend_a07+APA+ResGCN,A3_feature_calc_error,medium_real,4,FEAT_VOL20_STOCK_9_PRICE,REPORT_DASHBOARD,4,0,0,1,0.25,0.8,1.3430118560791016,9
blend_a07+APA+ResGCN,A3_feature_calc_error,medium_real,5,FEAT_VOL20_STOCK_9_PRICE,REPORT_DASHBOARD,4,0,0,1,0.25,0.8,1.3248920440673828,9
blend_a07+APA+ResGCN,A3_feature_calc_error,medium_real,6,FEAT_VOL20_STOCK_6_PRICE,REPORT_DASHBOARD,4,0,0,1,0.25,0.8,1.821756362915039,9
blend_a07+APA+ResGCN,A3_feature_calc_error,medium_real,7,FEAT_VOL20_STOCK_12_PRICE,REPORT_DASHBOARD,10,0,0,0,0.1,1.0,1.348733901977539,9
blend_a07+APA+ResGCN,A3_feature_calc_error,medium_real,8,FEAT_VOL20_STOCK_9_PRICE,REPORT_DASHBOARD,4,0,0,1,0.25,0.8,1.3251304626464844,9
blend_a07+APA+ResGCN,A3_feature_calc_error,medium_real,9,FEAT_VOL20_STOCK_6_PRICE,REPORT_DASHBOARD,4,0,0,1,0.25,0.8,1.3501644134521484,9
blend_a07+APA+ResGCN,A3_feature_calc_error,medium_real,10,FEAT_VOL20_STOCK_10_PRICE,REPORT_DASHBOARD,6,0,0,0,0.16666666666666666,1.0,1.3229846954345703,9
blend_a07+APA+ResGCN,A3_feature_calc_error,medium_real,11,FEAT_VOL20_STOCK_2_PRICE,REPORT_DASHBOARD,10,0,0,0,0.1,1.0,1.3380050659179688,9
blend_a07+APA+ResGCN,A3_feature_calc_error,medium_real,12,FEAT_VOL20_STOCK_8_PRICE,REPORT_DASHBOARD,4,0,0,1,0.25,0.8,1.386880874633789,9
blend_a07+APA+ResGCN,A3_feature_calc_error,medium_real,13,FEAT_VOL20_STOCK_11_PRICE,REPORT_DASHBOARD,5,0,0,1,0.2,0.8,1.3380050659179688,9
blend_a07+APA+ResGCN,A3_feature_calc_error,medium_real,14,FEAT_VOL20_STOCK_2_PRICE,REPORT_DASHBOARD,10,0,0,0,0.1,1.0,1.3167858123779297,9
blend_a07+APA+ResGCN,A3_feature_calc_error,medium_real,15,FEAT_VOL20_STOCK_12_PRICE,REPORT_DASHBOARD,10,0,0,0,0.1,1.0,1.291036605834961,9
blend_a07+APA+ResGCN,A3_feature_calc_error,medium_real,16,FEAT_VOL20_STOCK_7_PRICE,REPORT_DASHBOARD,4,0,0,1,0.25,0.8,1.4200210571289062,9
blend_a07+APA+ResGCN,A3_feature_calc_error,medium_real,17,FEAT_VOL20_STOCK_9_PRICE,REPORT_DASHBOARD,4,0,0,1,0.25,0.8,1.3911724090576172,9
blend_a07+APA+ResGCN,A3_feature_calc_error,medium_real,18,FEAT_VOL20_STOCK_11_PRICE,REPORT_DASHBOARD,6,0,0,0,0.16666666666666666,1.0,1.313924789428711,9
blend_a07+APA+ResGCN,A3_feature_calc_error,medium_real,19,FEAT_VOL20_STOCK_8_PRICE,REPORT_DASHBOARD,4,0,0,1,0.25,0.8,1.5480518341064453,9
blend_a07+APA+ResGCN,A3_feature_calc_error,medium_real,20,FEAT_VOL20_STOCK_11_PRICE,REPORT_DASHBOARD,5,0,0,1,0.2,0.8,1.5780925750732422,9
blend_a07+APA+ResGCN,A3_feature_calc_error,medium_real,21,FEAT_VOL20_STOCK_4_PRICE,REPORT_DASHBOARD,5,0,0,1,0.2,0.8,1.405954360961914,9
blend_a07+APA+ResGCN,A3_feature_calc_error,medium_real,22,FEAT_VOL20_STOCK_10_PRICE,REPORT_DASHBOARD,7,0,0,0,0.14285714285714285,1.0,1.5039443969726562,9
blend_a07+APA+ResGCN,A3_feature_calc_error,medium_real,23,FEAT_VOL20_STOCK_1_PRICE,REPORT_DASHBOARD,5,0,0,1,0.2,0.8,1.9011497497558594,9
blend_a07+APA+ResGCN,A3_feature_calc_error,medium_real,24,FEAT_VOL20_STOCK_5_PRICE,REPORT_DASHBOARD,4,0,0,1,0.25,0.8,1.3990402221679688,9
blend_a07+APA+ResGCN,A3_feature_calc_error,medium_real,25,FEAT_VOL20_STOCK_7_PRICE,REPORT_DASHBOARD,4,0,0,1,0.25,0.8,1.341104507446289,9
blend_a07+APA+ResGCN,A3_feature_calc_error,medium_real,26,FEAT_VOL20_STOCK_11_PRICE,REPORT_DASHBOARD,5,0,0,1,0.2,0.8,1.3871192932128906,9
blend_a07+APA+ResGCN,A3_feature_calc_error,medium_real,27,FEAT_VOL20_STOCK_1_PRICE,REPORT_DASHBOARD,5,0,0,1,0.2,0.8,1.3811588287353516,9
blend_a07+APA+ResGCN,A3_feature_calc_error,medium_real,28,FEAT_VOL20_STOCK_8_PRICE,REPORT_DASHBOARD,4,0,0,1,0.25,0.8,1.3148784637451172,9
blend_a07+APA+ResGCN,A3_feature_calc_error,medium_real,29,FEAT_VOL20_STOCK_12_PRICE,REPORT_DASHBOARD,10,0,0,0,0.1,1.0,1.3339519500732422,9
blend_a07+APA+ResGCN,A4_aggregation_error,medium_real,0,FEAT_SECTOR_B,REPORT_REG_VAR,50,0,0,0,0.02,1.0,1.3802051544189453,9
blend_a07+APA+ResGCN,A4_aggregation_error,medium_real,1,FEAT_SECTOR_A,REPORT_REG_VAR,50,0,0,0,0.02,1.0,1.2941360473632812,9
blend_a07+APA+ResGCN,A4_aggregation_error,medium_real,2,FEAT_SECTOR_B,REPORT_REG_VAR,50,0,0,0,0.02,1.0,1.3077259063720703,9
blend_a07+APA+ResGCN,A4_aggregation_error,medium_real,3,FEAT_SECTOR_B,REPORT_REG_VAR,50,0,0,0,0.02,1.0,1.499176025390625,9
blend_a07+APA+ResGCN,A4_aggregation_error,medium_real,4,FEAT_SECTOR_B,REPORT_REG_VAR,50,0,0,0,0.02,1.0,1.3256072998046875,9
blend_a07+APA+ResGCN,A4_aggregation_error,medium_real,5,FEAT_SECTOR_B,REPORT_REG_VAR,50,0,0,0,0.02,1.0,1.3079643249511719,9
blend_a07+APA+ResGCN,A4_aggregation_error,medium_real,6,FEAT_SECTOR_A,REPORT_REG_VAR,50,0,0,0,0.02,1.0,1.4367103576660156,9
blend_a07+APA+ResGCN,A4_aggregation_error,medium_real,7,FEAT_SECTOR_B,REPORT_REG_VAR,50,0,0,0,0.02,1.0,1.3289451599121094,9
blend_a07+APA+ResGCN,A4_aggregation_error,medium_real,8,FEAT_SECTOR_B,REPORT_REG_VAR,50,0,0,0,0.02,1.0,1.5158653259277344,9
blend_a07+APA+ResGCN,A4_aggregation_error,medium_real,9,FEAT_SECTOR_A,REPORT_REG_VAR,50,0,0,0,0.02,1.0,1.3508796691894531,9
blend_a07+APA+ResGCN,A4_aggregation_error,medium_real,10,FEAT_SECTOR_B,REPORT_REG_VAR,50,0,0,0,0.02,1.0,1.4300346374511719,9
blend_a07+APA+ResGCN,A4_aggregation_error,medium_real,11,FEAT_SECTOR_A,REPORT_REG_VAR,50,0,0,0,0.02,1.0,1.3928413391113281,9
blend_a07+APA+ResGCN,A4_aggregation_error,medium_real,12,FEAT_SECTOR_B,REPORT_REG_VAR,51,0,0,0,0.0196078431372549,1.0,1.4150142669677734,9
blend_a07+APA+ResGCN,A4_aggregation_error,medium_real,13,FEAT_SECTOR_B,REPORT_REG_VAR,50,0,0,0,0.02,1.0,1.3110637664794922,9
blend_a07+APA+ResGCN,A4_aggregation_error,medium_real,14,FEAT_SECTOR_A,REPORT_REG_VAR,50,0,0,0,0.02,1.0,1.3141632080078125,9
blend_a07+APA+ResGCN,A4_aggregation_error,medium_real,15,FEAT_SECTOR_B,REPORT_REG_VAR,50,0,0,0,0.02,1.0,1.3239383697509766,9
blend_a07+APA+ResGCN,A4_aggregation_error,medium_real,16,FEAT_SECTOR_B,REPORT_REG_VAR,51,0,0,0,0.0196078431372549,1.0,1.3201236724853516,9
blend_a07+APA+ResGCN,A4_aggregation_error,medium_real,17,FEAT_SECTOR_B,REPORT_REG_VAR,50,0,0,0,0.02,1.0,1.3000965118408203,9
blend_a07+APA+ResGCN,A4_aggregation_error,medium_real,18,FEAT_SECTOR_B,REPORT_REG_VAR,50,0,0,0,0.02,1.0,1.313924789428711,9
blend_a07+APA+ResGCN,A4_aggregation_error,medium_real,19,FEAT_SECTOR_B,REPORT_REG_VAR,51,0,0,0,0.0196078431372549,1.0,1.3039112091064453,9
blend_a07+APA+ResGCN,A4_aggregation_error,medium_real,20,FEAT_SECTOR_B,REPORT_REG_VAR,50,0,0,0,0.02,1.0,1.8050670623779297,9
blend_a07+APA+ResGCN,A4_aggregation_error,medium_real,21,FEAT_SECTOR_A,REPORT_REG_VAR,50,0,0,0,0.02,1.0,1.7390251159667969,9
blend_a07+APA+ResGCN,A4_aggregation_error,medium_real,22,FEAT_SECTOR_B,REPORT_REG_VAR,50,0,0,0,0.02,1.0,1.3110637664794922,9
blend_a07+APA+ResGCN,A4_aggregation_error,medium_real,23,FEAT_SECTOR_A,REPORT_REG_VAR,50,0,0,0,0.02,1.0,1.2941360473632812,9
blend_a07+APA+ResGCN,A4_aggregation_error,medium_real,24,FEAT_SECTOR_A,REPORT_REG_VAR,51,0,0,0,0.0196078431372549,1.0,1.2998580932617188,9
blend_a07+APA+ResGCN,A4_aggregation_error,medium_real,25,FEAT_SECTOR_B,REPORT_REG_VAR,51,0,0,0,0.0196078431372549,1.0,1.3320446014404297,9
blend_a07+APA+ResGCN,A4_aggregation_error,medium_real,26,FEAT_SECTOR_B,REPORT_REG_VAR,50,0,0,0,0.02,1.0,1.3082027435302734,9
blend_a07+APA+ResGCN,A4_aggregation_error,medium_real,27,FEAT_SECTOR_A,REPORT_REG_VAR,50,0,0,0,0.02,1.0,1.316070556640625,9
blend_a07+APA+ResGCN,A4_aggregation_error,medium_real,28,FEAT_SECTOR_B,REPORT_REG_VAR,51,0,0,0,0.0196078431372549,1.0,1.3189315795898438,9
blend_a07+APA+ResGCN,A4_aggregation_error,medium_real,29,FEAT_SECTOR_B,REPORT_REG_VAR,50,0,0,0,0.02,1.0,1.2748241424560547,9
blend_a07+APA+ResGCN,A5_downstream_masking,medium_real,0,SRC_STOCK_11_PRICE,REPORT_REG_VAR,4,0,0,1,0.25,0.8,1.3470649719238281,9
blend_a07+APA+ResGCN,A5_downstream_masking,medium_real,1,SRC_STOCK_6_PRICE,REPORT_REG_VAR,2,0,1,1,0.5,0.8,1.3659000396728516,9
blend_a07+APA+ResGCN,A5_downstream_masking,medium_real,2,SRC_STOCK_11_PRICE,REPORT_REG_VAR,4,0,0,1,0.25,0.8,1.3380050659179688,9
blend_a07+APA+ResGCN,A5_downstream_masking,medium_real,3,SRC_STOCK_10_PRICE,REPORT_REG_VAR,2,0,1,1,0.5,0.8,1.3549327850341797,9
blend_a07+APA+ResGCN,A5_downstream_masking,medium_real,4,SRC_STOCK_9_PRICE,REPORT_REG_VAR,1,1,1,1,1.0,0.8,1.3310909271240234,9
blend_a07+APA+ResGCN,A5_downstream_masking,medium_real,5,SRC_STOCK_9_PRICE,REPORT_REG_VAR,1,1,1,1,1.0,0.8,1.3020038604736328,9
blend_a07+APA+ResGCN,A5_downstream_masking,medium_real,6,SRC_STOCK_6_PRICE,REPORT_REG_VAR,2,0,1,1,0.5,0.8,1.7611980438232422,9
blend_a07+APA+ResGCN,A5_downstream_masking,medium_real,7,SRC_STOCK_12_PRICE,REPORT_REG_VAR,2,0,1,1,0.5,0.8,1.750946044921875,9
blend_a07+APA+ResGCN,A5_downstream_masking,medium_real,8,SRC_STOCK_9_PRICE,REPORT_REG_VAR,1,1,1,1,1.0,0.8,1.8191337585449219,9
blend_a07+APA+ResGCN,A5_downstream_masking,medium_real,9,SRC_STOCK_6_PRICE,REPORT_REG_VAR,2,0,1,1,0.5,0.8,1.7521381378173828,9
blend_a07+APA+ResGCN,A5_downstream_masking,medium_real,10,SRC_STOCK_10_PRICE,REPORT_REG_VAR,3,0,1,1,0.3333333333333333,0.8,1.3320446014404297,9
blend_a07+APA+ResGCN,A5_downstream_masking,medium_real,11,SRC_STOCK_2_PRICE,REPORT_REG_VAR,2,0,1,1,0.5,0.8,1.7771720886230469,9
blend_a07+APA+ResGCN,A5_downstream_masking,medium_real,12,SRC_STOCK_8_PRICE,REPORT_REG_VAR,2,0,1,1,0.5,0.8,1.7731189727783203,9
blend_a07+APA+ResGCN,A5_downstream_masking,medium_real,13,SRC_STOCK_11_PRICE,REPORT_REG_VAR,5,0,0,1,0.2,0.8,1.7871856689453125,9
blend_a07+APA+ResGCN,A5_downstream_masking,medium_real,14,SRC_STOCK_2_PRICE,REPORT_REG_VAR,2,0,1,1,0.5,0.8,1.3468265533447266,9
blend_a07+APA+ResGCN,A5_downstream_masking,medium_real,15,SRC_STOCK_12_PRICE,REPORT_REG_VAR,2,0,1,1,0.5,0.8,1.3501644134521484,9
blend_a07+APA+ResGCN,A5_downstream_masking,medium_real,16,SRC_STOCK_7_PRICE,REPORT_REG_VAR,2,0,1,1,0.5,0.8,1.31988525390625,9
blend_a07+APA+ResGCN,A5_downstream_masking,medium_real,17,SRC_STOCK_9_PRICE,REPORT_REG_VAR,1,1,1,1,1.0,0.8,1.783132553100586,9
blend_a07+APA+ResGCN,A5_downstream_masking,medium_real,18,SRC_STOCK_11_PRICE,REPORT_REG_VAR,5,0,0,1,0.2,0.8,1.8548965454101562,9
blend_a07+APA+ResGCN,A5_downstream_masking,medium_real,19,SRC_STOCK_8_PRICE,REPORT_REG_VAR,2,0,1,1,0.5,0.8,1.3458728790283203,9
blend_a07+APA+ResGCN,A5_downstream_masking,medium_real,20,SRC_STOCK_11_PRICE,REPORT_REG_VAR,5,0,0,1,0.2,0.8,1.3511180877685547,9
blend_a07+APA+ResGCN,A5_downstream_masking,medium_real,21,SRC_STOCK_4_PRICE,REPORT_REG_VAR,2,0,1,1,0.5,0.8,1.3651847839355469,9
blend_a07+APA+ResGCN,A5_downstream_masking,medium_real,22,SRC_STOCK_10_PRICE,REPORT_REG_VAR,3,0,1,1,0.3333333333333333,0.8,1.3151168823242188,9
blend_a07+APA+ResGCN,A5_downstream_masking,medium_real,23,SRC_STOCK_1_PRICE,REPORT_REG_VAR,3,0,1,1,0.3333333333333333,0.8,1.367807388305664,9
blend_a07+APA+ResGCN,A5_downstream_masking,medium_real,24,SRC_STOCK_5_PRICE,REPORT_REG_VAR,2,0,1,1,0.5,0.8,1.77001953125,9
blend_a07+APA+ResGCN,A5_downstream_masking,medium_real,25,SRC_STOCK_7_PRICE,REPORT_REG_VAR,2,0,1,1,0.5,0.8,1.3289451599121094,9
blend_a07+APA+ResGCN,A5_downstream_masking,medium_real,26,SRC_STOCK_11_PRICE,REPORT_REG_VAR,5,0,0,1,0.2,0.8,1.8079280853271484,9
blend_a07+APA+ResGCN,A5_downstream_masking,medium_real,27,SRC_STOCK_1_PRICE,REPORT_REG_VAR,5,0,0,1,0.2,0.8,1.3318061828613281,9
blend_a07+APA+ResGCN,A5_downstream_masking,medium_real,28,SRC_STOCK_8_PRICE,REPORT_REG_VAR,3,0,1,1,0.3333333333333333,0.8,1.3492107391357422,9
blend_a07+APA+ResGCN,A5_downstream_masking,medium_real,29,SRC_STOCK_12_PRICE,REPORT_REG_VAR,2,0,1,1,0.5,0.8,1.3430118560791016,9
blend_a07+APA+ResGCN,A6_multi_source,medium_real,0,SRC_STOCK_8_PRICE,REPORT_REG_VAR,1,1,1,1,1.0,0.8,1.332998275756836,9
blend_a07+APA+ResGCN,A6_multi_source,medium_real,1,SRC_STOCK_6_PRICE,REPORT_REG_VAR,1,1,1,1,1.0,0.8,1.3098716735839844,9
blend_a07+APA+ResGCN,A6_multi_source,medium_real,2,SRC_STOCK_3_PRICE,REPORT_REG_VAR,1,1,1,1,1.0,0.8,1.325845718383789,9
blend_a07+APA+ResGCN,A6_multi_source,medium_real,3,SRC_STOCK_1_PRICE,REPORT_REG_VAR,1,1,1,1,1.0,0.8,1.3298988342285156,9
blend_a07+APA+ResGCN,A6_multi_source,medium_real,4,SRC_STOCK_8_PRICE,REPORT_REG_VAR,1,1,1,1,1.0,0.8,1.7709732055664062,9
blend_a07+APA+ResGCN,A6_multi_source,medium_real,5,SRC_STOCK_9_PRICE,REPORT_REG_VAR,1,1,1,1,1.0,0.8,1.3518333435058594,9
blend_a07+APA+ResGCN,A6_multi_source,medium_real,6,SRC_STOCK_5_PRICE,REPORT_REG_VAR,1,1,1,1,1.0,0.8,1.360177993774414,9
blend_a07+APA+ResGCN,A6_multi_source,medium_real,7,SRC_STOCK_10_PRICE,REPORT_REG_VAR,1,1,1,1,1.0,0.8,1.3191699981689453,9
blend_a07+APA+ResGCN,A6_multi_source,medium_real,8,SRC_STOCK_4_PRICE,REPORT_REG_VAR,1,1,1,1,1.0,0.8,1.767873764038086,9
blend_a07+APA+ResGCN,A6_multi_source,medium_real,9,SRC_STOCK_10_PRICE,REPORT_REG_VAR,1,1,1,1,1.0,0.8,1.3208389282226562,9
blend_a07+APA+ResGCN,A6_multi_source,medium_real,10,SRC_STOCK_4_PRICE,REPORT_REG_VAR,1,1,1,1,1.0,0.8,1.3246536254882812,9
blend_a07+APA+ResGCN,A6_multi_source,medium_real,11,SRC_STOCK_2_PRICE,REPORT_REG_VAR,1,1,1,1,1.0,0.8,1.3380050659179688,9
blend_a07+APA+ResGCN,A6_multi_source,medium_real,12,SRC_STOCK_3_PRICE,REPORT_REG_VAR,1,1,1,1,1.0,0.8,2.816915512084961,9
blend_a07+APA+ResGCN,A6_multi_source,medium_real,13,SRC_STOCK_10_PRICE,REPORT_REG_VAR,1,1,1,1,1.0,0.8,1.3267993927001953,9
blend_a07+APA+ResGCN,A6_multi_source,medium_real,14,SRC_STOCK_8_PRICE,REPORT_REG_VAR,1,1,1,1,1.0,0.8,1.3849735260009766,9
blend_a07+APA+ResGCN,A6_multi_source,medium_real,15,SRC_STOCK_8_PRICE,REPORT_REG_VAR,1,1,1,1,1.0,0.8,1.3401508331298828,9
blend_a07+APA+ResGCN,A6_multi_source,medium_real,16,SRC_STOCK_6_PRICE,REPORT_REG_VAR,1,1,1,1,1.0,0.8,1.8112659454345703,9
blend_a07+APA+ResGCN,A6_multi_source,medium_real,17,SRC_STOCK_10_PRICE,REPORT_REG_VAR,1,1,1,1,1.0,0.8,1.322031021118164,9
blend_a07+APA+ResGCN,A6_multi_source,medium_real,18,SRC_STOCK_9_PRICE,REPORT_REG_VAR,1,1,1,1,1.0,0.8,1.3031959533691406,9
blend_a07+APA+ResGCN,A6_multi_source,medium_real,19,SRC_STOCK_5_PRICE,REPORT_REG_VAR,1,1,1,1,1.0,0.8,1.7800331115722656,9
blend_a07+APA+ResGCN,A6_multi_source,medium_real,20,SRC_STOCK_9_PRICE,REPORT_REG_VAR,1,1,1,1,1.0,0.8,1.3082027435302734,9
blend_a07+APA+ResGCN,A6_multi_source,medium_real,21,SRC_STOCK_5_PRICE,REPORT_REG_VAR,1,1,1,1,1.0,0.8,1.3720989227294922,9
blend_a07+APA+ResGCN,A6_multi_source,medium_real,22,SRC_STOCK_12_PRICE,REPORT_REG_VAR,1,1,1,1,1.0,0.8,1.3020038604736328,9
blend_a07+APA+ResGCN,A6_multi_source,medium_real,23,SRC_STOCK_6_PRICE,REPORT_REG_VAR,1,1,1,1,1.0,0.8,1.3470649719238281,9
blend_a07+APA+ResGCN,A6_multi_source,medium_real,24,SRC_STOCK_4_PRICE,REPORT_REG_VAR,1,1,1,1,1.0,0.8,1.3320446014404297,9
blend_a07+APA+ResGCN,A6_multi_source,medium_real,25,SRC_STOCK_2_PRICE,REPORT_REG_VAR,1,1,1,1,1.0,0.8,1.7249584197998047,9
blend_a07+APA+ResGCN,A6_multi_source,medium_real,26,SRC_STOCK_6_PRICE,REPORT_REG_VAR,1,1,1,1,1.0,0.8,1.3871192932128906,9
blend_a07+APA+ResGCN,A6_multi_source,medium_real,27,SRC_STOCK_3_PRICE,REPORT_REG_VAR,3,0,1,1,0.3333333333333333,0.8,1.3167858123779297,9
blend_a07+APA+ResGCN,A6_multi_source,medium_real,28,SRC_STOCK_7_PRICE,REPORT_REG_VAR,1,1,1,1,1.0,0.8,1.318216323852539,9
blend_a07+APA+ResGCN,A6_multi_source,medium_real,29,SRC_STOCK_8_PRICE,REPORT_REG_VAR,1,1,1,1,1.0,0.8,1.3298988342285156,9
blend_a07+APA+ResGCN,A7_coincidental,medium_real,0,SRC_STOCK_11_PRICE,REPORT_LIMIT,2,0,1,1,0.5,0.8,1.3611316680908203,9
blend_a07+APA+ResGCN,A7_coincidental,medium_real,1,SRC_STOCK_6_PRICE,REPORT_LIMIT,2,0,1,1,0.5,0.8,1.3701915740966797,9
blend_a07+APA+ResGCN,A7_coincidental,medium_real,2,SRC_STOCK_11_PRICE,REPORT_LIMIT,2,0,1,1,0.5,0.8,1.3580322265625,9
blend_a07+APA+ResGCN,A7_coincidental,medium_real,3,SRC_STOCK_10_PRICE,REPORT_LIMIT,2,0,1,1,0.5,0.8,1.3730525970458984,9
blend_a07+APA+ResGCN,A7_coincidental,medium_real,4,SRC_STOCK_9_PRICE,REPORT_LIMIT,2,0,1,1,0.5,0.8,1.3599395751953125,9
blend_a07+APA+ResGCN,A7_coincidental,medium_real,5,SRC_STOCK_9_PRICE,REPORT_LIMIT,2,0,1,1,0.5,0.8,1.7268657684326172,9
blend_a07+APA+ResGCN,A7_coincidental,medium_real,6,SRC_STOCK_6_PRICE,REPORT_LIMIT,2,0,1,1,0.5,0.8,1.3141632080078125,9
blend_a07+APA+ResGCN,A7_coincidental,medium_real,7,SRC_STOCK_12_PRICE,REPORT_LIMIT,2,0,1,1,0.5,0.8,1.3549327850341797,9
blend_a07+APA+ResGCN,A7_coincidental,medium_real,8,SRC_STOCK_9_PRICE,REPORT_LIMIT,2,0,1,1,0.5,0.8,1.3728141784667969,9
blend_a07+APA+ResGCN,A7_coincidental,medium_real,9,SRC_STOCK_6_PRICE,REPORT_LIMIT,2,0,1,1,0.5,0.8,1.3461112976074219,9
blend_a07+APA+ResGCN,A7_coincidental,medium_real,10,SRC_STOCK_10_PRICE,REPORT_LIMIT,2,0,1,1,0.5,0.8,1.3709068298339844,9
blend_a07+APA+ResGCN,A7_coincidental,medium_real,11,SRC_STOCK_2_PRICE,REPORT_LIMIT,2,0,1,1,0.5,0.8,1.3339519500732422,9
blend_a07+APA+ResGCN,A7_coincidental,medium_real,12,SRC_STOCK_8_PRICE,REPORT_LIMIT,2,0,1,1,0.5,0.8,1.3399124145507812,9
blend_a07+APA+ResGCN,A7_coincidental,medium_real,13,SRC_STOCK_11_PRICE,REPORT_LIMIT,2,0,1,1,0.5,0.8,1.3248920440673828,9
blend_a07+APA+ResGCN,A7_coincidental,medium_real,14,SRC_STOCK_2_PRICE,REPORT_LIMIT,2,0,1,1,0.5,0.8,1.7580986022949219,9
blend_a07+APA+ResGCN,A7_coincidental,medium_real,15,SRC_STOCK_12_PRICE,REPORT_LIMIT,2,0,1,1,0.5,0.8,1.316070556640625,9
blend_a07+APA+ResGCN,A7_coincidental,medium_real,16,SRC_STOCK_7_PRICE,REPORT_LIMIT,2,0,1,1,0.5,0.8,1.3308525085449219,9
blend_a07+APA+ResGCN,A7_coincidental,medium_real,17,SRC_STOCK_9_PRICE,REPORT_LIMIT,2,0,1,1,0.5,0.8,1.341104507446289,9
blend_a07+APA+ResGCN,A7_coincidental,medium_real,18,SRC_STOCK_11_PRICE,REPORT_LIMIT,2,0,1,1,0.5,0.8,1.3837814331054688,9
blend_a07+APA+ResGCN,A7_coincidental,medium_real,19,SRC_STOCK_8_PRICE,REPORT_LIMIT,2,0,1,1,0.5,0.8,1.3470649719238281,9
blend_a07+APA+ResGCN,A7_coincidental,medium_real,20,SRC_STOCK_11_PRICE,REPORT_LIMIT,2,0,1,1,0.5,0.8,1.2969970703125,9
blend_a07+APA+ResGCN,A7_coincidental,medium_real,21,SRC_STOCK_4_PRICE,REPORT_LIMIT,2,0,1,1,0.5,0.8,1.3551712036132812,9
blend_a07+APA+ResGCN,A7_coincidental,medium_real,22,SRC_STOCK_10_PRICE,REPORT_LIMIT,2,0,1,1,0.5,0.8,1.2989044189453125,9
blend_a07+APA+ResGCN,A7_coincidental,medium_real,23,SRC_STOCK_1_PRICE,REPORT_LIMIT,2,0,1,1,0.5,0.8,1.3201236724853516,9
blend_a07+APA+ResGCN,A7_coincidental,medium_real,24,SRC_STOCK_5_PRICE,REPORT_LIMIT,2,0,1,1,0.5,0.8,1.3592243194580078,9
blend_a07+APA+ResGCN,A7_coincidental,medium_real,25,SRC_STOCK_7_PRICE,REPORT_LIMIT,2,0,1,1,0.5,0.8,1.2969970703125,9
blend_a07+APA+ResGCN,A7_coincidental,medium_real,26,SRC_STOCK_11_PRICE,REPORT_LIMIT,2,0,1,1,0.5,0.8,1.3320446014404297,9
blend_a07+APA+ResGCN,A7_coincidental,medium_real,27,SRC_STOCK_1_PRICE,REPORT_LIMIT,2,0,1,1,0.5,0.8,1.3377666473388672,9
blend_a07+APA+ResGCN,A7_coincidental,medium_real,28,SRC_STOCK_8_PRICE,REPORT_LIMIT,2,0,1,1,0.5,0.8,1.3370513916015625,9
blend_a07+APA+ResGCN,A7_coincidental,medium_real,29,SRC_STOCK_12_PRICE,REPORT_LIMIT,2,0,1,1,0.5,0.8,1.294851303100586,9
blend_a10+APA+ResGCN,A1_source_corruption,medium_real,0,SRC_STOCK_11_PRICE,REPORT_REG_VAR,1,1,1,1,1.0,0.8,1.3320446014404297,9
blend_a10+APA+ResGCN,A1_source_corruption,medium_real,1,SRC_STOCK_6_PRICE,REPORT_REG_VAR,1,1,1,1,1.0,0.8,1.3432502746582031,9
blend_a10+APA+ResGCN,A1_source_corruption,medium_real,2,SRC_STOCK_11_PRICE,REPORT_REG_VAR,1,1,1,1,1.0,0.8,1.291036605834961,9
blend_a10+APA+ResGCN,A1_source_corruption,medium_real,3,SRC_STOCK_10_PRICE,REPORT_REG_VAR,1,1,1,1,1.0,0.8,1.3277530670166016,9
blend_a10+APA+ResGCN,A1_source_corruption,medium_real,4,SRC_STOCK_9_PRICE,REPORT_REG_VAR,1,1,1,1,1.0,0.8,1.3659000396728516,9
blend_a10+APA+ResGCN,A1_source_corruption,medium_real,5,SRC_STOCK_9_PRICE,REPORT_REG_VAR,1,1,1,1,1.0,0.8,1.3041496276855469,9
blend_a10+APA+ResGCN,A1_source_corruption,medium_real,6,SRC_STOCK_6_PRICE,REPORT_REG_VAR,1,1,1,1,1.0,0.8,1.302957534790039,9
blend_a10+APA+ResGCN,A1_source_corruption,medium_real,7,SRC_STOCK_12_PRICE,REPORT_REG_VAR,1,1,1,1,1.0,0.8,1.3120174407958984,9
blend_a10+APA+ResGCN,A1_source_corruption,medium_real,8,SRC_STOCK_9_PRICE,REPORT_REG_VAR,1,1,1,1,1.0,0.8,1.3413429260253906,9
blend_a10+APA+ResGCN,A1_source_corruption,medium_real,9,SRC_STOCK_6_PRICE,REPORT_REG_VAR,1,1,1,1,1.0,0.8,1.3239383697509766,9
blend_a10+APA+ResGCN,A1_source_corruption,medium_real,10,SRC_STOCK_10_PRICE,REPORT_REG_VAR,1,1,1,1,1.0,0.8,1.2969970703125,9
blend_a10+APA+ResGCN,A1_source_corruption,medium_real,11,SRC_STOCK_2_PRICE,REPORT_REG_VAR,1,1,1,1,1.0,0.8,1.31988525390625,9
blend_a10+APA+ResGCN,A1_source_corruption,medium_real,12,SRC_STOCK_8_PRICE,REPORT_REG_VAR,1,1,1,1,1.0,0.8,1.8851757049560547,9
blend_a10+APA+ResGCN,A1_source_corruption,medium_real,13,SRC_STOCK_11_PRICE,REPORT_REG_VAR,1,1,1,1,1.0,0.8,1.3110637664794922,9
blend_a10+APA+ResGCN,A1_source_corruption,medium_real,14,SRC_STOCK_2_PRICE,REPORT_REG_VAR,1,1,1,1,1.0,0.8,1.3241767883300781,9
blend_a10+APA+ResGCN,A1_source_corruption,medium_real,15,SRC_STOCK_12_PRICE,REPORT_REG_VAR,1,1,1,1,1.0,0.8,1.3408660888671875,9
blend_a10+APA+ResGCN,A1_source_corruption,medium_real,16,SRC_STOCK_7_PRICE,REPORT_REG_VAR,1,1,1,1,1.0,0.8,1.336812973022461,9
blend_a10+APA+ResGCN,A1_source_corruption,medium_real,17,SRC_STOCK_9_PRICE,REPORT_REG_VAR,1,1,1,1,1.0,0.8,1.4538764953613281,9
blend_a10+APA+ResGCN,A1_source_corruption,medium_real,18,SRC_STOCK_11_PRICE,REPORT_REG_VAR,1,1,1,1,1.0,0.8,1.306772232055664,9
blend_a10+APA+ResGCN,A1_source_corruption,medium_real,19,SRC_STOCK_8_PRICE,REPORT_REG_VAR,1,1,1,1,1.0,0.8,1.3282299041748047,9
blend_a10+APA+ResGCN,A1_source_corruption,medium_real,20,SRC_STOCK_11_PRICE,REPORT_REG_VAR,1,1,1,1,1.0,0.8,1.3422966003417969,9
blend_a10+APA+ResGCN,A1_source_corruption,medium_real,21,SRC_STOCK_4_PRICE,REPORT_REG_VAR,1,1,1,1,1.0,0.8,1.2989044189453125,9
blend_a10+APA+ResGCN,A1_source_corruption,medium_real,22,SRC_STOCK_10_PRICE,REPORT_REG_VAR,1,1,1,1,1.0,0.8,1.3110637664794922,9
blend_a10+APA+ResGCN,A1_source_corruption,medium_real,23,SRC_STOCK_1_PRICE,REPORT_REG_VAR,1,1,1,1,1.0,0.8,1.3630390167236328,9
blend_a10+APA+ResGCN,A1_source_corruption,medium_real,24,SRC_STOCK_5_PRICE,REPORT_REG_VAR,1,1,1,1,1.0,0.8,1.3210773468017578,9
blend_a10+APA+ResGCN,A1_source_corruption,medium_real,25,SRC_STOCK_7_PRICE,REPORT_REG_VAR,1,1,1,1,1.0,0.8,1.3730525970458984,9
blend_a10+APA+ResGCN,A1_source_corruption,medium_real,26,SRC_STOCK_11_PRICE,REPORT_REG_VAR,1,1,1,1,1.0,0.8,1.322031021118164,9
blend_a10+APA+ResGCN,A1_source_corruption,medium_real,27,SRC_STOCK_1_PRICE,REPORT_REG_VAR,1,1,1,1,1.0,0.8,1.3318061828613281,9
blend_a10+APA+ResGCN,A1_source_corruption,medium_real,28,SRC_STOCK_8_PRICE,REPORT_REG_VAR,1,1,1,1,1.0,0.8,1.329183578491211,9
blend_a10+APA+ResGCN,A1_source_corruption,medium_real,29,SRC_STOCK_12_PRICE,REPORT_REG_VAR,1,1,1,1,1.0,0.8,1.31988525390625,9
blend_a10+APA+ResGCN,A2_etl_logic_error,medium_real,0,ETL_FX_STOCK_11_PRICE,REPORT_REG_VAR,66,0,0,0,0.015151515151515152,1.0,1.3430118560791016,9
blend_a10+APA+ResGCN,A2_etl_logic_error,medium_real,1,ETL_FX_STOCK_6_PRICE,REPORT_REG_VAR,63,0,0,0,0.015873015873015872,1.0,1.3051033020019531,9
blend_a10+APA+ResGCN,A2_etl_logic_error,medium_real,2,ETL_FX_STOCK_11_PRICE,REPORT_REG_VAR,64,0,0,0,0.015625,1.0,1.898050308227539,9
blend_a10+APA+ResGCN,A2_etl_logic_error,medium_real,3,ETL_FX_STOCK_10_PRICE,REPORT_REG_VAR,64,0,0,0,0.015625,1.0,1.3120174407958984,9
blend_a10+APA+ResGCN,A2_etl_logic_error,medium_real,4,ETL_FX_STOCK_9_PRICE,REPORT_REG_VAR,67,0,0,0,0.014925373134328358,1.0,1.4159679412841797,9
blend_a10+APA+ResGCN,A2_etl_logic_error,medium_real,5,ETL_FX_STOCK_9_PRICE,REPORT_REG_VAR,63,0,0,0,0.015873015873015872,1.0,1.3928413391113281,9
blend_a10+APA+ResGCN,A2_etl_logic_error,medium_real,6,ETL_FX_STOCK_6_PRICE,REPORT_REG_VAR,63,0,0,0,0.015873015873015872,1.0,1.3408660888671875,9
blend_a10+APA+ResGCN,A2_etl_logic_error,medium_real,7,ETL_FX_STOCK_12_PRICE,REPORT_REG_VAR,70,0,0,0,0.014285714285714285,1.0,1.3051033020019531,9
blend_a10+APA+ResGCN,A2_etl_logic_error,medium_real,8,ETL_FX_STOCK_9_PRICE,REPORT_REG_VAR,65,0,0,0,0.015384615384615385,1.0,1.3267993927001953,9
blend_a10+APA+ResGCN,A2_etl_logic_error,medium_real,9,ETL_FX_STOCK_6_PRICE,REPORT_REG_VAR,67,0,0,0,0.014925373134328358,1.0,1.3051033020019531,9
blend_a10+APA+ResGCN,A2_etl_logic_error,medium_real,10,ETL_FX_STOCK_10_PRICE,REPORT_REG_VAR,68,0,0,0,0.014705882352941176,1.0,1.8301010131835938,9
blend_a10+APA+ResGCN,A2_etl_logic_error,medium_real,11,ETL_FX_STOCK_2_PRICE,REPORT_REG_VAR,67,0,0,0,0.014925373134328358,1.0,1.840829849243164,9
blend_a10+APA+ResGCN,A2_etl_logic_error,medium_real,12,ETL_FX_STOCK_8_PRICE,REPORT_REG_VAR,67,0,0,0,0.014925373134328358,1.0,1.850128173828125,9
blend_a10+APA+ResGCN,A2_etl_logic_error,medium_real,13,ETL_FX_STOCK_11_PRICE,REPORT_REG_VAR,66,0,0,0,0.015151515151515152,1.0,1.3556480407714844,9
blend_a10+APA+ResGCN,A2_etl_logic_error,medium_real,14,ETL_FX_STOCK_2_PRICE,REPORT_REG_VAR,66,0,0,0,0.015151515151515152,1.0,1.3229846954345703,9
blend_a10+APA+ResGCN,A2_etl_logic_error,medium_real,15,ETL_FX_STOCK_12_PRICE,REPORT_REG_VAR,69,0,0,0,0.014492753623188406,1.0,1.3608932495117188,9
blend_a10+APA+ResGCN,A2_etl_logic_error,medium_real,16,ETL_FX_STOCK_7_PRICE,REPORT_REG_VAR,66,0,0,0,0.015151515151515152,1.0,1.3120174407958984,9
blend_a10+APA+ResGCN,A2_etl_logic_error,medium_real,17,ETL_FX_STOCK_9_PRICE,REPORT_REG_VAR,67,0,0,0,0.014925373134328358,1.0,1.3170242309570312,9
blend_a10+APA+ResGCN,A2_etl_logic_error,medium_real,18,ETL_FX_STOCK_11_PRICE,REPORT_REG_VAR,64,0,0,0,0.015625,1.0,1.3628005981445312,9
blend_a10+APA+ResGCN,A2_etl_logic_error,medium_real,19,ETL_FX_STOCK_8_PRICE,REPORT_REG_VAR,65,0,0,0,0.015384615384615385,1.0,1.3599395751953125,9
blend_a10+APA+ResGCN,A2_etl_logic_error,medium_real,20,ETL_FX_STOCK_11_PRICE,REPORT_REG_VAR,66,0,0,0,0.015151515151515152,1.0,1.3239383697509766,9
blend_a10+APA+ResGCN,A2_etl_logic_error,medium_real,21,ETL_FX_STOCK_4_PRICE,REPORT_REG_VAR,63,0,0,0,0.015873015873015872,1.0,1.3129711151123047,9
blend_a10+APA+ResGCN,A2_etl_logic_error,medium_real,22,ETL_FX_STOCK_10_PRICE,REPORT_REG_VAR,67,0,0,0,0.014925373134328358,1.0,1.367807388305664,9
blend_a10+APA+ResGCN,A2_etl_logic_error,medium_real,23,ETL_FX_STOCK_1_PRICE,REPORT_REG_VAR,67,0,0,0,0.014925373134328358,1.0,1.4240741729736328,9
blend_a10+APA+ResGCN,A2_etl_logic_error,medium_real,24,ETL_FX_STOCK_5_PRICE,REPORT_REG_VAR,65,0,0,0,0.015384615384615385,1.0,1.3170242309570312,9
blend_a10+APA+ResGCN,A2_etl_logic_error,medium_real,25,ETL_FX_STOCK_7_PRICE,REPORT_REG_VAR,65,0,0,0,0.015384615384615385,1.0,1.8830299377441406,9
blend_a10+APA+ResGCN,A2_etl_logic_error,medium_real,26,ETL_FX_STOCK_11_PRICE,REPORT_REG_VAR,68,0,0,0,0.014705882352941176,1.0,1.9540786743164062,9
blend_a10+APA+ResGCN,A2_etl_logic_error,medium_real,27,ETL_FX_STOCK_1_PRICE,REPORT_REG_VAR,65,0,0,0,0.015384615384615385,1.0,1.5611648559570312,9
blend_a10+APA+ResGCN,A2_etl_logic_error,medium_real,28,ETL_FX_STOCK_8_PRICE,REPORT_REG_VAR,67,0,0,0,0.014925373134328358,1.0,1.4290809631347656,9
blend_a10+APA+ResGCN,A2_etl_logic_error,medium_real,29,ETL_FX_STOCK_12_PRICE,REPORT_REG_VAR,67,0,0,0,0.014925373134328358,1.0,1.5599727630615234,9
blend_a10+APA+ResGCN,A3_feature_calc_error,medium_real,0,FEAT_VOL20_STOCK_11_PRICE,REPORT_REG_VAR,1,1,1,1,1.0,0.8,2.028942108154297,9
blend_a10+APA+ResGCN,A3_feature_calc_error,medium_real,1,FEAT_VOL20_STOCK_6_PRICE,REPORT_REG_VAR,1,1,1,1,1.0,0.8,1.2929439544677734,9
blend_a10+APA+ResGCN,A3_feature_calc_error,medium_real,2,FEAT_VOL20_STOCK_11_PRICE,REPORT_REG_VAR,1,1,1,1,1.0,0.8,1.7631053924560547,9
blend_a10+APA+ResGCN,A3_feature_calc_error,medium_real,3,FEAT_VOL20_STOCK_10_PRICE,REPORT_REG_VAR,63,0,0,0,0.015873015873015872,1.0,1.3499259948730469,9
blend_a10+APA+ResGCN,A3_feature_calc_error,medium_real,4,FEAT_VOL20_STOCK_9_PRICE,REPORT_REG_VAR,1,1,1,1,1.0,0.8,1.3849735260009766,9
blend_a10+APA+ResGCN,A3_feature_calc_error,medium_real,5,FEAT_VOL20_STOCK_9_PRICE,REPORT_REG_VAR,1,1,1,1,1.0,0.8,1.3070106506347656,9
blend_a10+APA+ResGCN,A3_feature_calc_error,medium_real,6,FEAT_VOL20_STOCK_6_PRICE,REPORT_REG_VAR,1,1,1,1,1.0,0.8,69.79012489318848,9
blend_a10+APA+ResGCN,A3_feature_calc_error,medium_real,7,FEAT_VOL20_STOCK_12_PRICE,REPORT_REG_VAR,1,1,1,1,1.0,0.8,1.313924789428711,9
blend_a10+APA+ResGCN,A3_feature_calc_error,medium_real,8,FEAT_VOL20_STOCK_9_PRICE,REPORT_REG_VAR,1,1,1,1,1.0,0.8,1.3127326965332031,9
blend_a10+APA+ResGCN,A3_feature_calc_error,medium_real,9,FEAT_VOL20_STOCK_6_PRICE,REPORT_REG_VAR,1,1,1,1,1.0,0.8,1.3020038604736328,9
blend_a10+APA+ResGCN,A3_feature_calc_error,medium_real,10,FEAT_VOL20_STOCK_10_PRICE,REPORT_REG_VAR,65,0,0,0,0.015384615384615385,1.0,1.2869834899902344,9
blend_a10+APA+ResGCN,A3_feature_calc_error,medium_real,11,FEAT_VOL20_STOCK_2_PRICE,REPORT_REG_VAR,65,0,0,0,0.015384615384615385,1.0,1.341104507446289,9
blend_a10+APA+ResGCN,A3_feature_calc_error,medium_real,12,FEAT_VOL20_STOCK_8_PRICE,REPORT_REG_VAR,1,1,1,1,1.0,0.8,1.3451576232910156,9
blend_a10+APA+ResGCN,A3_feature_calc_error,medium_real,13,FEAT_VOL20_STOCK_11_PRICE,REPORT_REG_VAR,1,1,1,1,1.0,0.8,1.3289451599121094,9
blend_a10+APA+ResGCN,A3_feature_calc_error,medium_real,14,FEAT_VOL20_STOCK_2_PRICE,REPORT_REG_VAR,63,0,0,0,0.015873015873015872,1.0,1.9419193267822266,9
blend_a10+APA+ResGCN,A3_feature_calc_error,medium_real,15,FEAT_VOL20_STOCK_12_PRICE,REPORT_REG_VAR,61,0,0,0,0.01639344262295082,1.0,70.5721378326416,9
blend_a10+APA+ResGCN,A3_feature_calc_error,medium_real,16,FEAT_VOL20_STOCK_7_PRICE,REPORT_REG_VAR,1,1,1,1,1.0,0.8,1.3930797576904297,9
blend_a10+APA+ResGCN,A3_feature_calc_error,medium_real,17,FEAT_VOL20_STOCK_9_PRICE,REPORT_REG_VAR,1,1,1,1,1.0,0.8,1.3377666473388672,9
blend_a10+APA+ResGCN,A3_feature_calc_error,medium_real,18,FEAT_VOL20_STOCK_11_PRICE,REPORT_REG_VAR,1,1,1,1,1.0,0.8,1.3151168823242188,9
blend_a10+APA+ResGCN,A3_feature_calc_error,medium_real,19,FEAT_VOL20_STOCK_8_PRICE,REPORT_REG_VAR,65,0,0,0,0.015384615384615385,1.0,1.405954360961914,9
blend_a10+APA+ResGCN,A3_feature_calc_error,medium_real,20,FEAT_VOL20_STOCK_11_PRICE,REPORT_REG_VAR,1,1,1,1,1.0,0.8,1.3229846954345703,9
blend_a10+APA+ResGCN,A3_feature_calc_error,medium_real,21,FEAT_VOL20_STOCK_4_PRICE,REPORT_REG_VAR,1,1,1,1,1.0,0.8,1.7361640930175781,9
blend_a10+APA+ResGCN,A3_feature_calc_error,medium_real,22,FEAT_VOL20_STOCK_10_PRICE,REPORT_REG_VAR,65,0,0,0,0.015384615384615385,1.0,1.4789104461669922,9
blend_a10+APA+ResGCN,A3_feature_calc_error,medium_real,23,FEAT_VOL20_STOCK_1_PRICE,REPORT_REG_VAR,1,1,1,1,1.0,0.8,1.4383792877197266,9
blend_a10+APA+ResGCN,A3_feature_calc_error,medium_real,24,FEAT_VOL20_STOCK_5_PRICE,REPORT_REG_VAR,67,0,0,0,0.014925373134328358,1.0,1.3718605041503906,9
blend_a10+APA+ResGCN,A3_feature_calc_error,medium_real,25,FEAT_VOL20_STOCK_7_PRICE,REPORT_REG_VAR,1,1,1,1,1.0,0.8,1.3110637664794922,9
blend_a10+APA+ResGCN,A3_feature_calc_error,medium_real,26,FEAT_VOL20_STOCK_11_PRICE,REPORT_REG_VAR,1,1,1,1,1.0,0.8,1.3971328735351562,9
blend_a10+APA+ResGCN,A3_feature_calc_error,medium_real,27,FEAT_VOL20_STOCK_1_PRICE,REPORT_REG_VAR,1,1,1,1,1.0,0.8,1.3413429260253906,9
blend_a10+APA+ResGCN,A3_feature_calc_error,medium_real,28,FEAT_VOL20_STOCK_8_PRICE,REPORT_REG_VAR,1,1,1,1,1.0,0.8,1.5001296997070312,9
blend_a10+APA+ResGCN,A3_feature_calc_error,medium_real,29,FEAT_VOL20_STOCK_12_PRICE,REPORT_REG_VAR,1,1,1,1,1.0,0.8,1.3260841369628906,9
blend_a10+APA+ResGCN,A4_aggregation_error,medium_real,0,FEAT_SECTOR_B,REPORT_REG_VAR,1,1,1,1,1.0,0.8,1.3971328735351562,9
blend_a10+APA+ResGCN,A4_aggregation_error,medium_real,1,FEAT_SECTOR_A,REPORT_REG_VAR,2,0,1,1,0.5,0.8,1.2981891632080078,9
blend_a10+APA+ResGCN,A4_aggregation_error,medium_real,2,FEAT_SECTOR_B,REPORT_REG_VAR,1,1,1,1,1.0,0.8,1.4297962188720703,9
blend_a10+APA+ResGCN,A4_aggregation_error,medium_real,3,FEAT_SECTOR_B,REPORT_REG_VAR,1,1,1,1,1.0,0.8,1.3439655303955078,9
blend_a10+APA+ResGCN,A4_aggregation_error,medium_real,4,FEAT_SECTOR_B,REPORT_REG_VAR,1,1,1,1,1.0,0.8,1.9199848175048828,9
blend_a10+APA+ResGCN,A4_aggregation_error,medium_real,5,FEAT_SECTOR_B,REPORT_REG_VAR,2,0,1,1,0.5,0.8,1.3103485107421875,9
blend_a10+APA+ResGCN,A4_aggregation_error,medium_real,6,FEAT_SECTOR_A,REPORT_REG_VAR,2,0,1,1,0.5,0.8,1.4841556549072266,9
blend_a10+APA+ResGCN,A4_aggregation_error,medium_real,7,FEAT_SECTOR_B,REPORT_REG_VAR,2,0,1,1,0.5,0.8,1.3668537139892578,9
blend_a10+APA+ResGCN,A4_aggregation_error,medium_real,8,FEAT_SECTOR_B,REPORT_REG_VAR,1,1,1,1,1.0,0.8,1.5401840209960938,9
blend_a10+APA+ResGCN,A4_aggregation_error,medium_real,9,FEAT_SECTOR_A,REPORT_REG_VAR,1,1,1,1,1.0,0.8,1.3060569763183594,9
blend_a10+APA+ResGCN,A4_aggregation_error,medium_real,10,FEAT_SECTOR_B,REPORT_REG_VAR,1,1,1,1,1.0,0.8,1.3720989227294922,9
blend_a10+APA+ResGCN,A4_aggregation_error,medium_real,11,FEAT_SECTOR_A,REPORT_REG_VAR,1,1,1,1,1.0,0.8,1.341104507446289,9
blend_a10+APA+ResGCN,A4_aggregation_error,medium_real,12,FEAT_SECTOR_B,REPORT_REG_VAR,2,0,1,1,0.5,0.8,1.4190673828125,9
blend_a10+APA+ResGCN,A4_aggregation_error,medium_real,13,FEAT_SECTOR_B,REPORT_REG_VAR,1,1,1,1,1.0,0.8,1.8281936645507812,9
blend_a10+APA+ResGCN,A4_aggregation_error,medium_real,14,FEAT_SECTOR_A,REPORT_REG_VAR,2,0,1,1,0.5,0.8,1.316070556640625,9
blend_a10+APA+ResGCN,A4_aggregation_error,medium_real,15,FEAT_SECTOR_B,REPORT_REG_VAR,1,1,1,1,1.0,0.8,1.379251480102539,9
blend_a10+APA+ResGCN,A4_aggregation_error,medium_real,16,FEAT_SECTOR_B,REPORT_REG_VAR,2,0,1,1,0.5,0.8,1.3477802276611328,9
blend_a10+APA+ResGCN,A4_aggregation_error,medium_real,17,FEAT_SECTOR_B,REPORT_REG_VAR,2,0,1,1,0.5,0.8,1.3387203216552734,9
blend_a10+APA+ResGCN,A4_aggregation_error,medium_real,18,FEAT_SECTOR_B,REPORT_REG_VAR,1,1,1,1,1.0,0.8,1.3120174407958984,9
blend_a10+APA+ResGCN,A4_aggregation_error,medium_real,19,FEAT_SECTOR_B,REPORT_REG_VAR,2,0,1,1,0.5,0.8,1.3318061828613281,9
blend_a10+APA+ResGCN,A4_aggregation_error,medium_real,20,FEAT_SECTOR_B,REPORT_REG_VAR,2,0,1,1,0.5,0.8,1.3360977172851562,9
blend_a10+APA+ResGCN,A4_aggregation_error,medium_real,21,FEAT_SECTOR_A,REPORT_REG_VAR,2,0,1,1,0.5,0.8,69.25415992736816,9
blend_a10+APA+ResGCN,A4_aggregation_error,medium_real,22,FEAT_SECTOR_B,REPORT_REG_VAR,2,0,1,1,0.5,0.8,1.3179779052734375,9
blend_a10+APA+ResGCN,A4_aggregation_error,medium_real,23,FEAT_SECTOR_A,REPORT_REG_VAR,2,0,1,1,0.5,0.8,1.3689994812011719,9
blend_a10+APA+ResGCN,A4_aggregation_error,medium_real,24,FEAT_SECTOR_A,REPORT_REG_VAR,2,0,1,1,0.5,0.8,1.2710094451904297,9
blend_a10+APA+ResGCN,A4_aggregation_error,medium_real,25,FEAT_SECTOR_B,REPORT_REG_VAR,1,1,1,1,1.0,0.8,1.3308525085449219,9
blend_a10+APA+ResGCN,A4_aggregation_error,medium_real,26,FEAT_SECTOR_B,REPORT_REG_VAR,1,1,1,1,1.0,0.8,1.3320446014404297,9
blend_a10+APA+ResGCN,A4_aggregation_error,medium_real,27,FEAT_SECTOR_A,REPORT_REG_VAR,1,1,1,1,1.0,0.8,1.3158321380615234,9
blend_a10+APA+ResGCN,A4_aggregation_error,medium_real,28,FEAT_SECTOR_B,REPORT_REG_VAR,1,1,1,1,1.0,0.8,1.2929439544677734,9
blend_a10+APA+ResGCN,A4_aggregation_error,medium_real,29,FEAT_SECTOR_B,REPORT_REG_VAR,1,1,1,1,1.0,0.8,1.2710094451904297,9
blend_a10+APA+ResGCN,A5_downstream_masking,medium_real,0,SRC_STOCK_11_PRICE,REPORT_REG_VAR,5,0,0,1,0.2,0.8,1.8701553344726562,9
blend_a10+APA+ResGCN,A5_downstream_masking,medium_real,1,SRC_STOCK_6_PRICE,REPORT_REG_VAR,3,0,1,1,0.3333333333333333,0.8,1.3229846954345703,9
blend_a10+APA+ResGCN,A5_downstream_masking,medium_real,2,SRC_STOCK_11_PRICE,REPORT_REG_VAR,5,0,0,1,0.2,0.8,1.302957534790039,9
blend_a10+APA+ResGCN,A5_downstream_masking,medium_real,3,SRC_STOCK_10_PRICE,REPORT_REG_VAR,3,0,1,1,0.3333333333333333,0.8,1.3189315795898438,9
blend_a10+APA+ResGCN,A5_downstream_masking,medium_real,4,SRC_STOCK_9_PRICE,REPORT_REG_VAR,4,0,0,1,0.25,0.8,1.8329620361328125,9
blend_a10+APA+ResGCN,A5_downstream_masking,medium_real,5,SRC_STOCK_9_PRICE,REPORT_REG_VAR,4,0,0,1,0.25,0.8,1.8422603607177734,9
blend_a10+APA+ResGCN,A5_downstream_masking,medium_real,6,SRC_STOCK_6_PRICE,REPORT_REG_VAR,3,0,1,1,0.3333333333333333,0.8,1.318216323852539,9
blend_a10+APA+ResGCN,A5_downstream_masking,medium_real,7,SRC_STOCK_12_PRICE,REPORT_REG_VAR,5,0,0,1,0.2,0.8,1.287221908569336,9
blend_a10+APA+ResGCN,A5_downstream_masking,medium_real,8,SRC_STOCK_9_PRICE,REPORT_REG_VAR,4,0,0,1,0.25,0.8,1.3120174407958984,9
blend_a10+APA+ResGCN,A5_downstream_masking,medium_real,9,SRC_STOCK_6_PRICE,REPORT_REG_VAR,3,0,1,1,0.3333333333333333,0.8,1.277923583984375,9
blend_a10+APA+ResGCN,A5_downstream_masking,medium_real,10,SRC_STOCK_10_PRICE,REPORT_REG_VAR,3,0,1,1,0.3333333333333333,0.8,1.360177993774414,9
blend_a10+APA+ResGCN,A5_downstream_masking,medium_real,11,SRC_STOCK_2_PRICE,REPORT_REG_VAR,3,0,1,1,0.3333333333333333,0.8,1.332998275756836,9
blend_a10+APA+ResGCN,A5_downstream_masking,medium_real,12,SRC_STOCK_8_PRICE,REPORT_REG_VAR,3,0,1,1,0.3333333333333333,0.8,1.3120174407958984,9
blend_a10+APA+ResGCN,A5_downstream_masking,medium_real,13,SRC_STOCK_11_PRICE,REPORT_REG_VAR,4,0,0,1,0.25,0.8,1.3158321380615234,9
blend_a10+APA+ResGCN,A5_downstream_masking,medium_real,14,SRC_STOCK_2_PRICE,REPORT_REG_VAR,3,0,1,1,0.3333333333333333,0.8,1.2829303741455078,9
blend_a10+APA+ResGCN,A5_downstream_masking,medium_real,15,SRC_STOCK_12_PRICE,REPORT_REG_VAR,5,0,0,1,0.2,0.8,1.2979507446289062,9
blend_a10+APA+ResGCN,A5_downstream_masking,medium_real,16,SRC_STOCK_7_PRICE,REPORT_REG_VAR,3,0,1,1,0.3333333333333333,0.8,1.2769699096679688,9
blend_a10+APA+ResGCN,A5_downstream_masking,medium_real,17,SRC_STOCK_9_PRICE,REPORT_REG_VAR,4,0,0,1,0.25,0.8,1.2967586517333984,9
blend_a10+APA+ResGCN,A5_downstream_masking,medium_real,18,SRC_STOCK_11_PRICE,REPORT_REG_VAR,4,0,0,1,0.25,0.8,1.3158321380615234,9
blend_a10+APA+ResGCN,A5_downstream_masking,medium_real,19,SRC_STOCK_8_PRICE,REPORT_REG_VAR,3,0,1,1,0.3333333333333333,0.8,1.3697147369384766,9
blend_a10+APA+ResGCN,A5_downstream_masking,medium_real,20,SRC_STOCK_11_PRICE,REPORT_REG_VAR,4,0,0,1,0.25,0.8,1.3272762298583984,9
blend_a10+APA+ResGCN,A5_downstream_masking,medium_real,21,SRC_STOCK_4_PRICE,REPORT_REG_VAR,4,0,0,1,0.25,0.8,1.870870590209961,9
blend_a10+APA+ResGCN,A5_downstream_masking,medium_real,22,SRC_STOCK_10_PRICE,REPORT_REG_VAR,3,0,1,1,0.3333333333333333,0.8,1.3370513916015625,9
blend_a10+APA+ResGCN,A5_downstream_masking,medium_real,23,SRC_STOCK_1_PRICE,REPORT_REG_VAR,3,0,1,1,0.3333333333333333,0.8,1.873016357421875,9
blend_a10+APA+ResGCN,A5_downstream_masking,medium_real,24,SRC_STOCK_5_PRICE,REPORT_REG_VAR,3,0,1,1,0.3333333333333333,0.8,1.28173828125,9
blend_a10+APA+ResGCN,A5_downstream_masking,medium_real,25,SRC_STOCK_7_PRICE,REPORT_REG_VAR,3,0,1,1,0.3333333333333333,0.8,1.3010501861572266,9
blend_a10+APA+ResGCN,A5_downstream_masking,medium_real,26,SRC_STOCK_11_PRICE,REPORT_REG_VAR,5,0,0,1,0.2,0.8,1.291036605834961,9
blend_a10+APA+ResGCN,A5_downstream_masking,medium_real,27,SRC_STOCK_1_PRICE,REPORT_REG_VAR,3,0,1,1,0.3333333333333333,0.8,1.3041496276855469,9
blend_a10+APA+ResGCN,A5_downstream_masking,medium_real,28,SRC_STOCK_8_PRICE,REPORT_REG_VAR,3,0,1,1,0.3333333333333333,0.8,1.4181137084960938,9
blend_a10+APA+ResGCN,A5_downstream_masking,medium_real,29,SRC_STOCK_12_PRICE,REPORT_REG_VAR,5,0,0,1,0.2,0.8,1.413106918334961,9
blend_a10+APA+ResGCN,A6_multi_source,medium_real,0,SRC_STOCK_8_PRICE,REPORT_REG_VAR,1,1,1,1,1.0,0.8,1.3859272003173828,9
blend_a10+APA+ResGCN,A6_multi_source,medium_real,1,SRC_STOCK_6_PRICE,REPORT_REG_VAR,1,1,1,1,1.0,0.8,1.300811767578125,9
blend_a10+APA+ResGCN,A6_multi_source,medium_real,2,SRC_STOCK_3_PRICE,REPORT_REG_VAR,1,1,1,1,1.0,0.8,1.293182373046875,9
blend_a10+APA+ResGCN,A6_multi_source,medium_real,3,SRC_STOCK_1_PRICE,REPORT_REG_VAR,1,1,1,1,1.0,0.8,1.8472671508789062,9
blend_a10+APA+ResGCN,A6_multi_source,medium_real,4,SRC_STOCK_8_PRICE,REPORT_REG_VAR,1,1,1,1,1.0,0.8,1.3051033020019531,9
blend_a10+APA+ResGCN,A6_multi_source,medium_real,5,SRC_STOCK_9_PRICE,REPORT_REG_VAR,1,1,1,1,1.0,0.8,1.3148784637451172,9
blend_a10+APA+ResGCN,A6_multi_source,medium_real,6,SRC_STOCK_5_PRICE,REPORT_REG_VAR,1,1,1,1,1.0,0.8,1.3659000396728516,9
blend_a10+APA+ResGCN,A6_multi_source,medium_real,7,SRC_STOCK_10_PRICE,REPORT_REG_VAR,1,1,1,1,1.0,0.8,1.3549327850341797,9
blend_a10+APA+ResGCN,A6_multi_source,medium_real,8,SRC_STOCK_4_PRICE,REPORT_REG_VAR,1,1,1,1,1.0,0.8,1.2950897216796875,9
blend_a10+APA+ResGCN,A6_multi_source,medium_real,9,SRC_STOCK_10_PRICE,REPORT_REG_VAR,1,1,1,1,1.0,0.8,1.3020038604736328,9
blend_a10+APA+ResGCN,A6_multi_source,medium_real,10,SRC_STOCK_4_PRICE,REPORT_REG_VAR,1,1,1,1,1.0,0.8,1.2967586517333984,9
blend_a10+APA+ResGCN,A6_multi_source,medium_real,11,SRC_STOCK_2_PRICE,REPORT_REG_VAR,1,1,1,1,1.0,0.8,1.4030933380126953,9
blend_a10+APA+ResGCN,A6_multi_source,medium_real,12,SRC_STOCK_3_PRICE,REPORT_REG_VAR,1,1,1,1,1.0,0.8,5.001068115234375,9
blend_a10+APA+ResGCN,A6_multi_source,medium_real,13,SRC_STOCK_10_PRICE,REPORT_REG_VAR,1,1,1,1,1.0,0.8,1.3289451599121094,9
blend_a10+APA+ResGCN,A6_multi_source,medium_real,14,SRC_STOCK_8_PRICE,REPORT_REG_VAR,1,1,1,1,1.0,0.8,1.4069080352783203,9
blend_a10+APA+ResGCN,A6_multi_source,medium_real,15,SRC_STOCK_8_PRICE,REPORT_REG_VAR,1,1,1,1,1.0,0.8,1.332998275756836,9
blend_a10+APA+ResGCN,A6_multi_source,medium_real,16,SRC_STOCK_6_PRICE,REPORT_REG_VAR,1,1,1,1,1.0,0.8,1.3461112976074219,9
blend_a10+APA+ResGCN,A6_multi_source,medium_real,17,SRC_STOCK_10_PRICE,REPORT_REG_VAR,1,1,1,1,1.0,0.8,1.2989044189453125,9
blend_a10+APA+ResGCN,A6_multi_source,medium_real,18,SRC_STOCK_9_PRICE,REPORT_REG_VAR,1,1,1,1,1.0,0.8,1.3298988342285156,9
blend_a10+APA+ResGCN,A6_multi_source,medium_real,19,SRC_STOCK_5_PRICE,REPORT_REG_VAR,1,1,1,1,1.0,0.8,1.313924789428711,9
blend_a10+APA+ResGCN,A6_multi_source,medium_real,20,SRC_STOCK_9_PRICE,REPORT_REG_VAR,1,1,1,1,1.0,0.8,1.3551712036132812,9
blend_a10+APA+ResGCN,A6_multi_source,medium_real,21,SRC_STOCK_5_PRICE,REPORT_REG_VAR,1,1,1,1,1.0,0.8,1.3628005981445312,9
blend_a10+APA+ResGCN,A6_multi_source,medium_real,22,SRC_STOCK_12_PRICE,REPORT_REG_VAR,2,0,1,1,0.5,0.8,1.8510818481445312,9
blend_a10+APA+ResGCN,A6_multi_source,medium_real,23,SRC_STOCK_6_PRICE,REPORT_REG_VAR,1,1,1,1,1.0,0.8,1.360177993774414,9
blend_a10+APA+ResGCN,A6_multi_source,medium_real,24,SRC_STOCK_4_PRICE,REPORT_REG_VAR,1,1,1,1,1.0,0.8,1.316070556640625,9
blend_a10+APA+ResGCN,A6_multi_source,medium_real,25,SRC_STOCK_2_PRICE,REPORT_REG_VAR,2,0,1,1,0.5,0.8,1.2960433959960938,9
blend_a10+APA+ResGCN,A6_multi_source,medium_real,26,SRC_STOCK_6_PRICE,REPORT_REG_VAR,1,1,1,1,1.0,0.8,1.3821125030517578,9
blend_a10+APA+ResGCN,A6_multi_source,medium_real,27,SRC_STOCK_3_PRICE,REPORT_REG_VAR,2,0,1,1,0.5,0.8,1.2981891632080078,9
blend_a10+APA+ResGCN,A6_multi_source,medium_real,28,SRC_STOCK_7_PRICE,REPORT_REG_VAR,1,1,1,1,1.0,0.8,1.8208026885986328,9
blend_a10+APA+ResGCN,A6_multi_source,medium_real,29,SRC_STOCK_8_PRICE,REPORT_REG_VAR,1,1,1,1,1.0,0.8,1.3039112091064453,9
blend_a10+APA+ResGCN,A7_coincidental,medium_real,0,SRC_STOCK_11_PRICE,REPORT_STRESS,2,0,1,1,0.5,0.8,1.3301372528076172,9
blend_a10+APA+ResGCN,A7_coincidental,medium_real,1,SRC_STOCK_6_PRICE,REPORT_STRESS,2,0,1,1,0.5,0.8,1.31988525390625,9
blend_a10+APA+ResGCN,A7_coincidental,medium_real,2,SRC_STOCK_11_PRICE,REPORT_STRESS,2,0,1,1,0.5,0.8,1.3518333435058594,9
blend_a10+APA+ResGCN,A7_coincidental,medium_real,3,SRC_STOCK_10_PRICE,REPORT_STRESS,2,0,1,1,0.5,0.8,1.3687610626220703,9
blend_a10+APA+ResGCN,A7_coincidental,medium_real,4,SRC_STOCK_9_PRICE,REPORT_STRESS,2,0,1,1,0.5,0.8,1.3508796691894531,9
blend_a10+APA+ResGCN,A7_coincidental,medium_real,5,SRC_STOCK_9_PRICE,REPORT_STRESS,2,0,1,1,0.5,0.8,1.313924789428711,9
blend_a10+APA+ResGCN,A7_coincidental,medium_real,6,SRC_STOCK_6_PRICE,REPORT_STRESS,2,0,1,1,0.5,0.8,1.3072490692138672,9
blend_a10+APA+ResGCN,A7_coincidental,medium_real,7,SRC_STOCK_12_PRICE,REPORT_STRESS,2,0,1,1,0.5,0.8,1.3439655303955078,9
blend_a10+APA+ResGCN,A7_coincidental,medium_real,8,SRC_STOCK_9_PRICE,REPORT_STRESS,2,0,1,1,0.5,0.8,1.3759136199951172,9
blend_a10+APA+ResGCN,A7_coincidental,medium_real,9,SRC_STOCK_6_PRICE,REPORT_STRESS,2,0,1,1,0.5,0.8,1.3911724090576172,9
blend_a10+APA+ResGCN,A7_coincidental,medium_real,10,SRC_STOCK_10_PRICE,REPORT_STRESS,2,0,1,1,0.5,0.8,1.3108253479003906,9
blend_a10+APA+ResGCN,A7_coincidental,medium_real,11,SRC_STOCK_2_PRICE,REPORT_STRESS,2,0,1,1,0.5,0.8,1.3837814331054688,9
blend_a10+APA+ResGCN,A7_coincidental,medium_real,12,SRC_STOCK_8_PRICE,REPORT_STRESS,2,0,1,1,0.5,0.8,1.3251304626464844,9
blend_a10+APA+ResGCN,A7_coincidental,medium_real,13,SRC_STOCK_11_PRICE,REPORT_STRESS,2,0,1,1,0.5,0.8,1.3730525970458984,9
blend_a10+APA+ResGCN,A7_coincidental,medium_real,14,SRC_STOCK_2_PRICE,REPORT_STRESS,2,0,1,1,0.5,0.8,1.3399124145507812,9
blend_a10+APA+ResGCN,A7_coincidental,medium_real,15,SRC_STOCK_12_PRICE,REPORT_STRESS,2,0,1,1,0.5,0.8,1.3499259948730469,9
blend_a10+APA+ResGCN,A7_coincidental,medium_real,16,SRC_STOCK_7_PRICE,REPORT_STRESS,2,0,1,1,0.5,0.8,1.3499259948730469,9
blend_a10+APA+ResGCN,A7_coincidental,medium_real,17,SRC_STOCK_9_PRICE,REPORT_STRESS,2,0,1,1,0.5,0.8,1.3079643249511719,9
blend_a10+APA+ResGCN,A7_coincidental,medium_real,18,SRC_STOCK_11_PRICE,REPORT_STRESS,2,0,1,1,0.5,0.8,1.3189315795898438,9
blend_a10+APA+ResGCN,A7_coincidental,medium_real,19,SRC_STOCK_8_PRICE,REPORT_STRESS,2,0,1,1,0.5,0.8,1.394033432006836,9
blend_a10+APA+ResGCN,A7_coincidental,medium_real,20,SRC_STOCK_11_PRICE,REPORT_STRESS,2,0,1,1,0.5,0.8,1.2960433959960938,9
blend_a10+APA+ResGCN,A7_coincidental,medium_real,21,SRC_STOCK_4_PRICE,REPORT_STRESS,2,0,1,1,0.5,0.8,1.322031021118164,9
blend_a10+APA+ResGCN,A7_coincidental,medium_real,22,SRC_STOCK_10_PRICE,REPORT_STRESS,2,0,1,1,0.5,0.8,1.3470649719238281,9
blend_a10+APA+ResGCN,A7_coincidental,medium_real,23,SRC_STOCK_1_PRICE,REPORT_STRESS,2,0,1,1,0.5,0.8,1.3120174407958984,9
blend_a10+APA+ResGCN,A7_coincidental,medium_real,24,SRC_STOCK_5_PRICE,REPORT_STRESS,2,0,1,1,0.5,0.8,1.3959407806396484,9
blend_a10+APA+ResGCN,A7_coincidental,medium_real,25,SRC_STOCK_7_PRICE,REPORT_STRESS,2,0,1,1,0.5,0.8,1.360177993774414,9
blend_a10+APA+ResGCN,A7_coincidental,medium_real,26,SRC_STOCK_11_PRICE,REPORT_STRESS,2,0,1,1,0.5,0.8,1.329183578491211,9
blend_a10+APA+ResGCN,A7_coincidental,medium_real,27,SRC_STOCK_1_PRICE,REPORT_STRESS,2,0,1,1,0.5,0.8,1.3649463653564453,9
blend_a10+APA+ResGCN,A7_coincidental,medium_real,28,SRC_STOCK_8_PRICE,REPORT_STRESS,2,0,1,1,0.5,0.8,1.3611316680908203,9
blend_a10+APA+ResGCN,A7_coincidental,medium_real,29,SRC_STOCK_12_PRICE,REPORT_STRESS,2,0,1,1,0.5,0.8,1.3089179992675781,9
