method,anomaly_type,pipeline_size,trial,true_root_cause,target_node,rank,top1,top3,top5,reciprocal_rank,false_rc_rate_k5,elapsed_ms,convergence_iters
APA-RCA-v2,A1_source_corruption,small,0,SRC_STOCK_3_PRICE,REPORT_LIMIT,1.0,1,1,1,1.0,0.8,0.61798095703125,9
CVAE+APA-RCA,A1_source_corruption,small,0,SRC_STOCK_3_PRICE,REPORT_LIMIT,1.0,1,1,1,1.0,0.8,0.4849433898925781,9
APA-RCA-v2,A1_source_corruption,small,1,SRC_STOCK_2_PRICE,REPORT_DASHBOARD,1.0,1,1,1,1.0,0.8,0.46515464782714844,9
CVAE+APA-RCA,A1_source_corruption,small,1,SRC_STOCK_2_PRICE,REPORT_DASHBOARD,1.0,1,1,1,1.0,0.8,0.46825408935546875,9
APA-RCA-v2,A1_source_corruption,small,2,SRC_STOCK_3_PRICE,REPORT_LIMIT,1.0,1,1,1,1.0,0.8,0.492095947265625,9
CVAE+APA-RCA,A1_source_corruption,small,2,SRC_STOCK_3_PRICE,REPORT_LIMIT,1.0,1,1,1,1.0,0.8,0.48279762268066406,9
APA-RCA-v2,A1_source_corruption,small,3,SRC_STOCK_3_PRICE,REPORT_LIMIT,1.0,1,1,1,1.0,0.8,0.4711151123046875,9
CVAE+APA-RCA,A1_source_corruption,small,3,SRC_STOCK_3_PRICE,REPORT_LIMIT,1.0,1,1,1,1.0,0.8,0.46706199645996094,9
APA-RCA-v2,A1_source_corruption,small,4,SRC_STOCK_3_PRICE,REPORT_DASHBOARD,1.0,1,1,1,1.0,0.8,0.4489421844482422,9
CVAE+APA-RCA,A1_source_corruption,small,4,SRC_STOCK_3_PRICE,REPORT_DASHBOARD,1.0,1,1,1,1.0,0.8,0.4627704620361328,9
APA-RCA-v2,A1_source_corruption,small,5,SRC_STOCK_3_PRICE,REPORT_LIMIT,1.0,1,1,1,1.0,0.8,0.4558563232421875,9
CVAE+APA-RCA,A1_source_corruption,small,5,SRC_STOCK_3_PRICE,REPORT_LIMIT,1.0,1,1,1,1.0,0.8,0.4699230194091797,9
APA-RCA-v2,A1_source_corruption,small,6,SRC_STOCK_2_PRICE,REPORT_LIMIT,1.0,1,1,1,1.0,0.8,0.469207763671875,9
CVAE+APA-RCA,A1_source_corruption,small,6,SRC_STOCK_2_PRICE,REPORT_LIMIT,1.0,1,1,1,1.0,0.8,0.46515464782714844,9
APA-RCA-v2,A1_source_corruption,small,7,SRC_STOCK_3_PRICE,REPORT_LIMIT,1.0,1,1,1,1.0,0.8,0.4868507385253906,9
CVAE+APA-RCA,A1_source_corruption,small,7,SRC_STOCK_3_PRICE,REPORT_LIMIT,1.0,1,1,1,1.0,0.8,0.4868507385253906,9
APA-RCA-v2,A1_source_corruption,small,8,SRC_STOCK_3_PRICE,REPORT_DASHBOARD,1.0,1,1,1,1.0,0.8,0.4887580871582031,9
CVAE+APA-RCA,A1_source_corruption,small,8,SRC_STOCK_3_PRICE,REPORT_DASHBOARD,1.0,1,1,1,1.0,0.8,0.4820823669433594,9
APA-RCA-v2,A1_source_corruption,small,9,SRC_STOCK_2_PRICE,REPORT_LIMIT,1.0,1,1,1,1.0,0.8,0.48089027404785156,9
CVAE+APA-RCA,A1_source_corruption,small,9,SRC_STOCK_2_PRICE,REPORT_LIMIT,1.0,1,1,1,1.0,0.8,0.4780292510986328,9
APA-RCA-v2,A1_source_corruption,small,10,SRC_STOCK_3_PRICE,REPORT_LIMIT,1.0,1,1,1,1.0,0.8,0.4820823669433594,9
CVAE+APA-RCA,A1_source_corruption,small,10,SRC_STOCK_3_PRICE,REPORT_LIMIT,1.0,1,1,1,1.0,0.8,0.48804283142089844,9
APA-RCA-v2,A1_source_corruption,small,11,SRC_STOCK_1_PRICE,REPORT_LIMIT,1.0,1,1,1,1.0,0.8,0.4858970642089844,9
CVAE+APA-RCA,A1_source_corruption,small,11,SRC_STOCK_1_PRICE,REPORT_LIMIT,1.0,1,1,1,1.0,0.8,0.5388259887695312,9
APA-RCA-v2,A1_source_corruption,small,12,SRC_STOCK_2_PRICE,REPORT_LIMIT,1.0,1,1,1,1.0,0.8,0.4830360412597656,9
CVAE+APA-RCA,A1_source_corruption,small,12,SRC_STOCK_2_PRICE,REPORT_LIMIT,1.0,1,1,1,1.0,0.8,0.47588348388671875,9
APA-RCA-v2,A1_source_corruption,small,13,SRC_STOCK_3_PRICE,REPORT_LIMIT,1.0,1,1,1,1.0,0.8,0.4801750183105469,9
CVAE+APA-RCA,A1_source_corruption,small,13,SRC_STOCK_3_PRICE,REPORT_LIMIT,1.0,1,1,1,1.0,0.8,0.4780292510986328,9
APA-RCA-v2,A1_source_corruption,small,14,SRC_STOCK_1_PRICE,REPORT_LIMIT,1.0,1,1,1,1.0,0.8,0.49185752868652344,9
CVAE+APA-RCA,A1_source_corruption,small,14,SRC_STOCK_1_PRICE,REPORT_LIMIT,1.0,1,1,1,1.0,0.8,0.48804283142089844,9
APA-RCA-v2,A1_source_corruption,small,15,SRC_STOCK_3_PRICE,REPORT_LIMIT,1.0,1,1,1,1.0,0.8,0.5040168762207031,9
CVAE+APA-RCA,A1_source_corruption,small,15,SRC_STOCK_3_PRICE,REPORT_LIMIT,1.0,1,1,1,1.0,0.8,0.5519390106201172,9
APA-RCA-v2,A1_source_corruption,small,16,SRC_STOCK_2_PRICE,REPORT_LIMIT,1.0,1,1,1,1.0,0.8,0.4870891571044922,9
CVAE+APA-RCA,A1_source_corruption,small,16,SRC_STOCK_2_PRICE,REPORT_LIMIT,1.0,1,1,1,1.0,0.8,0.4799365997314453,9
APA-RCA-v2,A1_source_corruption,small,17,SRC_STOCK_3_PRICE,REPORT_LIMIT,1.0,1,1,1,1.0,0.8,0.4811286926269531,9
CVAE+APA-RCA,A1_source_corruption,small,17,SRC_STOCK_3_PRICE,REPORT_LIMIT,1.0,1,1,1,1.0,0.8,0.4811286926269531,9
APA-RCA-v2,A1_source_corruption,small,18,SRC_STOCK_3_PRICE,REPORT_LIMIT,1.0,1,1,1,1.0,0.8,0.5097389221191406,9
CVAE+APA-RCA,A1_source_corruption,small,18,SRC_STOCK_3_PRICE,REPORT_LIMIT,1.0,1,1,1,1.0,0.8,0.47707557678222656,9
APA-RCA-v2,A1_source_corruption,small,19,SRC_STOCK_2_PRICE,REPORT_LIMIT,1.0,1,1,1,1.0,0.8,0.48995018005371094,9
CVAE+APA-RCA,A1_source_corruption,small,19,SRC_STOCK_2_PRICE,REPORT_LIMIT,1.0,1,1,1,1.0,0.8,0.4801750183105469,9
APA-RCA-v2,A1_source_corruption,small,20,SRC_STOCK_3_PRICE,REPORT_LIMIT,1.0,1,1,1,1.0,0.8,0.47278404235839844,9
CVAE+APA-RCA,A1_source_corruption,small,20,SRC_STOCK_3_PRICE,REPORT_LIMIT,1.0,1,1,1,1.0,0.8,0.45800209045410156,9
APA-RCA-v2,A1_source_corruption,small,21,SRC_STOCK_1_PRICE,REPORT_LIMIT,1.0,1,1,1,1.0,0.8,0.4870891571044922,9
CVAE+APA-RCA,A1_source_corruption,small,21,SRC_STOCK_1_PRICE,REPORT_LIMIT,1.0,1,1,1,1.0,0.8,0.6608963012695312,9
APA-RCA-v2,A1_source_corruption,small,22,SRC_STOCK_3_PRICE,REPORT_LIMIT,1.0,1,1,1,1.0,0.8,0.45418739318847656,9
CVAE+APA-RCA,A1_source_corruption,small,22,SRC_STOCK_3_PRICE,REPORT_LIMIT,1.0,1,1,1,1.0,0.8,0.4620552062988281,9
APA-RCA-v2,A1_source_corruption,small,23,SRC_STOCK_1_PRICE,REPORT_LIMIT,1.0,1,1,1,1.0,0.8,0.45013427734375,9
CVAE+APA-RCA,A1_source_corruption,small,23,SRC_STOCK_1_PRICE,REPORT_LIMIT,1.0,1,1,1,1.0,0.8,0.4830360412597656,9
APA-RCA-v2,A1_source_corruption,small,24,SRC_STOCK_2_PRICE,REPORT_LIMIT,1.0,1,1,1,1.0,0.8,0.47206878662109375,9
CVAE+APA-RCA,A1_source_corruption,small,24,SRC_STOCK_2_PRICE,REPORT_LIMIT,1.0,1,1,1,1.0,0.8,0.4642009735107422,9
APA-RCA-v2,A1_source_corruption,small,25,SRC_STOCK_2_PRICE,REPORT_DASHBOARD,1.0,1,1,1,1.0,0.8,0.45490264892578125,9
CVAE+APA-RCA,A1_source_corruption,small,25,SRC_STOCK_2_PRICE,REPORT_DASHBOARD,1.0,1,1,1,1.0,0.8,0.4620552062988281,9
APA-RCA-v2,A1_source_corruption,small,26,SRC_STOCK_3_PRICE,REPORT_LIMIT,1.0,1,1,1,1.0,0.8,0.4830360412597656,9
CVAE+APA-RCA,A1_source_corruption,small,26,SRC_STOCK_3_PRICE,REPORT_LIMIT,1.0,1,1,1,1.0,0.8,0.47397613525390625,9
APA-RCA-v2,A1_source_corruption,small,27,SRC_STOCK_1_PRICE,REPORT_DASHBOARD,1.0,1,1,1,1.0,0.8,0.4889965057373047,9
CVAE+APA-RCA,A1_source_corruption,small,27,SRC_STOCK_1_PRICE,REPORT_DASHBOARD,1.0,1,1,1,1.0,0.8,0.49185752868652344,9
APA-RCA-v2,A1_source_corruption,small,28,SRC_STOCK_2_PRICE,REPORT_LIMIT,1.0,1,1,1,1.0,0.8,0.4661083221435547,9
CVAE+APA-RCA,A1_source_corruption,small,28,SRC_STOCK_2_PRICE,REPORT_LIMIT,1.0,1,1,1,1.0,0.8,0.46896934509277344,9
APA-RCA-v2,A1_source_corruption,small,29,SRC_STOCK_3_PRICE,REPORT_LIMIT,1.0,1,1,1,1.0,0.8,0.5052089691162109,9
CVAE+APA-RCA,A1_source_corruption,small,29,SRC_STOCK_3_PRICE,REPORT_LIMIT,1.0,1,1,1,1.0,0.8,0.5118846893310547,9
APA-RCA-v2,A2_etl_logic_error,small,0,ETL_FX_STOCK_3_PRICE,REPORT_LIMIT,2.0,0,1,1,0.5,0.8,0.5052089691162109,9
CVAE+APA-RCA,A2_etl_logic_error,small,0,ETL_FX_STOCK_3_PRICE,REPORT_LIMIT,5.0,0,0,1,0.2,0.8,0.5340576171875,9
APA-RCA-v2,A2_etl_logic_error,small,1,ETL_FX_STOCK_2_PRICE,REPORT_LIMIT,3.0,0,1,1,0.3333333333333333,0.8,0.4858970642089844,9
CVAE+APA-RCA,A2_etl_logic_error,small,1,ETL_FX_STOCK_2_PRICE,REPORT_LIMIT,5.0,0,0,1,0.2,0.8,0.48804283142089844,9
APA-RCA-v2,A2_etl_logic_error,small,2,ETL_FX_STOCK_3_PRICE,REPORT_LIMIT,2.0,0,1,1,0.5,0.8,0.4992485046386719,9
CVAE+APA-RCA,A2_etl_logic_error,small,2,ETL_FX_STOCK_3_PRICE,REPORT_LIMIT,6.0,0,0,0,0.16666666666666666,1.0,0.5950927734375,9
APA-RCA-v2,A2_etl_logic_error,small,3,ETL_FX_STOCK_3_PRICE,REPORT_LIMIT,3.0,0,1,1,0.3333333333333333,0.8,0.46896934509277344,9
CVAE+APA-RCA,A2_etl_logic_error,small,3,ETL_FX_STOCK_3_PRICE,REPORT_LIMIT,7.0,0,0,0,0.14285714285714285,1.0,0.469207763671875,9
APA-RCA-v2,A2_etl_logic_error,small,4,ETL_FX_STOCK_3_PRICE,REPORT_LIMIT,2.0,0,1,1,0.5,0.8,0.514984130859375,9
CVAE+APA-RCA,A2_etl_logic_error,small,4,ETL_FX_STOCK_3_PRICE,REPORT_LIMIT,4.0,0,0,1,0.25,0.8,0.4832744598388672,9
APA-RCA-v2,A2_etl_logic_error,small,5,ETL_FX_STOCK_3_PRICE,REPORT_LIMIT,2.0,0,1,1,0.5,0.8,0.48470497131347656,9
CVAE+APA-RCA,A2_etl_logic_error,small,5,ETL_FX_STOCK_3_PRICE,REPORT_LIMIT,7.0,0,0,0,0.14285714285714285,1.0,0.4837512969970703,9
APA-RCA-v2,A2_etl_logic_error,small,6,ETL_FX_STOCK_2_PRICE,REPORT_LIMIT,2.0,0,1,1,0.5,0.8,0.4878044128417969,9
CVAE+APA-RCA,A2_etl_logic_error,small,6,ETL_FX_STOCK_2_PRICE,REPORT_LIMIT,7.0,0,0,0,0.14285714285714285,1.0,0.5161762237548828,9
APA-RCA-v2,A2_etl_logic_error,small,7,ETL_FX_STOCK_3_PRICE,REPORT_LIMIT,1.0,1,1,1,1.0,0.8,0.5240440368652344,9
CVAE+APA-RCA,A2_etl_logic_error,small,7,ETL_FX_STOCK_3_PRICE,REPORT_LIMIT,5.0,0,0,1,0.2,0.8,0.49114227294921875,9
APA-RCA-v2,A2_etl_logic_error,small,8,ETL_FX_STOCK_3_PRICE,REPORT_LIMIT,2.0,0,1,1,0.5,0.8,0.8080005645751953,9
CVAE+APA-RCA,A2_etl_logic_error,small,8,ETL_FX_STOCK_3_PRICE,REPORT_LIMIT,5.0,0,0,1,0.2,0.8,0.7090568542480469,9
APA-RCA-v2,A2_etl_logic_error,small,9,ETL_FX_STOCK_2_PRICE,REPORT_LIMIT,2.0,0,1,1,0.5,0.8,0.5190372467041016,9
CVAE+APA-RCA,A2_etl_logic_error,small,9,ETL_FX_STOCK_2_PRICE,REPORT_LIMIT,5.0,0,0,1,0.2,0.8,0.5071163177490234,9
APA-RCA-v2,A2_etl_logic_error,small,10,ETL_FX_STOCK_3_PRICE,REPORT_LIMIT,2.0,0,1,1,0.5,0.8,0.5209445953369141,9
CVAE+APA-RCA,A2_etl_logic_error,small,10,ETL_FX_STOCK_3_PRICE,REPORT_LIMIT,7.0,0,0,0,0.14285714285714285,1.0,0.5328655242919922,9
APA-RCA-v2,A2_etl_logic_error,small,11,ETL_FX_STOCK_1_PRICE,REPORT_LIMIT,2.0,0,1,1,0.5,0.8,0.5459785461425781,9
CVAE+APA-RCA,A2_etl_logic_error,small,11,ETL_FX_STOCK_1_PRICE,REPORT_LIMIT,6.0,0,0,0,0.16666666666666666,1.0,0.5388259887695312,9
APA-RCA-v2,A2_etl_logic_error,small,12,ETL_FX_STOCK_2_PRICE,REPORT_LIMIT,2.0,0,1,1,0.5,0.8,1.0311603546142578,9
CVAE+APA-RCA,A2_etl_logic_error,small,12,ETL_FX_STOCK_2_PRICE,REPORT_LIMIT,7.0,0,0,0,0.14285714285714285,1.0,0.5328655242919922,9
APA-RCA-v2,A2_etl_logic_error,small,13,ETL_FX_STOCK_3_PRICE,REPORT_LIMIT,2.0,0,1,1,0.5,0.8,0.6368160247802734,9
CVAE+APA-RCA,A2_etl_logic_error,small,13,ETL_FX_STOCK_3_PRICE,REPORT_LIMIT,6.0,0,0,0,0.16666666666666666,1.0,0.5779266357421875,9
APA-RCA-v2,A2_etl_logic_error,small,14,ETL_FX_STOCK_1_PRICE,REPORT_LIMIT,2.0,0,1,1,0.5,0.8,0.6659030914306641,9
CVAE+APA-RCA,A2_etl_logic_error,small,14,ETL_FX_STOCK_1_PRICE,REPORT_LIMIT,6.0,0,0,0,0.16666666666666666,1.0,0.6358623504638672,9
APA-RCA-v2,A2_etl_logic_error,small,15,ETL_FX_STOCK_3_PRICE,REPORT_LIMIT,3.0,0,1,1,0.3333333333333333,0.8,0.6346702575683594,9
CVAE+APA-RCA,A2_etl_logic_error,small,15,ETL_FX_STOCK_3_PRICE,REPORT_LIMIT,7.0,0,0,0,0.14285714285714285,1.0,0.6961822509765625,9
APA-RCA-v2,A2_etl_logic_error,small,16,ETL_FX_STOCK_2_PRICE,REPORT_LIMIT,3.0,0,1,1,0.3333333333333333,0.8,0.7648468017578125,9
CVAE+APA-RCA,A2_etl_logic_error,small,16,ETL_FX_STOCK_2_PRICE,REPORT_LIMIT,7.0,0,0,0,0.14285714285714285,1.0,0.6802082061767578,9
APA-RCA-v2,A2_etl_logic_error,small,17,ETL_FX_STOCK_3_PRICE,REPORT_LIMIT,3.0,0,1,1,0.3333333333333333,0.8,0.6930828094482422,9
CVAE+APA-RCA,A2_etl_logic_error,small,17,ETL_FX_STOCK_3_PRICE,REPORT_LIMIT,7.0,0,0,0,0.14285714285714285,1.0,0.6086826324462891,9
APA-RCA-v2,A2_etl_logic_error,small,18,ETL_FX_STOCK_3_PRICE,REPORT_LIMIT,3.0,0,1,1,0.3333333333333333,0.8,0.7119178771972656,9
CVAE+APA-RCA,A2_etl_logic_error,small,18,ETL_FX_STOCK_3_PRICE,REPORT_LIMIT,6.0,0,0,0,0.16666666666666666,1.0,0.6761550903320312,9
APA-RCA-v2,A2_etl_logic_error,small,19,ETL_FX_STOCK_2_PRICE,REPORT_LIMIT,3.0,0,1,1,0.3333333333333333,0.8,0.7469654083251953,9
CVAE+APA-RCA,A2_etl_logic_error,small,19,ETL_FX_STOCK_2_PRICE,REPORT_LIMIT,7.0,0,0,0,0.14285714285714285,1.0,0.8170604705810547,9
APA-RCA-v2,A2_etl_logic_error,small,20,ETL_FX_STOCK_3_PRICE,REPORT_LIMIT,2.0,0,1,1,0.5,0.8,0.6783008575439453,9
CVAE+APA-RCA,A2_etl_logic_error,small,20,ETL_FX_STOCK_3_PRICE,REPORT_LIMIT,7.0,0,0,0,0.14285714285714285,1.0,0.7669925689697266,9
APA-RCA-v2,A2_etl_logic_error,small,21,ETL_FX_STOCK_1_PRICE,REPORT_LIMIT,4.0,0,0,1,0.25,0.8,0.6310939788818359,9
CVAE+APA-RCA,A2_etl_logic_error,small,21,ETL_FX_STOCK_1_PRICE,REPORT_LIMIT,7.0,0,0,0,0.14285714285714285,1.0,0.6499290466308594,9
APA-RCA-v2,A2_etl_logic_error,small,22,ETL_FX_STOCK_3_PRICE,REPORT_LIMIT,3.0,0,1,1,0.3333333333333333,0.8,0.6778240203857422,9
CVAE+APA-RCA,A2_etl_logic_error,small,22,ETL_FX_STOCK_3_PRICE,REPORT_LIMIT,6.0,0,0,0,0.16666666666666666,1.0,0.6451606750488281,9
APA-RCA-v2,A2_etl_logic_error,small,23,ETL_FX_STOCK_1_PRICE,REPORT_LIMIT,2.0,0,1,1,0.5,0.8,0.7510185241699219,9
CVAE+APA-RCA,A2_etl_logic_error,small,23,ETL_FX_STOCK_1_PRICE,REPORT_LIMIT,6.0,0,0,0,0.16666666666666666,1.0,0.7939338684082031,9
APA-RCA-v2,A2_etl_logic_error,small,24,ETL_FX_STOCK_2_PRICE,REPORT_LIMIT,2.0,0,1,1,0.5,0.8,0.8149147033691406,9
CVAE+APA-RCA,A2_etl_logic_error,small,24,ETL_FX_STOCK_2_PRICE,REPORT_LIMIT,4.0,0,0,1,0.25,0.8,0.7169246673583984,9
APA-RCA-v2,A2_etl_logic_error,small,25,ETL_FX_STOCK_2_PRICE,REPORT_LIMIT,2.0,0,1,1,0.5,0.8,0.6289482116699219,9
CVAE+APA-RCA,A2_etl_logic_error,small,25,ETL_FX_STOCK_2_PRICE,REPORT_LIMIT,5.0,0,0,1,0.2,0.8,0.6959438323974609,9
APA-RCA-v2,A2_etl_logic_error,small,26,ETL_FX_STOCK_3_PRICE,REPORT_LIMIT,3.0,0,1,1,0.3333333333333333,0.8,0.6859302520751953,9
CVAE+APA-RCA,A2_etl_logic_error,small,26,ETL_FX_STOCK_3_PRICE,REPORT_LIMIT,5.0,0,0,1,0.2,0.8,0.6449222564697266,9
APA-RCA-v2,A2_etl_logic_error,small,27,ETL_FX_STOCK_1_PRICE,REPORT_LIMIT,3.0,0,1,1,0.3333333333333333,0.8,0.6768703460693359,9
CVAE+APA-RCA,A2_etl_logic_error,small,27,ETL_FX_STOCK_1_PRICE,REPORT_LIMIT,6.0,0,0,0,0.16666666666666666,1.0,0.6639957427978516,9
APA-RCA-v2,A2_etl_logic_error,small,28,ETL_FX_STOCK_2_PRICE,REPORT_LIMIT,2.0,0,1,1,0.5,0.8,0.6439685821533203,9
CVAE+APA-RCA,A2_etl_logic_error,small,28,ETL_FX_STOCK_2_PRICE,REPORT_LIMIT,8.0,0,0,0,0.125,1.0,0.6577968597412109,9
APA-RCA-v2,A2_etl_logic_error,small,29,ETL_FX_STOCK_3_PRICE,REPORT_LIMIT,2.0,0,1,1,0.5,0.8,0.7276535034179688,9
CVAE+APA-RCA,A2_etl_logic_error,small,29,ETL_FX_STOCK_3_PRICE,REPORT_LIMIT,6.0,0,0,0,0.16666666666666666,1.0,0.8292198181152344,9
APA-RCA-v2,A3_feature_calc_error,small,0,FEAT_VOL20_STOCK_3_PRICE,REPORT_LIMIT,9.0,0,0,0,0.1111111111111111,1.0,0.6966590881347656,9
CVAE+APA-RCA,A3_feature_calc_error,small,0,FEAT_VOL20_STOCK_3_PRICE,REPORT_LIMIT,1.0,1,1,1,1.0,0.8,0.7050037384033203,9
APA-RCA-v2,A3_feature_calc_error,small,1,FEAT_VOL20_STOCK_2_PRICE,REPORT_LIMIT,12.0,0,0,0,0.08333333333333333,1.0,0.5438327789306641,9
CVAE+APA-RCA,A3_feature_calc_error,small,1,FEAT_VOL20_STOCK_2_PRICE,REPORT_LIMIT,1.0,1,1,1,1.0,0.8,0.5118846893310547,9
APA-RCA-v2,A3_feature_calc_error,small,2,FEAT_VOL20_STOCK_3_PRICE,REPORT_LIMIT,9.0,0,0,0,0.1111111111111111,1.0,0.743865966796875,9
CVAE+APA-RCA,A3_feature_calc_error,small,2,FEAT_VOL20_STOCK_3_PRICE,REPORT_LIMIT,1.0,1,1,1,1.0,0.8,0.7719993591308594,9
APA-RCA-v2,A3_feature_calc_error,small,3,FEAT_VOL20_STOCK_3_PRICE,REPORT_LIMIT,14.0,0,0,0,0.07142857142857142,1.0,0.5061626434326172,9
CVAE+APA-RCA,A3_feature_calc_error,small,3,FEAT_VOL20_STOCK_3_PRICE,REPORT_LIMIT,1.0,1,1,1,1.0,0.8,0.5011558532714844,9
APA-RCA-v2,A3_feature_calc_error,small,4,FEAT_VOL20_STOCK_3_PRICE,REPORT_LIMIT,9.0,0,0,0,0.1111111111111111,1.0,0.5528926849365234,9
CVAE+APA-RCA,A3_feature_calc_error,small,4,FEAT_VOL20_STOCK_3_PRICE,REPORT_LIMIT,1.0,1,1,1,1.0,0.8,0.5261898040771484,9
APA-RCA-v2,A3_feature_calc_error,small,5,FEAT_VOL20_STOCK_3_PRICE,REPORT_LIMIT,11.0,0,0,0,0.09090909090909091,1.0,0.6587505340576172,9
CVAE+APA-RCA,A3_feature_calc_error,small,5,FEAT_VOL20_STOCK_3_PRICE,REPORT_LIMIT,1.0,1,1,1,1.0,0.8,0.782012939453125,9
APA-RCA-v2,A3_feature_calc_error,small,6,FEAT_VOL20_STOCK_2_PRICE,REPORT_LIMIT,2.0,0,1,1,0.5,0.8,2.7170181274414062,9
CVAE+APA-RCA,A3_feature_calc_error,small,6,FEAT_VOL20_STOCK_2_PRICE,REPORT_LIMIT,1.0,1,1,1,1.0,0.8,2.629995346069336,9
APA-RCA-v2,A3_feature_calc_error,small,7,FEAT_VOL20_STOCK_3_PRICE,REPORT_LIMIT,26.0,0,0,0,0.038461538461538464,1.0,1.0559558868408203,9
CVAE+APA-RCA,A3_feature_calc_error,small,7,FEAT_VOL20_STOCK_3_PRICE,REPORT_LIMIT,1.0,1,1,1,1.0,0.8,0.7579326629638672,9
APA-RCA-v2,A3_feature_calc_error,small,8,FEAT_VOL20_STOCK_3_PRICE,REPORT_LIMIT,13.0,0,0,0,0.07692307692307693,1.0,0.5128383636474609,9
CVAE+APA-RCA,A3_feature_calc_error,small,8,FEAT_VOL20_STOCK_3_PRICE,REPORT_LIMIT,1.0,1,1,1,1.0,0.8,0.5159378051757812,9
APA-RCA-v2,A3_feature_calc_error,small,9,FEAT_VOL20_STOCK_2_PRICE,REPORT_LIMIT,12.0,0,0,0,0.08333333333333333,1.0,0.4858970642089844,9
CVAE+APA-RCA,A3_feature_calc_error,small,9,FEAT_VOL20_STOCK_2_PRICE,REPORT_LIMIT,1.0,1,1,1,1.0,0.8,0.4870891571044922,9
APA-RCA-v2,A3_feature_calc_error,small,10,FEAT_VOL20_STOCK_3_PRICE,REPORT_LIMIT,6.0,0,0,0,0.16666666666666666,1.0,0.5261898040771484,9
CVAE+APA-RCA,A3_feature_calc_error,small,10,FEAT_VOL20_STOCK_3_PRICE,REPORT_LIMIT,1.0,1,1,1,1.0,0.8,0.5161762237548828,9
APA-RCA-v2,A3_feature_calc_error,small,11,FEAT_VOL20_STOCK_1_PRICE,REPORT_LIMIT,2.0,0,1,1,0.5,0.8,0.4951953887939453,9
CVAE+APA-RCA,A3_feature_calc_error,small,11,FEAT_VOL20_STOCK_1_PRICE,REPORT_LIMIT,1.0,1,1,1,1.0,0.8,0.49996376037597656,9
APA-RCA-v2,A3_feature_calc_error,small,12,FEAT_VOL20_STOCK_2_PRICE,REPORT_LIMIT,2.0,0,1,1,0.5,0.8,0.4858970642089844,9
CVAE+APA-RCA,A3_feature_calc_error,small,12,FEAT_VOL20_STOCK_2_PRICE,REPORT_LIMIT,1.0,1,1,1,1.0,0.8,0.5118846893310547,9
APA-RCA-v2,A3_feature_calc_error,small,13,FEAT_VOL20_STOCK_3_PRICE,REPORT_LIMIT,2.0,0,1,1,0.5,0.8,0.4570484161376953,9
CVAE+APA-RCA,A3_feature_calc_error,small,13,FEAT_VOL20_STOCK_3_PRICE,REPORT_LIMIT,1.0,1,1,1,1.0,0.8,0.46896934509277344,9
APA-RCA-v2,A3_feature_calc_error,small,14,FEAT_VOL20_STOCK_1_PRICE,REPORT_LIMIT,2.0,0,1,1,0.5,0.8,0.4589557647705078,9
CVAE+APA-RCA,A3_feature_calc_error,small,14,FEAT_VOL20_STOCK_1_PRICE,REPORT_LIMIT,1.0,1,1,1,1.0,0.8,0.47206878662109375,9
APA-RCA-v2,A3_feature_calc_error,small,15,FEAT_VOL20_STOCK_3_PRICE,REPORT_LIMIT,12.0,0,0,0,0.08333333333333333,1.0,0.5381107330322266,9
CVAE+APA-RCA,A3_feature_calc_error,small,15,FEAT_VOL20_STOCK_3_PRICE,REPORT_LIMIT,1.0,1,1,1,1.0,0.8,0.4940032958984375,9
APA-RCA-v2,A3_feature_calc_error,small,16,FEAT_VOL20_STOCK_2_PRICE,REPORT_LIMIT,9.0,0,0,0,0.1111111111111111,1.0,0.46706199645996094,9
CVAE+APA-RCA,A3_feature_calc_error,small,16,FEAT_VOL20_STOCK_2_PRICE,REPORT_LIMIT,1.0,1,1,1,1.0,0.8,0.476837158203125,9
APA-RCA-v2,A3_feature_calc_error,small,17,FEAT_VOL20_STOCK_3_PRICE,REPORT_LIMIT,17.0,0,0,0,0.058823529411764705,1.0,0.44798851013183594,9
CVAE+APA-RCA,A3_feature_calc_error,small,17,FEAT_VOL20_STOCK_3_PRICE,REPORT_LIMIT,1.0,1,1,1,1.0,0.8,0.4730224609375,9
APA-RCA-v2,A3_feature_calc_error,small,18,FEAT_VOL20_STOCK_3_PRICE,REPORT_LIMIT,3.0,0,1,1,0.3333333333333333,0.8,0.492095947265625,9
CVAE+APA-RCA,A3_feature_calc_error,small,18,FEAT_VOL20_STOCK_3_PRICE,REPORT_LIMIT,1.0,1,1,1,1.0,0.8,0.4990100860595703,9
APA-RCA-v2,A3_feature_calc_error,small,19,FEAT_VOL20_STOCK_2_PRICE,REPORT_LIMIT,6.0,0,0,0,0.16666666666666666,1.0,0.4820823669433594,9
CVAE+APA-RCA,A3_feature_calc_error,small,19,FEAT_VOL20_STOCK_2_PRICE,REPORT_LIMIT,1.0,1,1,1,1.0,0.8,0.4839897155761719,9
APA-RCA-v2,A3_feature_calc_error,small,20,FEAT_VOL20_STOCK_3_PRICE,REPORT_LIMIT,10.0,0,0,0,0.1,1.0,0.4811286926269531,9
CVAE+APA-RCA,A3_feature_calc_error,small,20,FEAT_VOL20_STOCK_3_PRICE,REPORT_LIMIT,1.0,1,1,1,1.0,0.8,0.48089027404785156,9
APA-RCA-v2,A3_feature_calc_error,small,21,FEAT_VOL20_STOCK_1_PRICE,REPORT_LIMIT,3.0,0,1,1,0.3333333333333333,0.8,0.4420280456542969,9
CVAE+APA-RCA,A3_feature_calc_error,small,21,FEAT_VOL20_STOCK_1_PRICE,REPORT_LIMIT,1.0,1,1,1,1.0,0.8,0.47779083251953125,9
APA-RCA-v2,A3_feature_calc_error,small,22,FEAT_VOL20_STOCK_3_PRICE,REPORT_LIMIT,3.0,0,1,1,0.3333333333333333,0.8,0.49376487731933594,9
CVAE+APA-RCA,A3_feature_calc_error,small,22,FEAT_VOL20_STOCK_3_PRICE,REPORT_LIMIT,1.0,1,1,1,1.0,0.8,0.48613548278808594,9
APA-RCA-v2,A3_feature_calc_error,small,23,FEAT_VOL20_STOCK_1_PRICE,REPORT_LIMIT,10.0,0,0,0,0.1,1.0,0.5059242248535156,9
CVAE+APA-RCA,A3_feature_calc_error,small,23,FEAT_VOL20_STOCK_1_PRICE,REPORT_LIMIT,1.0,1,1,1,1.0,0.8,0.5080699920654297,9
APA-RCA-v2,A3_feature_calc_error,small,24,FEAT_VOL20_STOCK_2_PRICE,REPORT_LIMIT,16.0,0,0,0,0.0625,1.0,0.5140304565429688,9
CVAE+APA-RCA,A3_feature_calc_error,small,24,FEAT_VOL20_STOCK_2_PRICE,REPORT_LIMIT,1.0,1,1,1,1.0,0.8,0.5600452423095703,9
APA-RCA-v2,A3_feature_calc_error,small,25,FEAT_VOL20_STOCK_2_PRICE,REPORT_LIMIT,2.0,0,1,1,0.5,0.8,0.5090236663818359,9
CVAE+APA-RCA,A3_feature_calc_error,small,25,FEAT_VOL20_STOCK_2_PRICE,REPORT_LIMIT,1.0,1,1,1,1.0,0.8,0.6010532379150391,9
APA-RCA-v2,A3_feature_calc_error,small,26,FEAT_VOL20_STOCK_3_PRICE,REPORT_LIMIT,2.0,0,1,1,0.5,0.8,0.5099773406982422,9
CVAE+APA-RCA,A3_feature_calc_error,small,26,FEAT_VOL20_STOCK_3_PRICE,REPORT_LIMIT,5.0,0,0,1,0.2,0.8,0.49591064453125,9
APA-RCA-v2,A3_feature_calc_error,small,27,FEAT_VOL20_STOCK_1_PRICE,REPORT_LIMIT,14.0,0,0,0,0.07142857142857142,1.0,0.5249977111816406,9
CVAE+APA-RCA,A3_feature_calc_error,small,27,FEAT_VOL20_STOCK_1_PRICE,REPORT_LIMIT,1.0,1,1,1,1.0,0.8,0.5970001220703125,9
APA-RCA-v2,A3_feature_calc_error,small,28,FEAT_VOL20_STOCK_2_PRICE,REPORT_LIMIT,12.0,0,0,0,0.08333333333333333,1.0,1.5370845794677734,9
CVAE+APA-RCA,A3_feature_calc_error,small,28,FEAT_VOL20_STOCK_2_PRICE,REPORT_LIMIT,1.0,1,1,1,1.0,0.8,0.5910396575927734,9
APA-RCA-v2,A3_feature_calc_error,small,29,FEAT_VOL20_STOCK_3_PRICE,REPORT_LIMIT,2.0,0,1,1,0.5,0.8,0.6699562072753906,9
CVAE+APA-RCA,A3_feature_calc_error,small,29,FEAT_VOL20_STOCK_3_PRICE,REPORT_LIMIT,1.0,1,1,1,1.0,0.8,0.5888938903808594,9
APA-RCA-v2,A4_aggregation_error,small,0,FEAT_SECTOR_B,REPORT_LIMIT,33.0,0,0,0,0.030303030303030304,1.0,0.5199909210205078,9
CVAE+APA-RCA,A4_aggregation_error,small,0,FEAT_SECTOR_B,REPORT_LIMIT,30.0,0,0,0,0.03333333333333333,1.0,0.5211830139160156,9
APA-RCA-v2,A4_aggregation_error,small,1,FEAT_SECTOR_A,REPORT_LIMIT,30.0,0,0,0,0.03333333333333333,1.0,0.7297992706298828,9
CVAE+APA-RCA,A4_aggregation_error,small,1,FEAT_SECTOR_A,REPORT_LIMIT,29.0,0,0,0,0.034482758620689655,1.0,0.5581378936767578,9
APA-RCA-v2,A4_aggregation_error,small,2,FEAT_SECTOR_B,REPORT_LIMIT,36.0,0,0,0,0.027777777777777776,1.0,0.5028247833251953,9
CVAE+APA-RCA,A4_aggregation_error,small,2,FEAT_SECTOR_B,REPORT_LIMIT,30.0,0,0,0,0.03333333333333333,1.0,0.5002021789550781,9
APA-RCA-v2,A4_aggregation_error,small,3,FEAT_SECTOR_B,REPORT_LIMIT,30.0,0,0,0,0.03333333333333333,1.0,0.6010532379150391,9
CVAE+APA-RCA,A4_aggregation_error,small,3,FEAT_SECTOR_B,REPORT_LIMIT,29.0,0,0,0,0.034482758620689655,1.0,0.5259513854980469,9
APA-RCA-v2,A4_aggregation_error,small,4,FEAT_SECTOR_B,REPORT_LIMIT,30.0,0,0,0,0.03333333333333333,1.0,0.9911060333251953,9
CVAE+APA-RCA,A4_aggregation_error,small,4,FEAT_SECTOR_B,REPORT_LIMIT,30.0,0,0,0,0.03333333333333333,1.0,0.5083084106445312,9
APA-RCA-v2,A4_aggregation_error,small,5,FEAT_SECTOR_B,REPORT_LIMIT,34.0,0,0,0,0.029411764705882353,1.0,0.5412101745605469,9
CVAE+APA-RCA,A4_aggregation_error,small,5,FEAT_SECTOR_B,REPORT_LIMIT,29.0,0,0,0,0.034482758620689655,1.0,0.5540847778320312,9
APA-RCA-v2,A4_aggregation_error,small,6,FEAT_SECTOR_A,REPORT_LIMIT,33.0,0,0,0,0.030303030303030304,1.0,0.49614906311035156,9
CVAE+APA-RCA,A4_aggregation_error,small,6,FEAT_SECTOR_A,REPORT_LIMIT,30.0,0,0,0,0.03333333333333333,1.0,0.5159378051757812,9
APA-RCA-v2,A4_aggregation_error,small,7,FEAT_SECTOR_B,REPORT_LIMIT,31.0,0,0,0,0.03225806451612903,1.0,0.5040168762207031,9
CVAE+APA-RCA,A4_aggregation_error,small,7,FEAT_SECTOR_B,REPORT_LIMIT,29.0,0,0,0,0.034482758620689655,1.0,0.5261898040771484,9
APA-RCA-v2,A4_aggregation_error,small,8,FEAT_SECTOR_B,REPORT_LIMIT,39.0,0,0,0,0.02564102564102564,1.0,0.7669925689697266,9
CVAE+APA-RCA,A4_aggregation_error,small,8,FEAT_SECTOR_B,REPORT_LIMIT,30.0,0,0,0,0.03333333333333333,1.0,0.5738735198974609,9
APA-RCA-v2,A4_aggregation_error,small,9,FEAT_SECTOR_A,REPORT_LIMIT,31.0,0,0,0,0.03225806451612903,1.0,0.5016326904296875,9
CVAE+APA-RCA,A4_aggregation_error,small,9,FEAT_SECTOR_A,REPORT_LIMIT,29.0,0,0,0,0.034482758620689655,1.0,77.84771919250488,9
APA-RCA-v2,A4_aggregation_error,small,10,FEAT_SECTOR_B,REPORT_LIMIT,30.0,0,0,0,0.03333333333333333,1.0,0.5047321319580078,9
CVAE+APA-RCA,A4_aggregation_error,small,10,FEAT_SECTOR_B,REPORT_LIMIT,29.0,0,0,0,0.034482758620689655,1.0,0.46706199645996094,9
APA-RCA-v2,A4_aggregation_error,small,11,FEAT_SECTOR_A,REPORT_LIMIT,30.0,0,0,0,0.03333333333333333,1.0,0.5068778991699219,9
CVAE+APA-RCA,A4_aggregation_error,small,11,FEAT_SECTOR_A,REPORT_LIMIT,29.0,0,0,0,0.034482758620689655,1.0,0.49376487731933594,9
APA-RCA-v2,A4_aggregation_error,small,12,FEAT_SECTOR_B,REPORT_LIMIT,31.0,0,0,0,0.03225806451612903,1.0,0.4673004150390625,9
CVAE+APA-RCA,A4_aggregation_error,small,12,FEAT_SECTOR_B,REPORT_LIMIT,30.0,0,0,0,0.03333333333333333,1.0,0.4680156707763672,9
APA-RCA-v2,A4_aggregation_error,small,13,FEAT_SECTOR_B,REPORT_LIMIT,30.0,0,0,0,0.03333333333333333,1.0,0.4820823669433594,9
CVAE+APA-RCA,A4_aggregation_error,small,13,FEAT_SECTOR_B,REPORT_LIMIT,29.0,0,0,0,0.034482758620689655,1.0,0.47206878662109375,9
APA-RCA-v2,A4_aggregation_error,small,14,FEAT_SECTOR_A,REPORT_LIMIT,31.0,0,0,0,0.03225806451612903,1.0,0.47707557678222656,9
CVAE+APA-RCA,A4_aggregation_error,small,14,FEAT_SECTOR_A,REPORT_LIMIT,29.0,0,0,0,0.034482758620689655,1.0,0.4680156707763672,9
APA-RCA-v2,A4_aggregation_error,small,15,FEAT_SECTOR_B,REPORT_LIMIT,34.0,0,0,0,0.029411764705882353,1.0,0.49686431884765625,9
CVAE+APA-RCA,A4_aggregation_error,small,15,FEAT_SECTOR_B,REPORT_LIMIT,29.0,0,0,0,0.034482758620689655,1.0,0.4730224609375,9
APA-RCA-v2,A4_aggregation_error,small,16,FEAT_SECTOR_B,REPORT_LIMIT,31.0,0,0,0,0.03225806451612903,1.0,0.46896934509277344,9
CVAE+APA-RCA,A4_aggregation_error,small,16,FEAT_SECTOR_B,REPORT_LIMIT,30.0,0,0,0,0.03333333333333333,1.0,0.49424171447753906,9
APA-RCA-v2,A4_aggregation_error,small,17,FEAT_SECTOR_B,REPORT_LIMIT,32.0,0,0,0,0.03125,1.0,0.48804283142089844,9
CVAE+APA-RCA,A4_aggregation_error,small,17,FEAT_SECTOR_B,REPORT_LIMIT,30.0,0,0,0,0.03333333333333333,1.0,0.5068778991699219,9
APA-RCA-v2,A4_aggregation_error,small,18,FEAT_SECTOR_B,REPORT_LIMIT,33.0,0,0,0,0.030303030303030304,1.0,0.476837158203125,9
CVAE+APA-RCA,A4_aggregation_error,small,18,FEAT_SECTOR_B,REPORT_LIMIT,30.0,0,0,0,0.03333333333333333,1.0,0.4909038543701172,9
APA-RCA-v2,A4_aggregation_error,small,19,FEAT_SECTOR_B,REPORT_LIMIT,31.0,0,0,0,0.03225806451612903,1.0,0.5109310150146484,9
CVAE+APA-RCA,A4_aggregation_error,small,19,FEAT_SECTOR_B,REPORT_LIMIT,30.0,0,0,0,0.03333333333333333,1.0,0.4889965057373047,9
APA-RCA-v2,A4_aggregation_error,small,20,FEAT_SECTOR_B,REPORT_LIMIT,32.0,0,0,0,0.03125,1.0,0.5028247833251953,9
CVAE+APA-RCA,A4_aggregation_error,small,20,FEAT_SECTOR_B,REPORT_LIMIT,29.0,0,0,0,0.034482758620689655,1.0,0.4990100860595703,9
APA-RCA-v2,A4_aggregation_error,small,21,FEAT_SECTOR_A,REPORT_LIMIT,30.0,0,0,0,0.03333333333333333,1.0,0.48279762268066406,9
CVAE+APA-RCA,A4_aggregation_error,small,21,FEAT_SECTOR_A,REPORT_LIMIT,29.0,0,0,0,0.034482758620689655,1.0,0.4799365997314453,9
APA-RCA-v2,A4_aggregation_error,small,22,FEAT_SECTOR_B,REPORT_LIMIT,32.0,0,0,0,0.03125,1.0,0.48279762268066406,9
CVAE+APA-RCA,A4_aggregation_error,small,22,FEAT_SECTOR_B,REPORT_LIMIT,30.0,0,0,0,0.03333333333333333,1.0,0.4830360412597656,9
APA-RCA-v2,A4_aggregation_error,small,23,FEAT_SECTOR_A,REPORT_LIMIT,32.0,0,0,0,0.03125,1.0,0.4820823669433594,9
CVAE+APA-RCA,A4_aggregation_error,small,23,FEAT_SECTOR_A,REPORT_LIMIT,30.0,0,0,0,0.03333333333333333,1.0,0.47588348388671875,9
APA-RCA-v2,A4_aggregation_error,small,24,FEAT_SECTOR_A,REPORT_LIMIT,34.0,0,0,0,0.029411764705882353,1.0,0.4849433898925781,9
CVAE+APA-RCA,A4_aggregation_error,small,24,FEAT_SECTOR_A,REPORT_LIMIT,30.0,0,0,0,0.03333333333333333,1.0,0.49304962158203125,9
APA-RCA-v2,A4_aggregation_error,small,25,FEAT_SECTOR_B,REPORT_LIMIT,31.0,0,0,0,0.03225806451612903,1.0,0.45108795166015625,9
CVAE+APA-RCA,A4_aggregation_error,small,25,FEAT_SECTOR_B,REPORT_LIMIT,30.0,0,0,0,0.03333333333333333,1.0,0.4749298095703125,9
APA-RCA-v2,A4_aggregation_error,small,26,FEAT_SECTOR_B,REPORT_LIMIT,30.0,0,0,0,0.03333333333333333,1.0,0.48089027404785156,9
CVAE+APA-RCA,A4_aggregation_error,small,26,FEAT_SECTOR_B,REPORT_LIMIT,30.0,0,0,0,0.03333333333333333,1.0,0.5459785461425781,9
APA-RCA-v2,A4_aggregation_error,small,27,FEAT_SECTOR_A,REPORT_LIMIT,31.0,0,0,0,0.03225806451612903,1.0,0.4570484161376953,9
CVAE+APA-RCA,A4_aggregation_error,small,27,FEAT_SECTOR_A,REPORT_LIMIT,30.0,0,0,0,0.03333333333333333,1.0,0.47779083251953125,9
APA-RCA-v2,A4_aggregation_error,small,28,FEAT_SECTOR_B,REPORT_LIMIT,31.0,0,0,0,0.03225806451612903,1.0,0.44989585876464844,9
CVAE+APA-RCA,A4_aggregation_error,small,28,FEAT_SECTOR_B,REPORT_LIMIT,30.0,0,0,0,0.03333333333333333,1.0,0.4749298095703125,9
APA-RCA-v2,A4_aggregation_error,small,29,FEAT_SECTOR_B,REPORT_LIMIT,30.0,0,0,0,0.03333333333333333,1.0,0.44918060302734375,9
CVAE+APA-RCA,A4_aggregation_error,small,29,FEAT_SECTOR_B,REPORT_LIMIT,30.0,0,0,0,0.03333333333333333,1.0,0.4730224609375,9
APA-RCA-v2,A5_downstream_masking,small,0,SRC_STOCK_3_PRICE,REPORT_LIMIT,2.0,0,1,1,0.5,0.8,0.49495697021484375,9
CVAE+APA-RCA,A5_downstream_masking,small,0,SRC_STOCK_3_PRICE,REPORT_LIMIT,2.0,0,1,1,0.5,0.8,0.4820823669433594,9
APA-RCA-v2,A5_downstream_masking,small,1,SRC_STOCK_2_PRICE,REPORT_LIMIT,1.0,1,1,1,1.0,0.8,0.4520416259765625,9
CVAE+APA-RCA,A5_downstream_masking,small,1,SRC_STOCK_2_PRICE,REPORT_LIMIT,1.0,1,1,1,1.0,0.8,0.4699230194091797,9
APA-RCA-v2,A5_downstream_masking,small,2,SRC_STOCK_3_PRICE,REPORT_LIMIT,8.0,0,0,0,0.125,1.0,0.45013427734375,9
CVAE+APA-RCA,A5_downstream_masking,small,2,SRC_STOCK_3_PRICE,REPORT_LIMIT,1.0,1,1,1,1.0,0.8,0.47206878662109375,9
APA-RCA-v2,A5_downstream_masking,small,3,SRC_STOCK_3_PRICE,REPORT_LIMIT,1.0,1,1,1,1.0,0.8,0.4951953887939453,9
CVAE+APA-RCA,A5_downstream_masking,small,3,SRC_STOCK_3_PRICE,REPORT_LIMIT,1.0,1,1,1,1.0,0.8,0.5059242248535156,9
APA-RCA-v2,A5_downstream_masking,small,4,SRC_STOCK_3_PRICE,REPORT_LIMIT,4.0,0,0,1,0.25,0.8,0.48089027404785156,9
CVAE+APA-RCA,A5_downstream_masking,small,4,SRC_STOCK_3_PRICE,REPORT_LIMIT,1.0,1,1,1,1.0,0.8,0.47898292541503906,9
APA-RCA-v2,A5_downstream_masking,small,5,SRC_STOCK_3_PRICE,REPORT_LIMIT,8.0,0,0,0,0.125,1.0,0.4668235778808594,9
CVAE+APA-RCA,A5_downstream_masking,small,5,SRC_STOCK_3_PRICE,REPORT_LIMIT,1.0,1,1,1,1.0,0.8,0.47588348388671875,9
APA-RCA-v2,A5_downstream_masking,small,6,SRC_STOCK_2_PRICE,REPORT_LIMIT,11.0,0,0,0,0.09090909090909091,1.0,0.4467964172363281,9
CVAE+APA-RCA,A5_downstream_masking,small,6,SRC_STOCK_2_PRICE,REPORT_LIMIT,1.0,1,1,1,1.0,0.8,0.46825408935546875,9
APA-RCA-v2,A5_downstream_masking,small,7,SRC_STOCK_3_PRICE,REPORT_LIMIT,1.0,1,1,1,1.0,0.8,0.4870891571044922,9
CVAE+APA-RCA,A5_downstream_masking,small,7,SRC_STOCK_3_PRICE,REPORT_LIMIT,1.0,1,1,1,1.0,0.8,0.49591064453125,9
APA-RCA-v2,A5_downstream_masking,small,8,SRC_STOCK_3_PRICE,REPORT_LIMIT,2.0,0,1,1,0.5,0.8,0.45371055603027344,9
CVAE+APA-RCA,A5_downstream_masking,small,8,SRC_STOCK_3_PRICE,REPORT_LIMIT,1.0,1,1,1,1.0,0.8,0.47588348388671875,9
APA-RCA-v2,A5_downstream_masking,small,9,SRC_STOCK_2_PRICE,REPORT_LIMIT,2.0,0,1,1,0.5,0.8,0.4520416259765625,9
CVAE+APA-RCA,A5_downstream_masking,small,9,SRC_STOCK_2_PRICE,REPORT_LIMIT,1.0,1,1,1,1.0,0.8,0.47588348388671875,9
APA-RCA-v2,A5_downstream_masking,small,10,SRC_STOCK_3_PRICE,REPORT_LIMIT,1.0,1,1,1,1.0,0.8,0.4730224609375,9
CVAE+APA-RCA,A5_downstream_masking,small,10,SRC_STOCK_3_PRICE,REPORT_LIMIT,1.0,1,1,1,1.0,0.8,0.48089027404785156,9
APA-RCA-v2,A5_downstream_masking,small,11,SRC_STOCK_1_PRICE,REPORT_LIMIT,9.0,0,0,0,0.1111111111111111,1.0,0.4730224609375,9
CVAE+APA-RCA,A5_downstream_masking,small,11,SRC_STOCK_1_PRICE,REPORT_LIMIT,1.0,1,1,1,1.0,0.8,0.4811286926269531,9
APA-RCA-v2,A5_downstream_masking,small,12,SRC_STOCK_2_PRICE,REPORT_LIMIT,1.0,1,1,1,1.0,0.8,0.4780292510986328,9
CVAE+APA-RCA,A5_downstream_masking,small,12,SRC_STOCK_2_PRICE,REPORT_LIMIT,6.0,0,0,0,0.16666666666666666,1.0,0.47206878662109375,9
APA-RCA-v2,A5_downstream_masking,small,13,SRC_STOCK_3_PRICE,REPORT_LIMIT,10.0,0,0,0,0.1,1.0,0.4467964172363281,9
CVAE+APA-RCA,A5_downstream_masking,small,13,SRC_STOCK_3_PRICE,REPORT_LIMIT,1.0,1,1,1,1.0,0.8,0.46896934509277344,9
APA-RCA-v2,A5_downstream_masking,small,14,SRC_STOCK_1_PRICE,REPORT_LIMIT,9.0,0,0,0,0.1111111111111111,1.0,0.4711151123046875,9
CVAE+APA-RCA,A5_downstream_masking,small,14,SRC_STOCK_1_PRICE,REPORT_LIMIT,2.0,0,1,1,0.5,0.8,0.47016143798828125,9
APA-RCA-v2,A5_downstream_masking,small,15,SRC_STOCK_3_PRICE,REPORT_LIMIT,12.0,0,0,0,0.08333333333333333,1.0,0.44798851013183594,9
CVAE+APA-RCA,A5_downstream_masking,small,15,SRC_STOCK_3_PRICE,REPORT_LIMIT,1.0,1,1,1,1.0,0.8,0.47469139099121094,9
APA-RCA-v2,A5_downstream_masking,small,16,SRC_STOCK_2_PRICE,REPORT_LIMIT,1.0,1,1,1,1.0,0.8,0.4971027374267578,9
CVAE+APA-RCA,A5_downstream_masking,small,16,SRC_STOCK_2_PRICE,REPORT_LIMIT,2.0,0,1,1,0.5,0.8,0.4978179931640625,9
APA-RCA-v2,A5_downstream_masking,small,17,SRC_STOCK_3_PRICE,REPORT_LIMIT,14.0,0,0,0,0.07142857142857142,1.0,0.5002021789550781,9
CVAE+APA-RCA,A5_downstream_masking,small,17,SRC_STOCK_3_PRICE,REPORT_LIMIT,1.0,1,1,1,1.0,0.8,0.4820823669433594,9
APA-RCA-v2,A5_downstream_masking,small,18,SRC_STOCK_3_PRICE,REPORT_LIMIT,1.0,1,1,1,1.0,0.8,0.4677772521972656,9
CVAE+APA-RCA,A5_downstream_masking,small,18,SRC_STOCK_3_PRICE,REPORT_LIMIT,4.0,0,0,1,0.25,0.8,0.47206878662109375,9
APA-RCA-v2,A5_downstream_masking,small,19,SRC_STOCK_2_PRICE,REPORT_LIMIT,1.0,1,1,1,1.0,0.8,0.45490264892578125,9
CVAE+APA-RCA,A5_downstream_masking,small,19,SRC_STOCK_2_PRICE,REPORT_LIMIT,1.0,1,1,1,1.0,0.8,0.47397613525390625,9
APA-RCA-v2,A5_downstream_masking,small,20,SRC_STOCK_3_PRICE,REPORT_LIMIT,1.0,1,1,1,1.0,0.8,0.5059242248535156,9
CVAE+APA-RCA,A5_downstream_masking,small,20,SRC_STOCK_3_PRICE,REPORT_LIMIT,1.0,1,1,1,1.0,0.8,0.49304962158203125,9
APA-RCA-v2,A5_downstream_masking,small,21,SRC_STOCK_1_PRICE,REPORT_LIMIT,1.0,1,1,1,1.0,0.8,0.5230903625488281,9
CVAE+APA-RCA,A5_downstream_masking,small,21,SRC_STOCK_1_PRICE,REPORT_LIMIT,1.0,1,1,1,1.0,0.8,0.5071163177490234,9
APA-RCA-v2,A5_downstream_masking,small,22,SRC_STOCK_3_PRICE,REPORT_LIMIT,1.0,1,1,1,1.0,0.8,0.46372413635253906,9
CVAE+APA-RCA,A5_downstream_masking,small,22,SRC_STOCK_3_PRICE,REPORT_LIMIT,4.0,0,0,1,0.25,0.8,0.4620552062988281,9
APA-RCA-v2,A5_downstream_masking,small,23,SRC_STOCK_1_PRICE,REPORT_LIMIT,3.0,0,1,1,0.3333333333333333,0.8,0.44918060302734375,9
CVAE+APA-RCA,A5_downstream_masking,small,23,SRC_STOCK_1_PRICE,REPORT_LIMIT,1.0,1,1,1,1.0,0.8,0.47206878662109375,9
APA-RCA-v2,A5_downstream_masking,small,24,SRC_STOCK_2_PRICE,REPORT_LIMIT,2.0,0,1,1,0.5,0.8,0.4830360412597656,9
CVAE+APA-RCA,A5_downstream_masking,small,24,SRC_STOCK_2_PRICE,REPORT_LIMIT,1.0,1,1,1,1.0,0.8,0.5252361297607422,9
APA-RCA-v2,A5_downstream_masking,small,25,SRC_STOCK_2_PRICE,REPORT_LIMIT,2.0,0,1,1,0.5,0.8,0.4658699035644531,9
CVAE+APA-RCA,A5_downstream_masking,small,25,SRC_STOCK_2_PRICE,REPORT_LIMIT,2.0,0,1,1,0.5,0.8,0.4749298095703125,9
APA-RCA-v2,A5_downstream_masking,small,26,SRC_STOCK_3_PRICE,REPORT_LIMIT,1.0,1,1,1,1.0,0.8,0.4489421844482422,9
CVAE+APA-RCA,A5_downstream_masking,small,26,SRC_STOCK_3_PRICE,REPORT_LIMIT,4.0,0,0,1,0.25,0.8,0.47397613525390625,9
APA-RCA-v2,A5_downstream_masking,small,27,SRC_STOCK_1_PRICE,REPORT_LIMIT,10.0,0,0,0,0.1,1.0,0.476837158203125,9
CVAE+APA-RCA,A5_downstream_masking,small,27,SRC_STOCK_1_PRICE,REPORT_LIMIT,1.0,1,1,1,1.0,0.8,0.47397613525390625,9
APA-RCA-v2,A5_downstream_masking,small,28,SRC_STOCK_2_PRICE,REPORT_LIMIT,2.0,0,1,1,0.5,0.8,0.5228519439697266,9
CVAE+APA-RCA,A5_downstream_masking,small,28,SRC_STOCK_2_PRICE,REPORT_LIMIT,1.0,1,1,1,1.0,0.8,0.4909038543701172,9
APA-RCA-v2,A5_downstream_masking,small,29,SRC_STOCK_3_PRICE,REPORT_LIMIT,1.0,1,1,1,1.0,0.8,0.5166530609130859,9
CVAE+APA-RCA,A5_downstream_masking,small,29,SRC_STOCK_3_PRICE,REPORT_LIMIT,5.0,0,0,1,0.2,0.8,0.49495697021484375,9
APA-RCA-v2,A6_multi_source,small,0,SRC_STOCK_3_PRICE,REPORT_LIMIT,1.0,1,1,1,1.0,0.8,0.47516822814941406,9
CVAE+APA-RCA,A6_multi_source,small,0,SRC_STOCK_3_PRICE,REPORT_LIMIT,1.0,1,1,1,1.0,0.8,0.4658699035644531,9
APA-RCA-v2,A6_multi_source,small,1,SRC_STOCK_1_PRICE,REPORT_LIMIT,2.0,0,1,1,0.5,0.8,0.44989585876464844,9
CVAE+APA-RCA,A6_multi_source,small,1,SRC_STOCK_1_PRICE,REPORT_LIMIT,2.0,0,1,1,0.5,0.8,0.4830360412597656,9
APA-RCA-v2,A6_multi_source,small,2,SRC_STOCK_2_PRICE,REPORT_LIMIT,1.0,1,1,1,1.0,0.8,0.453948974609375,9
CVAE+APA-RCA,A6_multi_source,small,2,SRC_STOCK_2_PRICE,REPORT_LIMIT,1.0,1,1,1,1.0,0.8,0.4737377166748047,9
APA-RCA-v2,A6_multi_source,small,3,SRC_STOCK_2_PRICE,REPORT_LIMIT,2.0,0,1,1,0.5,0.8,0.5140304565429688,9
CVAE+APA-RCA,A6_multi_source,small,3,SRC_STOCK_2_PRICE,REPORT_LIMIT,1.0,1,1,1,1.0,0.8,0.514984130859375,9
APA-RCA-v2,A6_multi_source,small,4,SRC_STOCK_1_PRICE,REPORT_DASHBOARD,1.0,1,1,1,1.0,0.8,0.4639625549316406,9
CVAE+APA-RCA,A6_multi_source,small,4,SRC_STOCK_1_PRICE,REPORT_DASHBOARD,1.0,1,1,1,1.0,0.8,0.4839897155761719,9
APA-RCA-v2,A6_multi_source,small,5,SRC_STOCK_3_PRICE,REPORT_LIMIT,1.0,1,1,1,1.0,0.8,0.45299530029296875,9
CVAE+APA-RCA,A6_multi_source,small,5,SRC_STOCK_3_PRICE,REPORT_LIMIT,1.0,1,1,1,1.0,0.8,0.47278404235839844,9
APA-RCA-v2,A6_multi_source,small,6,SRC_STOCK_3_PRICE,REPORT_LIMIT,2.0,0,1,1,0.5,0.8,0.45418739318847656,9
CVAE+APA-RCA,A6_multi_source,small,6,SRC_STOCK_3_PRICE,REPORT_LIMIT,1.0,1,1,1,1.0,0.8,0.47707557678222656,9
APA-RCA-v2,A6_multi_source,small,7,SRC_STOCK_1_PRICE,REPORT_LIMIT,1.0,1,1,1,1.0,0.8,0.48422813415527344,9
CVAE+APA-RCA,A6_multi_source,small,7,SRC_STOCK_1_PRICE,REPORT_LIMIT,1.0,1,1,1,1.0,0.8,0.4749298095703125,9
APA-RCA-v2,A6_multi_source,small,8,SRC_STOCK_3_PRICE,REPORT_DASHBOARD,1.0,1,1,1,1.0,0.8,0.4839897155761719,9
CVAE+APA-RCA,A6_multi_source,small,8,SRC_STOCK_3_PRICE,REPORT_DASHBOARD,1.0,1,1,1,1.0,0.8,0.47087669372558594,9
APA-RCA-v2,A6_multi_source,small,9,SRC_STOCK_2_PRICE,REPORT_LIMIT,1.0,1,1,1,1.0,0.8,0.4799365997314453,9
CVAE+APA-RCA,A6_multi_source,small,9,SRC_STOCK_2_PRICE,REPORT_LIMIT,1.0,1,1,1,1.0,0.8,0.49686431884765625,9
APA-RCA-v2,A6_multi_source,small,10,SRC_STOCK_2_PRICE,REPORT_LIMIT,2.0,0,1,1,0.5,0.8,0.5257129669189453,9
CVAE+APA-RCA,A6_multi_source,small,10,SRC_STOCK_2_PRICE,REPORT_LIMIT,2.0,0,1,1,0.5,0.8,0.476837158203125,9
APA-RCA-v2,A6_multi_source,small,11,SRC_STOCK_2_PRICE,REPORT_LIMIT,2.0,0,1,1,0.5,0.8,0.5056858062744141,9
CVAE+APA-RCA,A6_multi_source,small,11,SRC_STOCK_2_PRICE,REPORT_LIMIT,2.0,0,1,1,0.5,0.8,0.5002021789550781,9
APA-RCA-v2,A6_multi_source,small,12,SRC_STOCK_1_PRICE,REPORT_LIMIT,1.0,1,1,1,1.0,0.8,0.47898292541503906,9
CVAE+APA-RCA,A6_multi_source,small,12,SRC_STOCK_1_PRICE,REPORT_LIMIT,1.0,1,1,1,1.0,0.8,0.4870891571044922,9
APA-RCA-v2,A6_multi_source,small,13,SRC_STOCK_1_PRICE,REPORT_LIMIT,1.0,1,1,1,1.0,0.8,0.4658699035644531,9
CVAE+APA-RCA,A6_multi_source,small,13,SRC_STOCK_1_PRICE,REPORT_LIMIT,2.0,0,1,1,0.5,0.8,0.47588348388671875,9
APA-RCA-v2,A6_multi_source,small,14,SRC_STOCK_3_PRICE,REPORT_LIMIT,1.0,1,1,1,1.0,0.8,0.4830360412597656,9
CVAE+APA-RCA,A6_multi_source,small,14,SRC_STOCK_3_PRICE,REPORT_LIMIT,1.0,1,1,1,1.0,0.8,0.46706199645996094,9
APA-RCA-v2,A6_multi_source,small,15,SRC_STOCK_1_PRICE,REPORT_DASHBOARD,1.0,1,1,1,1.0,0.8,0.4563331604003906,9
CVAE+APA-RCA,A6_multi_source,small,15,SRC_STOCK_1_PRICE,REPORT_DASHBOARD,1.0,1,1,1,1.0,0.8,0.48995018005371094,9
APA-RCA-v2,A6_multi_source,small,16,SRC_STOCK_2_PRICE,REPORT_LIMIT,2.0,0,1,1,0.5,0.8,0.4458427429199219,9
CVAE+APA-RCA,A6_multi_source,small,16,SRC_STOCK_2_PRICE,REPORT_LIMIT,1.0,1,1,1,1.0,0.8,0.47206878662109375,9
APA-RCA-v2,A6_multi_source,small,17,SRC_STOCK_2_PRICE,REPORT_LIMIT,1.0,1,1,1,1.0,0.8,0.4730224609375,9
CVAE+APA-RCA,A6_multi_source,small,17,SRC_STOCK_2_PRICE,REPORT_LIMIT,1.0,1,1,1,1.0,0.8,0.4909038543701172,9
APA-RCA-v2,A6_multi_source,small,18,SRC_STOCK_3_PRICE,REPORT_LIMIT,2.0,0,1,1,0.5,0.8,0.4532337188720703,9
CVAE+APA-RCA,A6_multi_source,small,18,SRC_STOCK_3_PRICE,REPORT_LIMIT,1.0,1,1,1,1.0,0.8,0.47898292541503906,9
APA-RCA-v2,A6_multi_source,small,19,SRC_STOCK_1_PRICE,REPORT_LIMIT,2.0,0,1,1,0.5,0.8,0.4508495330810547,9
CVAE+APA-RCA,A6_multi_source,small,19,SRC_STOCK_1_PRICE,REPORT_LIMIT,1.0,1,1,1,1.0,0.8,0.47206878662109375,9
APA-RCA-v2,A6_multi_source,small,20,SRC_STOCK_2_PRICE,REPORT_LIMIT,2.0,0,1,1,0.5,0.8,0.5018711090087891,9
CVAE+APA-RCA,A6_multi_source,small,20,SRC_STOCK_2_PRICE,REPORT_LIMIT,1.0,1,1,1,1.0,0.8,0.4780292510986328,9
APA-RCA-v2,A6_multi_source,small,21,SRC_STOCK_1_PRICE,REPORT_LIMIT,1.0,1,1,1,1.0,0.8,0.4620552062988281,9
CVAE+APA-RCA,A6_multi_source,small,21,SRC_STOCK_1_PRICE,REPORT_LIMIT,1.0,1,1,1,1.0,0.8,0.4761219024658203,9
APA-RCA-v2,A6_multi_source,small,22,SRC_STOCK_3_PRICE,REPORT_LIMIT,1.0,1,1,1,1.0,0.8,0.453948974609375,9
CVAE+APA-RCA,A6_multi_source,small,22,SRC_STOCK_3_PRICE,REPORT_LIMIT,1.0,1,1,1,1.0,0.8,0.46896934509277344,9
APA-RCA-v2,A6_multi_source,small,23,SRC_STOCK_1_PRICE,REPORT_LIMIT,1.0,1,1,1,1.0,0.8,0.4601478576660156,9
CVAE+APA-RCA,A6_multi_source,small,23,SRC_STOCK_1_PRICE,REPORT_LIMIT,1.0,1,1,1,1.0,0.8,0.4780292510986328,9
APA-RCA-v2,A6_multi_source,small,24,SRC_STOCK_2_PRICE,REPORT_LIMIT,2.0,0,1,1,0.5,0.8,0.4799365997314453,9
CVAE+APA-RCA,A6_multi_source,small,24,SRC_STOCK_2_PRICE,REPORT_LIMIT,1.0,1,1,1,1.0,0.8,0.4940032958984375,9
APA-RCA-v2,A6_multi_source,small,25,SRC_STOCK_2_PRICE,REPORT_DASHBOARD,2.0,0,1,1,0.5,0.8,0.47707557678222656,9
CVAE+APA-RCA,A6_multi_source,small,25,SRC_STOCK_2_PRICE,REPORT_DASHBOARD,1.0,1,1,1,1.0,0.8,0.4818439483642578,9
APA-RCA-v2,A6_multi_source,small,26,SRC_STOCK_3_PRICE,REPORT_LIMIT,1.0,1,1,1,1.0,0.8,0.4658699035644531,9
CVAE+APA-RCA,A6_multi_source,small,26,SRC_STOCK_3_PRICE,REPORT_LIMIT,2.0,0,1,1,0.5,0.8,0.4763603210449219,9
APA-RCA-v2,A6_multi_source,small,27,SRC_STOCK_2_PRICE,REPORT_DASHBOARD,1.0,1,1,1,1.0,0.8,0.5092620849609375,9
CVAE+APA-RCA,A6_multi_source,small,27,SRC_STOCK_2_PRICE,REPORT_DASHBOARD,2.0,0,1,1,0.5,0.8,0.4780292510986328,9
APA-RCA-v2,A6_multi_source,small,28,SRC_STOCK_3_PRICE,REPORT_LIMIT,2.0,0,1,1,0.5,0.8,0.4889965057373047,9
CVAE+APA-RCA,A6_multi_source,small,28,SRC_STOCK_3_PRICE,REPORT_LIMIT,1.0,1,1,1,1.0,0.8,0.48279762268066406,9
APA-RCA-v2,A6_multi_source,small,29,SRC_STOCK_1_PRICE,REPORT_LIMIT,1.0,1,1,1,1.0,0.8,0.4699230194091797,9
CVAE+APA-RCA,A6_multi_source,small,29,SRC_STOCK_1_PRICE,REPORT_LIMIT,1.0,1,1,1,1.0,0.8,0.47397613525390625,9
APA-RCA-v2,A7_coincidental,small,0,SRC_STOCK_3_PRICE,REPORT_LIMIT,1.0,1,1,1,1.0,0.8,0.47397613525390625,9
CVAE+APA-RCA,A7_coincidental,small,0,SRC_STOCK_3_PRICE,REPORT_LIMIT,2.0,0,1,1,0.5,0.8,0.48804283142089844,9
APA-RCA-v2,A7_coincidental,small,1,SRC_STOCK_2_PRICE,REPORT_LIMIT,1.0,1,1,1,1.0,0.8,0.49304962158203125,9
CVAE+APA-RCA,A7_coincidental,small,1,SRC_STOCK_2_PRICE,REPORT_LIMIT,2.0,0,1,1,0.5,0.8,0.5259513854980469,9
APA-RCA-v2,A7_coincidental,small,2,SRC_STOCK_3_PRICE,REPORT_LIMIT,1.0,1,1,1,1.0,0.8,0.49424171447753906,9
CVAE+APA-RCA,A7_coincidental,small,2,SRC_STOCK_3_PRICE,REPORT_LIMIT,2.0,0,1,1,0.5,0.8,0.5331039428710938,9
APA-RCA-v2,A7_coincidental,small,3,SRC_STOCK_3_PRICE,REPORT_LIMIT,1.0,1,1,1,1.0,0.8,0.5440711975097656,9
CVAE+APA-RCA,A7_coincidental,small,3,SRC_STOCK_3_PRICE,REPORT_LIMIT,1.0,1,1,1,1.0,0.8,0.5230903625488281,9
APA-RCA-v2,A7_coincidental,small,4,SRC_STOCK_3_PRICE,REPORT_LIMIT,1.0,1,1,1,1.0,0.8,0.5090236663818359,9
CVAE+APA-RCA,A7_coincidental,small,4,SRC_STOCK_3_PRICE,REPORT_LIMIT,2.0,0,1,1,0.5,0.8,0.5247592926025391,9
APA-RCA-v2,A7_coincidental,small,5,SRC_STOCK_3_PRICE,REPORT_LIMIT,1.0,1,1,1,1.0,0.8,0.6549358367919922,9
CVAE+APA-RCA,A7_coincidental,small,5,SRC_STOCK_3_PRICE,REPORT_LIMIT,2.0,0,1,1,0.5,0.8,0.6051063537597656,9
APA-RCA-v2,A7_coincidental,small,6,SRC_STOCK_2_PRICE,REPORT_LIMIT,1.0,1,1,1,1.0,0.8,0.5218982696533203,9
CVAE+APA-RCA,A7_coincidental,small,6,SRC_STOCK_2_PRICE,REPORT_LIMIT,2.0,0,1,1,0.5,0.8,0.49614906311035156,9
APA-RCA-v2,A7_coincidental,small,7,SRC_STOCK_3_PRICE,REPORT_LIMIT,1.0,1,1,1,1.0,0.8,0.4940032958984375,9
CVAE+APA-RCA,A7_coincidental,small,7,SRC_STOCK_3_PRICE,REPORT_LIMIT,2.0,0,1,1,0.5,0.8,0.49614906311035156,9
APA-RCA-v2,A7_coincidental,small,8,SRC_STOCK_3_PRICE,REPORT_LIMIT,1.0,1,1,1,1.0,0.8,0.492095947265625,9
CVAE+APA-RCA,A7_coincidental,small,8,SRC_STOCK_3_PRICE,REPORT_LIMIT,2.0,0,1,1,0.5,0.8,0.4711151123046875,9
APA-RCA-v2,A7_coincidental,small,9,SRC_STOCK_2_PRICE,REPORT_LIMIT,1.0,1,1,1,1.0,0.8,0.9500980377197266,9
CVAE+APA-RCA,A7_coincidental,small,9,SRC_STOCK_2_PRICE,REPORT_LIMIT,2.0,0,1,1,0.5,0.8,0.5910396575927734,9
APA-RCA-v2,A7_coincidental,small,10,SRC_STOCK_3_PRICE,REPORT_LIMIT,1.0,1,1,1,1.0,0.8,0.5269050598144531,9
CVAE+APA-RCA,A7_coincidental,small,10,SRC_STOCK_3_PRICE,REPORT_LIMIT,2.0,0,1,1,0.5,0.8,0.5750656127929688,9
APA-RCA-v2,A7_coincidental,small,11,SRC_STOCK_1_PRICE,REPORT_LIMIT,1.0,1,1,1,1.0,0.8,0.5121231079101562,9
CVAE+APA-RCA,A7_coincidental,small,11,SRC_STOCK_1_PRICE,REPORT_LIMIT,1.0,1,1,1,1.0,0.8,0.8168220520019531,9
APA-RCA-v2,A7_coincidental,small,12,SRC_STOCK_2_PRICE,REPORT_LIMIT,1.0,1,1,1,1.0,0.8,0.5292892456054688,9
CVAE+APA-RCA,A7_coincidental,small,12,SRC_STOCK_2_PRICE,REPORT_LIMIT,2.0,0,1,1,0.5,0.8,0.4889965057373047,9
APA-RCA-v2,A7_coincidental,small,13,SRC_STOCK_3_PRICE,REPORT_LIMIT,1.0,1,1,1,1.0,0.8,0.5161762237548828,9
CVAE+APA-RCA,A7_coincidental,small,13,SRC_STOCK_3_PRICE,REPORT_LIMIT,2.0,0,1,1,0.5,0.8,0.4868507385253906,9
APA-RCA-v2,A7_coincidental,small,14,SRC_STOCK_1_PRICE,REPORT_LIMIT,1.0,1,1,1,1.0,0.8,0.5068778991699219,9
CVAE+APA-RCA,A7_coincidental,small,14,SRC_STOCK_1_PRICE,REPORT_LIMIT,2.0,0,1,1,0.5,0.8,0.5161762237548828,9
APA-RCA-v2,A7_coincidental,small,15,SRC_STOCK_3_PRICE,REPORT_LIMIT,1.0,1,1,1,1.0,0.8,0.5359649658203125,9
CVAE+APA-RCA,A7_coincidental,small,15,SRC_STOCK_3_PRICE,REPORT_LIMIT,2.0,0,1,1,0.5,0.8,0.4868507385253906,9
APA-RCA-v2,A7_coincidental,small,16,SRC_STOCK_2_PRICE,REPORT_LIMIT,1.0,1,1,1,1.0,0.8,0.49304962158203125,9
CVAE+APA-RCA,A7_coincidental,small,16,SRC_STOCK_2_PRICE,REPORT_LIMIT,2.0,0,1,1,0.5,0.8,0.5419254302978516,9
APA-RCA-v2,A7_coincidental,small,17,SRC_STOCK_3_PRICE,REPORT_LIMIT,1.0,1,1,1,1.0,0.8,0.5471706390380859,9
CVAE+APA-RCA,A7_coincidental,small,17,SRC_STOCK_3_PRICE,REPORT_LIMIT,2.0,0,1,1,0.5,0.8,0.5230903625488281,9
APA-RCA-v2,A7_coincidental,small,18,SRC_STOCK_3_PRICE,REPORT_LIMIT,1.0,1,1,1,1.0,0.8,0.5047321319580078,9
CVAE+APA-RCA,A7_coincidental,small,18,SRC_STOCK_3_PRICE,REPORT_LIMIT,2.0,0,1,1,0.5,0.8,0.5600452423095703,9
APA-RCA-v2,A7_coincidental,small,19,SRC_STOCK_2_PRICE,REPORT_LIMIT,1.0,1,1,1,1.0,0.8,0.5030632019042969,9
CVAE+APA-RCA,A7_coincidental,small,19,SRC_STOCK_2_PRICE,REPORT_LIMIT,2.0,0,1,1,0.5,0.8,0.5099773406982422,9
APA-RCA-v2,A7_coincidental,small,20,SRC_STOCK_3_PRICE,REPORT_LIMIT,1.0,1,1,1,1.0,0.8,0.47779083251953125,9
CVAE+APA-RCA,A7_coincidental,small,20,SRC_STOCK_3_PRICE,REPORT_LIMIT,2.0,0,1,1,0.5,0.8,0.4990100860595703,9
APA-RCA-v2,A7_coincidental,small,21,SRC_STOCK_1_PRICE,REPORT_LIMIT,1.0,1,1,1,1.0,0.8,0.5030632019042969,9
CVAE+APA-RCA,A7_coincidental,small,21,SRC_STOCK_1_PRICE,REPORT_LIMIT,2.0,0,1,1,0.5,0.8,0.514984130859375,9
APA-RCA-v2,A7_coincidental,small,22,SRC_STOCK_3_PRICE,REPORT_LIMIT,1.0,1,1,1,1.0,0.8,0.4792213439941406,9
CVAE+APA-RCA,A7_coincidental,small,22,SRC_STOCK_3_PRICE,REPORT_LIMIT,2.0,0,1,1,0.5,0.8,0.4742145538330078,9
APA-RCA-v2,A7_coincidental,small,23,SRC_STOCK_1_PRICE,REPORT_LIMIT,1.0,1,1,1,1.0,0.8,0.4622936248779297,9
CVAE+APA-RCA,A7_coincidental,small,23,SRC_STOCK_1_PRICE,REPORT_LIMIT,2.0,0,1,1,0.5,0.8,0.4699230194091797,9
APA-RCA-v2,A7_coincidental,small,24,SRC_STOCK_2_PRICE,REPORT_LIMIT,1.0,1,1,1,1.0,0.8,0.469207763671875,9
CVAE+APA-RCA,A7_coincidental,small,24,SRC_STOCK_2_PRICE,REPORT_LIMIT,2.0,0,1,1,0.5,0.8,0.4699230194091797,9
APA-RCA-v2,A7_coincidental,small,25,SRC_STOCK_2_PRICE,REPORT_DASHBOARD,1.0,1,1,1,1.0,0.8,0.4801750183105469,9
CVAE+APA-RCA,A7_coincidental,small,25,SRC_STOCK_2_PRICE,REPORT_DASHBOARD,2.0,0,1,1,0.5,0.8,0.46896934509277344,9
APA-RCA-v2,A7_coincidental,small,26,SRC_STOCK_3_PRICE,REPORT_LIMIT,1.0,1,1,1,1.0,0.8,0.4658699035644531,9
CVAE+APA-RCA,A7_coincidental,small,26,SRC_STOCK_3_PRICE,REPORT_LIMIT,2.0,0,1,1,0.5,0.8,0.46896934509277344,9
APA-RCA-v2,A7_coincidental,small,27,SRC_STOCK_1_PRICE,REPORT_LIMIT,1.0,1,1,1,1.0,0.8,0.4811286926269531,9
CVAE+APA-RCA,A7_coincidental,small,27,SRC_STOCK_1_PRICE,REPORT_LIMIT,2.0,0,1,1,0.5,0.8,0.4851818084716797,9
APA-RCA-v2,A7_coincidental,small,28,SRC_STOCK_2_PRICE,REPORT_LIMIT,1.0,1,1,1,1.0,0.8,0.4780292510986328,9
CVAE+APA-RCA,A7_coincidental,small,28,SRC_STOCK_2_PRICE,REPORT_LIMIT,2.0,0,1,1,0.5,0.8,0.4642009735107422,9
APA-RCA-v2,A7_coincidental,small,29,SRC_STOCK_3_PRICE,REPORT_LIMIT,1.0,1,1,1,1.0,0.8,0.4916191101074219,9
CVAE+APA-RCA,A7_coincidental,small,29,SRC_STOCK_3_PRICE,REPORT_LIMIT,2.0,0,1,1,0.5,0.8,0.5009174346923828,9
APA-RCA-v2,A1_source_corruption,medium,0,SRC_STOCK_5_PRICE,REPORT_LIMIT,1.0,1,1,1,1.0,0.8,0.7023811340332031,9
CVAE+APA-RCA,A1_source_corruption,medium,0,SRC_STOCK_5_PRICE,REPORT_LIMIT,1.0,1,1,1,1.0,0.8,61.99502944946289,9
APA-RCA-v2,A1_source_corruption,medium,1,SRC_STOCK_3_PRICE,REPORT_LIMIT,1.0,1,1,1,1.0,0.8,0.7700920104980469,9
CVAE+APA-RCA,A1_source_corruption,medium,1,SRC_STOCK_3_PRICE,REPORT_LIMIT,1.0,1,1,1,1.0,0.8,1.0533332824707031,9
APA-RCA-v2,A1_source_corruption,medium,2,SRC_STOCK_5_PRICE,REPORT_LIMIT,1.0,1,1,1,1.0,0.8,0.8180141448974609,9
CVAE+APA-RCA,A1_source_corruption,medium,2,SRC_STOCK_5_PRICE,REPORT_LIMIT,1.0,1,1,1,1.0,0.8,1.0309219360351562,9
APA-RCA-v2,A1_source_corruption,medium,3,SRC_STOCK_5_PRICE,REPORT_LIMIT,1.0,1,1,1,1.0,0.8,0.6830692291259766,9
CVAE+APA-RCA,A1_source_corruption,medium,3,SRC_STOCK_5_PRICE,REPORT_LIMIT,1.0,1,1,1,1.0,0.8,0.6837844848632812,9
APA-RCA-v2,A1_source_corruption,medium,4,SRC_STOCK_4_PRICE,REPORT_LIMIT,1.0,1,1,1,1.0,0.8,0.8871555328369141,9
CVAE+APA-RCA,A1_source_corruption,medium,4,SRC_STOCK_4_PRICE,REPORT_LIMIT,1.0,1,1,1,1.0,0.8,0.8959770202636719,9
APA-RCA-v2,A1_source_corruption,medium,5,SRC_STOCK_4_PRICE,REPORT_LIMIT,1.0,1,1,1,1.0,0.8,0.7290840148925781,9
CVAE+APA-RCA,A1_source_corruption,medium,5,SRC_STOCK_4_PRICE,REPORT_LIMIT,1.0,1,1,1,1.0,0.8,0.675201416015625,9
APA-RCA-v2,A1_source_corruption,medium,6,SRC_STOCK_3_PRICE,REPORT_LIMIT,1.0,1,1,1,1.0,0.8,0.7228851318359375,9
CVAE+APA-RCA,A1_source_corruption,medium,6,SRC_STOCK_3_PRICE,REPORT_LIMIT,1.0,1,1,1,1.0,0.8,0.7300376892089844,9
APA-RCA-v2,A1_source_corruption,medium,7,SRC_STOCK_5_PRICE,REPORT_LIMIT,1.0,1,1,1,1.0,0.8,0.6620883941650391,9
CVAE+APA-RCA,A1_source_corruption,medium,7,SRC_STOCK_5_PRICE,REPORT_LIMIT,1.0,1,1,1,1.0,0.8,0.6961822509765625,9
APA-RCA-v2,A1_source_corruption,medium,8,SRC_STOCK_4_PRICE,REPORT_LIMIT,1.0,1,1,1,1.0,0.8,0.6651878356933594,9
CVAE+APA-RCA,A1_source_corruption,medium,8,SRC_STOCK_4_PRICE,REPORT_LIMIT,1.0,1,1,1,1.0,0.8,0.9789466857910156,9
APA-RCA-v2,A1_source_corruption,medium,9,SRC_STOCK_3_PRICE,REPORT_LIMIT,1.0,1,1,1,1.0,0.8,0.6520748138427734,9
CVAE+APA-RCA,A1_source_corruption,medium,9,SRC_STOCK_3_PRICE,REPORT_LIMIT,1.0,1,1,1,1.0,0.8,0.6620883941650391,9
APA-RCA-v2,A1_source_corruption,medium,10,SRC_STOCK_4_PRICE,REPORT_LIMIT,1.0,1,1,1,1.0,0.8,0.6830692291259766,9
CVAE+APA-RCA,A1_source_corruption,medium,10,SRC_STOCK_4_PRICE,REPORT_LIMIT,1.0,1,1,1,1.0,0.8,0.67901611328125,9
APA-RCA-v2,A1_source_corruption,medium,11,SRC_STOCK_1_PRICE,REPORT_LIMIT,1.0,1,1,1,1.0,0.8,0.6859302520751953,9
CVAE+APA-RCA,A1_source_corruption,medium,11,SRC_STOCK_1_PRICE,REPORT_LIMIT,1.0,1,1,1,1.0,0.8,0.675201416015625,9
APA-RCA-v2,A1_source_corruption,medium,12,SRC_STOCK_4_PRICE,REPORT_LIMIT,1.0,1,1,1,1.0,0.8,0.6866455078125,9
CVAE+APA-RCA,A1_source_corruption,medium,12,SRC_STOCK_4_PRICE,REPORT_LIMIT,1.0,1,1,1,1.0,0.8,0.6778240203857422,9
APA-RCA-v2,A1_source_corruption,medium,13,SRC_STOCK_5_PRICE,REPORT_LIMIT,1.0,1,1,1,1.0,0.8,0.6771087646484375,9
CVAE+APA-RCA,A1_source_corruption,medium,13,SRC_STOCK_5_PRICE,REPORT_LIMIT,1.0,1,1,1,1.0,0.8,0.6830692291259766,9
APA-RCA-v2,A1_source_corruption,medium,14,SRC_STOCK_1_PRICE,REPORT_LIMIT,1.0,1,1,1,1.0,0.8,0.7188320159912109,9
CVAE+APA-RCA,A1_source_corruption,medium,14,SRC_STOCK_1_PRICE,REPORT_LIMIT,1.0,1,1,1,1.0,0.8,1.119852066040039,9
APA-RCA-v2,A1_source_corruption,medium,15,SRC_STOCK_5_PRICE,REPORT_LIMIT,1.0,1,1,1,1.0,0.8,0.7011890411376953,9
CVAE+APA-RCA,A1_source_corruption,medium,15,SRC_STOCK_5_PRICE,REPORT_LIMIT,1.0,1,1,1,1.0,0.8,0.67138671875,9
APA-RCA-v2,A1_source_corruption,medium,16,SRC_STOCK_3_PRICE,REPORT_LIMIT,1.0,1,1,1,1.0,0.8,0.6949901580810547,9
CVAE+APA-RCA,A1_source_corruption,medium,16,SRC_STOCK_3_PRICE,REPORT_LIMIT,1.0,1,1,1,1.0,0.8,0.7808208465576172,9
APA-RCA-v2,A1_source_corruption,medium,17,SRC_STOCK_4_PRICE,REPORT_LIMIT,1.0,1,1,1,1.0,0.8,0.682830810546875,9
CVAE+APA-RCA,A1_source_corruption,medium,17,SRC_STOCK_4_PRICE,REPORT_LIMIT,1.0,1,1,1,1.0,0.8,0.6849765777587891,9
APA-RCA-v2,A1_source_corruption,medium,18,SRC_STOCK_5_PRICE,REPORT_LIMIT,1.0,1,1,1,1.0,0.8,0.6530284881591797,9
CVAE+APA-RCA,A1_source_corruption,medium,18,SRC_STOCK_5_PRICE,REPORT_LIMIT,1.0,1,1,1,1.0,0.8,0.6771087646484375,9
APA-RCA-v2,A1_source_corruption,medium,19,SRC_STOCK_3_PRICE,REPORT_LIMIT,1.0,1,1,1,1.0,0.8,0.6580352783203125,9
CVAE+APA-RCA,A1_source_corruption,medium,19,SRC_STOCK_3_PRICE,REPORT_LIMIT,1.0,1,1,1,1.0,0.8,0.6721019744873047,9
APA-RCA-v2,A1_source_corruption,medium,20,SRC_STOCK_5_PRICE,REPORT_LIMIT,1.0,1,1,1,1.0,0.8,0.6580352783203125,9
CVAE+APA-RCA,A1_source_corruption,medium,20,SRC_STOCK_5_PRICE,REPORT_LIMIT,1.0,1,1,1,1.0,0.8,0.9708404541015625,9
APA-RCA-v2,A1_source_corruption,medium,21,SRC_STOCK_2_PRICE,REPORT_LIMIT,1.0,1,1,1,1.0,0.8,0.682830810546875,9
CVAE+APA-RCA,A1_source_corruption,medium,21,SRC_STOCK_2_PRICE,REPORT_LIMIT,1.0,1,1,1,1.0,0.8,0.659942626953125,9
APA-RCA-v2,A1_source_corruption,medium,22,SRC_STOCK_4_PRICE,REPORT_LIMIT,1.0,1,1,1,1.0,0.8,0.7581710815429688,9
CVAE+APA-RCA,A1_source_corruption,medium,22,SRC_STOCK_4_PRICE,REPORT_LIMIT,1.0,1,1,1,1.0,0.8,0.7200241088867188,9
APA-RCA-v2,A1_source_corruption,medium,23,SRC_STOCK_1_PRICE,REPORT_LIMIT,1.0,1,1,1,1.0,0.8,0.6971359252929688,9
CVAE+APA-RCA,A1_source_corruption,medium,23,SRC_STOCK_1_PRICE,REPORT_LIMIT,1.0,1,1,1,1.0,0.8,0.67901611328125,9
APA-RCA-v2,A1_source_corruption,medium,24,SRC_STOCK_2_PRICE,REPORT_LIMIT,1.0,1,1,1,1.0,0.8,0.6592273712158203,9
CVAE+APA-RCA,A1_source_corruption,medium,24,SRC_STOCK_2_PRICE,REPORT_LIMIT,1.0,1,1,1,1.0,0.8,0.6849765777587891,9
APA-RCA-v2,A1_source_corruption,medium,25,SRC_STOCK_3_PRICE,REPORT_DASHBOARD,1.0,1,1,1,1.0,0.8,0.6651878356933594,9
CVAE+APA-RCA,A1_source_corruption,medium,25,SRC_STOCK_3_PRICE,REPORT_DASHBOARD,1.0,1,1,1,1.0,0.8,0.6690025329589844,9
APA-RCA-v2,A1_source_corruption,medium,26,SRC_STOCK_5_PRICE,REPORT_LIMIT,1.0,1,1,1,1.0,0.8,0.6489753723144531,9
CVAE+APA-RCA,A1_source_corruption,medium,26,SRC_STOCK_5_PRICE,REPORT_LIMIT,1.0,1,1,1,1.0,0.8,0.9772777557373047,9
APA-RCA-v2,A1_source_corruption,medium,27,SRC_STOCK_1_PRICE,REPORT_LIMIT,1.0,1,1,1,1.0,0.8,0.675201416015625,9
CVAE+APA-RCA,A1_source_corruption,medium,27,SRC_STOCK_1_PRICE,REPORT_LIMIT,1.0,1,1,1,1.0,0.8,0.659942626953125,9
APA-RCA-v2,A1_source_corruption,medium,28,SRC_STOCK_4_PRICE,REPORT_LIMIT,1.0,1,1,1,1.0,0.8,0.6592273712158203,9
CVAE+APA-RCA,A1_source_corruption,medium,28,SRC_STOCK_4_PRICE,REPORT_LIMIT,1.0,1,1,1,1.0,0.8,0.6740093231201172,9
APA-RCA-v2,A1_source_corruption,medium,29,SRC_STOCK_5_PRICE,REPORT_LIMIT,1.0,1,1,1,1.0,0.8,0.7040500640869141,9
CVAE+APA-RCA,A1_source_corruption,medium,29,SRC_STOCK_5_PRICE,REPORT_LIMIT,1.0,1,1,1,1.0,0.8,0.6849765777587891,9
APA-RCA-v2,A2_etl_logic_error,medium,0,ETL_FX_STOCK_5_PRICE,REPORT_LIMIT,1.0,1,1,1,1.0,0.8,0.7069110870361328,9
CVAE+APA-RCA,A2_etl_logic_error,medium,0,ETL_FX_STOCK_5_PRICE,REPORT_LIMIT,7.0,0,0,0,0.14285714285714285,1.0,0.7023811340332031,9
APA-RCA-v2,A2_etl_logic_error,medium,1,ETL_FX_STOCK_3_PRICE,REPORT_LIMIT,1.0,1,1,1,1.0,0.8,0.8020401000976562,9
CVAE+APA-RCA,A2_etl_logic_error,medium,1,ETL_FX_STOCK_3_PRICE,REPORT_LIMIT,6.0,0,0,0,0.16666666666666666,1.0,0.7188320159912109,9
APA-RCA-v2,A2_etl_logic_error,medium,2,ETL_FX_STOCK_5_PRICE,REPORT_LIMIT,1.0,1,1,1,1.0,0.8,0.6949901580810547,9
CVAE+APA-RCA,A2_etl_logic_error,medium,2,ETL_FX_STOCK_5_PRICE,REPORT_LIMIT,9.0,0,0,0,0.1111111111111111,1.0,1.0669231414794922,9
APA-RCA-v2,A2_etl_logic_error,medium,3,ETL_FX_STOCK_5_PRICE,REPORT_LIMIT,2.0,0,1,1,0.5,0.8,0.6668567657470703,9
CVAE+APA-RCA,A2_etl_logic_error,medium,3,ETL_FX_STOCK_5_PRICE,REPORT_LIMIT,11.0,0,0,0,0.09090909090909091,1.0,0.6668567657470703,9
APA-RCA-v2,A2_etl_logic_error,medium,4,ETL_FX_STOCK_4_PRICE,REPORT_LIMIT,3.0,0,1,1,0.3333333333333333,0.8,0.6978511810302734,9
CVAE+APA-RCA,A2_etl_logic_error,medium,4,ETL_FX_STOCK_4_PRICE,REPORT_LIMIT,9.0,0,0,0,0.1111111111111111,1.0,0.6690025329589844,9
APA-RCA-v2,A2_etl_logic_error,medium,5,ETL_FX_STOCK_4_PRICE,REPORT_LIMIT,2.0,0,1,1,0.5,0.8,0.6630420684814453,9
CVAE+APA-RCA,A2_etl_logic_error,medium,5,ETL_FX_STOCK_4_PRICE,REPORT_LIMIT,8.0,0,0,0,0.125,1.0,0.6840229034423828,9
APA-RCA-v2,A2_etl_logic_error,medium,6,ETL_FX_STOCK_3_PRICE,REPORT_LIMIT,3.0,0,1,1,0.3333333333333333,0.8,0.6680488586425781,9
CVAE+APA-RCA,A2_etl_logic_error,medium,6,ETL_FX_STOCK_3_PRICE,REPORT_LIMIT,10.0,0,0,0,0.1,1.0,0.6670951843261719,9
APA-RCA-v2,A2_etl_logic_error,medium,7,ETL_FX_STOCK_5_PRICE,REPORT_LIMIT,2.0,0,1,1,0.5,0.8,0.7238388061523438,9
CVAE+APA-RCA,A2_etl_logic_error,medium,7,ETL_FX_STOCK_5_PRICE,REPORT_LIMIT,7.0,0,0,0,0.14285714285714285,1.0,0.6811618804931641,9
APA-RCA-v2,A2_etl_logic_error,medium,8,ETL_FX_STOCK_4_PRICE,REPORT_LIMIT,3.0,0,1,1,0.3333333333333333,0.8,0.6999969482421875,9
CVAE+APA-RCA,A2_etl_logic_error,medium,8,ETL_FX_STOCK_4_PRICE,REPORT_LIMIT,9.0,0,0,0,0.1111111111111111,1.0,1.0840892791748047,9
APA-RCA-v2,A2_etl_logic_error,medium,9,ETL_FX_STOCK_3_PRICE,REPORT_LIMIT,3.0,0,1,1,0.3333333333333333,0.8,0.7240772247314453,9
CVAE+APA-RCA,A2_etl_logic_error,medium,9,ETL_FX_STOCK_3_PRICE,REPORT_LIMIT,8.0,0,0,0,0.125,1.0,0.7059574127197266,9
APA-RCA-v2,A2_etl_logic_error,medium,10,ETL_FX_STOCK_4_PRICE,REPORT_LIMIT,2.0,0,1,1,0.5,0.8,0.7190704345703125,9
CVAE+APA-RCA,A2_etl_logic_error,medium,10,ETL_FX_STOCK_4_PRICE,REPORT_LIMIT,9.0,0,0,0,0.1111111111111111,1.0,0.7190704345703125,9
APA-RCA-v2,A2_etl_logic_error,medium,11,ETL_FX_STOCK_1_PRICE,REPORT_LIMIT,1.0,1,1,1,1.0,0.8,0.7061958312988281,9
CVAE+APA-RCA,A2_etl_logic_error,medium,11,ETL_FX_STOCK_1_PRICE,REPORT_LIMIT,9.0,0,0,0,0.1111111111111111,1.0,0.7507801055908203,9
APA-RCA-v2,A2_etl_logic_error,medium,12,ETL_FX_STOCK_4_PRICE,REPORT_LIMIT,2.0,0,1,1,0.5,0.8,0.7078647613525391,9
CVAE+APA-RCA,A2_etl_logic_error,medium,12,ETL_FX_STOCK_4_PRICE,REPORT_LIMIT,11.0,0,0,0,0.09090909090909091,1.0,0.6961822509765625,9
APA-RCA-v2,A2_etl_logic_error,medium,13,ETL_FX_STOCK_5_PRICE,REPORT_LIMIT,2.0,0,1,1,0.5,0.8,0.7069110870361328,9
CVAE+APA-RCA,A2_etl_logic_error,medium,13,ETL_FX_STOCK_5_PRICE,REPORT_LIMIT,10.0,0,0,0,0.1,1.0,0.7090568542480469,9
APA-RCA-v2,A2_etl_logic_error,medium,14,ETL_FX_STOCK_1_PRICE,REPORT_LIMIT,2.0,0,1,1,0.5,0.8,0.7309913635253906,9
CVAE+APA-RCA,A2_etl_logic_error,medium,14,ETL_FX_STOCK_1_PRICE,REPORT_LIMIT,8.0,0,0,0,0.125,1.0,0.8189678192138672,9
APA-RCA-v2,A2_etl_logic_error,medium,15,ETL_FX_STOCK_5_PRICE,REPORT_LIMIT,3.0,0,1,1,0.3333333333333333,0.8,0.7319450378417969,9
CVAE+APA-RCA,A2_etl_logic_error,medium,15,ETL_FX_STOCK_5_PRICE,REPORT_LIMIT,9.0,0,0,0,0.1111111111111111,1.0,0.7009506225585938,9
APA-RCA-v2,A2_etl_logic_error,medium,16,ETL_FX_STOCK_3_PRICE,REPORT_LIMIT,1.0,1,1,1,1.0,0.8,0.6699562072753906,9
CVAE+APA-RCA,A2_etl_logic_error,medium,16,ETL_FX_STOCK_3_PRICE,REPORT_LIMIT,8.0,0,0,0,0.125,1.0,0.6630420684814453,9
APA-RCA-v2,A2_etl_logic_error,medium,17,ETL_FX_STOCK_4_PRICE,REPORT_LIMIT,2.0,0,1,1,0.5,0.8,0.7271766662597656,9
CVAE+APA-RCA,A2_etl_logic_error,medium,17,ETL_FX_STOCK_4_PRICE,REPORT_LIMIT,12.0,0,0,0,0.08333333333333333,1.0,0.7479190826416016,9
APA-RCA-v2,A2_etl_logic_error,medium,18,ETL_FX_STOCK_5_PRICE,REPORT_LIMIT,2.0,0,1,1,0.5,0.8,0.6849765777587891,9
CVAE+APA-RCA,A2_etl_logic_error,medium,18,ETL_FX_STOCK_5_PRICE,REPORT_LIMIT,7.0,0,0,0,0.14285714285714285,1.0,0.6740093231201172,9
APA-RCA-v2,A2_etl_logic_error,medium,19,ETL_FX_STOCK_3_PRICE,REPORT_LIMIT,2.0,0,1,1,0.5,0.8,0.7121562957763672,9
CVAE+APA-RCA,A2_etl_logic_error,medium,19,ETL_FX_STOCK_3_PRICE,REPORT_LIMIT,8.0,0,0,0,0.125,1.0,0.7550716400146484,9
APA-RCA-v2,A2_etl_logic_error,medium,20,ETL_FX_STOCK_5_PRICE,REPORT_LIMIT,2.0,0,1,1,0.5,0.8,0.6709098815917969,9
CVAE+APA-RCA,A2_etl_logic_error,medium,20,ETL_FX_STOCK_5_PRICE,REPORT_LIMIT,10.0,0,0,0,0.1,1.0,0.6771087646484375,9
APA-RCA-v2,A2_etl_logic_error,medium,21,ETL_FX_STOCK_2_PRICE,REPORT_LIMIT,2.0,0,1,1,0.5,0.8,0.7736682891845703,9
CVAE+APA-RCA,A2_etl_logic_error,medium,21,ETL_FX_STOCK_2_PRICE,REPORT_LIMIT,6.0,0,0,0,0.16666666666666666,1.0,0.8273124694824219,9
APA-RCA-v2,A2_etl_logic_error,medium,22,ETL_FX_STOCK_4_PRICE,REPORT_LIMIT,2.0,0,1,1,0.5,0.8,0.7143020629882812,9
CVAE+APA-RCA,A2_etl_logic_error,medium,22,ETL_FX_STOCK_4_PRICE,REPORT_LIMIT,8.0,0,0,0,0.125,1.0,0.6909370422363281,9
APA-RCA-v2,A2_etl_logic_error,medium,23,ETL_FX_STOCK_1_PRICE,REPORT_LIMIT,2.0,0,1,1,0.5,0.8,0.6730556488037109,9
CVAE+APA-RCA,A2_etl_logic_error,medium,23,ETL_FX_STOCK_1_PRICE,REPORT_LIMIT,7.0,0,0,0,0.14285714285714285,1.0,0.6642341613769531,9
APA-RCA-v2,A2_etl_logic_error,medium,24,ETL_FX_STOCK_2_PRICE,REPORT_LIMIT,2.0,0,1,1,0.5,0.8,0.6589889526367188,9
CVAE+APA-RCA,A2_etl_logic_error,medium,24,ETL_FX_STOCK_2_PRICE,REPORT_LIMIT,6.0,0,0,0,0.16666666666666666,1.0,0.6799697875976562,9
APA-RCA-v2,A2_etl_logic_error,medium,25,ETL_FX_STOCK_3_PRICE,REPORT_LIMIT,2.0,0,1,1,0.5,0.8,0.6709098815917969,9
CVAE+APA-RCA,A2_etl_logic_error,medium,25,ETL_FX_STOCK_3_PRICE,REPORT_LIMIT,9.0,0,0,0,0.1111111111111111,1.0,0.6809234619140625,9
APA-RCA-v2,A2_etl_logic_error,medium,26,ETL_FX_STOCK_5_PRICE,REPORT_LIMIT,2.0,0,1,1,0.5,0.8,0.6608963012695312,9
CVAE+APA-RCA,A2_etl_logic_error,medium,26,ETL_FX_STOCK_5_PRICE,REPORT_LIMIT,8.0,0,0,0,0.125,1.0,0.6699562072753906,9
APA-RCA-v2,A2_etl_logic_error,medium,27,ETL_FX_STOCK_1_PRICE,REPORT_LIMIT,3.0,0,1,1,0.3333333333333333,0.8,0.6809234619140625,9
CVAE+APA-RCA,A2_etl_logic_error,medium,27,ETL_FX_STOCK_1_PRICE,REPORT_LIMIT,11.0,0,0,0,0.09090909090909091,1.0,0.6620883941650391,9
APA-RCA-v2,A2_etl_logic_error,medium,28,ETL_FX_STOCK_4_PRICE,REPORT_LIMIT,2.0,0,1,1,0.5,0.8,0.6628036499023438,9
CVAE+APA-RCA,A2_etl_logic_error,medium,28,ETL_FX_STOCK_4_PRICE,REPORT_LIMIT,9.0,0,0,0,0.1111111111111111,1.0,0.6680488586425781,9
APA-RCA-v2,A2_etl_logic_error,medium,29,ETL_FX_STOCK_5_PRICE,REPORT_LIMIT,2.0,0,1,1,0.5,0.8,0.7081031799316406,9
CVAE+APA-RCA,A2_etl_logic_error,medium,29,ETL_FX_STOCK_5_PRICE,REPORT_LIMIT,7.0,0,0,0,0.14285714285714285,1.0,0.6830692291259766,9
APA-RCA-v2,A3_feature_calc_error,medium,0,FEAT_VOL20_STOCK_5_PRICE,REPORT_LIMIT,1.0,1,1,1,1.0,0.8,0.7388591766357422,9
CVAE+APA-RCA,A3_feature_calc_error,medium,0,FEAT_VOL20_STOCK_5_PRICE,REPORT_LIMIT,1.0,1,1,1,1.0,0.8,0.7359981536865234,9
APA-RCA-v2,A3_feature_calc_error,medium,1,FEAT_VOL20_STOCK_3_PRICE,REPORT_LIMIT,1.0,1,1,1,1.0,0.8,0.6892681121826172,9
CVAE+APA-RCA,A3_feature_calc_error,medium,1,FEAT_VOL20_STOCK_3_PRICE,REPORT_LIMIT,1.0,1,1,1,1.0,0.8,0.6799697875976562,9
APA-RCA-v2,A3_feature_calc_error,medium,2,FEAT_VOL20_STOCK_5_PRICE,REPORT_LIMIT,1.0,1,1,1,1.0,0.8,1.31988525390625,9
CVAE+APA-RCA,A3_feature_calc_error,medium,2,FEAT_VOL20_STOCK_5_PRICE,REPORT_LIMIT,1.0,1,1,1,1.0,0.8,1.50299072265625,9
APA-RCA-v2,A3_feature_calc_error,medium,3,FEAT_VOL20_STOCK_5_PRICE,REPORT_LIMIT,2.0,0,1,1,0.5,0.8,0.7150173187255859,9
CVAE+APA-RCA,A3_feature_calc_error,medium,3,FEAT_VOL20_STOCK_5_PRICE,REPORT_LIMIT,1.0,1,1,1,1.0,0.8,0.6940364837646484,9
APA-RCA-v2,A3_feature_calc_error,medium,4,FEAT_VOL20_STOCK_4_PRICE,REPORT_LIMIT,3.0,0,1,1,0.3333333333333333,0.8,0.7691383361816406,9
CVAE+APA-RCA,A3_feature_calc_error,medium,4,FEAT_VOL20_STOCK_4_PRICE,REPORT_LIMIT,1.0,1,1,1,1.0,0.8,0.6883144378662109,9
APA-RCA-v2,A3_feature_calc_error,medium,5,FEAT_VOL20_STOCK_4_PRICE,REPORT_LIMIT,2.0,0,1,1,0.5,0.8,0.7240772247314453,9
CVAE+APA-RCA,A3_feature_calc_error,medium,5,FEAT_VOL20_STOCK_4_PRICE,REPORT_LIMIT,1.0,1,1,1,1.0,0.8,0.6852149963378906,9
APA-RCA-v2,A3_feature_calc_error,medium,6,FEAT_VOL20_STOCK_3_PRICE,REPORT_LIMIT,3.0,0,1,1,0.3333333333333333,0.8,0.7011890411376953,9
CVAE+APA-RCA,A3_feature_calc_error,medium,6,FEAT_VOL20_STOCK_3_PRICE,REPORT_LIMIT,1.0,1,1,1,1.0,0.8,0.6678104400634766,9
APA-RCA-v2,A3_feature_calc_error,medium,7,FEAT_VOL20_STOCK_5_PRICE,REPORT_LIMIT,2.0,0,1,1,0.5,0.8,0.7691383361816406,9
CVAE+APA-RCA,A3_feature_calc_error,medium,7,FEAT_VOL20_STOCK_5_PRICE,REPORT_LIMIT,1.0,1,1,1,1.0,0.8,0.7159709930419922,9
APA-RCA-v2,A3_feature_calc_error,medium,8,FEAT_VOL20_STOCK_4_PRICE,REPORT_LIMIT,2.0,0,1,1,0.5,0.8,0.6923675537109375,9
CVAE+APA-RCA,A3_feature_calc_error,medium,8,FEAT_VOL20_STOCK_4_PRICE,REPORT_LIMIT,1.0,1,1,1,1.0,0.8,0.7112026214599609,9
APA-RCA-v2,A3_feature_calc_error,medium,9,FEAT_VOL20_STOCK_3_PRICE,REPORT_LIMIT,3.0,0,1,1,0.3333333333333333,0.8,0.6558895111083984,9
CVAE+APA-RCA,A3_feature_calc_error,medium,9,FEAT_VOL20_STOCK_3_PRICE,REPORT_LIMIT,1.0,1,1,1,1.0,0.8,0.6682872772216797,9
APA-RCA-v2,A3_feature_calc_error,medium,10,FEAT_VOL20_STOCK_4_PRICE,REPORT_LIMIT,1.0,1,1,1,1.0,0.8,0.6532669067382812,9
CVAE+APA-RCA,A3_feature_calc_error,medium,10,FEAT_VOL20_STOCK_4_PRICE,REPORT_LIMIT,5.0,0,0,1,0.2,0.8,0.66375732421875,9
APA-RCA-v2,A3_feature_calc_error,medium,11,FEAT_VOL20_STOCK_1_PRICE,REPORT_LIMIT,1.0,1,1,1,1.0,0.8,0.6759166717529297,9
CVAE+APA-RCA,A3_feature_calc_error,medium,11,FEAT_VOL20_STOCK_1_PRICE,REPORT_LIMIT,1.0,1,1,1,1.0,0.8,0.6799697875976562,9
APA-RCA-v2,A3_feature_calc_error,medium,12,FEAT_VOL20_STOCK_4_PRICE,REPORT_LIMIT,2.0,0,1,1,0.5,0.8,0.6630420684814453,9
CVAE+APA-RCA,A3_feature_calc_error,medium,12,FEAT_VOL20_STOCK_4_PRICE,REPORT_LIMIT,1.0,1,1,1,1.0,0.8,0.6718635559082031,9
APA-RCA-v2,A3_feature_calc_error,medium,13,FEAT_VOL20_STOCK_5_PRICE,REPORT_LIMIT,2.0,0,1,1,0.5,0.8,0.6620883941650391,9
CVAE+APA-RCA,A3_feature_calc_error,medium,13,FEAT_VOL20_STOCK_5_PRICE,REPORT_LIMIT,1.0,1,1,1,1.0,0.8,0.6809234619140625,9
APA-RCA-v2,A3_feature_calc_error,medium,14,FEAT_VOL20_STOCK_1_PRICE,REPORT_LIMIT,2.0,0,1,1,0.5,0.8,0.659942626953125,9
CVAE+APA-RCA,A3_feature_calc_error,medium,14,FEAT_VOL20_STOCK_1_PRICE,REPORT_LIMIT,2.0,0,1,1,0.5,0.8,0.6628036499023438,9
APA-RCA-v2,A3_feature_calc_error,medium,15,FEAT_VOL20_STOCK_5_PRICE,REPORT_LIMIT,2.0,0,1,1,0.5,0.8,0.659942626953125,9
CVAE+APA-RCA,A3_feature_calc_error,medium,15,FEAT_VOL20_STOCK_5_PRICE,REPORT_LIMIT,1.0,1,1,1,1.0,0.8,0.6759166717529297,9
APA-RCA-v2,A3_feature_calc_error,medium,16,FEAT_VOL20_STOCK_3_PRICE,REPORT_LIMIT,1.0,1,1,1,1.0,0.8,0.6909370422363281,9
CVAE+APA-RCA,A3_feature_calc_error,medium,16,FEAT_VOL20_STOCK_3_PRICE,REPORT_LIMIT,1.0,1,1,1,1.0,0.8,0.6990432739257812,9
APA-RCA-v2,A3_feature_calc_error,medium,17,FEAT_VOL20_STOCK_4_PRICE,REPORT_LIMIT,2.0,0,1,1,0.5,0.8,0.6899833679199219,9
CVAE+APA-RCA,A3_feature_calc_error,medium,17,FEAT_VOL20_STOCK_4_PRICE,REPORT_LIMIT,2.0,0,1,1,0.5,0.8,0.6728172302246094,9
APA-RCA-v2,A3_feature_calc_error,medium,18,FEAT_VOL20_STOCK_5_PRICE,REPORT_LIMIT,2.0,0,1,1,0.5,0.8,0.6818771362304688,9
CVAE+APA-RCA,A3_feature_calc_error,medium,18,FEAT_VOL20_STOCK_5_PRICE,REPORT_LIMIT,1.0,1,1,1,1.0,0.8,0.6608963012695312,9
APA-RCA-v2,A3_feature_calc_error,medium,19,FEAT_VOL20_STOCK_3_PRICE,REPORT_LIMIT,2.0,0,1,1,0.5,0.8,0.6480216979980469,9
CVAE+APA-RCA,A3_feature_calc_error,medium,19,FEAT_VOL20_STOCK_3_PRICE,REPORT_LIMIT,1.0,1,1,1,1.0,0.8,0.6783008575439453,9
APA-RCA-v2,A3_feature_calc_error,medium,20,FEAT_VOL20_STOCK_5_PRICE,REPORT_LIMIT,2.0,0,1,1,0.5,0.8,0.6818771362304688,9
CVAE+APA-RCA,A3_feature_calc_error,medium,20,FEAT_VOL20_STOCK_5_PRICE,REPORT_LIMIT,9.0,0,0,0,0.1111111111111111,1.0,0.6830692291259766,9
APA-RCA-v2,A3_feature_calc_error,medium,21,FEAT_VOL20_STOCK_2_PRICE,REPORT_LIMIT,5.0,0,0,1,0.2,0.8,0.6728172302246094,9
CVAE+APA-RCA,A3_feature_calc_error,medium,21,FEAT_VOL20_STOCK_2_PRICE,REPORT_LIMIT,1.0,1,1,1,1.0,0.8,0.6818771362304688,9
APA-RCA-v2,A3_feature_calc_error,medium,22,FEAT_VOL20_STOCK_4_PRICE,REPORT_LIMIT,13.0,0,0,0,0.07692307692307693,1.0,0.7290840148925781,9
CVAE+APA-RCA,A3_feature_calc_error,medium,22,FEAT_VOL20_STOCK_4_PRICE,REPORT_LIMIT,1.0,1,1,1,1.0,0.8,0.7059574127197266,9
APA-RCA-v2,A3_feature_calc_error,medium,23,FEAT_VOL20_STOCK_1_PRICE,REPORT_LIMIT,2.0,0,1,1,0.5,0.8,0.6799697875976562,9
CVAE+APA-RCA,A3_feature_calc_error,medium,23,FEAT_VOL20_STOCK_1_PRICE,REPORT_LIMIT,1.0,1,1,1,1.0,0.8,0.6747245788574219,9
APA-RCA-v2,A3_feature_calc_error,medium,24,FEAT_VOL20_STOCK_2_PRICE,REPORT_LIMIT,8.0,0,0,0,0.125,1.0,0.7050037384033203,9
CVAE+APA-RCA,A3_feature_calc_error,medium,24,FEAT_VOL20_STOCK_2_PRICE,REPORT_LIMIT,1.0,1,1,1,1.0,0.8,0.6780624389648438,9
APA-RCA-v2,A3_feature_calc_error,medium,25,FEAT_VOL20_STOCK_3_PRICE,REPORT_LIMIT,2.0,0,1,1,0.5,0.8,0.701904296875,9
CVAE+APA-RCA,A3_feature_calc_error,medium,25,FEAT_VOL20_STOCK_3_PRICE,REPORT_LIMIT,1.0,1,1,1,1.0,0.8,0.682830810546875,9
APA-RCA-v2,A3_feature_calc_error,medium,26,FEAT_VOL20_STOCK_5_PRICE,REPORT_LIMIT,2.0,0,1,1,0.5,0.8,0.6577968597412109,9
CVAE+APA-RCA,A3_feature_calc_error,medium,26,FEAT_VOL20_STOCK_5_PRICE,REPORT_LIMIT,1.0,1,1,1,1.0,0.8,0.6718635559082031,9
APA-RCA-v2,A3_feature_calc_error,medium,27,FEAT_VOL20_STOCK_1_PRICE,REPORT_LIMIT,3.0,0,1,1,0.3333333333333333,0.8,0.6473064422607422,9
CVAE+APA-RCA,A3_feature_calc_error,medium,27,FEAT_VOL20_STOCK_1_PRICE,REPORT_LIMIT,1.0,1,1,1,1.0,0.8,60.47487258911133,9
APA-RCA-v2,A3_feature_calc_error,medium,28,FEAT_VOL20_STOCK_4_PRICE,REPORT_LIMIT,4.0,0,0,1,0.25,0.8,0.6849765777587891,9
CVAE+APA-RCA,A3_feature_calc_error,medium,28,FEAT_VOL20_STOCK_4_PRICE,REPORT_LIMIT,1.0,1,1,1,1.0,0.8,0.9710788726806641,9
APA-RCA-v2,A3_feature_calc_error,medium,29,FEAT_VOL20_STOCK_5_PRICE,REPORT_LIMIT,38.0,0,0,0,0.02631578947368421,1.0,0.6530284881591797,9
CVAE+APA-RCA,A3_feature_calc_error,medium,29,FEAT_VOL20_STOCK_5_PRICE,REPORT_LIMIT,7.0,0,0,0,0.14285714285714285,1.0,0.9098052978515625,9
APA-RCA-v2,A4_aggregation_error,medium,0,FEAT_SECTOR_B,REPORT_LIMIT,45.0,0,0,0,0.022222222222222223,1.0,0.6480216979980469,9
CVAE+APA-RCA,A4_aggregation_error,medium,0,FEAT_SECTOR_B,REPORT_LIMIT,45.0,0,0,0,0.022222222222222223,1.0,0.6651878356933594,9
APA-RCA-v2,A4_aggregation_error,medium,1,FEAT_SECTOR_A,REPORT_LIMIT,58.0,0,0,0,0.017241379310344827,1.0,0.6670951843261719,9
CVAE+APA-RCA,A4_aggregation_error,medium,1,FEAT_SECTOR_A,REPORT_LIMIT,45.0,0,0,0,0.022222222222222223,1.0,0.6577968597412109,9
APA-RCA-v2,A4_aggregation_error,medium,2,FEAT_SECTOR_B,REPORT_LIMIT,46.0,0,0,0,0.021739130434782608,1.0,0.7009506225585938,9
CVAE+APA-RCA,A4_aggregation_error,medium,2,FEAT_SECTOR_B,REPORT_LIMIT,46.0,0,0,0,0.021739130434782608,1.0,0.6968975067138672,9
APA-RCA-v2,A4_aggregation_error,medium,3,FEAT_SECTOR_B,REPORT_LIMIT,51.0,0,0,0,0.0196078431372549,1.0,0.7169246673583984,9
CVAE+APA-RCA,A4_aggregation_error,medium,3,FEAT_SECTOR_B,REPORT_LIMIT,46.0,0,0,0,0.021739130434782608,1.0,0.6909370422363281,9
APA-RCA-v2,A4_aggregation_error,medium,4,FEAT_SECTOR_B,REPORT_LIMIT,60.0,0,0,0,0.016666666666666666,1.0,0.6918907165527344,9
CVAE+APA-RCA,A4_aggregation_error,medium,4,FEAT_SECTOR_B,REPORT_LIMIT,46.0,0,0,0,0.021739130434782608,1.0,0.6961822509765625,9
APA-RCA-v2,A4_aggregation_error,medium,5,FEAT_SECTOR_B,REPORT_LIMIT,59.0,0,0,0,0.01694915254237288,1.0,0.7638931274414062,9
CVAE+APA-RCA,A4_aggregation_error,medium,5,FEAT_SECTOR_B,REPORT_LIMIT,46.0,0,0,0,0.021739130434782608,1.0,1.0879039764404297,9
APA-RCA-v2,A4_aggregation_error,medium,6,FEAT_SECTOR_A,REPORT_LIMIT,50.0,0,0,0,0.02,1.0,0.7040500640869141,9
CVAE+APA-RCA,A4_aggregation_error,medium,6,FEAT_SECTOR_A,REPORT_LIMIT,45.0,0,0,0,0.022222222222222223,1.0,0.6861686706542969,9
APA-RCA-v2,A4_aggregation_error,medium,7,FEAT_SECTOR_B,REPORT_LIMIT,59.0,0,0,0,0.01694915254237288,1.0,0.701904296875,9
CVAE+APA-RCA,A4_aggregation_error,medium,7,FEAT_SECTOR_B,REPORT_LIMIT,46.0,0,0,0,0.021739130434782608,1.0,0.6968975067138672,9
APA-RCA-v2,A4_aggregation_error,medium,8,FEAT_SECTOR_B,REPORT_LIMIT,55.0,0,0,0,0.01818181818181818,1.0,0.6859302520751953,9
CVAE+APA-RCA,A4_aggregation_error,medium,8,FEAT_SECTOR_B,REPORT_LIMIT,46.0,0,0,0,0.021739130434782608,1.0,0.6780624389648438,9
APA-RCA-v2,A4_aggregation_error,medium,9,FEAT_SECTOR_A,REPORT_LIMIT,49.0,0,0,0,0.02040816326530612,1.0,0.6952285766601562,9
CVAE+APA-RCA,A4_aggregation_error,medium,9,FEAT_SECTOR_A,REPORT_LIMIT,45.0,0,0,0,0.022222222222222223,1.0,0.6802082061767578,9
APA-RCA-v2,A4_aggregation_error,medium,10,FEAT_SECTOR_B,REPORT_LIMIT,45.0,0,0,0,0.022222222222222223,1.0,0.7801055908203125,9
CVAE+APA-RCA,A4_aggregation_error,medium,10,FEAT_SECTOR_B,REPORT_LIMIT,45.0,0,0,0,0.022222222222222223,1.0,2.0012855529785156,9
APA-RCA-v2,A4_aggregation_error,medium,11,FEAT_SECTOR_A,REPORT_LIMIT,47.0,0,0,0,0.02127659574468085,1.0,0.7050037384033203,9
CVAE+APA-RCA,A4_aggregation_error,medium,11,FEAT_SECTOR_A,REPORT_LIMIT,46.0,0,0,0,0.021739130434782608,1.0,1.7650127410888672,9
APA-RCA-v2,A4_aggregation_error,medium,12,FEAT_SECTOR_B,REPORT_LIMIT,47.0,0,0,0,0.02127659574468085,1.0,0.7610321044921875,9
CVAE+APA-RCA,A4_aggregation_error,medium,12,FEAT_SECTOR_B,REPORT_LIMIT,45.0,0,0,0,0.022222222222222223,1.0,0.7560253143310547,9
APA-RCA-v2,A4_aggregation_error,medium,13,FEAT_SECTOR_B,REPORT_LIMIT,47.0,0,0,0,0.02127659574468085,1.0,0.7321834564208984,9
CVAE+APA-RCA,A4_aggregation_error,medium,13,FEAT_SECTOR_B,REPORT_LIMIT,46.0,0,0,0,0.021739130434782608,1.0,0.6928443908691406,9
APA-RCA-v2,A4_aggregation_error,medium,14,FEAT_SECTOR_A,REPORT_LIMIT,47.0,0,0,0,0.02127659574468085,1.0,0.7381439208984375,9
CVAE+APA-RCA,A4_aggregation_error,medium,14,FEAT_SECTOR_A,REPORT_LIMIT,45.0,0,0,0,0.022222222222222223,1.0,0.743865966796875,9
APA-RCA-v2,A4_aggregation_error,medium,15,FEAT_SECTOR_B,REPORT_LIMIT,48.0,0,0,0,0.020833333333333332,1.0,0.7200241088867188,9
CVAE+APA-RCA,A4_aggregation_error,medium,15,FEAT_SECTOR_B,REPORT_LIMIT,45.0,0,0,0,0.022222222222222223,1.0,0.6959438323974609,9
APA-RCA-v2,A4_aggregation_error,medium,16,FEAT_SECTOR_B,REPORT_LIMIT,57.0,0,0,0,0.017543859649122806,1.0,0.7369518280029297,9
CVAE+APA-RCA,A4_aggregation_error,medium,16,FEAT_SECTOR_B,REPORT_LIMIT,45.0,0,0,0,0.022222222222222223,1.0,0.7071495056152344,9
APA-RCA-v2,A4_aggregation_error,medium,17,FEAT_SECTOR_B,REPORT_LIMIT,48.0,0,0,0,0.020833333333333332,1.0,0.6880760192871094,9
CVAE+APA-RCA,A4_aggregation_error,medium,17,FEAT_SECTOR_B,REPORT_LIMIT,46.0,0,0,0,0.021739130434782608,1.0,1.2040138244628906,9
APA-RCA-v2,A4_aggregation_error,medium,18,FEAT_SECTOR_B,REPORT_LIMIT,58.0,0,0,0,0.017241379310344827,1.0,0.6778240203857422,9
CVAE+APA-RCA,A4_aggregation_error,medium,18,FEAT_SECTOR_B,REPORT_LIMIT,45.0,0,0,0,0.022222222222222223,1.0,0.6730556488037109,9
APA-RCA-v2,A4_aggregation_error,medium,19,FEAT_SECTOR_B,REPORT_LIMIT,59.0,0,0,0,0.01694915254237288,1.0,0.6568431854248047,9
CVAE+APA-RCA,A4_aggregation_error,medium,19,FEAT_SECTOR_B,REPORT_LIMIT,46.0,0,0,0,0.021739130434782608,1.0,0.6721019744873047,9
APA-RCA-v2,A4_aggregation_error,medium,20,FEAT_SECTOR_B,REPORT_LIMIT,58.0,0,0,0,0.017241379310344827,1.0,0.6868839263916016,9
CVAE+APA-RCA,A4_aggregation_error,medium,20,FEAT_SECTOR_B,REPORT_LIMIT,46.0,0,0,0,0.021739130434782608,1.0,0.6768703460693359,9
APA-RCA-v2,A4_aggregation_error,medium,21,FEAT_SECTOR_A,REPORT_LIMIT,47.0,0,0,0,0.02127659574468085,1.0,0.66375732421875,9
CVAE+APA-RCA,A4_aggregation_error,medium,21,FEAT_SECTOR_A,REPORT_LIMIT,45.0,0,0,0,0.022222222222222223,1.0,0.67901611328125,9
APA-RCA-v2,A4_aggregation_error,medium,22,FEAT_SECTOR_B,REPORT_LIMIT,54.0,0,0,0,0.018518518518518517,1.0,0.6768703460693359,9
CVAE+APA-RCA,A4_aggregation_error,medium,22,FEAT_SECTOR_B,REPORT_LIMIT,45.0,0,0,0,0.022222222222222223,1.0,0.6718635559082031,9
APA-RCA-v2,A4_aggregation_error,medium,23,FEAT_SECTOR_A,REPORT_LIMIT,61.0,0,0,0,0.01639344262295082,1.0,0.7059574127197266,9
CVAE+APA-RCA,A4_aggregation_error,medium,23,FEAT_SECTOR_A,REPORT_LIMIT,46.0,0,0,0,0.021739130434782608,1.0,1.0950565338134766,9
APA-RCA-v2,A4_aggregation_error,medium,24,FEAT_SECTOR_A,REPORT_LIMIT,45.0,0,0,0,0.022222222222222223,1.0,0.7522106170654297,9
CVAE+APA-RCA,A4_aggregation_error,medium,24,FEAT_SECTOR_A,REPORT_LIMIT,46.0,0,0,0,0.021739130434782608,1.0,0.6971359252929688,9
APA-RCA-v2,A4_aggregation_error,medium,25,FEAT_SECTOR_B,REPORT_LIMIT,57.0,0,0,0,0.017543859649122806,1.0,0.7460117340087891,9
CVAE+APA-RCA,A4_aggregation_error,medium,25,FEAT_SECTOR_B,REPORT_LIMIT,45.0,0,0,0,0.022222222222222223,1.0,0.7889270782470703,9
APA-RCA-v2,A4_aggregation_error,medium,26,FEAT_SECTOR_B,REPORT_LIMIT,45.0,0,0,0,0.022222222222222223,1.0,1.2311935424804688,9
CVAE+APA-RCA,A4_aggregation_error,medium,26,FEAT_SECTOR_B,REPORT_LIMIT,46.0,0,0,0,0.021739130434782608,1.0,0.9098052978515625,9
APA-RCA-v2,A4_aggregation_error,medium,27,FEAT_SECTOR_A,REPORT_LIMIT,48.0,0,0,0,0.020833333333333332,1.0,1.1138916015625,9
CVAE+APA-RCA,A4_aggregation_error,medium,27,FEAT_SECTOR_A,REPORT_LIMIT,46.0,0,0,0,0.021739130434782608,1.0,1.070261001586914,9
APA-RCA-v2,A4_aggregation_error,medium,28,FEAT_SECTOR_B,REPORT_LIMIT,49.0,0,0,0,0.02040816326530612,1.0,0.8139610290527344,9
CVAE+APA-RCA,A4_aggregation_error,medium,28,FEAT_SECTOR_B,REPORT_LIMIT,45.0,0,0,0,0.022222222222222223,1.0,1.0828971862792969,9
APA-RCA-v2,A4_aggregation_error,medium,29,FEAT_SECTOR_B,REPORT_LIMIT,45.0,0,0,0,0.022222222222222223,1.0,0.7612705230712891,9
CVAE+APA-RCA,A4_aggregation_error,medium,29,FEAT_SECTOR_B,REPORT_LIMIT,46.0,0,0,0,0.021739130434782608,1.0,1.5518665313720703,9
APA-RCA-v2,A5_downstream_masking,medium,0,SRC_STOCK_5_PRICE,REPORT_LIMIT,1.0,1,1,1,1.0,0.8,0.9410381317138672,9
CVAE+APA-RCA,A5_downstream_masking,medium,0,SRC_STOCK_5_PRICE,REPORT_LIMIT,1.0,1,1,1,1.0,0.8,0.8060932159423828,9
APA-RCA-v2,A5_downstream_masking,medium,1,SRC_STOCK_3_PRICE,REPORT_LIMIT,3.0,0,1,1,0.3333333333333333,0.8,15.227079391479492,9
CVAE+APA-RCA,A5_downstream_masking,medium,1,SRC_STOCK_3_PRICE,REPORT_LIMIT,1.0,1,1,1,1.0,0.8,1.9409656524658203,9
APA-RCA-v2,A5_downstream_masking,medium,2,SRC_STOCK_5_PRICE,REPORT_LIMIT,2.0,0,1,1,0.5,0.8,1.0290145874023438,9
CVAE+APA-RCA,A5_downstream_masking,medium,2,SRC_STOCK_5_PRICE,REPORT_LIMIT,2.0,0,1,1,0.5,0.8,1.4841556549072266,9
APA-RCA-v2,A5_downstream_masking,medium,3,SRC_STOCK_5_PRICE,REPORT_LIMIT,4.0,0,0,1,0.25,0.8,0.8020401000976562,9
CVAE+APA-RCA,A5_downstream_masking,medium,3,SRC_STOCK_5_PRICE,REPORT_LIMIT,1.0,1,1,1,1.0,0.8,0.7460117340087891,9
APA-RCA-v2,A5_downstream_masking,medium,4,SRC_STOCK_4_PRICE,REPORT_LIMIT,3.0,0,1,1,0.3333333333333333,0.8,0.7233619689941406,9
CVAE+APA-RCA,A5_downstream_masking,medium,4,SRC_STOCK_4_PRICE,REPORT_LIMIT,1.0,1,1,1,1.0,0.8,0.7319450378417969,9
APA-RCA-v2,A5_downstream_masking,medium,5,SRC_STOCK_4_PRICE,REPORT_LIMIT,2.0,0,1,1,0.5,0.8,0.7390975952148438,9
CVAE+APA-RCA,A5_downstream_masking,medium,5,SRC_STOCK_4_PRICE,REPORT_LIMIT,1.0,1,1,1,1.0,0.8,1.1119842529296875,9
APA-RCA-v2,A5_downstream_masking,medium,6,SRC_STOCK_3_PRICE,REPORT_LIMIT,1.0,1,1,1,1.0,0.8,0.6990432739257812,9
CVAE+APA-RCA,A5_downstream_masking,medium,6,SRC_STOCK_3_PRICE,REPORT_LIMIT,1.0,1,1,1,1.0,0.8,0.6861686706542969,9
APA-RCA-v2,A5_downstream_masking,medium,7,SRC_STOCK_5_PRICE,REPORT_LIMIT,1.0,1,1,1,1.0,0.8,0.7290840148925781,9
CVAE+APA-RCA,A5_downstream_masking,medium,7,SRC_STOCK_5_PRICE,REPORT_LIMIT,1.0,1,1,1,1.0,0.8,0.7250308990478516,9
APA-RCA-v2,A5_downstream_masking,medium,8,SRC_STOCK_4_PRICE,REPORT_LIMIT,1.0,1,1,1,1.0,0.8,0.6887912750244141,9
CVAE+APA-RCA,A5_downstream_masking,medium,8,SRC_STOCK_4_PRICE,REPORT_LIMIT,1.0,1,1,1,1.0,0.8,0.7071495056152344,9
APA-RCA-v2,A5_downstream_masking,medium,9,SRC_STOCK_3_PRICE,REPORT_LIMIT,3.0,0,1,1,0.3333333333333333,0.8,0.7269382476806641,9
CVAE+APA-RCA,A5_downstream_masking,medium,9,SRC_STOCK_3_PRICE,REPORT_LIMIT,3.0,0,1,1,0.3333333333333333,0.8,0.7150173187255859,9
APA-RCA-v2,A5_downstream_masking,medium,10,SRC_STOCK_4_PRICE,REPORT_LIMIT,1.0,1,1,1,1.0,0.8,0.7011890411376953,9
CVAE+APA-RCA,A5_downstream_masking,medium,10,SRC_STOCK_4_PRICE,REPORT_LIMIT,1.0,1,1,1,1.0,0.8,0.7717609405517578,9
APA-RCA-v2,A5_downstream_masking,medium,11,SRC_STOCK_1_PRICE,REPORT_LIMIT,4.0,0,0,1,0.25,0.8,0.6740093231201172,9
CVAE+APA-RCA,A5_downstream_masking,medium,11,SRC_STOCK_1_PRICE,REPORT_LIMIT,1.0,1,1,1,1.0,0.8,0.705718994140625,9
APA-RCA-v2,A5_downstream_masking,medium,12,SRC_STOCK_4_PRICE,REPORT_LIMIT,1.0,1,1,1,1.0,0.8,0.6527900695800781,9
CVAE+APA-RCA,A5_downstream_masking,medium,12,SRC_STOCK_4_PRICE,REPORT_LIMIT,1.0,1,1,1,1.0,0.8,0.675201416015625,9
APA-RCA-v2,A5_downstream_masking,medium,13,SRC_STOCK_5_PRICE,REPORT_LIMIT,3.0,0,1,1,0.3333333333333333,0.8,0.7212162017822266,9
CVAE+APA-RCA,A5_downstream_masking,medium,13,SRC_STOCK_5_PRICE,REPORT_LIMIT,1.0,1,1,1,1.0,0.8,0.6966590881347656,9
APA-RCA-v2,A5_downstream_masking,medium,14,SRC_STOCK_1_PRICE,REPORT_LIMIT,15.0,0,0,0,0.06666666666666667,1.0,0.8251667022705078,9
CVAE+APA-RCA,A5_downstream_masking,medium,14,SRC_STOCK_1_PRICE,REPORT_LIMIT,2.0,0,1,1,0.5,0.8,0.8518695831298828,9
APA-RCA-v2,A5_downstream_masking,medium,15,SRC_STOCK_5_PRICE,REPORT_LIMIT,1.0,1,1,1,1.0,0.8,0.6749629974365234,9
CVAE+APA-RCA,A5_downstream_masking,medium,15,SRC_STOCK_5_PRICE,REPORT_LIMIT,9.0,0,0,0,0.1111111111111111,1.0,0.6728172302246094,9
APA-RCA-v2,A5_downstream_masking,medium,16,SRC_STOCK_3_PRICE,REPORT_LIMIT,1.0,1,1,1,1.0,0.8,0.7078647613525391,9
CVAE+APA-RCA,A5_downstream_masking,medium,16,SRC_STOCK_3_PRICE,REPORT_LIMIT,1.0,1,1,1,1.0,0.8,0.6930828094482422,9
APA-RCA-v2,A5_downstream_masking,medium,17,SRC_STOCK_4_PRICE,REPORT_LIMIT,4.0,0,0,1,0.25,0.8,0.7390975952148438,9
CVAE+APA-RCA,A5_downstream_masking,medium,17,SRC_STOCK_4_PRICE,REPORT_LIMIT,1.0,1,1,1,1.0,0.8,0.6978511810302734,9
APA-RCA-v2,A5_downstream_masking,medium,18,SRC_STOCK_5_PRICE,REPORT_LIMIT,1.0,1,1,1,1.0,0.8,0.7030963897705078,9
CVAE+APA-RCA,A5_downstream_masking,medium,18,SRC_STOCK_5_PRICE,REPORT_LIMIT,6.0,0,0,0,0.16666666666666666,1.0,0.7729530334472656,9
APA-RCA-v2,A5_downstream_masking,medium,19,SRC_STOCK_3_PRICE,REPORT_LIMIT,6.0,0,0,0,0.16666666666666666,1.0,0.6971359252929688,9
CVAE+APA-RCA,A5_downstream_masking,medium,19,SRC_STOCK_3_PRICE,REPORT_LIMIT,1.0,1,1,1,1.0,0.8,0.7338523864746094,9
APA-RCA-v2,A5_downstream_masking,medium,20,SRC_STOCK_5_PRICE,REPORT_LIMIT,1.0,1,1,1,1.0,0.8,0.6940364837646484,9
CVAE+APA-RCA,A5_downstream_masking,medium,20,SRC_STOCK_5_PRICE,REPORT_LIMIT,1.0,1,1,1,1.0,0.8,0.6890296936035156,9
APA-RCA-v2,A5_downstream_masking,medium,21,SRC_STOCK_2_PRICE,REPORT_LIMIT,2.0,0,1,1,0.5,0.8,0.8020401000976562,9
CVAE+APA-RCA,A5_downstream_masking,medium,21,SRC_STOCK_2_PRICE,REPORT_LIMIT,1.0,1,1,1,1.0,0.8,0.7548332214355469,9
APA-RCA-v2,A5_downstream_masking,medium,22,SRC_STOCK_4_PRICE,REPORT_LIMIT,4.0,0,0,1,0.25,0.8,0.7250308990478516,9
CVAE+APA-RCA,A5_downstream_masking,medium,22,SRC_STOCK_4_PRICE,REPORT_LIMIT,1.0,1,1,1,1.0,0.8,0.6861686706542969,9
APA-RCA-v2,A5_downstream_masking,medium,23,SRC_STOCK_1_PRICE,REPORT_LIMIT,4.0,0,0,1,0.25,0.8,0.7259845733642578,9
CVAE+APA-RCA,A5_downstream_masking,medium,23,SRC_STOCK_1_PRICE,REPORT_LIMIT,1.0,1,1,1,1.0,0.8,0.6961822509765625,9
APA-RCA-v2,A5_downstream_masking,medium,24,SRC_STOCK_2_PRICE,REPORT_LIMIT,8.0,0,0,0,0.125,1.0,0.7159709930419922,9
CVAE+APA-RCA,A5_downstream_masking,medium,24,SRC_STOCK_2_PRICE,REPORT_LIMIT,1.0,1,1,1,1.0,0.8,0.701904296875,9
APA-RCA-v2,A5_downstream_masking,medium,25,SRC_STOCK_3_PRICE,REPORT_LIMIT,4.0,0,0,1,0.25,0.8,0.7138252258300781,9
CVAE+APA-RCA,A5_downstream_masking,medium,25,SRC_STOCK_3_PRICE,REPORT_LIMIT,1.0,1,1,1,1.0,0.8,0.7319450378417969,9
APA-RCA-v2,A5_downstream_masking,medium,26,SRC_STOCK_5_PRICE,REPORT_LIMIT,4.0,0,0,1,0.25,0.8,0.6949901580810547,9
CVAE+APA-RCA,A5_downstream_masking,medium,26,SRC_STOCK_5_PRICE,REPORT_LIMIT,1.0,1,1,1,1.0,0.8,0.6930828094482422,9
APA-RCA-v2,A5_downstream_masking,medium,27,SRC_STOCK_1_PRICE,REPORT_LIMIT,8.0,0,0,0,0.125,1.0,0.8337497711181641,9
CVAE+APA-RCA,A5_downstream_masking,medium,27,SRC_STOCK_1_PRICE,REPORT_LIMIT,1.0,1,1,1,1.0,0.8,0.7059574127197266,9
APA-RCA-v2,A5_downstream_masking,medium,28,SRC_STOCK_4_PRICE,REPORT_LIMIT,4.0,0,0,1,0.25,0.8,0.7276535034179688,9
CVAE+APA-RCA,A5_downstream_masking,medium,28,SRC_STOCK_4_PRICE,REPORT_LIMIT,1.0,1,1,1,1.0,0.8,0.698089599609375,9
APA-RCA-v2,A5_downstream_masking,medium,29,SRC_STOCK_5_PRICE,REPORT_LIMIT,1.0,1,1,1,1.0,0.8,0.8687973022460938,9
CVAE+APA-RCA,A5_downstream_masking,medium,29,SRC_STOCK_5_PRICE,REPORT_LIMIT,5.0,0,0,1,0.2,0.8,0.7548332214355469,9
APA-RCA-v2,A6_multi_source,medium,0,SRC_STOCK_4_PRICE,REPORT_LIMIT,2.0,0,1,1,0.5,0.8,0.9582042694091797,9
CVAE+APA-RCA,A6_multi_source,medium,0,SRC_STOCK_4_PRICE,REPORT_LIMIT,1.0,1,1,1,1.0,0.8,0.7288455963134766,9
APA-RCA-v2,A6_multi_source,medium,1,SRC_STOCK_3_PRICE,REPORT_DASHBOARD,1.0,1,1,1,1.0,0.8,0.7112026214599609,9
CVAE+APA-RCA,A6_multi_source,medium,1,SRC_STOCK_3_PRICE,REPORT_DASHBOARD,1.0,1,1,1,1.0,0.8,0.6988048553466797,9
APA-RCA-v2,A6_multi_source,medium,2,SRC_STOCK_2_PRICE,REPORT_LIMIT,2.0,0,1,1,0.5,0.8,0.804901123046875,9
CVAE+APA-RCA,A6_multi_source,medium,2,SRC_STOCK_2_PRICE,REPORT_LIMIT,1.0,1,1,1,1.0,0.8,0.7770061492919922,9
APA-RCA-v2,A6_multi_source,medium,3,SRC_STOCK_1_PRICE,REPORT_LIMIT,1.0,1,1,1,1.0,0.8,0.7238388061523438,9
CVAE+APA-RCA,A6_multi_source,medium,3,SRC_STOCK_1_PRICE,REPORT_LIMIT,1.0,1,1,1,1.0,0.8,0.7739067077636719,9
APA-RCA-v2,A6_multi_source,medium,4,SRC_STOCK_3_PRICE,REPORT_DASHBOARD,2.0,0,1,1,0.5,0.8,0.7510185241699219,9
CVAE+APA-RCA,A6_multi_source,medium,4,SRC_STOCK_3_PRICE,REPORT_DASHBOARD,1.0,1,1,1,1.0,0.8,0.8478164672851562,9
APA-RCA-v2,A6_multi_source,medium,5,SRC_STOCK_4_PRICE,REPORT_LIMIT,1.0,1,1,1,1.0,0.8,0.7472038269042969,9
CVAE+APA-RCA,A6_multi_source,medium,5,SRC_STOCK_4_PRICE,REPORT_LIMIT,1.0,1,1,1,1.0,0.8,0.9090900421142578,9
APA-RCA-v2,A6_multi_source,medium,6,SRC_STOCK_2_PRICE,REPORT_LIMIT,1.0,1,1,1,1.0,0.8,0.6930828094482422,9
CVAE+APA-RCA,A6_multi_source,medium,6,SRC_STOCK_2_PRICE,REPORT_LIMIT,1.0,1,1,1,1.0,0.8,0.6930828094482422,9
APA-RCA-v2,A6_multi_source,medium,7,SRC_STOCK_3_PRICE,REPORT_DASHBOARD,2.0,0,1,1,0.5,0.8,0.7321834564208984,9
CVAE+APA-RCA,A6_multi_source,medium,7,SRC_STOCK_3_PRICE,REPORT_DASHBOARD,1.0,1,1,1,1.0,0.8,0.67901611328125,9
APA-RCA-v2,A6_multi_source,medium,8,SRC_STOCK_2_PRICE,REPORT_LIMIT,2.0,0,1,1,0.5,0.8,0.6918907165527344,9
CVAE+APA-RCA,A6_multi_source,medium,8,SRC_STOCK_2_PRICE,REPORT_LIMIT,1.0,1,1,1,1.0,0.8,0.6690025329589844,9
APA-RCA-v2,A6_multi_source,medium,9,SRC_STOCK_4_PRICE,REPORT_LIMIT,1.0,1,1,1,1.0,0.8,0.6897449493408203,9
CVAE+APA-RCA,A6_multi_source,medium,9,SRC_STOCK_4_PRICE,REPORT_LIMIT,1.0,1,1,1,1.0,0.8,0.6847381591796875,9
APA-RCA-v2,A6_multi_source,medium,10,SRC_STOCK_2_PRICE,REPORT_LIMIT,1.0,1,1,1,1.0,0.8,0.6668567657470703,9
CVAE+APA-RCA,A6_multi_source,medium,10,SRC_STOCK_2_PRICE,REPORT_LIMIT,1.0,1,1,1,1.0,0.8,0.6859302520751953,9
APA-RCA-v2,A6_multi_source,medium,11,SRC_STOCK_1_PRICE,REPORT_LIMIT,1.0,1,1,1,1.0,0.8,0.67901611328125,9
CVAE+APA-RCA,A6_multi_source,medium,11,SRC_STOCK_1_PRICE,REPORT_LIMIT,1.0,1,1,1,1.0,0.8,0.6918907165527344,9
APA-RCA-v2,A6_multi_source,medium,12,SRC_STOCK_4_PRICE,REPORT_LIMIT,1.0,1,1,1,1.0,0.8,0.6780624389648438,9
CVAE+APA-RCA,A6_multi_source,medium,12,SRC_STOCK_4_PRICE,REPORT_LIMIT,2.0,0,1,1,0.5,0.8,0.6701946258544922,9
APA-RCA-v2,A6_multi_source,medium,13,SRC_STOCK_4_PRICE,REPORT_DASHBOARD,1.0,1,1,1,1.0,0.8,0.823974609375,9
CVAE+APA-RCA,A6_multi_source,medium,13,SRC_STOCK_4_PRICE,REPORT_DASHBOARD,1.0,1,1,1,1.0,0.8,0.6990432739257812,9
APA-RCA-v2,A6_multi_source,medium,14,SRC_STOCK_5_PRICE,REPORT_DASHBOARD,2.0,0,1,1,0.5,0.8,0.7159709930419922,9
CVAE+APA-RCA,A6_multi_source,medium,14,SRC_STOCK_5_PRICE,REPORT_DASHBOARD,2.0,0,1,1,0.5,0.8,0.7092952728271484,9
APA-RCA-v2,A6_multi_source,medium,15,SRC_STOCK_4_PRICE,REPORT_LIMIT,1.0,1,1,1,1.0,0.8,0.7090568542480469,9
CVAE+APA-RCA,A6_multi_source,medium,15,SRC_STOCK_4_PRICE,REPORT_LIMIT,2.0,0,1,1,0.5,0.8,0.701904296875,9
APA-RCA-v2,A6_multi_source,medium,16,SRC_STOCK_2_PRICE,REPORT_LIMIT,2.0,0,1,1,0.5,0.8,2.2678375244140625,9
CVAE+APA-RCA,A6_multi_source,medium,16,SRC_STOCK_2_PRICE,REPORT_LIMIT,1.0,1,1,1,1.0,0.8,0.9872913360595703,9
APA-RCA-v2,A6_multi_source,medium,17,SRC_STOCK_4_PRICE,REPORT_LIMIT,2.0,0,1,1,0.5,0.8,0.7069110870361328,9
CVAE+APA-RCA,A6_multi_source,medium,17,SRC_STOCK_4_PRICE,REPORT_LIMIT,2.0,0,1,1,0.5,0.8,0.7011890411376953,9
APA-RCA-v2,A6_multi_source,medium,18,SRC_STOCK_3_PRICE,REPORT_LIMIT,1.0,1,1,1,1.0,0.8,0.7119178771972656,9
CVAE+APA-RCA,A6_multi_source,medium,18,SRC_STOCK_3_PRICE,REPORT_LIMIT,1.0,1,1,1,1.0,0.8,0.6740093231201172,9
APA-RCA-v2,A6_multi_source,medium,19,SRC_STOCK_4_PRICE,REPORT_LIMIT,1.0,1,1,1,1.0,0.8,0.6668567657470703,9
CVAE+APA-RCA,A6_multi_source,medium,19,SRC_STOCK_4_PRICE,REPORT_LIMIT,1.0,1,1,1,1.0,0.8,0.6668567657470703,9
APA-RCA-v2,A6_multi_source,medium,20,SRC_STOCK_3_PRICE,REPORT_LIMIT,2.0,0,1,1,0.5,0.8,0.6520748138427734,9
CVAE+APA-RCA,A6_multi_source,medium,20,SRC_STOCK_3_PRICE,REPORT_LIMIT,1.0,1,1,1,1.0,0.8,0.6687641143798828,9
APA-RCA-v2,A6_multi_source,medium,21,SRC_STOCK_2_PRICE,REPORT_LIMIT,2.0,0,1,1,0.5,0.8,0.6730556488037109,9
CVAE+APA-RCA,A6_multi_source,medium,21,SRC_STOCK_2_PRICE,REPORT_LIMIT,1.0,1,1,1,1.0,0.8,0.675201416015625,9
APA-RCA-v2,A6_multi_source,medium,22,SRC_STOCK_4_PRICE,REPORT_LIMIT,2.0,0,1,1,0.5,0.8,0.6871223449707031,9
CVAE+APA-RCA,A6_multi_source,medium,22,SRC_STOCK_4_PRICE,REPORT_LIMIT,1.0,1,1,1,1.0,0.8,0.7033348083496094,9
APA-RCA-v2,A6_multi_source,medium,23,SRC_STOCK_5_PRICE,REPORT_DASHBOARD,2.0,0,1,1,0.5,0.8,0.8721351623535156,9
CVAE+APA-RCA,A6_multi_source,medium,23,SRC_STOCK_5_PRICE,REPORT_DASHBOARD,2.0,0,1,1,0.5,0.8,0.78582763671875,9
APA-RCA-v2,A6_multi_source,medium,24,SRC_STOCK_2_PRICE,REPORT_DASHBOARD,1.0,1,1,1,1.0,0.8,0.6959438323974609,9
CVAE+APA-RCA,A6_multi_source,medium,24,SRC_STOCK_2_PRICE,REPORT_DASHBOARD,1.0,1,1,1,1.0,0.8,70.2521800994873,9
APA-RCA-v2,A6_multi_source,medium,25,SRC_STOCK_1_PRICE,REPORT_DASHBOARD,2.0,0,1,1,0.5,0.8,0.66375732421875,9
CVAE+APA-RCA,A6_multi_source,medium,25,SRC_STOCK_1_PRICE,REPORT_DASHBOARD,1.0,1,1,1,1.0,0.8,0.614166259765625,9
APA-RCA-v2,A6_multi_source,medium,26,SRC_STOCK_2_PRICE,REPORT_LIMIT,2.0,0,1,1,0.5,0.8,0.6811618804931641,9
CVAE+APA-RCA,A6_multi_source,medium,26,SRC_STOCK_2_PRICE,REPORT_LIMIT,2.0,0,1,1,0.5,0.8,0.6163120269775391,9
APA-RCA-v2,A6_multi_source,medium,27,SRC_STOCK_2_PRICE,REPORT_LIMIT,2.0,0,1,1,0.5,0.8,0.6558895111083984,9
CVAE+APA-RCA,A6_multi_source,medium,27,SRC_STOCK_2_PRICE,REPORT_LIMIT,1.0,1,1,1,1.0,0.8,0.6420612335205078,9
APA-RCA-v2,A6_multi_source,medium,28,SRC_STOCK_2_PRICE,REPORT_LIMIT,2.0,0,1,1,0.5,0.8,0.7009506225585938,9
CVAE+APA-RCA,A6_multi_source,medium,28,SRC_STOCK_2_PRICE,REPORT_LIMIT,2.0,0,1,1,0.5,0.8,0.6110668182373047,9
APA-RCA-v2,A6_multi_source,medium,29,SRC_STOCK_5_PRICE,REPORT_LIMIT,1.0,1,1,1,1.0,0.8,0.7259845733642578,9
CVAE+APA-RCA,A6_multi_source,medium,29,SRC_STOCK_5_PRICE,REPORT_LIMIT,1.0,1,1,1,1.0,0.8,0.6940364837646484,9
APA-RCA-v2,A7_coincidental,medium,0,SRC_STOCK_5_PRICE,REPORT_LIMIT,1.0,1,1,1,1.0,0.8,0.6818771362304688,9
CVAE+APA-RCA,A7_coincidental,medium,0,SRC_STOCK_5_PRICE,REPORT_LIMIT,2.0,0,1,1,0.5,0.8,0.6997585296630859,9
APA-RCA-v2,A7_coincidental,medium,1,SRC_STOCK_3_PRICE,REPORT_DASHBOARD,1.0,1,1,1,1.0,0.8,0.7510185241699219,9
CVAE+APA-RCA,A7_coincidental,medium,1,SRC_STOCK_3_PRICE,REPORT_DASHBOARD,2.0,0,1,1,0.5,0.8,0.7588863372802734,9
APA-RCA-v2,A7_coincidental,medium,2,SRC_STOCK_5_PRICE,REPORT_LIMIT,1.0,1,1,1,1.0,0.8,0.675201416015625,9
CVAE+APA-RCA,A7_coincidental,medium,2,SRC_STOCK_5_PRICE,REPORT_LIMIT,2.0,0,1,1,0.5,0.8,0.6811618804931641,9
APA-RCA-v2,A7_coincidental,medium,3,SRC_STOCK_5_PRICE,REPORT_LIMIT,1.0,1,1,1,1.0,0.8,0.6721019744873047,9
CVAE+APA-RCA,A7_coincidental,medium,3,SRC_STOCK_5_PRICE,REPORT_LIMIT,1.0,1,1,1,1.0,0.8,0.6680488586425781,9
APA-RCA-v2,A7_coincidental,medium,4,SRC_STOCK_4_PRICE,REPORT_LIMIT,1.0,1,1,1,1.0,0.8,0.7090568542480469,9
CVAE+APA-RCA,A7_coincidental,medium,4,SRC_STOCK_4_PRICE,REPORT_LIMIT,2.0,0,1,1,0.5,0.8,0.6880760192871094,9
APA-RCA-v2,A7_coincidental,medium,5,SRC_STOCK_4_PRICE,REPORT_LIMIT,1.0,1,1,1,1.0,0.8,0.6699562072753906,9
CVAE+APA-RCA,A7_coincidental,medium,5,SRC_STOCK_4_PRICE,REPORT_LIMIT,2.0,0,1,1,0.5,0.8,0.6830692291259766,9
APA-RCA-v2,A7_coincidental,medium,6,SRC_STOCK_3_PRICE,REPORT_LIMIT,1.0,1,1,1,1.0,0.8,0.6482601165771484,9
CVAE+APA-RCA,A7_coincidental,medium,6,SRC_STOCK_3_PRICE,REPORT_LIMIT,2.0,0,1,1,0.5,0.8,0.6756782531738281,9
APA-RCA-v2,A7_coincidental,medium,7,SRC_STOCK_5_PRICE,REPORT_DASHBOARD,1.0,1,1,1,1.0,0.8,0.7159709930419922,9
CVAE+APA-RCA,A7_coincidental,medium,7,SRC_STOCK_5_PRICE,REPORT_DASHBOARD,2.0,0,1,1,0.5,0.8,0.7312297821044922,9
APA-RCA-v2,A7_coincidental,medium,8,SRC_STOCK_4_PRICE,REPORT_LIMIT,1.0,1,1,1,1.0,0.8,0.6830692291259766,9
CVAE+APA-RCA,A7_coincidental,medium,8,SRC_STOCK_4_PRICE,REPORT_LIMIT,2.0,0,1,1,0.5,0.8,0.6730556488037109,9
APA-RCA-v2,A7_coincidental,medium,9,SRC_STOCK_3_PRICE,REPORT_LIMIT,1.0,1,1,1,1.0,0.8,0.6709098815917969,9
CVAE+APA-RCA,A7_coincidental,medium,9,SRC_STOCK_3_PRICE,REPORT_LIMIT,2.0,0,1,1,0.5,0.8,0.6761550903320312,9
APA-RCA-v2,A7_coincidental,medium,10,SRC_STOCK_4_PRICE,REPORT_LIMIT,1.0,1,1,1,1.0,0.8,0.6937980651855469,9
CVAE+APA-RCA,A7_coincidental,medium,10,SRC_STOCK_4_PRICE,REPORT_LIMIT,2.0,0,1,1,0.5,0.8,0.6957054138183594,9
APA-RCA-v2,A7_coincidental,medium,11,SRC_STOCK_1_PRICE,REPORT_LIMIT,1.0,1,1,1,1.0,0.8,0.6709098815917969,9
CVAE+APA-RCA,A7_coincidental,medium,11,SRC_STOCK_1_PRICE,REPORT_LIMIT,2.0,0,1,1,0.5,0.8,0.6799697875976562,9
APA-RCA-v2,A7_coincidental,medium,12,SRC_STOCK_4_PRICE,REPORT_LIMIT,1.0,1,1,1,1.0,0.8,0.6539821624755859,9
CVAE+APA-RCA,A7_coincidental,medium,12,SRC_STOCK_4_PRICE,REPORT_LIMIT,2.0,0,1,1,0.5,0.8,0.6761550903320312,9
APA-RCA-v2,A7_coincidental,medium,13,SRC_STOCK_5_PRICE,REPORT_LIMIT,1.0,1,1,1,1.0,0.8,0.6542205810546875,9
CVAE+APA-RCA,A7_coincidental,medium,13,SRC_STOCK_5_PRICE,REPORT_LIMIT,2.0,0,1,1,0.5,0.8,0.6768703460693359,9
APA-RCA-v2,A7_coincidental,medium,14,SRC_STOCK_1_PRICE,REPORT_LIMIT,1.0,1,1,1,1.0,0.8,0.6930828094482422,9
CVAE+APA-RCA,A7_coincidental,medium,14,SRC_STOCK_1_PRICE,REPORT_LIMIT,2.0,0,1,1,0.5,0.8,0.6620883941650391,9
APA-RCA-v2,A7_coincidental,medium,15,SRC_STOCK_5_PRICE,REPORT_LIMIT,1.0,1,1,1,1.0,0.8,0.6680488586425781,9
CVAE+APA-RCA,A7_coincidental,medium,15,SRC_STOCK_5_PRICE,REPORT_LIMIT,2.0,0,1,1,0.5,0.8,0.6618499755859375,9
APA-RCA-v2,A7_coincidental,medium,16,SRC_STOCK_3_PRICE,REPORT_LIMIT,1.0,1,1,1,1.0,0.8,0.6649494171142578,9
CVAE+APA-RCA,A7_coincidental,medium,16,SRC_STOCK_3_PRICE,REPORT_LIMIT,2.0,0,1,1,0.5,0.8,0.6809234619140625,9
APA-RCA-v2,A7_coincidental,medium,17,SRC_STOCK_4_PRICE,REPORT_LIMIT,1.0,1,1,1,1.0,0.8,0.6768703460693359,9
CVAE+APA-RCA,A7_coincidental,medium,17,SRC_STOCK_4_PRICE,REPORT_LIMIT,2.0,0,1,1,0.5,0.8,0.6780624389648438,9
APA-RCA-v2,A7_coincidental,medium,18,SRC_STOCK_5_PRICE,REPORT_LIMIT,1.0,1,1,1,1.0,0.8,0.6868839263916016,9
CVAE+APA-RCA,A7_coincidental,medium,18,SRC_STOCK_5_PRICE,REPORT_LIMIT,2.0,0,1,1,0.5,0.8,0.7002353668212891,9
APA-RCA-v2,A7_coincidental,medium,19,SRC_STOCK_3_PRICE,REPORT_LIMIT,1.0,1,1,1,1.0,0.8,0.6608963012695312,9
CVAE+APA-RCA,A7_coincidental,medium,19,SRC_STOCK_3_PRICE,REPORT_LIMIT,2.0,0,1,1,0.5,0.8,0.6771087646484375,9
APA-RCA-v2,A7_coincidental,medium,20,SRC_STOCK_5_PRICE,REPORT_LIMIT,1.0,1,1,1,1.0,0.8,0.6568431854248047,9
CVAE+APA-RCA,A7_coincidental,medium,20,SRC_STOCK_5_PRICE,REPORT_LIMIT,2.0,0,1,1,0.5,0.8,0.6811618804931641,9
APA-RCA-v2,A7_coincidental,medium,21,SRC_STOCK_2_PRICE,REPORT_LIMIT,1.0,1,1,1,1.0,0.8,0.6589889526367188,9
CVAE+APA-RCA,A7_coincidental,medium,21,SRC_STOCK_2_PRICE,REPORT_LIMIT,2.0,0,1,1,0.5,0.8,0.6787776947021484,9
APA-RCA-v2,A7_coincidental,medium,22,SRC_STOCK_4_PRICE,REPORT_LIMIT,1.0,1,1,1,1.0,0.8,0.6909370422363281,9
CVAE+APA-RCA,A7_coincidental,medium,22,SRC_STOCK_4_PRICE,REPORT_LIMIT,2.0,0,1,1,0.5,0.8,0.6811618804931641,9
APA-RCA-v2,A7_coincidental,medium,23,SRC_STOCK_1_PRICE,REPORT_LIMIT,1.0,1,1,1,1.0,0.8,0.6649494171142578,9
CVAE+APA-RCA,A7_coincidental,medium,23,SRC_STOCK_1_PRICE,REPORT_LIMIT,2.0,0,1,1,0.5,0.8,0.6759166717529297,9
APA-RCA-v2,A7_coincidental,medium,24,SRC_STOCK_2_PRICE,REPORT_LIMIT,1.0,1,1,1,1.0,0.8,0.6556510925292969,9
CVAE+APA-RCA,A7_coincidental,medium,24,SRC_STOCK_2_PRICE,REPORT_LIMIT,2.0,0,1,1,0.5,0.8,0.6861686706542969,9
APA-RCA-v2,A7_coincidental,medium,25,SRC_STOCK_3_PRICE,REPORT_DASHBOARD,1.0,1,1,1,1.0,0.8,0.6442070007324219,9
CVAE+APA-RCA,A7_coincidental,medium,25,SRC_STOCK_3_PRICE,REPORT_DASHBOARD,1.0,1,1,1,1.0,0.8,0.6728172302246094,9
APA-RCA-v2,A7_coincidental,medium,26,SRC_STOCK_5_PRICE,REPORT_DASHBOARD,1.0,1,1,1,1.0,0.8,0.6978511810302734,9
CVAE+APA-RCA,A7_coincidental,medium,26,SRC_STOCK_5_PRICE,REPORT_DASHBOARD,2.0,0,1,1,0.5,0.8,0.6680488586425781,9
APA-RCA-v2,A7_coincidental,medium,27,SRC_STOCK_1_PRICE,REPORT_LIMIT,1.0,1,1,1,1.0,0.8,0.7050037384033203,9
CVAE+APA-RCA,A7_coincidental,medium,27,SRC_STOCK_1_PRICE,REPORT_LIMIT,2.0,0,1,1,0.5,0.8,0.6887912750244141,9
APA-RCA-v2,A7_coincidental,medium,28,SRC_STOCK_4_PRICE,REPORT_LIMIT,1.0,1,1,1,1.0,0.8,0.6718635559082031,9
CVAE+APA-RCA,A7_coincidental,medium,28,SRC_STOCK_4_PRICE,REPORT_LIMIT,2.0,0,1,1,0.5,0.8,0.6742477416992188,9
APA-RCA-v2,A7_coincidental,medium,29,SRC_STOCK_5_PRICE,REPORT_LIMIT,1.0,1,1,1,1.0,0.8,0.6577968597412109,9
CVAE+APA-RCA,A7_coincidental,medium,29,SRC_STOCK_5_PRICE,REPORT_LIMIT,1.0,1,1,1,1.0,0.8,0.6840229034423828,9
APA-RCA-v2,A1_source_corruption,large,0,SRC_STOCK_7_PRICE,REPORT_LIMIT,1.0,1,1,1,1.0,0.8,1.0821819305419922,9
CVAE+APA-RCA,A1_source_corruption,large,0,SRC_STOCK_7_PRICE,REPORT_LIMIT,1.0,1,1,1,1.0,0.8,0.9279251098632812,9
APA-RCA-v2,A1_source_corruption,large,1,SRC_STOCK_4_PRICE,REPORT_LIMIT,1.0,1,1,1,1.0,0.8,0.9658336639404297,9
CVAE+APA-RCA,A1_source_corruption,large,1,SRC_STOCK_4_PRICE,REPORT_LIMIT,1.0,1,1,1,1.0,0.8,0.9429454803466797,9
APA-RCA-v2,A1_source_corruption,large,2,SRC_STOCK_7_PRICE,REPORT_DASHBOARD,1.0,1,1,1,1.0,0.8,0.9901523590087891,9
CVAE+APA-RCA,A1_source_corruption,large,2,SRC_STOCK_7_PRICE,REPORT_DASHBOARD,1.0,1,1,1,1.0,0.8,0.9310245513916016,9
APA-RCA-v2,A1_source_corruption,large,3,SRC_STOCK_7_PRICE,REPORT_LIMIT,1.0,1,1,1,1.0,0.8,1.0061264038085938,9
CVAE+APA-RCA,A1_source_corruption,large,3,SRC_STOCK_7_PRICE,REPORT_LIMIT,1.0,1,1,1,1.0,0.8,0.949859619140625,9
APA-RCA-v2,A1_source_corruption,large,4,SRC_STOCK_6_PRICE,REPORT_LIMIT,1.0,1,1,1,1.0,0.8,1.0991096496582031,9
CVAE+APA-RCA,A1_source_corruption,large,4,SRC_STOCK_6_PRICE,REPORT_LIMIT,1.0,1,1,1,1.0,0.8,0.9298324584960938,9
APA-RCA-v2,A1_source_corruption,large,5,SRC_STOCK_6_PRICE,REPORT_LIMIT,1.0,1,1,1,1.0,0.8,1.0390281677246094,9
CVAE+APA-RCA,A1_source_corruption,large,5,SRC_STOCK_6_PRICE,REPORT_LIMIT,1.0,1,1,1,1.0,0.8,1.0139942169189453,9
APA-RCA-v2,A1_source_corruption,large,6,SRC_STOCK_4_PRICE,REPORT_LIMIT,1.0,1,1,1,1.0,0.8,0.9741783142089844,9
CVAE+APA-RCA,A1_source_corruption,large,6,SRC_STOCK_4_PRICE,REPORT_LIMIT,1.0,1,1,1,1.0,0.8,0.9438991546630859,9
APA-RCA-v2,A1_source_corruption,large,7,SRC_STOCK_8_PRICE,REPORT_LIMIT,1.0,1,1,1,1.0,0.8,0.9810924530029297,9
CVAE+APA-RCA,A1_source_corruption,large,7,SRC_STOCK_8_PRICE,REPORT_LIMIT,1.0,1,1,1,1.0,0.8,0.9350776672363281,9
APA-RCA-v2,A1_source_corruption,large,8,SRC_STOCK_6_PRICE,REPORT_DASHBOARD,1.0,1,1,1,1.0,0.8,1.0039806365966797,9
CVAE+APA-RCA,A1_source_corruption,large,8,SRC_STOCK_6_PRICE,REPORT_DASHBOARD,1.0,1,1,1,1.0,0.8,0.9369850158691406,9
APA-RCA-v2,A1_source_corruption,large,9,SRC_STOCK_4_PRICE,REPORT_LIMIT,1.0,1,1,1,1.0,0.8,0.9658336639404297,9
CVAE+APA-RCA,A1_source_corruption,large,9,SRC_STOCK_4_PRICE,REPORT_LIMIT,1.0,1,1,1,1.0,0.8,0.9381771087646484,9
APA-RCA-v2,A1_source_corruption,large,10,SRC_STOCK_7_PRICE,REPORT_LIMIT,1.0,1,1,1,1.0,0.8,0.9636878967285156,9
CVAE+APA-RCA,A1_source_corruption,large,10,SRC_STOCK_7_PRICE,REPORT_LIMIT,1.0,1,1,1,1.0,0.8,0.9331703186035156,9
APA-RCA-v2,A1_source_corruption,large,11,SRC_STOCK_2_PRICE,REPORT_LIMIT,1.0,1,1,1,1.0,0.8,1.0738372802734375,9
CVAE+APA-RCA,A1_source_corruption,large,11,SRC_STOCK_2_PRICE,REPORT_LIMIT,1.0,1,1,1,1.0,0.8,1.0001659393310547,9
APA-RCA-v2,A1_source_corruption,large,12,SRC_STOCK_5_PRICE,REPORT_LIMIT,1.0,1,1,1,1.0,0.8,1.0058879852294922,9
CVAE+APA-RCA,A1_source_corruption,large,12,SRC_STOCK_5_PRICE,REPORT_LIMIT,1.0,1,1,1,1.0,0.8,0.9551048278808594,9
APA-RCA-v2,A1_source_corruption,large,13,SRC_STOCK_8_PRICE,REPORT_LIMIT,1.0,1,1,1,1.0,0.8,1.0161399841308594,9
CVAE+APA-RCA,A1_source_corruption,large,13,SRC_STOCK_8_PRICE,REPORT_LIMIT,1.0,1,1,1,1.0,0.8,0.9658336639404297,9
APA-RCA-v2,A1_source_corruption,large,14,SRC_STOCK_2_PRICE,REPORT_LIMIT,1.0,1,1,1,1.0,0.8,0.9937286376953125,9
CVAE+APA-RCA,A1_source_corruption,large,14,SRC_STOCK_2_PRICE,REPORT_LIMIT,1.0,1,1,1,1.0,0.8,0.9362697601318359,9
APA-RCA-v2,A1_source_corruption,large,15,SRC_STOCK_8_PRICE,REPORT_LIMIT,1.0,1,1,1,1.0,0.8,0.9989738464355469,9
CVAE+APA-RCA,A1_source_corruption,large,15,SRC_STOCK_8_PRICE,REPORT_LIMIT,1.0,1,1,1,1.0,0.8,0.9481906890869141,9
APA-RCA-v2,A1_source_corruption,large,16,SRC_STOCK_5_PRICE,REPORT_LIMIT,1.0,1,1,1,1.0,0.8,1.0449886322021484,9
CVAE+APA-RCA,A1_source_corruption,large,16,SRC_STOCK_5_PRICE,REPORT_LIMIT,1.0,1,1,1,1.0,0.8,0.9977817535400391,9
APA-RCA-v2,A1_source_corruption,large,17,SRC_STOCK_6_PRICE,REPORT_DASHBOARD,1.0,1,1,1,1.0,0.8,1.007080078125,9
CVAE+APA-RCA,A1_source_corruption,large,17,SRC_STOCK_6_PRICE,REPORT_DASHBOARD,1.0,1,1,1,1.0,0.8,0.9598731994628906,9
APA-RCA-v2,A1_source_corruption,large,18,SRC_STOCK_8_PRICE,REPORT_LIMIT,1.0,1,1,1,1.0,0.8,1.0139942169189453,9
CVAE+APA-RCA,A1_source_corruption,large,18,SRC_STOCK_8_PRICE,REPORT_LIMIT,1.0,1,1,1,1.0,0.8,0.9427070617675781,9
APA-RCA-v2,A1_source_corruption,large,19,SRC_STOCK_5_PRICE,REPORT_LIMIT,1.0,1,1,1,1.0,0.8,0.9810924530029297,9
CVAE+APA-RCA,A1_source_corruption,large,19,SRC_STOCK_5_PRICE,REPORT_LIMIT,1.0,1,1,1,1.0,0.8,0.9441375732421875,9
APA-RCA-v2,A1_source_corruption,large,20,SRC_STOCK_8_PRICE,REPORT_LIMIT,1.0,1,1,1,1.0,0.8,0.9891986846923828,9
CVAE+APA-RCA,A1_source_corruption,large,20,SRC_STOCK_8_PRICE,REPORT_LIMIT,1.0,1,1,1,1.0,0.8,62.075138092041016,9
APA-RCA-v2,A1_source_corruption,large,21,SRC_STOCK_3_PRICE,REPORT_DASHBOARD,1.0,1,1,1,1.0,0.8,0.9582042694091797,9
CVAE+APA-RCA,A1_source_corruption,large,21,SRC_STOCK_3_PRICE,REPORT_DASHBOARD,1.0,1,1,1,1.0,0.8,0.9281635284423828,9
APA-RCA-v2,A1_source_corruption,large,22,SRC_STOCK_7_PRICE,REPORT_LIMIT,1.0,1,1,1,1.0,0.8,0.9808540344238281,9
CVAE+APA-RCA,A1_source_corruption,large,22,SRC_STOCK_7_PRICE,REPORT_LIMIT,1.0,1,1,1,1.0,0.8,0.9329319000244141,9
APA-RCA-v2,A1_source_corruption,large,23,SRC_STOCK_1_PRICE,REPORT_LIMIT,1.0,1,1,1,1.0,0.8,1.071929931640625,9
CVAE+APA-RCA,A1_source_corruption,large,23,SRC_STOCK_1_PRICE,REPORT_LIMIT,1.0,1,1,1,1.0,0.8,0.9448528289794922,9
APA-RCA-v2,A1_source_corruption,large,24,SRC_STOCK_4_PRICE,REPORT_LIMIT,1.0,1,1,1,1.0,0.8,0.9899139404296875,9
CVAE+APA-RCA,A1_source_corruption,large,24,SRC_STOCK_4_PRICE,REPORT_LIMIT,1.0,1,1,1,1.0,0.8,1.1327266693115234,9
APA-RCA-v2,A1_source_corruption,large,25,SRC_STOCK_5_PRICE,REPORT_LIMIT,1.0,1,1,1,1.0,0.8,0.9860992431640625,9
CVAE+APA-RCA,A1_source_corruption,large,25,SRC_STOCK_5_PRICE,REPORT_LIMIT,1.0,1,1,1,1.0,0.8,0.9319782257080078,9
APA-RCA-v2,A1_source_corruption,large,26,SRC_STOCK_7_PRICE,REPORT_LIMIT,1.0,1,1,1,1.0,0.8,0.9920597076416016,9
CVAE+APA-RCA,A1_source_corruption,large,26,SRC_STOCK_7_PRICE,REPORT_LIMIT,1.0,1,1,1,1.0,0.8,0.9348392486572266,9
APA-RCA-v2,A1_source_corruption,large,27,SRC_STOCK_1_PRICE,REPORT_LIMIT,1.0,1,1,1,1.0,0.8,0.9839534759521484,9
CVAE+APA-RCA,A1_source_corruption,large,27,SRC_STOCK_1_PRICE,REPORT_LIMIT,1.0,1,1,1,1.0,0.8,0.9469985961914062,9
APA-RCA-v2,A1_source_corruption,large,28,SRC_STOCK_6_PRICE,REPORT_LIMIT,1.0,1,1,1,1.0,0.8,1.0402202606201172,9
CVAE+APA-RCA,A1_source_corruption,large,28,SRC_STOCK_6_PRICE,REPORT_LIMIT,1.0,1,1,1,1.0,0.8,1.2290477752685547,9
APA-RCA-v2,A1_source_corruption,large,29,SRC_STOCK_8_PRICE,REPORT_LIMIT,1.0,1,1,1,1.0,0.8,0.9789466857910156,9
CVAE+APA-RCA,A1_source_corruption,large,29,SRC_STOCK_8_PRICE,REPORT_LIMIT,1.0,1,1,1,1.0,0.8,0.9310245513916016,9
APA-RCA-v2,A2_etl_logic_error,large,0,ETL_FX_STOCK_7_PRICE,REPORT_LIMIT,2.0,0,1,1,0.5,0.8,0.9877681732177734,9
CVAE+APA-RCA,A2_etl_logic_error,large,0,ETL_FX_STOCK_7_PRICE,REPORT_LIMIT,14.0,0,0,0,0.07142857142857142,1.0,0.9450912475585938,9
APA-RCA-v2,A2_etl_logic_error,large,1,ETL_FX_STOCK_4_PRICE,REPORT_LIMIT,2.0,0,1,1,0.5,0.8,0.9691715240478516,9
CVAE+APA-RCA,A2_etl_logic_error,large,1,ETL_FX_STOCK_4_PRICE,REPORT_LIMIT,12.0,0,0,0,0.08333333333333333,1.0,0.9469985961914062,9
APA-RCA-v2,A2_etl_logic_error,large,2,ETL_FX_STOCK_7_PRICE,REPORT_LIMIT,2.0,0,1,1,0.5,0.8,1.0139942169189453,9
CVAE+APA-RCA,A2_etl_logic_error,large,2,ETL_FX_STOCK_7_PRICE,REPORT_LIMIT,15.0,0,0,0,0.06666666666666667,1.0,1.21307373046875,9
APA-RCA-v2,A2_etl_logic_error,large,3,ETL_FX_STOCK_7_PRICE,REPORT_LIMIT,2.0,0,1,1,0.5,0.8,1.0161399841308594,9
CVAE+APA-RCA,A2_etl_logic_error,large,3,ETL_FX_STOCK_7_PRICE,REPORT_LIMIT,15.0,0,0,0,0.06666666666666667,1.0,0.9701251983642578,9
APA-RCA-v2,A2_etl_logic_error,large,4,ETL_FX_STOCK_6_PRICE,REPORT_LIMIT,3.0,0,1,1,0.3333333333333333,0.8,0.9772777557373047,9
CVAE+APA-RCA,A2_etl_logic_error,large,4,ETL_FX_STOCK_6_PRICE,REPORT_LIMIT,11.0,0,0,0,0.09090909090909091,1.0,0.9341239929199219,9
APA-RCA-v2,A2_etl_logic_error,large,5,ETL_FX_STOCK_6_PRICE,REPORT_LIMIT,1.0,1,1,1,1.0,0.8,0.9789466857910156,9
CVAE+APA-RCA,A2_etl_logic_error,large,5,ETL_FX_STOCK_6_PRICE,REPORT_LIMIT,16.0,0,0,0,0.0625,1.0,0.9627342224121094,9
APA-RCA-v2,A2_etl_logic_error,large,6,ETL_FX_STOCK_4_PRICE,REPORT_LIMIT,2.0,0,1,1,0.5,0.8,1.0728836059570312,9
CVAE+APA-RCA,A2_etl_logic_error,large,6,ETL_FX_STOCK_4_PRICE,REPORT_LIMIT,13.0,0,0,0,0.07692307692307693,1.0,1.2979507446289062,9
APA-RCA-v2,A2_etl_logic_error,large,7,ETL_FX_STOCK_8_PRICE,REPORT_LIMIT,2.0,0,1,1,0.5,0.8,0.9899139404296875,9
CVAE+APA-RCA,A2_etl_logic_error,large,7,ETL_FX_STOCK_8_PRICE,REPORT_LIMIT,12.0,0,0,0,0.08333333333333333,1.0,0.9400844573974609,9
APA-RCA-v2,A2_etl_logic_error,large,8,ETL_FX_STOCK_6_PRICE,REPORT_LIMIT,2.0,0,1,1,0.5,0.8,0.9908676147460938,9
CVAE+APA-RCA,A2_etl_logic_error,large,8,ETL_FX_STOCK_6_PRICE,REPORT_LIMIT,11.0,0,0,0,0.09090909090909091,1.0,0.9331703186035156,9
APA-RCA-v2,A2_etl_logic_error,large,9,ETL_FX_STOCK_4_PRICE,REPORT_LIMIT,1.0,1,1,1,1.0,0.8,1.0840892791748047,9
CVAE+APA-RCA,A2_etl_logic_error,large,9,ETL_FX_STOCK_4_PRICE,REPORT_LIMIT,11.0,0,0,0,0.09090909090909091,1.0,0.9417533874511719,9
APA-RCA-v2,A2_etl_logic_error,large,10,ETL_FX_STOCK_7_PRICE,REPORT_LIMIT,3.0,0,1,1,0.3333333333333333,0.8,0.9758472442626953,9
CVAE+APA-RCA,A2_etl_logic_error,large,10,ETL_FX_STOCK_7_PRICE,REPORT_LIMIT,10.0,0,0,0,0.1,1.0,0.9288787841796875,9
APA-RCA-v2,A2_etl_logic_error,large,11,ETL_FX_STOCK_2_PRICE,REPORT_LIMIT,2.0,0,1,1,0.5,0.8,0.9629726409912109,9
CVAE+APA-RCA,A2_etl_logic_error,large,11,ETL_FX_STOCK_2_PRICE,REPORT_LIMIT,12.0,0,0,0,0.08333333333333333,1.0,0.9319782257080078,9
APA-RCA-v2,A2_etl_logic_error,large,12,ETL_FX_STOCK_5_PRICE,REPORT_LIMIT,2.0,0,1,1,0.5,0.8,0.9870529174804688,9
CVAE+APA-RCA,A2_etl_logic_error,large,12,ETL_FX_STOCK_5_PRICE,REPORT_LIMIT,12.0,0,0,0,0.08333333333333333,1.0,0.9317398071289062,9
APA-RCA-v2,A2_etl_logic_error,large,13,ETL_FX_STOCK_8_PRICE,REPORT_LIMIT,1.0,1,1,1,1.0,0.8,1.188039779663086,9
CVAE+APA-RCA,A2_etl_logic_error,large,13,ETL_FX_STOCK_8_PRICE,REPORT_LIMIT,12.0,0,0,0,0.08333333333333333,1.0,0.9601116180419922,9
APA-RCA-v2,A2_etl_logic_error,large,14,ETL_FX_STOCK_2_PRICE,REPORT_LIMIT,3.0,0,1,1,0.3333333333333333,0.8,0.9808540344238281,9
CVAE+APA-RCA,A2_etl_logic_error,large,14,ETL_FX_STOCK_2_PRICE,REPORT_LIMIT,12.0,0,0,0,0.08333333333333333,1.0,0.9348392486572266,9
APA-RCA-v2,A2_etl_logic_error,large,15,ETL_FX_STOCK_8_PRICE,REPORT_LIMIT,3.0,0,1,1,0.3333333333333333,0.8,0.9851455688476562,9
CVAE+APA-RCA,A2_etl_logic_error,large,15,ETL_FX_STOCK_8_PRICE,REPORT_LIMIT,12.0,0,0,0,0.08333333333333333,1.0,0.9400844573974609,9
APA-RCA-v2,A2_etl_logic_error,large,16,ETL_FX_STOCK_5_PRICE,REPORT_LIMIT,2.0,0,1,1,0.5,0.8,0.9789466857910156,9
CVAE+APA-RCA,A2_etl_logic_error,large,16,ETL_FX_STOCK_5_PRICE,REPORT_LIMIT,12.0,0,0,0,0.08333333333333333,1.0,0.9248256683349609,9
APA-RCA-v2,A2_etl_logic_error,large,17,ETL_FX_STOCK_6_PRICE,REPORT_LIMIT,1.0,1,1,1,1.0,0.8,1.1858940124511719,9
CVAE+APA-RCA,A2_etl_logic_error,large,17,ETL_FX_STOCK_6_PRICE,REPORT_LIMIT,14.0,0,0,0,0.07142857142857142,1.0,0.9531974792480469,9
APA-RCA-v2,A2_etl_logic_error,large,18,ETL_FX_STOCK_8_PRICE,REPORT_LIMIT,2.0,0,1,1,0.5,0.8,1.0149478912353516,9
CVAE+APA-RCA,A2_etl_logic_error,large,18,ETL_FX_STOCK_8_PRICE,REPORT_LIMIT,12.0,0,0,0,0.08333333333333333,1.0,0.9608268737792969,9
APA-RCA-v2,A2_etl_logic_error,large,19,ETL_FX_STOCK_5_PRICE,REPORT_LIMIT,2.0,0,1,1,0.5,0.8,0.9889602661132812,9
CVAE+APA-RCA,A2_etl_logic_error,large,19,ETL_FX_STOCK_5_PRICE,REPORT_LIMIT,15.0,0,0,0,0.06666666666666667,1.0,0.9419918060302734,9
APA-RCA-v2,A2_etl_logic_error,large,20,ETL_FX_STOCK_8_PRICE,REPORT_LIMIT,1.0,1,1,1,1.0,0.8,0.9961128234863281,9
CVAE+APA-RCA,A2_etl_logic_error,large,20,ETL_FX_STOCK_8_PRICE,REPORT_LIMIT,12.0,0,0,0,0.08333333333333333,1.0,0.9360313415527344,9
APA-RCA-v2,A2_etl_logic_error,large,21,ETL_FX_STOCK_3_PRICE,REPORT_LIMIT,2.0,0,1,1,0.5,0.8,1.0650157928466797,9
CVAE+APA-RCA,A2_etl_logic_error,large,21,ETL_FX_STOCK_3_PRICE,REPORT_LIMIT,14.0,0,0,0,0.07142857142857142,1.0,0.9510517120361328,9
APA-RCA-v2,A2_etl_logic_error,large,22,ETL_FX_STOCK_7_PRICE,REPORT_LIMIT,2.0,0,1,1,0.5,0.8,0.96893310546875,9
CVAE+APA-RCA,A2_etl_logic_error,large,22,ETL_FX_STOCK_7_PRICE,REPORT_LIMIT,14.0,0,0,0,0.07142857142857142,1.0,0.9367465972900391,9
APA-RCA-v2,A2_etl_logic_error,large,23,ETL_FX_STOCK_1_PRICE,REPORT_LIMIT,2.0,0,1,1,0.5,0.8,1.0352134704589844,9
CVAE+APA-RCA,A2_etl_logic_error,large,23,ETL_FX_STOCK_1_PRICE,REPORT_LIMIT,13.0,0,0,0,0.07692307692307693,1.0,0.9419918060302734,9
APA-RCA-v2,A2_etl_logic_error,large,24,ETL_FX_STOCK_4_PRICE,REPORT_LIMIT,2.0,0,1,1,0.5,0.8,0.9911060333251953,9
CVAE+APA-RCA,A2_etl_logic_error,large,24,ETL_FX_STOCK_4_PRICE,REPORT_LIMIT,12.0,0,0,0,0.08333333333333333,1.0,0.9467601776123047,9
APA-RCA-v2,A2_etl_logic_error,large,25,ETL_FX_STOCK_5_PRICE,REPORT_LIMIT,1.0,1,1,1,1.0,0.8,1.1053085327148438,9
CVAE+APA-RCA,A2_etl_logic_error,large,25,ETL_FX_STOCK_5_PRICE,REPORT_LIMIT,15.0,0,0,0,0.06666666666666667,1.0,0.9238719940185547,9
APA-RCA-v2,A2_etl_logic_error,large,26,ETL_FX_STOCK_7_PRICE,REPORT_LIMIT,3.0,0,1,1,0.3333333333333333,0.8,0.9658336639404297,9
CVAE+APA-RCA,A2_etl_logic_error,large,26,ETL_FX_STOCK_7_PRICE,REPORT_LIMIT,15.0,0,0,0,0.06666666666666667,1.0,0.9379386901855469,9
APA-RCA-v2,A2_etl_logic_error,large,27,ETL_FX_STOCK_1_PRICE,REPORT_LIMIT,2.0,0,1,1,0.5,0.8,0.9860992431640625,9
CVAE+APA-RCA,A2_etl_logic_error,large,27,ETL_FX_STOCK_1_PRICE,REPORT_LIMIT,16.0,0,0,0,0.0625,1.0,0.9541511535644531,9
APA-RCA-v2,A2_etl_logic_error,large,28,ETL_FX_STOCK_6_PRICE,REPORT_LIMIT,2.0,0,1,1,0.5,0.8,1.0139942169189453,9
CVAE+APA-RCA,A2_etl_logic_error,large,28,ETL_FX_STOCK_6_PRICE,REPORT_LIMIT,12.0,0,0,0,0.08333333333333333,1.0,0.9911060333251953,9
APA-RCA-v2,A2_etl_logic_error,large,29,ETL_FX_STOCK_8_PRICE,REPORT_LIMIT,2.0,0,1,1,0.5,0.8,0.9899139404296875,9
CVAE+APA-RCA,A2_etl_logic_error,large,29,ETL_FX_STOCK_8_PRICE,REPORT_LIMIT,15.0,0,0,0,0.06666666666666667,1.0,0.9450912475585938,9
APA-RCA-v2,A3_feature_calc_error,large,0,FEAT_VOL20_STOCK_7_PRICE,REPORT_LIMIT,3.0,0,1,1,0.3333333333333333,0.8,0.9911060333251953,9
CVAE+APA-RCA,A3_feature_calc_error,large,0,FEAT_VOL20_STOCK_7_PRICE,REPORT_LIMIT,1.0,1,1,1,1.0,0.8,0.9701251983642578,9
APA-RCA-v2,A3_feature_calc_error,large,1,FEAT_VOL20_STOCK_4_PRICE,REPORT_LIMIT,2.0,0,1,1,0.5,0.8,0.9629726409912109,9
CVAE+APA-RCA,A3_feature_calc_error,large,1,FEAT_VOL20_STOCK_4_PRICE,REPORT_LIMIT,1.0,1,1,1,1.0,0.8,0.9579658508300781,9
APA-RCA-v2,A3_feature_calc_error,large,2,FEAT_VOL20_STOCK_7_PRICE,REPORT_LIMIT,2.0,0,1,1,0.5,0.8,0.9930133819580078,9
CVAE+APA-RCA,A3_feature_calc_error,large,2,FEAT_VOL20_STOCK_7_PRICE,REPORT_LIMIT,1.0,1,1,1,1.0,0.8,0.9510517120361328,9
APA-RCA-v2,A3_feature_calc_error,large,3,FEAT_VOL20_STOCK_7_PRICE,REPORT_LIMIT,32.0,0,0,0,0.03125,1.0,1.1148452758789062,9
CVAE+APA-RCA,A3_feature_calc_error,large,3,FEAT_VOL20_STOCK_7_PRICE,REPORT_LIMIT,2.0,0,1,1,0.5,0.8,1.2979507446289062,9
APA-RCA-v2,A3_feature_calc_error,large,4,FEAT_VOL20_STOCK_6_PRICE,REPORT_LIMIT,3.0,0,1,1,0.3333333333333333,0.8,0.9751319885253906,9
CVAE+APA-RCA,A3_feature_calc_error,large,4,FEAT_VOL20_STOCK_6_PRICE,REPORT_LIMIT,2.0,0,1,1,0.5,0.8,0.9570121765136719,9
APA-RCA-v2,A3_feature_calc_error,large,5,FEAT_VOL20_STOCK_6_PRICE,REPORT_LIMIT,1.0,1,1,1,1.0,0.8,0.9882450103759766,9
CVAE+APA-RCA,A3_feature_calc_error,large,5,FEAT_VOL20_STOCK_6_PRICE,REPORT_LIMIT,1.0,1,1,1,1.0,0.8,0.9529590606689453,9
APA-RCA-v2,A3_feature_calc_error,large,6,FEAT_VOL20_STOCK_4_PRICE,REPORT_LIMIT,2.0,0,1,1,0.5,0.8,0.9789466857910156,9
CVAE+APA-RCA,A3_feature_calc_error,large,6,FEAT_VOL20_STOCK_4_PRICE,REPORT_LIMIT,10.0,0,0,0,0.1,1.0,0.9622573852539062,9
APA-RCA-v2,A3_feature_calc_error,large,7,FEAT_VOL20_STOCK_8_PRICE,REPORT_LIMIT,2.0,0,1,1,0.5,0.8,0.9911060333251953,9
CVAE+APA-RCA,A3_feature_calc_error,large,7,FEAT_VOL20_STOCK_8_PRICE,REPORT_LIMIT,2.0,0,1,1,0.5,0.8,1.146078109741211,9
APA-RCA-v2,A3_feature_calc_error,large,8,FEAT_VOL20_STOCK_6_PRICE,REPORT_LIMIT,2.0,0,1,1,0.5,0.8,1.0402202606201172,9
CVAE+APA-RCA,A3_feature_calc_error,large,8,FEAT_VOL20_STOCK_6_PRICE,REPORT_LIMIT,5.0,0,0,1,0.2,0.8,0.9768009185791016,9
APA-RCA-v2,A3_feature_calc_error,large,9,FEAT_VOL20_STOCK_4_PRICE,REPORT_LIMIT,2.0,0,1,1,0.5,0.8,1.0440349578857422,9
CVAE+APA-RCA,A3_feature_calc_error,large,9,FEAT_VOL20_STOCK_4_PRICE,REPORT_LIMIT,1.0,1,1,1,1.0,0.8,0.9789466857910156,9
APA-RCA-v2,A3_feature_calc_error,large,10,FEAT_VOL20_STOCK_7_PRICE,REPORT_LIMIT,3.0,0,1,1,0.3333333333333333,0.8,1.0581016540527344,9
CVAE+APA-RCA,A3_feature_calc_error,large,10,FEAT_VOL20_STOCK_7_PRICE,REPORT_LIMIT,1.0,1,1,1,1.0,0.8,0.9849071502685547,9
APA-RCA-v2,A3_feature_calc_error,large,11,FEAT_VOL20_STOCK_2_PRICE,REPORT_LIMIT,16.0,0,0,0,0.0625,1.0,1.0488033294677734,9
CVAE+APA-RCA,A3_feature_calc_error,large,11,FEAT_VOL20_STOCK_2_PRICE,REPORT_LIMIT,1.0,1,1,1,1.0,0.8,1.2009143829345703,9
APA-RCA-v2,A3_feature_calc_error,large,12,FEAT_VOL20_STOCK_5_PRICE,REPORT_LIMIT,2.0,0,1,1,0.5,0.8,0.9658336639404297,9
CVAE+APA-RCA,A3_feature_calc_error,large,12,FEAT_VOL20_STOCK_5_PRICE,REPORT_LIMIT,2.0,0,1,1,0.5,0.8,0.9291172027587891,9
APA-RCA-v2,A3_feature_calc_error,large,13,FEAT_VOL20_STOCK_8_PRICE,REPORT_LIMIT,1.0,1,1,1,1.0,0.8,1.0571479797363281,9
CVAE+APA-RCA,A3_feature_calc_error,large,13,FEAT_VOL20_STOCK_8_PRICE,REPORT_LIMIT,2.0,0,1,1,0.5,0.8,0.9741783142089844,9
APA-RCA-v2,A3_feature_calc_error,large,14,FEAT_VOL20_STOCK_2_PRICE,REPORT_LIMIT,4.0,0,0,1,0.25,0.8,0.9710788726806641,9
CVAE+APA-RCA,A3_feature_calc_error,large,14,FEAT_VOL20_STOCK_2_PRICE,REPORT_LIMIT,2.0,0,1,1,0.5,0.8,0.9660720825195312,9
APA-RCA-v2,A3_feature_calc_error,large,15,FEAT_VOL20_STOCK_8_PRICE,REPORT_LIMIT,3.0,0,1,1,0.3333333333333333,0.8,0.9777545928955078,9
CVAE+APA-RCA,A3_feature_calc_error,large,15,FEAT_VOL20_STOCK_8_PRICE,REPORT_LIMIT,11.0,0,0,0,0.09090909090909091,1.0,1.2049674987792969,9
APA-RCA-v2,A3_feature_calc_error,large,16,FEAT_VOL20_STOCK_5_PRICE,REPORT_LIMIT,12.0,0,0,0,0.08333333333333333,1.0,0.9558200836181641,9
CVAE+APA-RCA,A3_feature_calc_error,large,16,FEAT_VOL20_STOCK_5_PRICE,REPORT_LIMIT,2.0,0,1,1,0.5,0.8,0.9531974792480469,9
APA-RCA-v2,A3_feature_calc_error,large,17,FEAT_VOL20_STOCK_6_PRICE,REPORT_LIMIT,20.0,0,0,0,0.05,1.0,1.0187625885009766,9
CVAE+APA-RCA,A3_feature_calc_error,large,17,FEAT_VOL20_STOCK_6_PRICE,REPORT_LIMIT,1.0,1,1,1,1.0,0.8,0.9617805480957031,9
APA-RCA-v2,A3_feature_calc_error,large,18,FEAT_VOL20_STOCK_8_PRICE,REPORT_LIMIT,9.0,0,0,0,0.1111111111111111,1.0,0.9720325469970703,9
CVAE+APA-RCA,A3_feature_calc_error,large,18,FEAT_VOL20_STOCK_8_PRICE,REPORT_LIMIT,1.0,1,1,1,1.0,0.8,0.9548664093017578,9
APA-RCA-v2,A3_feature_calc_error,large,19,FEAT_VOL20_STOCK_5_PRICE,REPORT_LIMIT,2.0,0,1,1,0.5,0.8,1.0139942169189453,9
CVAE+APA-RCA,A3_feature_calc_error,large,19,FEAT_VOL20_STOCK_5_PRICE,REPORT_LIMIT,2.0,0,1,1,0.5,0.8,1.264810562133789,9
APA-RCA-v2,A3_feature_calc_error,large,20,FEAT_VOL20_STOCK_8_PRICE,REPORT_LIMIT,10.0,0,0,0,0.1,1.0,1.0581016540527344,9
CVAE+APA-RCA,A3_feature_calc_error,large,20,FEAT_VOL20_STOCK_8_PRICE,REPORT_LIMIT,1.0,1,1,1,1.0,0.8,0.9639263153076172,9
APA-RCA-v2,A3_feature_calc_error,large,21,FEAT_VOL20_STOCK_3_PRICE,REPORT_LIMIT,2.0,0,1,1,0.5,0.8,0.9882450103759766,9
CVAE+APA-RCA,A3_feature_calc_error,large,21,FEAT_VOL20_STOCK_3_PRICE,REPORT_LIMIT,2.0,0,1,1,0.5,0.8,0.9541511535644531,9
APA-RCA-v2,A3_feature_calc_error,large,22,FEAT_VOL20_STOCK_7_PRICE,REPORT_LIMIT,2.0,0,1,1,0.5,0.8,0.9648799896240234,9
CVAE+APA-RCA,A3_feature_calc_error,large,22,FEAT_VOL20_STOCK_7_PRICE,REPORT_LIMIT,1.0,1,1,1,1.0,0.8,0.9710788726806641,9
APA-RCA-v2,A3_feature_calc_error,large,23,FEAT_VOL20_STOCK_1_PRICE,REPORT_LIMIT,2.0,0,1,1,0.5,0.8,0.9860992431640625,9
CVAE+APA-RCA,A3_feature_calc_error,large,23,FEAT_VOL20_STOCK_1_PRICE,REPORT_LIMIT,1.0,1,1,1,1.0,0.8,1.207113265991211,9
APA-RCA-v2,A3_feature_calc_error,large,24,FEAT_VOL20_STOCK_4_PRICE,REPORT_LIMIT,2.0,0,1,1,0.5,0.8,1.0230541229248047,9
CVAE+APA-RCA,A3_feature_calc_error,large,24,FEAT_VOL20_STOCK_4_PRICE,REPORT_LIMIT,1.0,1,1,1,1.0,0.8,0.9782314300537109,9
APA-RCA-v2,A3_feature_calc_error,large,25,FEAT_VOL20_STOCK_5_PRICE,REPORT_LIMIT,1.0,1,1,1,1.0,0.8,0.9698867797851562,9
CVAE+APA-RCA,A3_feature_calc_error,large,25,FEAT_VOL20_STOCK_5_PRICE,REPORT_LIMIT,12.0,0,0,0,0.08333333333333333,1.0,0.9591579437255859,9
APA-RCA-v2,A3_feature_calc_error,large,26,FEAT_VOL20_STOCK_7_PRICE,REPORT_LIMIT,2.0,0,1,1,0.5,0.8,0.9820461273193359,9
CVAE+APA-RCA,A3_feature_calc_error,large,26,FEAT_VOL20_STOCK_7_PRICE,REPORT_LIMIT,12.0,0,0,0,0.08333333333333333,1.0,0.9658336639404297,9
APA-RCA-v2,A3_feature_calc_error,large,27,FEAT_VOL20_STOCK_1_PRICE,REPORT_LIMIT,2.0,0,1,1,0.5,0.8,0.9942054748535156,9
CVAE+APA-RCA,A3_feature_calc_error,large,27,FEAT_VOL20_STOCK_1_PRICE,REPORT_LIMIT,1.0,1,1,1,1.0,0.8,0.9219646453857422,9
APA-RCA-v2,A3_feature_calc_error,large,28,FEAT_VOL20_STOCK_6_PRICE,REPORT_LIMIT,2.0,0,1,1,0.5,0.8,0.9858608245849609,9
CVAE+APA-RCA,A3_feature_calc_error,large,28,FEAT_VOL20_STOCK_6_PRICE,REPORT_LIMIT,1.0,1,1,1,1.0,0.8,0.926971435546875,9
APA-RCA-v2,A3_feature_calc_error,large,29,FEAT_VOL20_STOCK_8_PRICE,REPORT_LIMIT,5.0,0,0,1,0.2,0.8,1.0077953338623047,9
CVAE+APA-RCA,A3_feature_calc_error,large,29,FEAT_VOL20_STOCK_8_PRICE,REPORT_LIMIT,1.0,1,1,1,1.0,0.8,0.9448528289794922,9
APA-RCA-v2,A4_aggregation_error,large,0,FEAT_SECTOR_B,REPORT_LIMIT,87.0,0,0,0,0.011494252873563218,1.0,1.111745834350586,9
CVAE+APA-RCA,A4_aggregation_error,large,0,FEAT_SECTOR_B,REPORT_LIMIT,69.0,0,0,0,0.014492753623188406,1.0,0.9620189666748047,9
APA-RCA-v2,A4_aggregation_error,large,1,FEAT_SECTOR_A,REPORT_LIMIT,81.0,0,0,0,0.012345679012345678,1.0,0.9951591491699219,9
CVAE+APA-RCA,A4_aggregation_error,large,1,FEAT_SECTOR_A,REPORT_LIMIT,70.0,0,0,0,0.014285714285714285,1.0,0.9622573852539062,9
APA-RCA-v2,A4_aggregation_error,large,2,FEAT_SECTOR_B,REPORT_LIMIT,71.0,0,0,0,0.014084507042253521,1.0,0.9829998016357422,9
CVAE+APA-RCA,A4_aggregation_error,large,2,FEAT_SECTOR_B,REPORT_LIMIT,70.0,0,0,0,0.014285714285714285,1.0,0.9608268737792969,9
APA-RCA-v2,A4_aggregation_error,large,3,FEAT_SECTOR_B,REPORT_LIMIT,86.0,0,0,0,0.011627906976744186,1.0,0.9660720825195312,9
CVAE+APA-RCA,A4_aggregation_error,large,3,FEAT_SECTOR_B,REPORT_LIMIT,69.0,0,0,0,0.014492753623188406,1.0,0.9751319885253906,9
APA-RCA-v2,A4_aggregation_error,large,4,FEAT_SECTOR_B,REPORT_LIMIT,86.0,0,0,0,0.011627906976744186,1.0,1.196146011352539,9
CVAE+APA-RCA,A4_aggregation_error,large,4,FEAT_SECTOR_B,REPORT_LIMIT,70.0,0,0,0,0.014285714285714285,1.0,1.0077953338623047,9
APA-RCA-v2,A4_aggregation_error,large,5,FEAT_SECTOR_B,REPORT_LIMIT,75.0,0,0,0,0.013333333333333334,1.0,0.9820461273193359,9
CVAE+APA-RCA,A4_aggregation_error,large,5,FEAT_SECTOR_B,REPORT_LIMIT,70.0,0,0,0,0.014285714285714285,1.0,0.9677410125732422,9
APA-RCA-v2,A4_aggregation_error,large,6,FEAT_SECTOR_A,REPORT_LIMIT,87.0,0,0,0,0.011494252873563218,1.0,0.9789466857910156,9
CVAE+APA-RCA,A4_aggregation_error,large,6,FEAT_SECTOR_A,REPORT_LIMIT,69.0,0,0,0,0.014492753623188406,1.0,0.9620189666748047,9
APA-RCA-v2,A4_aggregation_error,large,7,FEAT_SECTOR_B,REPORT_LIMIT,72.0,0,0,0,0.013888888888888888,1.0,0.972747802734375,9
CVAE+APA-RCA,A4_aggregation_error,large,7,FEAT_SECTOR_B,REPORT_LIMIT,70.0,0,0,0,0.014285714285714285,1.0,0.9632110595703125,9
APA-RCA-v2,A4_aggregation_error,large,8,FEAT_SECTOR_B,REPORT_LIMIT,69.0,0,0,0,0.014492753623188406,1.0,1.168966293334961,9
CVAE+APA-RCA,A4_aggregation_error,large,8,FEAT_SECTOR_B,REPORT_LIMIT,69.0,0,0,0,0.014492753623188406,1.0,0.9641647338867188,9
APA-RCA-v2,A4_aggregation_error,large,9,FEAT_SECTOR_A,REPORT_LIMIT,82.0,0,0,0,0.012195121951219513,1.0,1.0340213775634766,9
CVAE+APA-RCA,A4_aggregation_error,large,9,FEAT_SECTOR_A,REPORT_LIMIT,70.0,0,0,0,0.014285714285714285,1.0,0.9810924530029297,9
APA-RCA-v2,A4_aggregation_error,large,10,FEAT_SECTOR_B,REPORT_LIMIT,86.0,0,0,0,0.011627906976744186,1.0,0.98419189453125,9
CVAE+APA-RCA,A4_aggregation_error,large,10,FEAT_SECTOR_B,REPORT_LIMIT,70.0,0,0,0,0.014285714285714285,1.0,0.9748935699462891,9
APA-RCA-v2,A4_aggregation_error,large,11,FEAT_SECTOR_A,REPORT_LIMIT,74.0,0,0,0,0.013513513513513514,1.0,0.9989738464355469,9
CVAE+APA-RCA,A4_aggregation_error,large,11,FEAT_SECTOR_A,REPORT_LIMIT,70.0,0,0,0,0.014285714285714285,1.0,0.9708404541015625,9
APA-RCA-v2,A4_aggregation_error,large,12,FEAT_SECTOR_B,REPORT_LIMIT,71.0,0,0,0,0.014084507042253521,1.0,1.1489391326904297,9
CVAE+APA-RCA,A4_aggregation_error,large,12,FEAT_SECTOR_B,REPORT_LIMIT,70.0,0,0,0,0.014285714285714285,1.0,0.9739398956298828,9
APA-RCA-v2,A4_aggregation_error,large,13,FEAT_SECTOR_B,REPORT_LIMIT,71.0,0,0,0,0.014084507042253521,1.0,0.9629726409912109,9
CVAE+APA-RCA,A4_aggregation_error,large,13,FEAT_SECTOR_B,REPORT_LIMIT,69.0,0,0,0,0.014492753623188406,1.0,0.9582042694091797,9
APA-RCA-v2,A4_aggregation_error,large,14,FEAT_SECTOR_A,REPORT_LIMIT,71.0,0,0,0,0.014084507042253521,1.0,1.0371208190917969,9
CVAE+APA-RCA,A4_aggregation_error,large,14,FEAT_SECTOR_A,REPORT_LIMIT,70.0,0,0,0,0.014285714285714285,1.0,0.9918212890625,9
APA-RCA-v2,A4_aggregation_error,large,15,FEAT_SECTOR_B,REPORT_LIMIT,71.0,0,0,0,0.014084507042253521,1.0,0.9782314300537109,9
CVAE+APA-RCA,A4_aggregation_error,large,15,FEAT_SECTOR_B,REPORT_LIMIT,70.0,0,0,0,0.014285714285714285,1.0,0.9310245513916016,9
APA-RCA-v2,A4_aggregation_error,large,16,FEAT_SECTOR_B,REPORT_LIMIT,81.0,0,0,0,0.012345679012345678,1.0,1.1188983917236328,9
CVAE+APA-RCA,A4_aggregation_error,large,16,FEAT_SECTOR_B,REPORT_LIMIT,70.0,0,0,0,0.014285714285714285,1.0,0.9379386901855469,9
APA-RCA-v2,A4_aggregation_error,large,17,FEAT_SECTOR_B,REPORT_LIMIT,71.0,0,0,0,0.014084507042253521,1.0,1.0051727294921875,9
CVAE+APA-RCA,A4_aggregation_error,large,17,FEAT_SECTOR_B,REPORT_LIMIT,69.0,0,0,0,0.014492753623188406,1.0,0.9369850158691406,9
APA-RCA-v2,A4_aggregation_error,large,18,FEAT_SECTOR_B,REPORT_LIMIT,70.0,0,0,0,0.014285714285714285,1.0,1.093149185180664,9
CVAE+APA-RCA,A4_aggregation_error,large,18,FEAT_SECTOR_B,REPORT_LIMIT,70.0,0,0,0,0.014285714285714285,1.0,0.9858608245849609,9
APA-RCA-v2,A4_aggregation_error,large,19,FEAT_SECTOR_B,REPORT_LIMIT,81.0,0,0,0,0.012345679012345678,1.0,1.032114028930664,9
CVAE+APA-RCA,A4_aggregation_error,large,19,FEAT_SECTOR_B,REPORT_LIMIT,70.0,0,0,0,0.014285714285714285,1.0,0.9489059448242188,9
APA-RCA-v2,A4_aggregation_error,large,20,FEAT_SECTOR_B,REPORT_LIMIT,71.0,0,0,0,0.014084507042253521,1.0,1.116037368774414,9
CVAE+APA-RCA,A4_aggregation_error,large,20,FEAT_SECTOR_B,REPORT_LIMIT,69.0,0,0,0,0.014492753623188406,1.0,1.2631416320800781,9
APA-RCA-v2,A4_aggregation_error,large,21,FEAT_SECTOR_A,REPORT_LIMIT,73.0,0,0,0,0.0136986301369863,1.0,1.039266586303711,9
CVAE+APA-RCA,A4_aggregation_error,large,21,FEAT_SECTOR_A,REPORT_LIMIT,69.0,0,0,0,0.014492753623188406,1.0,0.9479522705078125,9
APA-RCA-v2,A4_aggregation_error,large,22,FEAT_SECTOR_B,REPORT_LIMIT,80.0,0,0,0,0.0125,1.0,1.157999038696289,9
CVAE+APA-RCA,A4_aggregation_error,large,22,FEAT_SECTOR_B,REPORT_LIMIT,69.0,0,0,0,0.014492753623188406,1.0,0.9741783142089844,9
APA-RCA-v2,A4_aggregation_error,large,23,FEAT_SECTOR_A,REPORT_LIMIT,78.0,0,0,0,0.01282051282051282,1.0,0.9851455688476562,9
CVAE+APA-RCA,A4_aggregation_error,large,23,FEAT_SECTOR_A,REPORT_LIMIT,69.0,0,0,0,0.014492753623188406,1.0,0.9479522705078125,9
APA-RCA-v2,A4_aggregation_error,large,24,FEAT_SECTOR_A,REPORT_LIMIT,87.0,0,0,0,0.011494252873563218,1.0,1.0449886322021484,9
CVAE+APA-RCA,A4_aggregation_error,large,24,FEAT_SECTOR_A,REPORT_LIMIT,70.0,0,0,0,0.014285714285714285,1.0,1.2471675872802734,9
APA-RCA-v2,A4_aggregation_error,large,25,FEAT_SECTOR_B,REPORT_LIMIT,71.0,0,0,0,0.014084507042253521,1.0,0.9839534759521484,9
CVAE+APA-RCA,A4_aggregation_error,large,25,FEAT_SECTOR_B,REPORT_LIMIT,70.0,0,0,0,0.014285714285714285,1.0,0.9641647338867188,9
APA-RCA-v2,A4_aggregation_error,large,26,FEAT_SECTOR_B,REPORT_LIMIT,77.0,0,0,0,0.012987012987012988,1.0,0.9720325469970703,9
CVAE+APA-RCA,A4_aggregation_error,large,26,FEAT_SECTOR_B,REPORT_LIMIT,69.0,0,0,0,0.014492753623188406,1.0,0.9558200836181641,9
APA-RCA-v2,A4_aggregation_error,large,27,FEAT_SECTOR_A,REPORT_LIMIT,71.0,0,0,0,0.014084507042253521,1.0,0.9739398956298828,9
CVAE+APA-RCA,A4_aggregation_error,large,27,FEAT_SECTOR_A,REPORT_LIMIT,69.0,0,0,0,0.014492753623188406,1.0,0.9551048278808594,9
APA-RCA-v2,A4_aggregation_error,large,28,FEAT_SECTOR_B,REPORT_LIMIT,83.0,0,0,0,0.012048192771084338,1.0,0.9820461273193359,9
CVAE+APA-RCA,A4_aggregation_error,large,28,FEAT_SECTOR_B,REPORT_LIMIT,70.0,0,0,0,0.014285714285714285,1.0,1.188039779663086,9
APA-RCA-v2,A4_aggregation_error,large,29,FEAT_SECTOR_B,REPORT_LIMIT,85.0,0,0,0,0.011764705882352941,1.0,1.0328292846679688,9
CVAE+APA-RCA,A4_aggregation_error,large,29,FEAT_SECTOR_B,REPORT_LIMIT,70.0,0,0,0,0.014285714285714285,1.0,1.0082721710205078,9
APA-RCA-v2,A5_downstream_masking,large,0,SRC_STOCK_7_PRICE,REPORT_LIMIT,4.0,0,0,1,0.25,0.8,0.9720325469970703,9
CVAE+APA-RCA,A5_downstream_masking,large,0,SRC_STOCK_7_PRICE,REPORT_LIMIT,1.0,1,1,1,1.0,0.8,0.9410381317138672,9
APA-RCA-v2,A5_downstream_masking,large,1,SRC_STOCK_4_PRICE,REPORT_LIMIT,2.0,0,1,1,0.5,0.8,0.9770393371582031,9
CVAE+APA-RCA,A5_downstream_masking,large,1,SRC_STOCK_4_PRICE,REPORT_LIMIT,1.0,1,1,1,1.0,0.8,0.9608268737792969,9
APA-RCA-v2,A5_downstream_masking,large,2,SRC_STOCK_7_PRICE,REPORT_LIMIT,3.0,0,1,1,0.3333333333333333,0.8,0.9989738464355469,9
CVAE+APA-RCA,A5_downstream_masking,large,2,SRC_STOCK_7_PRICE,REPORT_LIMIT,1.0,1,1,1,1.0,0.8,1.110076904296875,9
APA-RCA-v2,A5_downstream_masking,large,3,SRC_STOCK_7_PRICE,REPORT_LIMIT,2.0,0,1,1,0.5,0.8,0.9901523590087891,9
CVAE+APA-RCA,A5_downstream_masking,large,3,SRC_STOCK_7_PRICE,REPORT_LIMIT,11.0,0,0,0,0.09090909090909091,1.0,0.9362697601318359,9
APA-RCA-v2,A5_downstream_masking,large,4,SRC_STOCK_6_PRICE,REPORT_LIMIT,3.0,0,1,1,0.3333333333333333,0.8,1.0633468627929688,9
CVAE+APA-RCA,A5_downstream_masking,large,4,SRC_STOCK_6_PRICE,REPORT_LIMIT,2.0,0,1,1,0.5,0.8,0.9670257568359375,9
APA-RCA-v2,A5_downstream_masking,large,5,SRC_STOCK_6_PRICE,REPORT_LIMIT,1.0,1,1,1,1.0,0.8,0.9799003601074219,9
CVAE+APA-RCA,A5_downstream_masking,large,5,SRC_STOCK_6_PRICE,REPORT_LIMIT,1.0,1,1,1,1.0,0.8,0.9467601776123047,9
APA-RCA-v2,A5_downstream_masking,large,6,SRC_STOCK_4_PRICE,REPORT_LIMIT,4.0,0,0,1,0.25,0.8,0.9663105010986328,9
CVAE+APA-RCA,A5_downstream_masking,large,6,SRC_STOCK_4_PRICE,REPORT_LIMIT,2.0,0,1,1,0.5,0.8,1.1548995971679688,9
APA-RCA-v2,A5_downstream_masking,large,7,SRC_STOCK_8_PRICE,REPORT_LIMIT,7.0,0,0,0,0.14285714285714285,1.0,0.9789466857910156,9
CVAE+APA-RCA,A5_downstream_masking,large,7,SRC_STOCK_8_PRICE,REPORT_LIMIT,11.0,0,0,0,0.09090909090909091,1.0,0.9329319000244141,9
APA-RCA-v2,A5_downstream_masking,large,8,SRC_STOCK_6_PRICE,REPORT_LIMIT,2.0,0,1,1,0.5,0.8,0.9980201721191406,9
CVAE+APA-RCA,A5_downstream_masking,large,8,SRC_STOCK_6_PRICE,REPORT_LIMIT,1.0,1,1,1,1.0,0.8,0.9343624114990234,9
APA-RCA-v2,A5_downstream_masking,large,9,SRC_STOCK_4_PRICE,REPORT_LIMIT,1.0,1,1,1,1.0,0.8,1.0440349578857422,9
CVAE+APA-RCA,A5_downstream_masking,large,9,SRC_STOCK_4_PRICE,REPORT_LIMIT,1.0,1,1,1,1.0,0.8,0.9500980377197266,9
APA-RCA-v2,A5_downstream_masking,large,10,SRC_STOCK_7_PRICE,REPORT_LIMIT,4.0,0,0,1,0.25,0.8,0.9827613830566406,9
CVAE+APA-RCA,A5_downstream_masking,large,10,SRC_STOCK_7_PRICE,REPORT_LIMIT,1.0,1,1,1,1.0,0.8,1.1861324310302734,9
APA-RCA-v2,A5_downstream_masking,large,11,SRC_STOCK_2_PRICE,REPORT_LIMIT,6.0,0,0,0,0.16666666666666666,1.0,0.9779930114746094,9
CVAE+APA-RCA,A5_downstream_masking,large,11,SRC_STOCK_2_PRICE,REPORT_LIMIT,1.0,1,1,1,1.0,0.8,0.926971435546875,9
APA-RCA-v2,A5_downstream_masking,large,12,SRC_STOCK_5_PRICE,REPORT_LIMIT,3.0,0,1,1,0.3333333333333333,0.8,1.0101795196533203,9
CVAE+APA-RCA,A5_downstream_masking,large,12,SRC_STOCK_5_PRICE,REPORT_LIMIT,1.0,1,1,1,1.0,0.8,0.9360313415527344,9
APA-RCA-v2,A5_downstream_masking,large,13,SRC_STOCK_8_PRICE,REPORT_LIMIT,1.0,1,1,1,1.0,0.8,0.988006591796875,9
CVAE+APA-RCA,A5_downstream_masking,large,13,SRC_STOCK_8_PRICE,REPORT_LIMIT,13.0,0,0,0,0.07692307692307693,1.0,0.9379386901855469,9
APA-RCA-v2,A5_downstream_masking,large,14,SRC_STOCK_2_PRICE,REPORT_LIMIT,12.0,0,0,0,0.08333333333333333,1.0,1.0161399841308594,9
CVAE+APA-RCA,A5_downstream_masking,large,14,SRC_STOCK_2_PRICE,REPORT_LIMIT,1.0,1,1,1,1.0,0.8,1.2350082397460938,9
APA-RCA-v2,A5_downstream_masking,large,15,SRC_STOCK_8_PRICE,REPORT_LIMIT,2.0,0,1,1,0.5,0.8,1.0402202606201172,9
CVAE+APA-RCA,A5_downstream_masking,large,15,SRC_STOCK_8_PRICE,REPORT_LIMIT,2.0,0,1,1,0.5,0.8,0.9300708770751953,9
APA-RCA-v2,A5_downstream_masking,large,16,SRC_STOCK_5_PRICE,REPORT_LIMIT,2.0,0,1,1,0.5,0.8,0.9677410125732422,9
CVAE+APA-RCA,A5_downstream_masking,large,16,SRC_STOCK_5_PRICE,REPORT_LIMIT,2.0,0,1,1,0.5,0.8,0.9491443634033203,9
APA-RCA-v2,A5_downstream_masking,large,17,SRC_STOCK_6_PRICE,REPORT_LIMIT,3.0,0,1,1,0.3333333333333333,0.8,0.9672641754150391,9
CVAE+APA-RCA,A5_downstream_masking,large,17,SRC_STOCK_6_PRICE,REPORT_LIMIT,1.0,1,1,1,1.0,0.8,0.9322166442871094,9
APA-RCA-v2,A5_downstream_masking,large,18,SRC_STOCK_8_PRICE,REPORT_LIMIT,2.0,0,1,1,0.5,0.8,0.9970664978027344,9
CVAE+APA-RCA,A5_downstream_masking,large,18,SRC_STOCK_8_PRICE,REPORT_LIMIT,1.0,1,1,1,1.0,0.8,0.9341239929199219,9
APA-RCA-v2,A5_downstream_masking,large,19,SRC_STOCK_5_PRICE,REPORT_LIMIT,1.0,1,1,1,1.0,0.8,1.0249614715576172,9
CVAE+APA-RCA,A5_downstream_masking,large,19,SRC_STOCK_5_PRICE,REPORT_LIMIT,2.0,0,1,1,0.5,0.8,0.9720325469970703,9
APA-RCA-v2,A5_downstream_masking,large,20,SRC_STOCK_8_PRICE,REPORT_LIMIT,9.0,0,0,0,0.1111111111111111,1.0,0.96893310546875,9
CVAE+APA-RCA,A5_downstream_masking,large,20,SRC_STOCK_8_PRICE,REPORT_LIMIT,1.0,1,1,1,1.0,0.8,0.9274482727050781,9
APA-RCA-v2,A5_downstream_masking,large,21,SRC_STOCK_3_PRICE,REPORT_LIMIT,3.0,0,1,1,0.3333333333333333,0.8,1.1181831359863281,9
CVAE+APA-RCA,A5_downstream_masking,large,21,SRC_STOCK_3_PRICE,REPORT_LIMIT,2.0,0,1,1,0.5,0.8,0.9298324584960938,9
APA-RCA-v2,A5_downstream_masking,large,22,SRC_STOCK_7_PRICE,REPORT_LIMIT,5.0,0,0,1,0.2,0.8,0.9539127349853516,9
CVAE+APA-RCA,A5_downstream_masking,large,22,SRC_STOCK_7_PRICE,REPORT_LIMIT,2.0,0,1,1,0.5,0.8,0.9319782257080078,9
APA-RCA-v2,A5_downstream_masking,large,23,SRC_STOCK_1_PRICE,REPORT_LIMIT,25.0,0,0,0,0.04,1.0,0.9670257568359375,9
CVAE+APA-RCA,A5_downstream_masking,large,23,SRC_STOCK_1_PRICE,REPORT_LIMIT,1.0,1,1,1,1.0,0.8,0.9353160858154297,9
APA-RCA-v2,A5_downstream_masking,large,24,SRC_STOCK_4_PRICE,REPORT_LIMIT,1.0,1,1,1,1.0,0.8,1.0449886322021484,9
CVAE+APA-RCA,A5_downstream_masking,large,24,SRC_STOCK_4_PRICE,REPORT_LIMIT,1.0,1,1,1,1.0,0.8,0.9889602661132812,9
APA-RCA-v2,A5_downstream_masking,large,25,SRC_STOCK_5_PRICE,REPORT_LIMIT,6.0,0,0,0,0.16666666666666666,1.0,1.2950897216796875,9
CVAE+APA-RCA,A5_downstream_masking,large,25,SRC_STOCK_5_PRICE,REPORT_LIMIT,1.0,1,1,1,1.0,0.8,0.9558200836181641,9
APA-RCA-v2,A5_downstream_masking,large,26,SRC_STOCK_7_PRICE,REPORT_LIMIT,1.0,1,1,1,1.0,0.8,0.9989738464355469,9
CVAE+APA-RCA,A5_downstream_masking,large,26,SRC_STOCK_7_PRICE,REPORT_LIMIT,13.0,0,0,0,0.07692307692307693,1.0,0.9567737579345703,9
APA-RCA-v2,A5_downstream_masking,large,27,SRC_STOCK_1_PRICE,REPORT_LIMIT,9.0,0,0,0,0.1111111111111111,1.0,0.9870529174804688,9
CVAE+APA-RCA,A5_downstream_masking,large,27,SRC_STOCK_1_PRICE,REPORT_LIMIT,1.0,1,1,1,1.0,0.8,0.9517669677734375,9
APA-RCA-v2,A5_downstream_masking,large,28,SRC_STOCK_6_PRICE,REPORT_LIMIT,10.0,0,0,0,0.1,1.0,0.9768009185791016,9
CVAE+APA-RCA,A5_downstream_masking,large,28,SRC_STOCK_6_PRICE,REPORT_LIMIT,2.0,0,1,1,0.5,0.8,0.9510517120361328,9
APA-RCA-v2,A5_downstream_masking,large,29,SRC_STOCK_8_PRICE,REPORT_LIMIT,2.0,0,1,1,0.5,0.8,1.149892807006836,9
CVAE+APA-RCA,A5_downstream_masking,large,29,SRC_STOCK_8_PRICE,REPORT_LIMIT,1.0,1,1,1,1.0,0.8,0.9448528289794922,9
APA-RCA-v2,A6_multi_source,large,0,SRC_STOCK_5_PRICE,REPORT_LIMIT,2.0,0,1,1,0.5,0.8,1.0747909545898438,9
CVAE+APA-RCA,A6_multi_source,large,0,SRC_STOCK_5_PRICE,REPORT_LIMIT,1.0,1,1,1,1.0,0.8,0.9720325469970703,9
APA-RCA-v2,A6_multi_source,large,1,SRC_STOCK_4_PRICE,REPORT_LIMIT,2.0,0,1,1,0.5,0.8,1.0020732879638672,9
CVAE+APA-RCA,A6_multi_source,large,1,SRC_STOCK_4_PRICE,REPORT_LIMIT,1.0,1,1,1,1.0,0.8,0.9427070617675781,9
APA-RCA-v2,A6_multi_source,large,2,SRC_STOCK_2_PRICE,REPORT_DASHBOARD,1.0,1,1,1,1.0,0.8,1.0371208190917969,9
CVAE+APA-RCA,A6_multi_source,large,2,SRC_STOCK_2_PRICE,REPORT_DASHBOARD,1.0,1,1,1,1.0,0.8,0.9229183197021484,9
APA-RCA-v2,A6_multi_source,large,3,SRC_STOCK_1_PRICE,REPORT_DASHBOARD,2.0,0,1,1,0.5,0.8,1.1241436004638672,9
CVAE+APA-RCA,A6_multi_source,large,3,SRC_STOCK_1_PRICE,REPORT_DASHBOARD,1.0,1,1,1,1.0,0.8,0.9441375732421875,9
APA-RCA-v2,A6_multi_source,large,4,SRC_STOCK_5_PRICE,REPORT_LIMIT,1.0,1,1,1,1.0,0.8,1.0209083557128906,9
CVAE+APA-RCA,A6_multi_source,large,4,SRC_STOCK_5_PRICE,REPORT_LIMIT,1.0,1,1,1,1.0,0.8,0.9500980377197266,9
APA-RCA-v2,A6_multi_source,large,5,SRC_STOCK_6_PRICE,REPORT_LIMIT,2.0,0,1,1,0.5,0.8,1.0318756103515625,9
CVAE+APA-RCA,A6_multi_source,large,5,SRC_STOCK_6_PRICE,REPORT_LIMIT,1.0,1,1,1,1.0,0.8,0.9260177612304688,9
APA-RCA-v2,A6_multi_source,large,6,SRC_STOCK_3_PRICE,REPORT_DASHBOARD,2.0,0,1,1,0.5,0.8,0.9641647338867188,9
CVAE+APA-RCA,A6_multi_source,large,6,SRC_STOCK_3_PRICE,REPORT_DASHBOARD,1.0,1,1,1,1.0,0.8,0.9100437164306641,9
APA-RCA-v2,A6_multi_source,large,7,SRC_STOCK_6_PRICE,REPORT_LIMIT,1.0,1,1,1,1.0,0.8,1.344919204711914,9
CVAE+APA-RCA,A6_multi_source,large,7,SRC_STOCK_6_PRICE,REPORT_LIMIT,1.0,1,1,1,1.0,0.8,0.965118408203125,9
APA-RCA-v2,A6_multi_source,large,8,SRC_STOCK_3_PRICE,REPORT_DASHBOARD,2.0,0,1,1,0.5,0.8,0.9982585906982422,9
CVAE+APA-RCA,A6_multi_source,large,8,SRC_STOCK_3_PRICE,REPORT_DASHBOARD,1.0,1,1,1,1.0,0.8,0.9768009185791016,9
APA-RCA-v2,A6_multi_source,large,9,SRC_STOCK_7_PRICE,REPORT_LIMIT,2.0,0,1,1,0.5,0.8,1.074075698852539,9
CVAE+APA-RCA,A6_multi_source,large,9,SRC_STOCK_7_PRICE,REPORT_LIMIT,1.0,1,1,1,1.0,0.8,0.9610652923583984,9
APA-RCA-v2,A6_multi_source,large,10,SRC_STOCK_3_PRICE,REPORT_DASHBOARD,2.0,0,1,1,0.5,0.8,1.0039806365966797,9
CVAE+APA-RCA,A6_multi_source,large,10,SRC_STOCK_3_PRICE,REPORT_DASHBOARD,1.0,1,1,1,1.0,0.8,0.9317398071289062,9
APA-RCA-v2,A6_multi_source,large,11,SRC_STOCK_1_PRICE,REPORT_LIMIT,1.0,1,1,1,1.0,0.8,1.2679100036621094,9
CVAE+APA-RCA,A6_multi_source,large,11,SRC_STOCK_1_PRICE,REPORT_LIMIT,1.0,1,1,1,1.0,0.8,0.9479522705078125,9
APA-RCA-v2,A6_multi_source,large,12,SRC_STOCK_2_PRICE,REPORT_LIMIT,1.0,1,1,1,1.0,0.8,1.1410713195800781,9
CVAE+APA-RCA,A6_multi_source,large,12,SRC_STOCK_2_PRICE,REPORT_LIMIT,1.0,1,1,1,1.0,0.8,1.0268688201904297,9
APA-RCA-v2,A6_multi_source,large,13,SRC_STOCK_7_PRICE,REPORT_LIMIT,1.0,1,1,1,1.0,0.8,1.0459423065185547,9
CVAE+APA-RCA,A6_multi_source,large,13,SRC_STOCK_7_PRICE,REPORT_LIMIT,1.0,1,1,1,1.0,0.8,0.9329319000244141,9
APA-RCA-v2,A6_multi_source,large,14,SRC_STOCK_8_PRICE,REPORT_DASHBOARD,1.0,1,1,1,1.0,0.8,0.9968280792236328,9
CVAE+APA-RCA,A6_multi_source,large,14,SRC_STOCK_8_PRICE,REPORT_DASHBOARD,1.0,1,1,1,1.0,0.8,0.9417533874511719,9
APA-RCA-v2,A6_multi_source,large,15,SRC_STOCK_5_PRICE,REPORT_LIMIT,1.0,1,1,1,1.0,0.8,1.2962818145751953,9
CVAE+APA-RCA,A6_multi_source,large,15,SRC_STOCK_5_PRICE,REPORT_LIMIT,1.0,1,1,1,1.0,0.8,0.9348392486572266,9
APA-RCA-v2,A6_multi_source,large,16,SRC_STOCK_4_PRICE,REPORT_LIMIT,1.0,1,1,1,1.0,0.8,1.0037422180175781,9
CVAE+APA-RCA,A6_multi_source,large,16,SRC_STOCK_4_PRICE,REPORT_LIMIT,2.0,0,1,1,0.5,0.8,0.9329319000244141,9
APA-RCA-v2,A6_multi_source,large,17,SRC_STOCK_6_PRICE,REPORT_DASHBOARD,1.0,1,1,1,1.0,0.8,0.9961128234863281,9
CVAE+APA-RCA,A6_multi_source,large,17,SRC_STOCK_6_PRICE,REPORT_DASHBOARD,1.0,1,1,1,1.0,0.8,0.9300708770751953,9
APA-RCA-v2,A6_multi_source,large,18,SRC_STOCK_6_PRICE,REPORT_LIMIT,1.0,1,1,1,1.0,0.8,1.0008811950683594,9
CVAE+APA-RCA,A6_multi_source,large,18,SRC_STOCK_6_PRICE,REPORT_LIMIT,1.0,1,1,1,1.0,0.8,0.9369850158691406,9
APA-RCA-v2,A6_multi_source,large,19,SRC_STOCK_3_PRICE,REPORT_DASHBOARD,2.0,0,1,1,0.5,0.8,1.15203857421875,9
CVAE+APA-RCA,A6_multi_source,large,19,SRC_STOCK_3_PRICE,REPORT_DASHBOARD,1.0,1,1,1,1.0,0.8,0.9369850158691406,9
APA-RCA-v2,A6_multi_source,large,20,SRC_STOCK_6_PRICE,REPORT_DASHBOARD,2.0,0,1,1,0.5,0.8,1.055002212524414,9
CVAE+APA-RCA,A6_multi_source,large,20,SRC_STOCK_6_PRICE,REPORT_DASHBOARD,1.0,1,1,1,1.0,0.8,0.9438991546630859,9
APA-RCA-v2,A6_multi_source,large,21,SRC_STOCK_4_PRICE,REPORT_LIMIT,1.0,1,1,1,1.0,0.8,0.9930133819580078,9
CVAE+APA-RCA,A6_multi_source,large,21,SRC_STOCK_4_PRICE,REPORT_LIMIT,2.0,0,1,1,0.5,0.8,0.9400844573974609,9
APA-RCA-v2,A6_multi_source,large,22,SRC_STOCK_6_PRICE,REPORT_DASHBOARD,1.0,1,1,1,1.0,0.8,0.980377197265625,9
CVAE+APA-RCA,A6_multi_source,large,22,SRC_STOCK_6_PRICE,REPORT_DASHBOARD,1.0,1,1,1,1.0,0.8,0.9241104125976562,9
APA-RCA-v2,A6_multi_source,large,23,SRC_STOCK_4_PRICE,REPORT_DASHBOARD,2.0,0,1,1,0.5,0.8,1.0249614715576172,9
CVAE+APA-RCA,A6_multi_source,large,23,SRC_STOCK_4_PRICE,REPORT_DASHBOARD,1.0,1,1,1,1.0,0.8,1.1341571807861328,9
APA-RCA-v2,A6_multi_source,large,24,SRC_STOCK_3_PRICE,REPORT_DASHBOARD,1.0,1,1,1,1.0,0.8,0.9601116180419922,9
CVAE+APA-RCA,A6_multi_source,large,24,SRC_STOCK_3_PRICE,REPORT_DASHBOARD,2.0,0,1,1,0.5,0.8,0.9191036224365234,9
APA-RCA-v2,A6_multi_source,large,25,SRC_STOCK_2_PRICE,REPORT_LIMIT,2.0,0,1,1,0.5,0.8,0.9951591491699219,9
CVAE+APA-RCA,A6_multi_source,large,25,SRC_STOCK_2_PRICE,REPORT_LIMIT,2.0,0,1,1,0.5,0.8,0.9279251098632812,9
APA-RCA-v2,A6_multi_source,large,26,SRC_STOCK_4_PRICE,REPORT_DASHBOARD,1.0,1,1,1,1.0,0.8,1.1987686157226562,9
CVAE+APA-RCA,A6_multi_source,large,26,SRC_STOCK_4_PRICE,REPORT_DASHBOARD,1.0,1,1,1,1.0,0.8,0.9279251098632812,9
APA-RCA-v2,A6_multi_source,large,27,SRC_STOCK_2_PRICE,REPORT_LIMIT,2.0,0,1,1,0.5,0.8,0.9951591491699219,9
CVAE+APA-RCA,A6_multi_source,large,27,SRC_STOCK_2_PRICE,REPORT_LIMIT,1.0,1,1,1,1.0,0.8,0.9407997131347656,9
APA-RCA-v2,A6_multi_source,large,28,SRC_STOCK_4_PRICE,REPORT_LIMIT,1.0,1,1,1,1.0,0.8,0.9870529174804688,9
CVAE+APA-RCA,A6_multi_source,large,28,SRC_STOCK_4_PRICE,REPORT_LIMIT,2.0,0,1,1,0.5,0.8,0.9410381317138672,9
APA-RCA-v2,A6_multi_source,large,29,SRC_STOCK_5_PRICE,REPORT_DASHBOARD,2.0,0,1,1,0.5,0.8,0.9868144989013672,9
CVAE+APA-RCA,A6_multi_source,large,29,SRC_STOCK_5_PRICE,REPORT_DASHBOARD,1.0,1,1,1,1.0,0.8,0.9291172027587891,9
APA-RCA-v2,A7_coincidental,large,0,SRC_STOCK_7_PRICE,REPORT_LIMIT,1.0,1,1,1,1.0,0.8,1.2161731719970703,9
CVAE+APA-RCA,A7_coincidental,large,0,SRC_STOCK_7_PRICE,REPORT_LIMIT,2.0,0,1,1,0.5,0.8,0.9670257568359375,9
APA-RCA-v2,A7_coincidental,large,1,SRC_STOCK_4_PRICE,REPORT_LIMIT,1.0,1,1,1,1.0,0.8,0.9698867797851562,9
CVAE+APA-RCA,A7_coincidental,large,1,SRC_STOCK_4_PRICE,REPORT_LIMIT,2.0,0,1,1,0.5,0.8,0.9360313415527344,9
APA-RCA-v2,A7_coincidental,large,2,SRC_STOCK_7_PRICE,REPORT_DASHBOARD,1.0,1,1,1,1.0,0.8,0.9620189666748047,9
CVAE+APA-RCA,A7_coincidental,large,2,SRC_STOCK_7_PRICE,REPORT_DASHBOARD,2.0,0,1,1,0.5,0.8,0.9379386901855469,9
APA-RCA-v2,A7_coincidental,large,3,SRC_STOCK_7_PRICE,REPORT_LIMIT,1.0,1,1,1,1.0,0.8,1.0001659393310547,9
CVAE+APA-RCA,A7_coincidental,large,3,SRC_STOCK_7_PRICE,REPORT_LIMIT,1.0,1,1,1,1.0,0.8,0.9181499481201172,9
APA-RCA-v2,A7_coincidental,large,4,SRC_STOCK_6_PRICE,REPORT_LIMIT,1.0,1,1,1,1.0,0.8,1.2469291687011719,9
CVAE+APA-RCA,A7_coincidental,large,4,SRC_STOCK_6_PRICE,REPORT_LIMIT,2.0,0,1,1,0.5,0.8,0.9326934814453125,9
APA-RCA-v2,A7_coincidental,large,5,SRC_STOCK_6_PRICE,REPORT_LIMIT,1.0,1,1,1,1.0,0.8,1.0228157043457031,9
CVAE+APA-RCA,A7_coincidental,large,5,SRC_STOCK_6_PRICE,REPORT_LIMIT,2.0,0,1,1,0.5,0.8,0.9648799896240234,9
APA-RCA-v2,A7_coincidental,large,6,SRC_STOCK_4_PRICE,REPORT_LIMIT,1.0,1,1,1,1.0,0.8,0.9720325469970703,9
CVAE+APA-RCA,A7_coincidental,large,6,SRC_STOCK_4_PRICE,REPORT_LIMIT,2.0,0,1,1,0.5,0.8,0.9310245513916016,9
APA-RCA-v2,A7_coincidental,large,7,SRC_STOCK_8_PRICE,REPORT_DASHBOARD,1.0,1,1,1,1.0,0.8,0.9658336639404297,9
CVAE+APA-RCA,A7_coincidental,large,7,SRC_STOCK_8_PRICE,REPORT_DASHBOARD,2.0,0,1,1,0.5,0.8,0.9362697601318359,9
APA-RCA-v2,A7_coincidental,large,8,SRC_STOCK_6_PRICE,REPORT_LIMIT,1.0,1,1,1,1.0,0.8,1.1951923370361328,9
CVAE+APA-RCA,A7_coincidental,large,8,SRC_STOCK_6_PRICE,REPORT_LIMIT,2.0,0,1,1,0.5,0.8,0.9307861328125,9
APA-RCA-v2,A7_coincidental,large,9,SRC_STOCK_4_PRICE,REPORT_LIMIT,1.0,1,1,1,1.0,0.8,0.995635986328125,9
CVAE+APA-RCA,A7_coincidental,large,9,SRC_STOCK_4_PRICE,REPORT_LIMIT,2.0,0,1,1,0.5,0.8,0.9489059448242188,9
APA-RCA-v2,A7_coincidental,large,10,SRC_STOCK_7_PRICE,REPORT_DASHBOARD,1.0,1,1,1,1.0,0.8,1.001119613647461,9
CVAE+APA-RCA,A7_coincidental,large,10,SRC_STOCK_7_PRICE,REPORT_DASHBOARD,2.0,0,1,1,0.5,0.8,0.9629726409912109,9
APA-RCA-v2,A7_coincidental,large,11,SRC_STOCK_2_PRICE,REPORT_LIMIT,1.0,1,1,1,1.0,0.8,1.0061264038085938,9
CVAE+APA-RCA,A7_coincidental,large,11,SRC_STOCK_2_PRICE,REPORT_LIMIT,2.0,0,1,1,0.5,0.8,0.9391307830810547,9
APA-RCA-v2,A7_coincidental,large,12,SRC_STOCK_5_PRICE,REPORT_LIMIT,1.0,1,1,1,1.0,0.8,1.1529922485351562,9
CVAE+APA-RCA,A7_coincidental,large,12,SRC_STOCK_5_PRICE,REPORT_LIMIT,2.0,0,1,1,0.5,0.8,0.9329319000244141,9
APA-RCA-v2,A7_coincidental,large,13,SRC_STOCK_8_PRICE,REPORT_LIMIT,1.0,1,1,1,1.0,0.8,0.9801387786865234,9
CVAE+APA-RCA,A7_coincidental,large,13,SRC_STOCK_8_PRICE,REPORT_LIMIT,2.0,0,1,1,0.5,0.8,0.9353160858154297,9
APA-RCA-v2,A7_coincidental,large,14,SRC_STOCK_2_PRICE,REPORT_LIMIT,1.0,1,1,1,1.0,0.8,0.9791851043701172,9
CVAE+APA-RCA,A7_coincidental,large,14,SRC_STOCK_2_PRICE,REPORT_LIMIT,2.0,0,1,1,0.5,0.8,0.9369850158691406,9
APA-RCA-v2,A7_coincidental,large,15,SRC_STOCK_8_PRICE,REPORT_LIMIT,1.0,1,1,1,1.0,0.8,1.1010169982910156,9
CVAE+APA-RCA,A7_coincidental,large,15,SRC_STOCK_8_PRICE,REPORT_LIMIT,2.0,0,1,1,0.5,0.8,0.9951591491699219,9
APA-RCA-v2,A7_coincidental,large,16,SRC_STOCK_5_PRICE,REPORT_LIMIT,1.0,1,1,1,1.0,0.8,0.9927749633789062,9
CVAE+APA-RCA,A7_coincidental,large,16,SRC_STOCK_5_PRICE,REPORT_LIMIT,2.0,0,1,1,0.5,0.8,0.9400844573974609,9
APA-RCA-v2,A7_coincidental,large,17,SRC_STOCK_6_PRICE,REPORT_DASHBOARD,1.0,1,1,1,1.0,0.8,0.9582042694091797,9
CVAE+APA-RCA,A7_coincidental,large,17,SRC_STOCK_6_PRICE,REPORT_DASHBOARD,2.0,0,1,1,0.5,0.8,0.9317398071289062,9
APA-RCA-v2,A7_coincidental,large,18,SRC_STOCK_8_PRICE,REPORT_LIMIT,1.0,1,1,1,1.0,0.8,0.9839534759521484,9
CVAE+APA-RCA,A7_coincidental,large,18,SRC_STOCK_8_PRICE,REPORT_LIMIT,2.0,0,1,1,0.5,0.8,0.9362697601318359,9
APA-RCA-v2,A7_coincidental,large,19,SRC_STOCK_5_PRICE,REPORT_LIMIT,1.0,1,1,1,1.0,0.8,1.0042190551757812,9
CVAE+APA-RCA,A7_coincidental,large,19,SRC_STOCK_5_PRICE,REPORT_LIMIT,2.0,0,1,1,0.5,0.8,0.9548664093017578,9
APA-RCA-v2,A7_coincidental,large,20,SRC_STOCK_8_PRICE,REPORT_LIMIT,1.0,1,1,1,1.0,0.8,1.5192031860351562,9
CVAE+APA-RCA,A7_coincidental,large,20,SRC_STOCK_8_PRICE,REPORT_LIMIT,2.0,0,1,1,0.5,0.8,1.0962486267089844,9
APA-RCA-v2,A7_coincidental,large,21,SRC_STOCK_3_PRICE,REPORT_DASHBOARD,1.0,1,1,1,1.0,0.8,1.7178058624267578,9
CVAE+APA-RCA,A7_coincidental,large,21,SRC_STOCK_3_PRICE,REPORT_DASHBOARD,2.0,0,1,1,0.5,0.8,1.6658306121826172,9
APA-RCA-v2,A7_coincidental,large,22,SRC_STOCK_7_PRICE,REPORT_LIMIT,1.0,1,1,1,1.0,0.8,1.0938644409179688,9
CVAE+APA-RCA,A7_coincidental,large,22,SRC_STOCK_7_PRICE,REPORT_LIMIT,2.0,0,1,1,0.5,0.8,1.043081283569336,9
APA-RCA-v2,A7_coincidental,large,23,SRC_STOCK_1_PRICE,REPORT_LIMIT,1.0,1,1,1,1.0,0.8,1.065969467163086,9
CVAE+APA-RCA,A7_coincidental,large,23,SRC_STOCK_1_PRICE,REPORT_LIMIT,2.0,0,1,1,0.5,0.8,0.9860992431640625,9
APA-RCA-v2,A7_coincidental,large,24,SRC_STOCK_4_PRICE,REPORT_LIMIT,1.0,1,1,1,1.0,0.8,1.0251998901367188,9
CVAE+APA-RCA,A7_coincidental,large,24,SRC_STOCK_4_PRICE,REPORT_LIMIT,2.0,0,1,1,0.5,0.8,0.9658336639404297,9
APA-RCA-v2,A7_coincidental,large,25,SRC_STOCK_5_PRICE,REPORT_LIMIT,1.0,1,1,1,1.0,0.8,1.0409355163574219,9
CVAE+APA-RCA,A7_coincidental,large,25,SRC_STOCK_5_PRICE,REPORT_LIMIT,1.0,1,1,1,1.0,0.8,0.9579658508300781,9
APA-RCA-v2,A7_coincidental,large,26,SRC_STOCK_7_PRICE,REPORT_LIMIT,1.0,1,1,1,1.0,0.8,0.9870529174804688,9
CVAE+APA-RCA,A7_coincidental,large,26,SRC_STOCK_7_PRICE,REPORT_LIMIT,2.0,0,1,1,0.5,0.8,0.9398460388183594,9
APA-RCA-v2,A7_coincidental,large,27,SRC_STOCK_1_PRICE,REPORT_LIMIT,1.0,1,1,1,1.0,0.8,1.0132789611816406,9
CVAE+APA-RCA,A7_coincidental,large,27,SRC_STOCK_1_PRICE,REPORT_LIMIT,2.0,0,1,1,0.5,0.8,0.9257793426513672,9
APA-RCA-v2,A7_coincidental,large,28,SRC_STOCK_6_PRICE,REPORT_LIMIT,1.0,1,1,1,1.0,0.8,1.0061264038085938,9
CVAE+APA-RCA,A7_coincidental,large,28,SRC_STOCK_6_PRICE,REPORT_LIMIT,2.0,0,1,1,0.5,0.8,1.194000244140625,9
APA-RCA-v2,A7_coincidental,large,29,SRC_STOCK_8_PRICE,REPORT_DASHBOARD,1.0,1,1,1,1.0,0.8,0.9882450103759766,9
CVAE+APA-RCA,A7_coincidental,large,29,SRC_STOCK_8_PRICE,REPORT_DASHBOARD,1.0,1,1,1,1.0,0.8,0.942230224609375,9
APA-RCA-v2+ResGCN,A1_source_corruption,small,0,SRC_STOCK_3_PRICE,,1.0,1,1,1,1.0,0.8,0.0,0
APA-RCA-v2+ResGCN,A1_source_corruption,small,5,SRC_STOCK_3_PRICE,,1.0,1,1,1,1.0,0.8,0.0,0
APA-RCA-v2+ResGCN,A1_source_corruption,small,10,SRC_STOCK_3_PRICE,,1.0,1,1,1,1.0,0.8,0.0,0
APA-RCA-v2+ResGCN,A1_source_corruption,small,15,SRC_STOCK_3_PRICE,,1.0,1,1,1,1.0,0.8,0.0,0
APA-RCA-v2+ResGCN,A1_source_corruption,small,20,SRC_STOCK_3_PRICE,,1.0,1,1,1,1.0,0.8,0.0,0
APA-RCA-v2+ResGCN,A1_source_corruption,small,25,SRC_STOCK_2_PRICE,,1.0,1,1,1,1.0,0.8,0.0,0
APA-RCA-v2+ResGCN,A2_etl_logic_error,small,0,ETL_FX_STOCK_3_PRICE,,1.0,1,1,1,1.0,0.8,0.0,0
APA-RCA-v2+ResGCN,A2_etl_logic_error,small,5,ETL_FX_STOCK_3_PRICE,,1.0,1,1,1,1.0,0.8,0.0,0
APA-RCA-v2+ResGCN,A2_etl_logic_error,small,10,ETL_FX_STOCK_3_PRICE,,1.0,1,1,1,1.0,0.8,0.0,0
APA-RCA-v2+ResGCN,A2_etl_logic_error,small,15,ETL_FX_STOCK_3_PRICE,,1.0,1,1,1,1.0,0.8,0.0,0
APA-RCA-v2+ResGCN,A2_etl_logic_error,small,20,ETL_FX_STOCK_3_PRICE,,1.0,1,1,1,1.0,0.8,0.0,0
APA-RCA-v2+ResGCN,A2_etl_logic_error,small,25,ETL_FX_STOCK_2_PRICE,,1.0,1,1,1,1.0,0.8,0.0,0
APA-RCA-v2+ResGCN,A3_feature_calc_error,small,0,FEAT_VOL20_STOCK_3_PRICE,,3.0,0,1,1,0.3333333333333333,0.8,0.0,0
APA-RCA-v2+ResGCN,A3_feature_calc_error,small,5,FEAT_VOL20_STOCK_3_PRICE,,,0,0,0,0.0,1.0,0.0,0
APA-RCA-v2+ResGCN,A3_feature_calc_error,small,10,FEAT_VOL20_STOCK_3_PRICE,,4.0,0,0,1,0.25,0.8,0.0,0
APA-RCA-v2+ResGCN,A3_feature_calc_error,small,15,FEAT_VOL20_STOCK_3_PRICE,,,0,0,0,0.0,1.0,0.0,0
APA-RCA-v2+ResGCN,A3_feature_calc_error,small,20,FEAT_VOL20_STOCK_3_PRICE,,4.0,0,0,1,0.25,0.8,0.0,0
APA-RCA-v2+ResGCN,A3_feature_calc_error,small,25,FEAT_VOL20_STOCK_2_PRICE,,1.0,1,1,1,1.0,0.8,0.0,0
APA-RCA-v2+ResGCN,A4_aggregation_error,small,0,FEAT_SECTOR_B,,,0,0,0,0.0,1.0,0.0,0
APA-RCA-v2+ResGCN,A4_aggregation_error,small,5,FEAT_SECTOR_B,,,0,0,0,0.0,1.0,0.0,0
APA-RCA-v2+ResGCN,A4_aggregation_error,small,10,FEAT_SECTOR_B,,,0,0,0,0.0,1.0,0.0,0
APA-RCA-v2+ResGCN,A4_aggregation_error,small,15,FEAT_SECTOR_B,,,0,0,0,0.0,1.0,0.0,0
APA-RCA-v2+ResGCN,A4_aggregation_error,small,20,FEAT_SECTOR_B,,,0,0,0,0.0,1.0,0.0,0
APA-RCA-v2+ResGCN,A4_aggregation_error,small,25,FEAT_SECTOR_B,,,0,0,0,0.0,1.0,0.0,0
APA-RCA-v2+ResGCN,A5_downstream_masking,small,0,SRC_STOCK_3_PRICE,,2.0,0,1,1,0.5,0.8,0.0,0
APA-RCA-v2+ResGCN,A5_downstream_masking,small,5,SRC_STOCK_3_PRICE,,4.0,0,0,1,0.25,0.8,0.0,0
APA-RCA-v2+ResGCN,A5_downstream_masking,small,10,SRC_STOCK_3_PRICE,,1.0,1,1,1,1.0,0.8,0.0,0
APA-RCA-v2+ResGCN,A5_downstream_masking,small,15,SRC_STOCK_3_PRICE,,,0,0,0,0.0,1.0,0.0,0
APA-RCA-v2+ResGCN,A5_downstream_masking,small,20,SRC_STOCK_3_PRICE,,1.0,1,1,1,1.0,0.8,0.0,0
APA-RCA-v2+ResGCN,A5_downstream_masking,small,25,SRC_STOCK_2_PRICE,,2.0,0,1,1,0.5,0.8,0.0,0
APA-RCA-v2+ResGCN,A6_multi_source,small,0,SRC_STOCK_3_PRICE,,1.0,1,1,1,1.0,0.8,0.0,0
APA-RCA-v2+ResGCN,A6_multi_source,small,5,SRC_STOCK_3_PRICE,,1.0,1,1,1,1.0,0.8,0.0,0
APA-RCA-v2+ResGCN,A6_multi_source,small,10,SRC_STOCK_2_PRICE,,2.0,0,1,1,0.5,0.8,0.0,0
APA-RCA-v2+ResGCN,A6_multi_source,small,15,SRC_STOCK_1_PRICE,,1.0,1,1,1,1.0,0.8,0.0,0
APA-RCA-v2+ResGCN,A6_multi_source,small,20,SRC_STOCK_2_PRICE,,2.0,0,1,1,0.5,0.8,0.0,0
APA-RCA-v2+ResGCN,A6_multi_source,small,25,SRC_STOCK_2_PRICE,,2.0,0,1,1,0.5,0.8,0.0,0
APA-RCA-v2+ResGCN,A7_coincidental,small,0,SRC_STOCK_3_PRICE,,1.0,1,1,1,1.0,0.8,0.0,0
APA-RCA-v2+ResGCN,A7_coincidental,small,5,SRC_STOCK_3_PRICE,,1.0,1,1,1,1.0,0.8,0.0,0
APA-RCA-v2+ResGCN,A7_coincidental,small,10,SRC_STOCK_3_PRICE,,1.0,1,1,1,1.0,0.8,0.0,0
APA-RCA-v2+ResGCN,A7_coincidental,small,15,SRC_STOCK_3_PRICE,,1.0,1,1,1,1.0,0.8,0.0,0
APA-RCA-v2+ResGCN,A7_coincidental,small,20,SRC_STOCK_3_PRICE,,1.0,1,1,1,1.0,0.8,0.0,0
APA-RCA-v2+ResGCN,A7_coincidental,small,25,SRC_STOCK_2_PRICE,,1.0,1,1,1,1.0,0.8,0.0,0
APA-RCA-v2+ResGCN,A1_source_corruption,medium,0,SRC_STOCK_5_PRICE,,1.0,1,1,1,1.0,0.8,0.0,0
APA-RCA-v2+ResGCN,A1_source_corruption,medium,5,SRC_STOCK_4_PRICE,,1.0,1,1,1,1.0,0.8,0.0,0
APA-RCA-v2+ResGCN,A1_source_corruption,medium,10,SRC_STOCK_4_PRICE,,1.0,1,1,1,1.0,0.8,0.0,0
APA-RCA-v2+ResGCN,A1_source_corruption,medium,15,SRC_STOCK_5_PRICE,,1.0,1,1,1,1.0,0.8,0.0,0
APA-RCA-v2+ResGCN,A1_source_corruption,medium,20,SRC_STOCK_5_PRICE,,1.0,1,1,1,1.0,0.8,0.0,0
APA-RCA-v2+ResGCN,A1_source_corruption,medium,25,SRC_STOCK_3_PRICE,,1.0,1,1,1,1.0,0.8,0.0,0
APA-RCA-v2+ResGCN,A2_etl_logic_error,medium,0,ETL_FX_STOCK_5_PRICE,,1.0,1,1,1,1.0,0.8,0.0,0
APA-RCA-v2+ResGCN,A2_etl_logic_error,medium,5,ETL_FX_STOCK_4_PRICE,,1.0,1,1,1,1.0,0.8,0.0,0
APA-RCA-v2+ResGCN,A2_etl_logic_error,medium,10,ETL_FX_STOCK_4_PRICE,,1.0,1,1,1,1.0,0.8,0.0,0
APA-RCA-v2+ResGCN,A2_etl_logic_error,medium,15,ETL_FX_STOCK_5_PRICE,,5.0,0,0,1,0.2,0.8,0.0,0
APA-RCA-v2+ResGCN,A2_etl_logic_error,medium,20,ETL_FX_STOCK_5_PRICE,,1.0,1,1,1,1.0,0.8,0.0,0
APA-RCA-v2+ResGCN,A2_etl_logic_error,medium,25,ETL_FX_STOCK_3_PRICE,,1.0,1,1,1,1.0,0.8,0.0,0
APA-RCA-v2+ResGCN,A3_feature_calc_error,medium,0,FEAT_VOL20_STOCK_5_PRICE,,1.0,1,1,1,1.0,0.8,0.0,0
APA-RCA-v2+ResGCN,A3_feature_calc_error,medium,5,FEAT_VOL20_STOCK_4_PRICE,,1.0,1,1,1,1.0,0.8,0.0,0
APA-RCA-v2+ResGCN,A3_feature_calc_error,medium,10,FEAT_VOL20_STOCK_4_PRICE,,1.0,1,1,1,1.0,0.8,0.0,0
APA-RCA-v2+ResGCN,A3_feature_calc_error,medium,15,FEAT_VOL20_STOCK_5_PRICE,,1.0,1,1,1,1.0,0.8,0.0,0
APA-RCA-v2+ResGCN,A3_feature_calc_error,medium,20,FEAT_VOL20_STOCK_5_PRICE,,4.0,0,0,1,0.25,0.8,0.0,0
APA-RCA-v2+ResGCN,A3_feature_calc_error,medium,25,FEAT_VOL20_STOCK_3_PRICE,,1.0,1,1,1,1.0,0.8,0.0,0
APA-RCA-v2+ResGCN,A4_aggregation_error,medium,0,FEAT_SECTOR_B,,,0,0,0,0.0,1.0,0.0,0
APA-RCA-v2+ResGCN,A4_aggregation_error,medium,5,FEAT_SECTOR_B,,,0,0,0,0.0,1.0,0.0,0
APA-RCA-v2+ResGCN,A4_aggregation_error,medium,10,FEAT_SECTOR_B,,,0,0,0,0.0,1.0,0.0,0
APA-RCA-v2+ResGCN,A4_aggregation_error,medium,15,FEAT_SECTOR_B,,,0,0,0,0.0,1.0,0.0,0
APA-RCA-v2+ResGCN,A4_aggregation_error,medium,20,FEAT_SECTOR_B,,,0,0,0,0.0,1.0,0.0,0
APA-RCA-v2+ResGCN,A4_aggregation_error,medium,25,FEAT_SECTOR_B,,,0,0,0,0.0,1.0,0.0,0
APA-RCA-v2+ResGCN,A5_downstream_masking,medium,0,SRC_STOCK_5_PRICE,,2.0,0,1,1,0.5,0.8,0.0,0
APA-RCA-v2+ResGCN,A5_downstream_masking,medium,5,SRC_STOCK_4_PRICE,,3.0,0,1,1,0.3333333333333333,0.8,0.0,0
APA-RCA-v2+ResGCN,A5_downstream_masking,medium,10,SRC_STOCK_4_PRICE,,1.0,1,1,1,1.0,0.8,0.0,0
APA-RCA-v2+ResGCN,A5_downstream_masking,medium,15,SRC_STOCK_5_PRICE,,1.0,1,1,1,1.0,0.8,0.0,0
APA-RCA-v2+ResGCN,A5_downstream_masking,medium,20,SRC_STOCK_5_PRICE,,2.0,0,1,1,0.5,0.8,0.0,0
APA-RCA-v2+ResGCN,A5_downstream_masking,medium,25,SRC_STOCK_3_PRICE,,4.0,0,0,1,0.25,0.8,0.0,0
APA-RCA-v2+ResGCN,A6_multi_source,medium,0,SRC_STOCK_4_PRICE,,2.0,0,1,1,0.5,0.8,0.0,0
APA-RCA-v2+ResGCN,A6_multi_source,medium,5,SRC_STOCK_4_PRICE,,1.0,1,1,1,1.0,0.8,0.0,0
APA-RCA-v2+ResGCN,A6_multi_source,medium,10,SRC_STOCK_2_PRICE,,1.0,1,1,1,1.0,0.8,0.0,0
APA-RCA-v2+ResGCN,A6_multi_source,medium,15,SRC_STOCK_4_PRICE,,1.0,1,1,1,1.0,0.8,0.0,0
APA-RCA-v2+ResGCN,A6_multi_source,medium,20,SRC_STOCK_3_PRICE,,2.0,0,1,1,0.5,0.8,0.0,0
APA-RCA-v2+ResGCN,A6_multi_source,medium,25,SRC_STOCK_1_PRICE,,2.0,0,1,1,0.5,0.8,0.0,0
APA-RCA-v2+ResGCN,A7_coincidental,medium,0,SRC_STOCK_5_PRICE,,1.0,1,1,1,1.0,0.8,0.0,0
APA-RCA-v2+ResGCN,A7_coincidental,medium,5,SRC_STOCK_4_PRICE,,1.0,1,1,1,1.0,0.8,0.0,0
APA-RCA-v2+ResGCN,A7_coincidental,medium,10,SRC_STOCK_4_PRICE,,1.0,1,1,1,1.0,0.8,0.0,0
APA-RCA-v2+ResGCN,A7_coincidental,medium,15,SRC_STOCK_5_PRICE,,1.0,1,1,1,1.0,0.8,0.0,0
APA-RCA-v2+ResGCN,A7_coincidental,medium,20,SRC_STOCK_5_PRICE,,1.0,1,1,1,1.0,0.8,0.0,0
APA-RCA-v2+ResGCN,A7_coincidental,medium,25,SRC_STOCK_3_PRICE,,1.0,1,1,1,1.0,0.8,0.0,0
APA-RCA-v2+ResGCN,A1_source_corruption,large,0,SRC_STOCK_7_PRICE,,1.0,1,1,1,1.0,0.8,0.0,0
APA-RCA-v2+ResGCN,A1_source_corruption,large,5,SRC_STOCK_6_PRICE,,1.0,1,1,1,1.0,0.8,0.0,0
APA-RCA-v2+ResGCN,A1_source_corruption,large,10,SRC_STOCK_7_PRICE,,1.0,1,1,1,1.0,0.8,0.0,0
APA-RCA-v2+ResGCN,A1_source_corruption,large,15,SRC_STOCK_8_PRICE,,1.0,1,1,1,1.0,0.8,0.0,0
APA-RCA-v2+ResGCN,A1_source_corruption,large,20,SRC_STOCK_8_PRICE,,1.0,1,1,1,1.0,0.8,0.0,0
APA-RCA-v2+ResGCN,A1_source_corruption,large,25,SRC_STOCK_5_PRICE,,1.0,1,1,1,1.0,0.8,0.0,0
APA-RCA-v2+ResGCN,A2_etl_logic_error,large,0,ETL_FX_STOCK_7_PRICE,,1.0,1,1,1,1.0,0.8,0.0,0
APA-RCA-v2+ResGCN,A2_etl_logic_error,large,5,ETL_FX_STOCK_6_PRICE,,2.0,0,1,1,0.5,0.8,0.0,0
APA-RCA-v2+ResGCN,A2_etl_logic_error,large,10,ETL_FX_STOCK_7_PRICE,,1.0,1,1,1,1.0,0.8,0.0,0
APA-RCA-v2+ResGCN,A2_etl_logic_error,large,15,ETL_FX_STOCK_8_PRICE,,1.0,1,1,1,1.0,0.8,0.0,0
APA-RCA-v2+ResGCN,A2_etl_logic_error,large,20,ETL_FX_STOCK_8_PRICE,,1.0,1,1,1,1.0,0.8,0.0,0
APA-RCA-v2+ResGCN,A2_etl_logic_error,large,25,ETL_FX_STOCK_5_PRICE,,1.0,1,1,1,1.0,0.8,0.0,0
APA-RCA-v2+ResGCN,A3_feature_calc_error,large,0,FEAT_VOL20_STOCK_7_PRICE,,2.0,0,1,1,0.5,0.8,0.0,0
APA-RCA-v2+ResGCN,A3_feature_calc_error,large,5,FEAT_VOL20_STOCK_6_PRICE,,1.0,1,1,1,1.0,0.8,0.0,0
APA-RCA-v2+ResGCN,A3_feature_calc_error,large,10,FEAT_VOL20_STOCK_7_PRICE,,1.0,1,1,1,1.0,0.8,0.0,0
APA-RCA-v2+ResGCN,A3_feature_calc_error,large,15,FEAT_VOL20_STOCK_8_PRICE,,1.0,1,1,1,1.0,0.8,0.0,0
APA-RCA-v2+ResGCN,A3_feature_calc_error,large,20,FEAT_VOL20_STOCK_8_PRICE,,5.0,0,0,1,0.2,0.8,0.0,0
APA-RCA-v2+ResGCN,A3_feature_calc_error,large,25,FEAT_VOL20_STOCK_5_PRICE,,1.0,1,1,1,1.0,0.8,0.0,0
APA-RCA-v2+ResGCN,A4_aggregation_error,large,0,FEAT_SECTOR_B,,,0,0,0,0.0,1.0,0.0,0
APA-RCA-v2+ResGCN,A4_aggregation_error,large,5,FEAT_SECTOR_B,,,0,0,0,0.0,1.0,0.0,0
APA-RCA-v2+ResGCN,A4_aggregation_error,large,10,FEAT_SECTOR_B,,,0,0,0,0.0,1.0,0.0,0
APA-RCA-v2+ResGCN,A4_aggregation_error,large,15,FEAT_SECTOR_B,,,0,0,0,0.0,1.0,0.0,0
APA-RCA-v2+ResGCN,A4_aggregation_error,large,20,FEAT_SECTOR_B,,,0,0,0,0.0,1.0,0.0,0
APA-RCA-v2+ResGCN,A4_aggregation_error,large,25,FEAT_SECTOR_B,,,0,0,0,0.0,1.0,0.0,0
APA-RCA-v2+ResGCN,A5_downstream_masking,large,0,SRC_STOCK_7_PRICE,,5.0,0,0,1,0.2,0.8,0.0,0
APA-RCA-v2+ResGCN,A5_downstream_masking,large,5,SRC_STOCK_6_PRICE,,3.0,0,1,1,0.3333333333333333,0.8,0.0,0
APA-RCA-v2+ResGCN,A5_downstream_masking,large,10,SRC_STOCK_7_PRICE,,2.0,0,1,1,0.5,0.8,0.0,0
APA-RCA-v2+ResGCN,A5_downstream_masking,large,15,SRC_STOCK_8_PRICE,,3.0,0,1,1,0.3333333333333333,0.8,0.0,0
APA-RCA-v2+ResGCN,A5_downstream_masking,large,20,SRC_STOCK_8_PRICE,,4.0,0,0,1,0.25,0.8,0.0,0
APA-RCA-v2+ResGCN,A5_downstream_masking,large,25,SRC_STOCK_5_PRICE,,2.0,0,1,1,0.5,0.8,0.0,0
APA-RCA-v2+ResGCN,A6_multi_source,large,0,SRC_STOCK_5_PRICE,,2.0,0,1,1,0.5,0.8,0.0,0
APA-RCA-v2+ResGCN,A6_multi_source,large,5,SRC_STOCK_6_PRICE,,2.0,0,1,1,0.5,0.8,0.0,0
APA-RCA-v2+ResGCN,A6_multi_source,large,10,SRC_STOCK_3_PRICE,,2.0,0,1,1,0.5,0.8,0.0,0
APA-RCA-v2+ResGCN,A6_multi_source,large,15,SRC_STOCK_5_PRICE,,1.0,1,1,1,1.0,0.8,0.0,0
APA-RCA-v2+ResGCN,A6_multi_source,large,20,SRC_STOCK_6_PRICE,,2.0,0,1,1,0.5,0.8,0.0,0
APA-RCA-v2+ResGCN,A6_multi_source,large,25,SRC_STOCK_2_PRICE,,2.0,0,1,1,0.5,0.8,0.0,0
APA-RCA-v2+ResGCN,A7_coincidental,large,0,SRC_STOCK_7_PRICE,,1.0,1,1,1,1.0,0.8,0.0,0
APA-RCA-v2+ResGCN,A7_coincidental,large,5,SRC_STOCK_6_PRICE,,1.0,1,1,1,1.0,0.8,0.0,0
APA-RCA-v2+ResGCN,A7_coincidental,large,10,SRC_STOCK_7_PRICE,,1.0,1,1,1,1.0,0.8,0.0,0
APA-RCA-v2+ResGCN,A7_coincidental,large,15,SRC_STOCK_8_PRICE,,1.0,1,1,1,1.0,0.8,0.0,0
APA-RCA-v2+ResGCN,A7_coincidental,large,20,SRC_STOCK_8_PRICE,,1.0,1,1,1,1.0,0.8,0.0,0
APA-RCA-v2+ResGCN,A7_coincidental,large,25,SRC_STOCK_5_PRICE,,1.0,1,1,1,1.0,0.8,0.0,0
CVAE+APA-RCA+ResGCN,A1_source_corruption,small,0,SRC_STOCK_3_PRICE,,1.0,1,1,1,1.0,0.8,0.0,0
CVAE+APA-RCA+ResGCN,A1_source_corruption,small,5,SRC_STOCK_3_PRICE,,1.0,1,1,1,1.0,0.8,0.0,0
CVAE+APA-RCA+ResGCN,A1_source_corruption,small,10,SRC_STOCK_3_PRICE,,1.0,1,1,1,1.0,0.8,0.0,0
CVAE+APA-RCA+ResGCN,A1_source_corruption,small,15,SRC_STOCK_3_PRICE,,1.0,1,1,1,1.0,0.8,0.0,0
CVAE+APA-RCA+ResGCN,A1_source_corruption,small,20,SRC_STOCK_3_PRICE,,1.0,1,1,1,1.0,0.8,0.0,0
CVAE+APA-RCA+ResGCN,A1_source_corruption,small,25,SRC_STOCK_2_PRICE,,1.0,1,1,1,1.0,0.8,0.0,0
CVAE+APA-RCA+ResGCN,A2_etl_logic_error,small,0,ETL_FX_STOCK_3_PRICE,,1.0,1,1,1,1.0,0.8,0.0,0
CVAE+APA-RCA+ResGCN,A2_etl_logic_error,small,5,ETL_FX_STOCK_3_PRICE,,1.0,1,1,1,1.0,0.8,0.0,0
CVAE+APA-RCA+ResGCN,A2_etl_logic_error,small,10,ETL_FX_STOCK_3_PRICE,,1.0,1,1,1,1.0,0.8,0.0,0
CVAE+APA-RCA+ResGCN,A2_etl_logic_error,small,15,ETL_FX_STOCK_3_PRICE,,1.0,1,1,1,1.0,0.8,0.0,0
CVAE+APA-RCA+ResGCN,A2_etl_logic_error,small,20,ETL_FX_STOCK_3_PRICE,,1.0,1,1,1,1.0,0.8,0.0,0
CVAE+APA-RCA+ResGCN,A2_etl_logic_error,small,25,ETL_FX_STOCK_2_PRICE,,1.0,1,1,1,1.0,0.8,0.0,0
CVAE+APA-RCA+ResGCN,A3_feature_calc_error,small,0,FEAT_VOL20_STOCK_3_PRICE,,1.0,1,1,1,1.0,0.8,0.0,0
CVAE+APA-RCA+ResGCN,A3_feature_calc_error,small,5,FEAT_VOL20_STOCK_3_PRICE,,1.0,1,1,1,1.0,0.8,0.0,0
CVAE+APA-RCA+ResGCN,A3_feature_calc_error,small,10,FEAT_VOL20_STOCK_3_PRICE,,1.0,1,1,1,1.0,0.8,0.0,0
CVAE+APA-RCA+ResGCN,A3_feature_calc_error,small,15,FEAT_VOL20_STOCK_3_PRICE,,1.0,1,1,1,1.0,0.8,0.0,0
CVAE+APA-RCA+ResGCN,A3_feature_calc_error,small,20,FEAT_VOL20_STOCK_3_PRICE,,1.0,1,1,1,1.0,0.8,0.0,0
CVAE+APA-RCA+ResGCN,A3_feature_calc_error,small,25,FEAT_VOL20_STOCK_2_PRICE,,1.0,1,1,1,1.0,0.8,0.0,0
CVAE+APA-RCA+ResGCN,A4_aggregation_error,small,0,FEAT_SECTOR_B,,,0,0,0,0.0,1.0,0.0,0
CVAE+APA-RCA+ResGCN,A4_aggregation_error,small,5,FEAT_SECTOR_B,,,0,0,0,0.0,1.0,0.0,0
CVAE+APA-RCA+ResGCN,A4_aggregation_error,small,10,FEAT_SECTOR_B,,,0,0,0,0.0,1.0,0.0,0
CVAE+APA-RCA+ResGCN,A4_aggregation_error,small,15,FEAT_SECTOR_B,,,0,0,0,0.0,1.0,0.0,0
CVAE+APA-RCA+ResGCN,A4_aggregation_error,small,20,FEAT_SECTOR_B,,,0,0,0,0.0,1.0,0.0,0
CVAE+APA-RCA+ResGCN,A4_aggregation_error,small,25,FEAT_SECTOR_B,,,0,0,0,0.0,1.0,0.0,0
CVAE+APA-RCA+ResGCN,A5_downstream_masking,small,0,SRC_STOCK_3_PRICE,,2.0,0,1,1,0.5,0.8,0.0,0
CVAE+APA-RCA+ResGCN,A5_downstream_masking,small,5,SRC_STOCK_3_PRICE,,1.0,1,1,1,1.0,0.8,0.0,0
CVAE+APA-RCA+ResGCN,A5_downstream_masking,small,10,SRC_STOCK_3_PRICE,,1.0,1,1,1,1.0,0.8,0.0,0
CVAE+APA-RCA+ResGCN,A5_downstream_masking,small,15,SRC_STOCK_3_PRICE,,1.0,1,1,1,1.0,0.8,0.0,0
CVAE+APA-RCA+ResGCN,A5_downstream_masking,small,20,SRC_STOCK_3_PRICE,,1.0,1,1,1,1.0,0.8,0.0,0
CVAE+APA-RCA+ResGCN,A5_downstream_masking,small,25,SRC_STOCK_2_PRICE,,2.0,0,1,1,0.5,0.8,0.0,0
CVAE+APA-RCA+ResGCN,A6_multi_source,small,0,SRC_STOCK_3_PRICE,,1.0,1,1,1,1.0,0.8,0.0,0
CVAE+APA-RCA+ResGCN,A6_multi_source,small,5,SRC_STOCK_3_PRICE,,1.0,1,1,1,1.0,0.8,0.0,0
CVAE+APA-RCA+ResGCN,A6_multi_source,small,10,SRC_STOCK_2_PRICE,,2.0,0,1,1,0.5,0.8,0.0,0
CVAE+APA-RCA+ResGCN,A6_multi_source,small,15,SRC_STOCK_1_PRICE,,1.0,1,1,1,1.0,0.8,0.0,0
CVAE+APA-RCA+ResGCN,A6_multi_source,small,20,SRC_STOCK_2_PRICE,,1.0,1,1,1,1.0,0.8,0.0,0
CVAE+APA-RCA+ResGCN,A6_multi_source,small,25,SRC_STOCK_2_PRICE,,1.0,1,1,1,1.0,0.8,0.0,0
CVAE+APA-RCA+ResGCN,A7_coincidental,small,0,SRC_STOCK_3_PRICE,,2.0,0,1,1,0.5,0.8,0.0,0
CVAE+APA-RCA+ResGCN,A7_coincidental,small,5,SRC_STOCK_3_PRICE,,2.0,0,1,1,0.5,0.8,0.0,0
CVAE+APA-RCA+ResGCN,A7_coincidental,small,10,SRC_STOCK_3_PRICE,,2.0,0,1,1,0.5,0.8,0.0,0
CVAE+APA-RCA+ResGCN,A7_coincidental,small,15,SRC_STOCK_3_PRICE,,2.0,0,1,1,0.5,0.8,0.0,0
CVAE+APA-RCA+ResGCN,A7_coincidental,small,20,SRC_STOCK_3_PRICE,,2.0,0,1,1,0.5,0.8,0.0,0
CVAE+APA-RCA+ResGCN,A7_coincidental,small,25,SRC_STOCK_2_PRICE,,2.0,0,1,1,0.5,0.8,0.0,0
CVAE+APA-RCA+ResGCN,A1_source_corruption,medium,0,SRC_STOCK_5_PRICE,,1.0,1,1,1,1.0,0.8,0.0,0
CVAE+APA-RCA+ResGCN,A1_source_corruption,medium,5,SRC_STOCK_4_PRICE,,1.0,1,1,1,1.0,0.8,0.0,0
CVAE+APA-RCA+ResGCN,A1_source_corruption,medium,10,SRC_STOCK_4_PRICE,,1.0,1,1,1,1.0,0.8,0.0,0
CVAE+APA-RCA+ResGCN,A1_source_corruption,medium,15,SRC_STOCK_5_PRICE,,1.0,1,1,1,1.0,0.8,0.0,0
CVAE+APA-RCA+ResGCN,A1_source_corruption,medium,20,SRC_STOCK_5_PRICE,,1.0,1,1,1,1.0,0.8,0.0,0
CVAE+APA-RCA+ResGCN,A1_source_corruption,medium,25,SRC_STOCK_3_PRICE,,1.0,1,1,1,1.0,0.8,0.0,0
CVAE+APA-RCA+ResGCN,A2_etl_logic_error,medium,0,ETL_FX_STOCK_5_PRICE,,1.0,1,1,1,1.0,0.8,0.0,0
CVAE+APA-RCA+ResGCN,A2_etl_logic_error,medium,5,ETL_FX_STOCK_4_PRICE,,1.0,1,1,1,1.0,0.8,0.0,0
CVAE+APA-RCA+ResGCN,A2_etl_logic_error,medium,10,ETL_FX_STOCK_4_PRICE,,1.0,1,1,1,1.0,0.8,0.0,0
CVAE+APA-RCA+ResGCN,A2_etl_logic_error,medium,15,ETL_FX_STOCK_5_PRICE,,1.0,1,1,1,1.0,0.8,0.0,0
CVAE+APA-RCA+ResGCN,A2_etl_logic_error,medium,20,ETL_FX_STOCK_5_PRICE,,1.0,1,1,1,1.0,0.8,0.0,0
CVAE+APA-RCA+ResGCN,A2_etl_logic_error,medium,25,ETL_FX_STOCK_3_PRICE,,1.0,1,1,1,1.0,0.8,0.0,0
CVAE+APA-RCA+ResGCN,A3_feature_calc_error,medium,0,FEAT_VOL20_STOCK_5_PRICE,,1.0,1,1,1,1.0,0.8,0.0,0
CVAE+APA-RCA+ResGCN,A3_feature_calc_error,medium,5,FEAT_VOL20_STOCK_4_PRICE,,1.0,1,1,1,1.0,0.8,0.0,0
CVAE+APA-RCA+ResGCN,A3_feature_calc_error,medium,10,FEAT_VOL20_STOCK_4_PRICE,,1.0,1,1,1,1.0,0.8,0.0,0
CVAE+APA-RCA+ResGCN,A3_feature_calc_error,medium,15,FEAT_VOL20_STOCK_5_PRICE,,1.0,1,1,1,1.0,0.8,0.0,0
CVAE+APA-RCA+ResGCN,A3_feature_calc_error,medium,20,FEAT_VOL20_STOCK_5_PRICE,,1.0,1,1,1,1.0,0.8,0.0,0
CVAE+APA-RCA+ResGCN,A3_feature_calc_error,medium,25,FEAT_VOL20_STOCK_3_PRICE,,1.0,1,1,1,1.0,0.8,0.0,0
CVAE+APA-RCA+ResGCN,A4_aggregation_error,medium,0,FEAT_SECTOR_B,,,0,0,0,0.0,1.0,0.0,0
CVAE+APA-RCA+ResGCN,A4_aggregation_error,medium,5,FEAT_SECTOR_B,,,0,0,0,0.0,1.0,0.0,0
CVAE+APA-RCA+ResGCN,A4_aggregation_error,medium,10,FEAT_SECTOR_B,,,0,0,0,0.0,1.0,0.0,0
CVAE+APA-RCA+ResGCN,A4_aggregation_error,medium,15,FEAT_SECTOR_B,,,0,0,0,0.0,1.0,0.0,0
CVAE+APA-RCA+ResGCN,A4_aggregation_error,medium,20,FEAT_SECTOR_B,,,0,0,0,0.0,1.0,0.0,0
CVAE+APA-RCA+ResGCN,A4_aggregation_error,medium,25,FEAT_SECTOR_B,,,0,0,0,0.0,1.0,0.0,0
CVAE+APA-RCA+ResGCN,A5_downstream_masking,medium,0,SRC_STOCK_5_PRICE,,1.0,1,1,1,1.0,0.8,0.0,0
CVAE+APA-RCA+ResGCN,A5_downstream_masking,medium,5,SRC_STOCK_4_PRICE,,1.0,1,1,1,1.0,0.8,0.0,0
CVAE+APA-RCA+ResGCN,A5_downstream_masking,medium,10,SRC_STOCK_4_PRICE,,1.0,1,1,1,1.0,0.8,0.0,0
CVAE+APA-RCA+ResGCN,A5_downstream_masking,medium,15,SRC_STOCK_5_PRICE,,4.0,0,0,1,0.25,0.8,0.0,0
CVAE+APA-RCA+ResGCN,A5_downstream_masking,medium,20,SRC_STOCK_5_PRICE,,1.0,1,1,1,1.0,0.8,0.0,0
CVAE+APA-RCA+ResGCN,A5_downstream_masking,medium,25,SRC_STOCK_3_PRICE,,1.0,1,1,1,1.0,0.8,0.0,0
CVAE+APA-RCA+ResGCN,A6_multi_source,medium,0,SRC_STOCK_4_PRICE,,1.0,1,1,1,1.0,0.8,0.0,0
CVAE+APA-RCA+ResGCN,A6_multi_source,medium,5,SRC_STOCK_4_PRICE,,1.0,1,1,1,1.0,0.8,0.0,0
CVAE+APA-RCA+ResGCN,A6_multi_source,medium,10,SRC_STOCK_2_PRICE,,1.0,1,1,1,1.0,0.8,0.0,0
CVAE+APA-RCA+ResGCN,A6_multi_source,medium,15,SRC_STOCK_4_PRICE,,2.0,0,1,1,0.5,0.8,0.0,0
CVAE+APA-RCA+ResGCN,A6_multi_source,medium,20,SRC_STOCK_3_PRICE,,1.0,1,1,1,1.0,0.8,0.0,0
CVAE+APA-RCA+ResGCN,A6_multi_source,medium,25,SRC_STOCK_1_PRICE,,1.0,1,1,1,1.0,0.8,0.0,0
CVAE+APA-RCA+ResGCN,A7_coincidental,medium,0,SRC_STOCK_5_PRICE,,2.0,0,1,1,0.5,0.8,0.0,0
CVAE+APA-RCA+ResGCN,A7_coincidental,medium,5,SRC_STOCK_4_PRICE,,2.0,0,1,1,0.5,0.8,0.0,0
CVAE+APA-RCA+ResGCN,A7_coincidental,medium,10,SRC_STOCK_4_PRICE,,2.0,0,1,1,0.5,0.8,0.0,0
CVAE+APA-RCA+ResGCN,A7_coincidental,medium,15,SRC_STOCK_5_PRICE,,2.0,0,1,1,0.5,0.8,0.0,0
CVAE+APA-RCA+ResGCN,A7_coincidental,medium,20,SRC_STOCK_5_PRICE,,2.0,0,1,1,0.5,0.8,0.0,0
CVAE+APA-RCA+ResGCN,A7_coincidental,medium,25,SRC_STOCK_3_PRICE,,1.0,1,1,1,1.0,0.8,0.0,0
CVAE+APA-RCA+ResGCN,A1_source_corruption,large,0,SRC_STOCK_7_PRICE,,1.0,1,1,1,1.0,0.8,0.0,0
CVAE+APA-RCA+ResGCN,A1_source_corruption,large,5,SRC_STOCK_6_PRICE,,1.0,1,1,1,1.0,0.8,0.0,0
CVAE+APA-RCA+ResGCN,A1_source_corruption,large,10,SRC_STOCK_7_PRICE,,1.0,1,1,1,1.0,0.8,0.0,0
CVAE+APA-RCA+ResGCN,A1_source_corruption,large,15,SRC_STOCK_8_PRICE,,1.0,1,1,1,1.0,0.8,0.0,0
CVAE+APA-RCA+ResGCN,A1_source_corruption,large,20,SRC_STOCK_8_PRICE,,1.0,1,1,1,1.0,0.8,0.0,0
CVAE+APA-RCA+ResGCN,A1_source_corruption,large,25,SRC_STOCK_5_PRICE,,1.0,1,1,1,1.0,0.8,0.0,0
CVAE+APA-RCA+ResGCN,A2_etl_logic_error,large,0,ETL_FX_STOCK_7_PRICE,,,0,0,0,0.0,1.0,0.0,0
CVAE+APA-RCA+ResGCN,A2_etl_logic_error,large,5,ETL_FX_STOCK_6_PRICE,,,0,0,0,0.0,1.0,0.0,0
CVAE+APA-RCA+ResGCN,A2_etl_logic_error,large,10,ETL_FX_STOCK_7_PRICE,,1.0,1,1,1,1.0,0.8,0.0,0
CVAE+APA-RCA+ResGCN,A2_etl_logic_error,large,15,ETL_FX_STOCK_8_PRICE,,,0,0,0,0.0,1.0,0.0,0
CVAE+APA-RCA+ResGCN,A2_etl_logic_error,large,20,ETL_FX_STOCK_8_PRICE,,,0,0,0,0.0,1.0,0.0,0
CVAE+APA-RCA+ResGCN,A2_etl_logic_error,large,25,ETL_FX_STOCK_5_PRICE,,,0,0,0,0.0,1.0,0.0,0
CVAE+APA-RCA+ResGCN,A3_feature_calc_error,large,0,FEAT_VOL20_STOCK_7_PRICE,,1.0,1,1,1,1.0,0.8,0.0,0
CVAE+APA-RCA+ResGCN,A3_feature_calc_error,large,5,FEAT_VOL20_STOCK_6_PRICE,,1.0,1,1,1,1.0,0.8,0.0,0
CVAE+APA-RCA+ResGCN,A3_feature_calc_error,large,10,FEAT_VOL20_STOCK_7_PRICE,,1.0,1,1,1,1.0,0.8,0.0,0
CVAE+APA-RCA+ResGCN,A3_feature_calc_error,large,15,FEAT_VOL20_STOCK_8_PRICE,,,0,0,0,0.0,1.0,0.0,0
CVAE+APA-RCA+ResGCN,A3_feature_calc_error,large,20,FEAT_VOL20_STOCK_8_PRICE,,1.0,1,1,1,1.0,0.8,0.0,0
CVAE+APA-RCA+ResGCN,A3_feature_calc_error,large,25,FEAT_VOL20_STOCK_5_PRICE,,,0,0,0,0.0,1.0,0.0,0
CVAE+APA-RCA+ResGCN,A4_aggregation_error,large,0,FEAT_SECTOR_B,,,0,0,0,0.0,1.0,0.0,0
CVAE+APA-RCA+ResGCN,A4_aggregation_error,large,5,FEAT_SECTOR_B,,,0,0,0,0.0,1.0,0.0,0
CVAE+APA-RCA+ResGCN,A4_aggregation_error,large,10,FEAT_SECTOR_B,,,0,0,0,0.0,1.0,0.0,0
CVAE+APA-RCA+ResGCN,A4_aggregation_error,large,15,FEAT_SECTOR_B,,,0,0,0,0.0,1.0,0.0,0
CVAE+APA-RCA+ResGCN,A4_aggregation_error,large,20,FEAT_SECTOR_B,,,0,0,0,0.0,1.0,0.0,0
CVAE+APA-RCA+ResGCN,A4_aggregation_error,large,25,FEAT_SECTOR_B,,,0,0,0,0.0,1.0,0.0,0
CVAE+APA-RCA+ResGCN,A5_downstream_masking,large,0,SRC_STOCK_7_PRICE,,1.0,1,1,1,1.0,0.8,0.0,0
CVAE+APA-RCA+ResGCN,A5_downstream_masking,large,5,SRC_STOCK_6_PRICE,,1.0,1,1,1,1.0,0.8,0.0,0
CVAE+APA-RCA+ResGCN,A5_downstream_masking,large,10,SRC_STOCK_7_PRICE,,1.0,1,1,1,1.0,0.8,0.0,0
CVAE+APA-RCA+ResGCN,A5_downstream_masking,large,15,SRC_STOCK_8_PRICE,,2.0,0,1,1,0.5,0.8,0.0,0
CVAE+APA-RCA+ResGCN,A5_downstream_masking,large,20,SRC_STOCK_8_PRICE,,1.0,1,1,1,1.0,0.8,0.0,0
CVAE+APA-RCA+ResGCN,A5_downstream_masking,large,25,SRC_STOCK_5_PRICE,,1.0,1,1,1,1.0,0.8,0.0,0
CVAE+APA-RCA+ResGCN,A6_multi_source,large,0,SRC_STOCK_5_PRICE,,1.0,1,1,1,1.0,0.8,0.0,0
CVAE+APA-RCA+ResGCN,A6_multi_source,large,5,SRC_STOCK_6_PRICE,,1.0,1,1,1,1.0,0.8,0.0,0
CVAE+APA-RCA+ResGCN,A6_multi_source,large,10,SRC_STOCK_3_PRICE,,1.0,1,1,1,1.0,0.8,0.0,0
CVAE+APA-RCA+ResGCN,A6_multi_source,large,15,SRC_STOCK_5_PRICE,,1.0,1,1,1,1.0,0.8,0.0,0
CVAE+APA-RCA+ResGCN,A6_multi_source,large,20,SRC_STOCK_6_PRICE,,1.0,1,1,1,1.0,0.8,0.0,0
CVAE+APA-RCA+ResGCN,A6_multi_source,large,25,SRC_STOCK_2_PRICE,,2.0,0,1,1,0.5,0.8,0.0,0
CVAE+APA-RCA+ResGCN,A7_coincidental,large,0,SRC_STOCK_7_PRICE,,2.0,0,1,1,0.5,0.8,0.0,0
CVAE+APA-RCA+ResGCN,A7_coincidental,large,5,SRC_STOCK_6_PRICE,,2.0,0,1,1,0.5,0.8,0.0,0
CVAE+APA-RCA+ResGCN,A7_coincidental,large,10,SRC_STOCK_7_PRICE,,2.0,0,1,1,0.5,0.8,0.0,0
CVAE+APA-RCA+ResGCN,A7_coincidental,large,15,SRC_STOCK_8_PRICE,,2.0,0,1,1,0.5,0.8,0.0,0
CVAE+APA-RCA+ResGCN,A7_coincidental,large,20,SRC_STOCK_8_PRICE,,2.0,0,1,1,0.5,0.8,0.0,0
CVAE+APA-RCA+ResGCN,A7_coincidental,large,25,SRC_STOCK_5_PRICE,,1.0,1,1,1,1.0,0.8,0.0,0
APA-RCA-v2+ResGCN,A1_source_corruption,small,1,SRC_STOCK_2_PRICE,,1.0,1,1,1,1.0,0.8,0.0,0
APA-RCA-v2+ResGCN,A1_source_corruption,small,6,SRC_STOCK_2_PRICE,,1.0,1,1,1,1.0,0.8,0.0,0
APA-RCA-v2+ResGCN,A1_source_corruption,small,11,SRC_STOCK_1_PRICE,,1.0,1,1,1,1.0,0.8,0.0,0
APA-RCA-v2+ResGCN,A1_source_corruption,small,16,SRC_STOCK_2_PRICE,,1.0,1,1,1,1.0,0.8,0.0,0
APA-RCA-v2+ResGCN,A1_source_corruption,small,21,SRC_STOCK_1_PRICE,,1.0,1,1,1,1.0,0.8,0.0,0
APA-RCA-v2+ResGCN,A1_source_corruption,small,26,SRC_STOCK_3_PRICE,,1.0,1,1,1,1.0,0.8,0.0,0
APA-RCA-v2+ResGCN,A2_etl_logic_error,small,1,ETL_FX_STOCK_2_PRICE,,4.0,0,0,1,0.25,0.8,0.0,0
APA-RCA-v2+ResGCN,A2_etl_logic_error,small,6,ETL_FX_STOCK_2_PRICE,,2.0,0,1,1,0.5,0.8,0.0,0
APA-RCA-v2+ResGCN,A2_etl_logic_error,small,11,ETL_FX_STOCK_1_PRICE,,1.0,1,1,1,1.0,0.8,0.0,0
APA-RCA-v2+ResGCN,A2_etl_logic_error,small,16,ETL_FX_STOCK_2_PRICE,,3.0,0,1,1,0.3333333333333333,0.8,0.0,0
APA-RCA-v2+ResGCN,A2_etl_logic_error,small,21,ETL_FX_STOCK_1_PRICE,,4.0,0,0,1,0.25,0.8,0.0,0
APA-RCA-v2+ResGCN,A2_etl_logic_error,small,26,ETL_FX_STOCK_3_PRICE,,5.0,0,0,1,0.2,0.8,0.0,0
APA-RCA-v2+ResGCN,A3_feature_calc_error,small,1,FEAT_VOL20_STOCK_2_PRICE,,,0,0,0,0.0,1.0,0.0,0
APA-RCA-v2+ResGCN,A3_feature_calc_error,small,6,FEAT_VOL20_STOCK_2_PRICE,,2.0,0,1,1,0.5,0.8,0.0,0
APA-RCA-v2+ResGCN,A3_feature_calc_error,small,11,FEAT_VOL20_STOCK_1_PRICE,,2.0,0,1,1,0.5,0.8,0.0,0
APA-RCA-v2+ResGCN,A3_feature_calc_error,small,16,FEAT_VOL20_STOCK_2_PRICE,,3.0,0,1,1,0.3333333333333333,0.8,0.0,0
APA-RCA-v2+ResGCN,A3_feature_calc_error,small,21,FEAT_VOL20_STOCK_1_PRICE,,3.0,0,1,1,0.3333333333333333,0.8,0.0,0
APA-RCA-v2+ResGCN,A3_feature_calc_error,small,26,FEAT_VOL20_STOCK_3_PRICE,,2.0,0,1,1,0.5,0.8,0.0,0
APA-RCA-v2+ResGCN,A4_aggregation_error,small,1,FEAT_SECTOR_A,,,0,0,0,0.0,1.0,0.0,0
APA-RCA-v2+ResGCN,A4_aggregation_error,small,6,FEAT_SECTOR_A,,,0,0,0,0.0,1.0,0.0,0
APA-RCA-v2+ResGCN,A4_aggregation_error,small,11,FEAT_SECTOR_A,,,0,0,0,0.0,1.0,0.0,0
APA-RCA-v2+ResGCN,A4_aggregation_error,small,16,FEAT_SECTOR_B,,,0,0,0,0.0,1.0,0.0,0
APA-RCA-v2+ResGCN,A4_aggregation_error,small,21,FEAT_SECTOR_A,,,0,0,0,0.0,1.0,0.0,0
APA-RCA-v2+ResGCN,A4_aggregation_error,small,26,FEAT_SECTOR_B,,,0,0,0,0.0,1.0,0.0,0
APA-RCA-v2+ResGCN,A5_downstream_masking,small,1,SRC_STOCK_2_PRICE,,1.0,1,1,1,1.0,0.8,0.0,0
APA-RCA-v2+ResGCN,A5_downstream_masking,small,6,SRC_STOCK_2_PRICE,,,0,0,0,0.0,1.0,0.0,0
APA-RCA-v2+ResGCN,A5_downstream_masking,small,11,SRC_STOCK_1_PRICE,,3.0,0,1,1,0.3333333333333333,0.8,0.0,0
APA-RCA-v2+ResGCN,A5_downstream_masking,small,16,SRC_STOCK_2_PRICE,,1.0,1,1,1,1.0,0.8,0.0,0
APA-RCA-v2+ResGCN,A5_downstream_masking,small,21,SRC_STOCK_1_PRICE,,1.0,1,1,1,1.0,0.8,0.0,0
APA-RCA-v2+ResGCN,A5_downstream_masking,small,26,SRC_STOCK_3_PRICE,,1.0,1,1,1,1.0,0.8,0.0,0
APA-RCA-v2+ResGCN,A6_multi_source,small,1,SRC_STOCK_1_PRICE,,2.0,0,1,1,0.5,0.8,0.0,0
APA-RCA-v2+ResGCN,A6_multi_source,small,6,SRC_STOCK_3_PRICE,,2.0,0,1,1,0.5,0.8,0.0,0
APA-RCA-v2+ResGCN,A6_multi_source,small,11,SRC_STOCK_2_PRICE,,2.0,0,1,1,0.5,0.8,0.0,0
APA-RCA-v2+ResGCN,A6_multi_source,small,16,SRC_STOCK_2_PRICE,,2.0,0,1,1,0.5,0.8,0.0,0
APA-RCA-v2+ResGCN,A6_multi_source,small,21,SRC_STOCK_1_PRICE,,1.0,1,1,1,1.0,0.8,0.0,0
APA-RCA-v2+ResGCN,A6_multi_source,small,26,SRC_STOCK_3_PRICE,,1.0,1,1,1,1.0,0.8,0.0,0
APA-RCA-v2+ResGCN,A7_coincidental,small,1,SRC_STOCK_2_PRICE,,1.0,1,1,1,1.0,0.8,0.0,0
APA-RCA-v2+ResGCN,A7_coincidental,small,6,SRC_STOCK_2_PRICE,,1.0,1,1,1,1.0,0.8,0.0,0
APA-RCA-v2+ResGCN,A7_coincidental,small,11,SRC_STOCK_1_PRICE,,1.0,1,1,1,1.0,0.8,0.0,0
APA-RCA-v2+ResGCN,A7_coincidental,small,16,SRC_STOCK_2_PRICE,,1.0,1,1,1,1.0,0.8,0.0,0
APA-RCA-v2+ResGCN,A7_coincidental,small,21,SRC_STOCK_1_PRICE,,1.0,1,1,1,1.0,0.8,0.0,0
APA-RCA-v2+ResGCN,A7_coincidental,small,26,SRC_STOCK_3_PRICE,,1.0,1,1,1,1.0,0.8,0.0,0
APA-RCA-v2+ResGCN,A1_source_corruption,medium,1,SRC_STOCK_3_PRICE,,1.0,1,1,1,1.0,0.8,0.0,0
APA-RCA-v2+ResGCN,A1_source_corruption,medium,6,SRC_STOCK_3_PRICE,,1.0,1,1,1,1.0,0.8,0.0,0
APA-RCA-v2+ResGCN,A1_source_corruption,medium,11,SRC_STOCK_1_PRICE,,1.0,1,1,1,1.0,0.8,0.0,0
APA-RCA-v2+ResGCN,A1_source_corruption,medium,16,SRC_STOCK_3_PRICE,,1.0,1,1,1,1.0,0.8,0.0,0
APA-RCA-v2+ResGCN,A1_source_corruption,medium,21,SRC_STOCK_2_PRICE,,1.0,1,1,1,1.0,0.8,0.0,0
APA-RCA-v2+ResGCN,A1_source_corruption,medium,26,SRC_STOCK_5_PRICE,,1.0,1,1,1,1.0,0.8,0.0,0
APA-RCA-v2+ResGCN,A2_etl_logic_error,medium,1,ETL_FX_STOCK_3_PRICE,,1.0,1,1,1,1.0,0.8,0.0,0
APA-RCA-v2+ResGCN,A2_etl_logic_error,medium,6,ETL_FX_STOCK_3_PRICE,,2.0,0,1,1,0.5,0.8,0.0,0
APA-RCA-v2+ResGCN,A2_etl_logic_error,medium,11,ETL_FX_STOCK_1_PRICE,,1.0,1,1,1,1.0,0.8,0.0,0
APA-RCA-v2+ResGCN,A2_etl_logic_error,medium,16,ETL_FX_STOCK_3_PRICE,,1.0,1,1,1,1.0,0.8,0.0,0
APA-RCA-v2+ResGCN,A2_etl_logic_error,medium,21,ETL_FX_STOCK_2_PRICE,,2.0,0,1,1,0.5,0.8,0.0,0
APA-RCA-v2+ResGCN,A2_etl_logic_error,medium,26,ETL_FX_STOCK_5_PRICE,,2.0,0,1,1,0.5,0.8,0.0,0
APA-RCA-v2+ResGCN,A3_feature_calc_error,medium,1,FEAT_VOL20_STOCK_3_PRICE,,1.0,1,1,1,1.0,0.8,0.0,0
APA-RCA-v2+ResGCN,A3_feature_calc_error,medium,6,FEAT_VOL20_STOCK_3_PRICE,,1.0,1,1,1,1.0,0.8,0.0,0
APA-RCA-v2+ResGCN,A3_feature_calc_error,medium,11,FEAT_VOL20_STOCK_1_PRICE,,1.0,1,1,1,1.0,0.8,0.0,0
APA-RCA-v2+ResGCN,A3_feature_calc_error,medium,16,FEAT_VOL20_STOCK_3_PRICE,,1.0,1,1,1,1.0,0.8,0.0,0
APA-RCA-v2+ResGCN,A3_feature_calc_error,medium,21,FEAT_VOL20_STOCK_2_PRICE,,2.0,0,1,1,0.5,0.8,0.0,0
APA-RCA-v2+ResGCN,A3_feature_calc_error,medium,26,FEAT_VOL20_STOCK_5_PRICE,,2.0,0,1,1,0.5,0.8,0.0,0
APA-RCA-v2+ResGCN,A4_aggregation_error,medium,1,FEAT_SECTOR_A,,,0,0,0,0.0,1.0,0.0,0
APA-RCA-v2+ResGCN,A4_aggregation_error,medium,6,FEAT_SECTOR_A,,,0,0,0,0.0,1.0,0.0,0
APA-RCA-v2+ResGCN,A4_aggregation_error,medium,11,FEAT_SECTOR_A,,,0,0,0,0.0,1.0,0.0,0
APA-RCA-v2+ResGCN,A4_aggregation_error,medium,16,FEAT_SECTOR_B,,,0,0,0,0.0,1.0,0.0,0
APA-RCA-v2+ResGCN,A4_aggregation_error,medium,21,FEAT_SECTOR_A,,,0,0,0,0.0,1.0,0.0,0
APA-RCA-v2+ResGCN,A4_aggregation_error,medium,26,FEAT_SECTOR_B,,,0,0,0,0.0,1.0,0.0,0
APA-RCA-v2+ResGCN,A5_downstream_masking,medium,1,SRC_STOCK_3_PRICE,,2.0,0,1,1,0.5,0.8,0.0,0
APA-RCA-v2+ResGCN,A5_downstream_masking,medium,6,SRC_STOCK_3_PRICE,,1.0,1,1,1,1.0,0.8,0.0,0
APA-RCA-v2+ResGCN,A5_downstream_masking,medium,11,SRC_STOCK_1_PRICE,,3.0,0,1,1,0.3333333333333333,0.8,0.0,0
APA-RCA-v2+ResGCN,A5_downstream_masking,medium,16,SRC_STOCK_3_PRICE,,1.0,1,1,1,1.0,0.8,0.0,0
APA-RCA-v2+ResGCN,A5_downstream_masking,medium,21,SRC_STOCK_2_PRICE,,2.0,0,1,1,0.5,0.8,0.0,0
APA-RCA-v2+ResGCN,A5_downstream_masking,medium,26,SRC_STOCK_5_PRICE,,3.0,0,1,1,0.3333333333333333,0.8,0.0,0
APA-RCA-v2+ResGCN,A6_multi_source,medium,1,SRC_STOCK_3_PRICE,,1.0,1,1,1,1.0,0.8,0.0,0
APA-RCA-v2+ResGCN,A6_multi_source,medium,6,SRC_STOCK_2_PRICE,,1.0,1,1,1,1.0,0.8,0.0,0
APA-RCA-v2+ResGCN,A6_multi_source,medium,11,SRC_STOCK_1_PRICE,,1.0,1,1,1,1.0,0.8,0.0,0
APA-RCA-v2+ResGCN,A6_multi_source,medium,16,SRC_STOCK_2_PRICE,,2.0,0,1,1,0.5,0.8,0.0,0
APA-RCA-v2+ResGCN,A6_multi_source,medium,21,SRC_STOCK_2_PRICE,,2.0,0,1,1,0.5,0.8,0.0,0
APA-RCA-v2+ResGCN,A6_multi_source,medium,26,SRC_STOCK_2_PRICE,,2.0,0,1,1,0.5,0.8,0.0,0
APA-RCA-v2+ResGCN,A7_coincidental,medium,1,SRC_STOCK_3_PRICE,,1.0,1,1,1,1.0,0.8,0.0,0
APA-RCA-v2+ResGCN,A7_coincidental,medium,6,SRC_STOCK_3_PRICE,,1.0,1,1,1,1.0,0.8,0.0,0
APA-RCA-v2+ResGCN,A7_coincidental,medium,11,SRC_STOCK_1_PRICE,,1.0,1,1,1,1.0,0.8,0.0,0
APA-RCA-v2+ResGCN,A7_coincidental,medium,16,SRC_STOCK_3_PRICE,,1.0,1,1,1,1.0,0.8,0.0,0
APA-RCA-v2+ResGCN,A7_coincidental,medium,21,SRC_STOCK_2_PRICE,,1.0,1,1,1,1.0,0.8,0.0,0
APA-RCA-v2+ResGCN,A7_coincidental,medium,26,SRC_STOCK_5_PRICE,,1.0,1,1,1,1.0,0.8,0.0,0
APA-RCA-v2+ResGCN,A1_source_corruption,large,1,SRC_STOCK_4_PRICE,,1.0,1,1,1,1.0,0.8,0.0,0
APA-RCA-v2+ResGCN,A1_source_corruption,large,6,SRC_STOCK_4_PRICE,,1.0,1,1,1,1.0,0.8,0.0,0
APA-RCA-v2+ResGCN,A1_source_corruption,large,11,SRC_STOCK_2_PRICE,,1.0,1,1,1,1.0,0.8,0.0,0
APA-RCA-v2+ResGCN,A1_source_corruption,large,16,SRC_STOCK_5_PRICE,,1.0,1,1,1,1.0,0.8,0.0,0
APA-RCA-v2+ResGCN,A1_source_corruption,large,21,SRC_STOCK_3_PRICE,,1.0,1,1,1,1.0,0.8,0.0,0
APA-RCA-v2+ResGCN,A1_source_corruption,large,26,SRC_STOCK_7_PRICE,,1.0,1,1,1,1.0,0.8,0.0,0
APA-RCA-v2+ResGCN,A2_etl_logic_error,large,1,ETL_FX_STOCK_4_PRICE,,1.0,1,1,1,1.0,0.8,0.0,0
APA-RCA-v2+ResGCN,A2_etl_logic_error,large,6,ETL_FX_STOCK_4_PRICE,,1.0,1,1,1,1.0,0.8,0.0,0
APA-RCA-v2+ResGCN,A2_etl_logic_error,large,11,ETL_FX_STOCK_2_PRICE,,2.0,0,1,1,0.5,0.8,0.0,0
APA-RCA-v2+ResGCN,A2_etl_logic_error,large,16,ETL_FX_STOCK_5_PRICE,,2.0,0,1,1,0.5,0.8,0.0,0
APA-RCA-v2+ResGCN,A2_etl_logic_error,large,21,ETL_FX_STOCK_3_PRICE,,2.0,0,1,1,0.5,0.8,0.0,0
APA-RCA-v2+ResGCN,A2_etl_logic_error,large,26,ETL_FX_STOCK_7_PRICE,,5.0,0,0,1,0.2,0.8,0.0,0
APA-RCA-v2+ResGCN,A3_feature_calc_error,large,1,FEAT_VOL20_STOCK_4_PRICE,,1.0,1,1,1,1.0,0.8,0.0,0
APA-RCA-v2+ResGCN,A3_feature_calc_error,large,6,FEAT_VOL20_STOCK_4_PRICE,,1.0,1,1,1,1.0,0.8,0.0,0
APA-RCA-v2+ResGCN,A3_feature_calc_error,large,11,FEAT_VOL20_STOCK_2_PRICE,,,0,0,0,0.0,1.0,0.0,0
APA-RCA-v2+ResGCN,A3_feature_calc_error,large,16,FEAT_VOL20_STOCK_5_PRICE,,,0,0,0,0.0,1.0,0.0,0
APA-RCA-v2+ResGCN,A3_feature_calc_error,large,21,FEAT_VOL20_STOCK_3_PRICE,,1.0,1,1,1,1.0,0.8,0.0,0
APA-RCA-v2+ResGCN,A3_feature_calc_error,large,26,FEAT_VOL20_STOCK_7_PRICE,,2.0,0,1,1,0.5,0.8,0.0,0
APA-RCA-v2+ResGCN,A4_aggregation_error,large,1,FEAT_SECTOR_A,,,0,0,0,0.0,1.0,0.0,0
APA-RCA-v2+ResGCN,A4_aggregation_error,large,6,FEAT_SECTOR_A,,,0,0,0,0.0,1.0,0.0,0
APA-RCA-v2+ResGCN,A4_aggregation_error,large,11,FEAT_SECTOR_A,,,0,0,0,0.0,1.0,0.0,0
APA-RCA-v2+ResGCN,A4_aggregation_error,large,16,FEAT_SECTOR_B,,,0,0,0,0.0,1.0,0.0,0
APA-RCA-v2+ResGCN,A4_aggregation_error,large,21,FEAT_SECTOR_A,,,0,0,0,0.0,1.0,0.0,0
APA-RCA-v2+ResGCN,A4_aggregation_error,large,26,FEAT_SECTOR_B,,,0,0,0,0.0,1.0,0.0,0
APA-RCA-v2+ResGCN,A5_downstream_masking,large,1,SRC_STOCK_4_PRICE,,1.0,1,1,1,1.0,0.8,0.0,0
APA-RCA-v2+ResGCN,A5_downstream_masking,large,6,SRC_STOCK_4_PRICE,,2.0,0,1,1,0.5,0.8,0.0,0
APA-RCA-v2+ResGCN,A5_downstream_masking,large,11,SRC_STOCK_2_PRICE,,3.0,0,1,1,0.3333333333333333,0.8,0.0,0
APA-RCA-v2+ResGCN,A5_downstream_masking,large,16,SRC_STOCK_5_PRICE,,2.0,0,1,1,0.5,0.8,0.0,0
APA-RCA-v2+ResGCN,A5_downstream_masking,large,21,SRC_STOCK_3_PRICE,,3.0,0,1,1,0.3333333333333333,0.8,0.0,0
APA-RCA-v2+ResGCN,A5_downstream_masking,large,26,SRC_STOCK_7_PRICE,,1.0,1,1,1,1.0,0.8,0.0,0
APA-RCA-v2+ResGCN,A6_multi_source,large,1,SRC_STOCK_4_PRICE,,2.0,0,1,1,0.5,0.8,0.0,0
APA-RCA-v2+ResGCN,A6_multi_source,large,6,SRC_STOCK_3_PRICE,,2.0,0,1,1,0.5,0.8,0.0,0
APA-RCA-v2+ResGCN,A6_multi_source,large,11,SRC_STOCK_1_PRICE,,1.0,1,1,1,1.0,0.8,0.0,0
APA-RCA-v2+ResGCN,A6_multi_source,large,16,SRC_STOCK_4_PRICE,,1.0,1,1,1,1.0,0.8,0.0,0
APA-RCA-v2+ResGCN,A6_multi_source,large,21,SRC_STOCK_4_PRICE,,1.0,1,1,1,1.0,0.8,0.0,0
APA-RCA-v2+ResGCN,A6_multi_source,large,26,SRC_STOCK_4_PRICE,,1.0,1,1,1,1.0,0.8,0.0,0
APA-RCA-v2+ResGCN,A7_coincidental,large,1,SRC_STOCK_4_PRICE,,1.0,1,1,1,1.0,0.8,0.0,0
APA-RCA-v2+ResGCN,A7_coincidental,large,6,SRC_STOCK_4_PRICE,,1.0,1,1,1,1.0,0.8,0.0,0
APA-RCA-v2+ResGCN,A7_coincidental,large,11,SRC_STOCK_2_PRICE,,1.0,1,1,1,1.0,0.8,0.0,0
APA-RCA-v2+ResGCN,A7_coincidental,large,16,SRC_STOCK_5_PRICE,,1.0,1,1,1,1.0,0.8,0.0,0
APA-RCA-v2+ResGCN,A7_coincidental,large,21,SRC_STOCK_3_PRICE,,1.0,1,1,1,1.0,0.8,0.0,0
APA-RCA-v2+ResGCN,A7_coincidental,large,26,SRC_STOCK_7_PRICE,,1.0,1,1,1,1.0,0.8,0.0,0
CVAE+APA-RCA+ResGCN,A1_source_corruption,small,1,SRC_STOCK_2_PRICE,,1.0,1,1,1,1.0,0.8,0.0,0
CVAE+APA-RCA+ResGCN,A1_source_corruption,small,6,SRC_STOCK_2_PRICE,,1.0,1,1,1,1.0,0.8,0.0,0
CVAE+APA-RCA+ResGCN,A1_source_corruption,small,11,SRC_STOCK_1_PRICE,,1.0,1,1,1,1.0,0.8,0.0,0
CVAE+APA-RCA+ResGCN,A1_source_corruption,small,16,SRC_STOCK_2_PRICE,,1.0,1,1,1,1.0,0.8,0.0,0
CVAE+APA-RCA+ResGCN,A1_source_corruption,small,21,SRC_STOCK_1_PRICE,,1.0,1,1,1,1.0,0.8,0.0,0
CVAE+APA-RCA+ResGCN,A1_source_corruption,small,26,SRC_STOCK_3_PRICE,,1.0,1,1,1,1.0,0.8,0.0,0
CVAE+APA-RCA+ResGCN,A2_etl_logic_error,small,1,ETL_FX_STOCK_2_PRICE,,1.0,1,1,1,1.0,0.8,0.0,0
CVAE+APA-RCA+ResGCN,A2_etl_logic_error,small,6,ETL_FX_STOCK_2_PRICE,,2.0,0,1,1,0.5,0.8,0.0,0
CVAE+APA-RCA+ResGCN,A2_etl_logic_error,small,11,ETL_FX_STOCK_1_PRICE,,1.0,1,1,1,1.0,0.8,0.0,0
CVAE+APA-RCA+ResGCN,A2_etl_logic_error,small,16,ETL_FX_STOCK_2_PRICE,,1.0,1,1,1,1.0,0.8,0.0,0
CVAE+APA-RCA+ResGCN,A2_etl_logic_error,small,21,ETL_FX_STOCK_1_PRICE,,1.0,1,1,1,1.0,0.8,0.0,0
CVAE+APA-RCA+ResGCN,A2_etl_logic_error,small,26,ETL_FX_STOCK_3_PRICE,,1.0,1,1,1,1.0,0.8,0.0,0
CVAE+APA-RCA+ResGCN,A3_feature_calc_error,small,1,FEAT_VOL20_STOCK_2_PRICE,,1.0,1,1,1,1.0,0.8,0.0,0
CVAE+APA-RCA+ResGCN,A3_feature_calc_error,small,6,FEAT_VOL20_STOCK_2_PRICE,,1.0,1,1,1,1.0,0.8,0.0,0
CVAE+APA-RCA+ResGCN,A3_feature_calc_error,small,11,FEAT_VOL20_STOCK_1_PRICE,,1.0,1,1,1,1.0,0.8,0.0,0
CVAE+APA-RCA+ResGCN,A3_feature_calc_error,small,16,FEAT_VOL20_STOCK_2_PRICE,,1.0,1,1,1,1.0,0.8,0.0,0
CVAE+APA-RCA+ResGCN,A3_feature_calc_error,small,21,FEAT_VOL20_STOCK_1_PRICE,,1.0,1,1,1,1.0,0.8,0.0,0
CVAE+APA-RCA+ResGCN,A3_feature_calc_error,small,26,FEAT_VOL20_STOCK_3_PRICE,,1.0,1,1,1,1.0,0.8,0.0,0
CVAE+APA-RCA+ResGCN,A4_aggregation_error,small,1,FEAT_SECTOR_A,,,0,0,0,0.0,1.0,0.0,0
CVAE+APA-RCA+ResGCN,A4_aggregation_error,small,6,FEAT_SECTOR_A,,,0,0,0,0.0,1.0,0.0,0
CVAE+APA-RCA+ResGCN,A4_aggregation_error,small,11,FEAT_SECTOR_A,,,0,0,0,0.0,1.0,0.0,0
CVAE+APA-RCA+ResGCN,A4_aggregation_error,small,16,FEAT_SECTOR_B,,,0,0,0,0.0,1.0,0.0,0
CVAE+APA-RCA+ResGCN,A4_aggregation_error,small,21,FEAT_SECTOR_A,,,0,0,0,0.0,1.0,0.0,0
CVAE+APA-RCA+ResGCN,A4_aggregation_error,small,26,FEAT_SECTOR_B,,,0,0,0,0.0,1.0,0.0,0
CVAE+APA-RCA+ResGCN,A5_downstream_masking,small,1,SRC_STOCK_2_PRICE,,1.0,1,1,1,1.0,0.8,0.0,0
CVAE+APA-RCA+ResGCN,A5_downstream_masking,small,6,SRC_STOCK_2_PRICE,,1.0,1,1,1,1.0,0.8,0.0,0
CVAE+APA-RCA+ResGCN,A5_downstream_masking,small,11,SRC_STOCK_1_PRICE,,2.0,0,1,1,0.5,0.8,0.0,0
CVAE+APA-RCA+ResGCN,A5_downstream_masking,small,16,SRC_STOCK_2_PRICE,,2.0,0,1,1,0.5,0.8,0.0,0
CVAE+APA-RCA+ResGCN,A5_downstream_masking,small,21,SRC_STOCK_1_PRICE,,1.0,1,1,1,1.0,0.8,0.0,0
CVAE+APA-RCA+ResGCN,A5_downstream_masking,small,26,SRC_STOCK_3_PRICE,,2.0,0,1,1,0.5,0.8,0.0,0
CVAE+APA-RCA+ResGCN,A6_multi_source,small,1,SRC_STOCK_1_PRICE,,2.0,0,1,1,0.5,0.8,0.0,0
CVAE+APA-RCA+ResGCN,A6_multi_source,small,6,SRC_STOCK_3_PRICE,,1.0,1,1,1,1.0,0.8,0.0,0
CVAE+APA-RCA+ResGCN,A6_multi_source,small,11,SRC_STOCK_2_PRICE,,2.0,0,1,1,0.5,0.8,0.0,0
CVAE+APA-RCA+ResGCN,A6_multi_source,small,16,SRC_STOCK_2_PRICE,,1.0,1,1,1,1.0,0.8,0.0,0
CVAE+APA-RCA+ResGCN,A6_multi_source,small,21,SRC_STOCK_1_PRICE,,1.0,1,1,1,1.0,0.8,0.0,0
CVAE+APA-RCA+ResGCN,A6_multi_source,small,26,SRC_STOCK_3_PRICE,,2.0,0,1,1,0.5,0.8,0.0,0
CVAE+APA-RCA+ResGCN,A7_coincidental,small,1,SRC_STOCK_2_PRICE,,2.0,0,1,1,0.5,0.8,0.0,0
CVAE+APA-RCA+ResGCN,A7_coincidental,small,6,SRC_STOCK_2_PRICE,,2.0,0,1,1,0.5,0.8,0.0,0
CVAE+APA-RCA+ResGCN,A7_coincidental,small,11,SRC_STOCK_1_PRICE,,1.0,1,1,1,1.0,0.8,0.0,0
CVAE+APA-RCA+ResGCN,A7_coincidental,small,16,SRC_STOCK_2_PRICE,,2.0,0,1,1,0.5,0.8,0.0,0
CVAE+APA-RCA+ResGCN,A7_coincidental,small,21,SRC_STOCK_1_PRICE,,2.0,0,1,1,0.5,0.8,0.0,0
CVAE+APA-RCA+ResGCN,A7_coincidental,small,26,SRC_STOCK_3_PRICE,,2.0,0,1,1,0.5,0.8,0.0,0
CVAE+APA-RCA+ResGCN,A1_source_corruption,medium,1,SRC_STOCK_3_PRICE,,1.0,1,1,1,1.0,0.8,0.0,0
CVAE+APA-RCA+ResGCN,A1_source_corruption,medium,6,SRC_STOCK_3_PRICE,,1.0,1,1,1,1.0,0.8,0.0,0
CVAE+APA-RCA+ResGCN,A1_source_corruption,medium,11,SRC_STOCK_1_PRICE,,1.0,1,1,1,1.0,0.8,0.0,0
CVAE+APA-RCA+ResGCN,A1_source_corruption,medium,16,SRC_STOCK_3_PRICE,,1.0,1,1,1,1.0,0.8,0.0,0
CVAE+APA-RCA+ResGCN,A1_source_corruption,medium,21,SRC_STOCK_2_PRICE,,1.0,1,1,1,1.0,0.8,0.0,0
CVAE+APA-RCA+ResGCN,A1_source_corruption,medium,26,SRC_STOCK_5_PRICE,,1.0,1,1,1,1.0,0.8,0.0,0
CVAE+APA-RCA+ResGCN,A2_etl_logic_error,medium,1,ETL_FX_STOCK_3_PRICE,,1.0,1,1,1,1.0,0.8,0.0,0
CVAE+APA-RCA+ResGCN,A2_etl_logic_error,medium,6,ETL_FX_STOCK_3_PRICE,,1.0,1,1,1,1.0,0.8,0.0,0
CVAE+APA-RCA+ResGCN,A2_etl_logic_error,medium,11,ETL_FX_STOCK_1_PRICE,,1.0,1,1,1,1.0,0.8,0.0,0
CVAE+APA-RCA+ResGCN,A2_etl_logic_error,medium,16,ETL_FX_STOCK_3_PRICE,,1.0,1,1,1,1.0,0.8,0.0,0
CVAE+APA-RCA+ResGCN,A2_etl_logic_error,medium,21,ETL_FX_STOCK_2_PRICE,,1.0,1,1,1,1.0,0.8,0.0,0
CVAE+APA-RCA+ResGCN,A2_etl_logic_error,medium,26,ETL_FX_STOCK_5_PRICE,,1.0,1,1,1,1.0,0.8,0.0,0
CVAE+APA-RCA+ResGCN,A3_feature_calc_error,medium,1,FEAT_VOL20_STOCK_3_PRICE,,1.0,1,1,1,1.0,0.8,0.0,0
CVAE+APA-RCA+ResGCN,A3_feature_calc_error,medium,6,FEAT_VOL20_STOCK_3_PRICE,,1.0,1,1,1,1.0,0.8,0.0,0
CVAE+APA-RCA+ResGCN,A3_feature_calc_error,medium,11,FEAT_VOL20_STOCK_1_PRICE,,1.0,1,1,1,1.0,0.8,0.0,0
CVAE+APA-RCA+ResGCN,A3_feature_calc_error,medium,16,FEAT_VOL20_STOCK_3_PRICE,,1.0,1,1,1,1.0,0.8,0.0,0
CVAE+APA-RCA+ResGCN,A3_feature_calc_error,medium,21,FEAT_VOL20_STOCK_2_PRICE,,1.0,1,1,1,1.0,0.8,0.0,0
CVAE+APA-RCA+ResGCN,A3_feature_calc_error,medium,26,FEAT_VOL20_STOCK_5_PRICE,,1.0,1,1,1,1.0,0.8,0.0,0
CVAE+APA-RCA+ResGCN,A4_aggregation_error,medium,1,FEAT_SECTOR_A,,,0,0,0,0.0,1.0,0.0,0
CVAE+APA-RCA+ResGCN,A4_aggregation_error,medium,6,FEAT_SECTOR_A,,,0,0,0,0.0,1.0,0.0,0
CVAE+APA-RCA+ResGCN,A4_aggregation_error,medium,11,FEAT_SECTOR_A,,,0,0,0,0.0,1.0,0.0,0
CVAE+APA-RCA+ResGCN,A4_aggregation_error,medium,16,FEAT_SECTOR_B,,,0,0,0,0.0,1.0,0.0,0
CVAE+APA-RCA+ResGCN,A4_aggregation_error,medium,21,FEAT_SECTOR_A,,,0,0,0,0.0,1.0,0.0,0
CVAE+APA-RCA+ResGCN,A4_aggregation_error,medium,26,FEAT_SECTOR_B,,,0,0,0,0.0,1.0,0.0,0
CVAE+APA-RCA+ResGCN,A5_downstream_masking,medium,1,SRC_STOCK_3_PRICE,,1.0,1,1,1,1.0,0.8,0.0,0
CVAE+APA-RCA+ResGCN,A5_downstream_masking,medium,6,SRC_STOCK_3_PRICE,,1.0,1,1,1,1.0,0.8,0.0,0
CVAE+APA-RCA+ResGCN,A5_downstream_masking,medium,11,SRC_STOCK_1_PRICE,,1.0,1,1,1,1.0,0.8,0.0,0
CVAE+APA-RCA+ResGCN,A5_downstream_masking,medium,16,SRC_STOCK_3_PRICE,,1.0,1,1,1,1.0,0.8,0.0,0
CVAE+APA-RCA+ResGCN,A5_downstream_masking,medium,21,SRC_STOCK_2_PRICE,,1.0,1,1,1,1.0,0.8,0.0,0
CVAE+APA-RCA+ResGCN,A5_downstream_masking,medium,26,SRC_STOCK_5_PRICE,,1.0,1,1,1,1.0,0.8,0.0,0
CVAE+APA-RCA+ResGCN,A6_multi_source,medium,1,SRC_STOCK_3_PRICE,,1.0,1,1,1,1.0,0.8,0.0,0
CVAE+APA-RCA+ResGCN,A6_multi_source,medium,6,SRC_STOCK_2_PRICE,,1.0,1,1,1,1.0,0.8,0.0,0
CVAE+APA-RCA+ResGCN,A6_multi_source,medium,11,SRC_STOCK_1_PRICE,,1.0,1,1,1,1.0,0.8,0.0,0
CVAE+APA-RCA+ResGCN,A6_multi_source,medium,16,SRC_STOCK_2_PRICE,,1.0,1,1,1,1.0,0.8,0.0,0
CVAE+APA-RCA+ResGCN,A6_multi_source,medium,21,SRC_STOCK_2_PRICE,,1.0,1,1,1,1.0,0.8,0.0,0
CVAE+APA-RCA+ResGCN,A6_multi_source,medium,26,SRC_STOCK_2_PRICE,,2.0,0,1,1,0.5,0.8,0.0,0
CVAE+APA-RCA+ResGCN,A7_coincidental,medium,1,SRC_STOCK_3_PRICE,,2.0,0,1,1,0.5,0.8,0.0,0
CVAE+APA-RCA+ResGCN,A7_coincidental,medium,6,SRC_STOCK_3_PRICE,,2.0,0,1,1,0.5,0.8,0.0,0
CVAE+APA-RCA+ResGCN,A7_coincidental,medium,11,SRC_STOCK_1_PRICE,,2.0,0,1,1,0.5,0.8,0.0,0
CVAE+APA-RCA+ResGCN,A7_coincidental,medium,16,SRC_STOCK_3_PRICE,,2.0,0,1,1,0.5,0.8,0.0,0
CVAE+APA-RCA+ResGCN,A7_coincidental,medium,21,SRC_STOCK_2_PRICE,,2.0,0,1,1,0.5,0.8,0.0,0
CVAE+APA-RCA+ResGCN,A7_coincidental,medium,26,SRC_STOCK_5_PRICE,,2.0,0,1,1,0.5,0.8,0.0,0
CVAE+APA-RCA+ResGCN,A1_source_corruption,large,1,SRC_STOCK_4_PRICE,,1.0,1,1,1,1.0,0.8,0.0,0
CVAE+APA-RCA+ResGCN,A1_source_corruption,large,6,SRC_STOCK_4_PRICE,,1.0,1,1,1,1.0,0.8,0.0,0
CVAE+APA-RCA+ResGCN,A1_source_corruption,large,11,SRC_STOCK_2_PRICE,,1.0,1,1,1,1.0,0.8,0.0,0
CVAE+APA-RCA+ResGCN,A1_source_corruption,large,16,SRC_STOCK_5_PRICE,,1.0,1,1,1,1.0,0.8,0.0,0
CVAE+APA-RCA+ResGCN,A1_source_corruption,large,21,SRC_STOCK_3_PRICE,,1.0,1,1,1,1.0,0.8,0.0,0
CVAE+APA-RCA+ResGCN,A1_source_corruption,large,26,SRC_STOCK_7_PRICE,,1.0,1,1,1,1.0,0.8,0.0,0
CVAE+APA-RCA+ResGCN,A2_etl_logic_error,large,1,ETL_FX_STOCK_4_PRICE,,,0,0,0,0.0,1.0,0.0,0
CVAE+APA-RCA+ResGCN,A2_etl_logic_error,large,6,ETL_FX_STOCK_4_PRICE,,,0,0,0,0.0,1.0,0.0,0
CVAE+APA-RCA+ResGCN,A2_etl_logic_error,large,11,ETL_FX_STOCK_2_PRICE,,,0,0,0,0.0,1.0,0.0,0
CVAE+APA-RCA+ResGCN,A2_etl_logic_error,large,16,ETL_FX_STOCK_5_PRICE,,,0,0,0,0.0,1.0,0.0,0
CVAE+APA-RCA+ResGCN,A2_etl_logic_error,large,21,ETL_FX_STOCK_3_PRICE,,,0,0,0,0.0,1.0,0.0,0
CVAE+APA-RCA+ResGCN,A2_etl_logic_error,large,26,ETL_FX_STOCK_7_PRICE,,,0,0,0,0.0,1.0,0.0,0
CVAE+APA-RCA+ResGCN,A3_feature_calc_error,large,1,FEAT_VOL20_STOCK_4_PRICE,,1.0,1,1,1,1.0,0.8,0.0,0
CVAE+APA-RCA+ResGCN,A3_feature_calc_error,large,6,FEAT_VOL20_STOCK_4_PRICE,,1.0,1,1,1,1.0,0.8,0.0,0
CVAE+APA-RCA+ResGCN,A3_feature_calc_error,large,11,FEAT_VOL20_STOCK_2_PRICE,,1.0,1,1,1,1.0,0.8,0.0,0
CVAE+APA-RCA+ResGCN,A3_feature_calc_error,large,16,FEAT_VOL20_STOCK_5_PRICE,,1.0,1,1,1,1.0,0.8,0.0,0
CVAE+APA-RCA+ResGCN,A3_feature_calc_error,large,21,FEAT_VOL20_STOCK_3_PRICE,,1.0,1,1,1,1.0,0.8,0.0,0
CVAE+APA-RCA+ResGCN,A3_feature_calc_error,large,26,FEAT_VOL20_STOCK_7_PRICE,,,0,0,0,0.0,1.0,0.0,0
CVAE+APA-RCA+ResGCN,A4_aggregation_error,large,1,FEAT_SECTOR_A,,,0,0,0,0.0,1.0,0.0,0
CVAE+APA-RCA+ResGCN,A4_aggregation_error,large,6,FEAT_SECTOR_A,,,0,0,0,0.0,1.0,0.0,0
CVAE+APA-RCA+ResGCN,A4_aggregation_error,large,11,FEAT_SECTOR_A,,,0,0,0,0.0,1.0,0.0,0
CVAE+APA-RCA+ResGCN,A4_aggregation_error,large,16,FEAT_SECTOR_B,,,0,0,0,0.0,1.0,0.0,0
CVAE+APA-RCA+ResGCN,A4_aggregation_error,large,21,FEAT_SECTOR_A,,,0,0,0,0.0,1.0,0.0,0
CVAE+APA-RCA+ResGCN,A4_aggregation_error,large,26,FEAT_SECTOR_B,,,0,0,0,0.0,1.0,0.0,0
CVAE+APA-RCA+ResGCN,A5_downstream_masking,large,1,SRC_STOCK_4_PRICE,,1.0,1,1,1,1.0,0.8,0.0,0
CVAE+APA-RCA+ResGCN,A5_downstream_masking,large,6,SRC_STOCK_4_PRICE,,2.0,0,1,1,0.5,0.8,0.0,0
CVAE+APA-RCA+ResGCN,A5_downstream_masking,large,11,SRC_STOCK_2_PRICE,,1.0,1,1,1,1.0,0.8,0.0,0
CVAE+APA-RCA+ResGCN,A5_downstream_masking,large,16,SRC_STOCK_5_PRICE,,2.0,0,1,1,0.5,0.8,0.0,0
CVAE+APA-RCA+ResGCN,A5_downstream_masking,large,21,SRC_STOCK_3_PRICE,,2.0,0,1,1,0.5,0.8,0.0,0
CVAE+APA-RCA+ResGCN,A5_downstream_masking,large,26,SRC_STOCK_7_PRICE,,,0,0,0,0.0,1.0,0.0,0
CVAE+APA-RCA+ResGCN,A6_multi_source,large,1,SRC_STOCK_4_PRICE,,1.0,1,1,1,1.0,0.8,0.0,0
CVAE+APA-RCA+ResGCN,A6_multi_source,large,6,SRC_STOCK_3_PRICE,,1.0,1,1,1,1.0,0.8,0.0,0
CVAE+APA-RCA+ResGCN,A6_multi_source,large,11,SRC_STOCK_1_PRICE,,1.0,1,1,1,1.0,0.8,0.0,0
CVAE+APA-RCA+ResGCN,A6_multi_source,large,16,SRC_STOCK_4_PRICE,,2.0,0,1,1,0.5,0.8,0.0,0
CVAE+APA-RCA+ResGCN,A6_multi_source,large,21,SRC_STOCK_4_PRICE,,2.0,0,1,1,0.5,0.8,0.0,0
CVAE+APA-RCA+ResGCN,A6_multi_source,large,26,SRC_STOCK_4_PRICE,,1.0,1,1,1,1.0,0.8,0.0,0
CVAE+APA-RCA+ResGCN,A7_coincidental,large,1,SRC_STOCK_4_PRICE,,2.0,0,1,1,0.5,0.8,0.0,0
CVAE+APA-RCA+ResGCN,A7_coincidental,large,6,SRC_STOCK_4_PRICE,,2.0,0,1,1,0.5,0.8,0.0,0
CVAE+APA-RCA+ResGCN,A7_coincidental,large,11,SRC_STOCK_2_PRICE,,2.0,0,1,1,0.5,0.8,0.0,0
CVAE+APA-RCA+ResGCN,A7_coincidental,large,16,SRC_STOCK_5_PRICE,,2.0,0,1,1,0.5,0.8,0.0,0
CVAE+APA-RCA+ResGCN,A7_coincidental,large,21,SRC_STOCK_3_PRICE,,2.0,0,1,1,0.5,0.8,0.0,0
CVAE+APA-RCA+ResGCN,A7_coincidental,large,26,SRC_STOCK_7_PRICE,,2.0,0,1,1,0.5,0.8,0.0,0
APA-RCA-v2+ResGCN,A1_source_corruption,small,2,SRC_STOCK_3_PRICE,,1.0,1,1,1,1.0,0.8,0.0,0
APA-RCA-v2+ResGCN,A1_source_corruption,small,7,SRC_STOCK_3_PRICE,,1.0,1,1,1,1.0,0.8,0.0,0
APA-RCA-v2+ResGCN,A1_source_corruption,small,12,SRC_STOCK_2_PRICE,,1.0,1,1,1,1.0,0.8,0.0,0
APA-RCA-v2+ResGCN,A1_source_corruption,small,17,SRC_STOCK_3_PRICE,,1.0,1,1,1,1.0,0.8,0.0,0
APA-RCA-v2+ResGCN,A1_source_corruption,small,22,SRC_STOCK_3_PRICE,,1.0,1,1,1,1.0,0.8,0.0,0
APA-RCA-v2+ResGCN,A1_source_corruption,small,27,SRC_STOCK_1_PRICE,,1.0,1,1,1,1.0,0.8,0.0,0
APA-RCA-v2+ResGCN,A2_etl_logic_error,small,2,ETL_FX_STOCK_3_PRICE,,1.0,1,1,1,1.0,0.8,0.0,0
APA-RCA-v2+ResGCN,A2_etl_logic_error,small,7,ETL_FX_STOCK_3_PRICE,,1.0,1,1,1,1.0,0.8,0.0,0
APA-RCA-v2+ResGCN,A2_etl_logic_error,small,12,ETL_FX_STOCK_2_PRICE,,2.0,0,1,1,0.5,0.8,0.0,0
APA-RCA-v2+ResGCN,A2_etl_logic_error,small,17,ETL_FX_STOCK_3_PRICE,,1.0,1,1,1,1.0,0.8,0.0,0
APA-RCA-v2+ResGCN,A2_etl_logic_error,small,22,ETL_FX_STOCK_3_PRICE,,2.0,0,1,1,0.5,0.8,0.0,0
APA-RCA-v2+ResGCN,A2_etl_logic_error,small,27,ETL_FX_STOCK_1_PRICE,,3.0,0,1,1,0.3333333333333333,0.8,0.0,0
APA-RCA-v2+ResGCN,A3_feature_calc_error,small,2,FEAT_VOL20_STOCK_3_PRICE,,4.0,0,0,1,0.25,0.8,0.0,0
APA-RCA-v2+ResGCN,A3_feature_calc_error,small,7,FEAT_VOL20_STOCK_3_PRICE,,,0,0,0,0.0,1.0,0.0,0
APA-RCA-v2+ResGCN,A3_feature_calc_error,small,12,FEAT_VOL20_STOCK_2_PRICE,,2.0,0,1,1,0.5,0.8,0.0,0
APA-RCA-v2+ResGCN,A3_feature_calc_error,small,17,FEAT_VOL20_STOCK_3_PRICE,,,0,0,0,0.0,1.0,0.0,0
APA-RCA-v2+ResGCN,A3_feature_calc_error,small,22,FEAT_VOL20_STOCK_3_PRICE,,2.0,0,1,1,0.5,0.8,0.0,0
APA-RCA-v2+ResGCN,A3_feature_calc_error,small,27,FEAT_VOL20_STOCK_1_PRICE,,,0,0,0,0.0,1.0,0.0,0
APA-RCA-v2+ResGCN,A4_aggregation_error,small,2,FEAT_SECTOR_B,,,0,0,0,0.0,1.0,0.0,0
APA-RCA-v2+ResGCN,A4_aggregation_error,small,7,FEAT_SECTOR_B,,,0,0,0,0.0,1.0,0.0,0
APA-RCA-v2+ResGCN,A4_aggregation_error,small,12,FEAT_SECTOR_B,,,0,0,0,0.0,1.0,0.0,0
APA-RCA-v2+ResGCN,A4_aggregation_error,small,17,FEAT_SECTOR_B,,,0,0,0,0.0,1.0,0.0,0
APA-RCA-v2+ResGCN,A4_aggregation_error,small,22,FEAT_SECTOR_B,,,0,0,0,0.0,1.0,0.0,0
APA-RCA-v2+ResGCN,A4_aggregation_error,small,27,FEAT_SECTOR_A,,,0,0,0,0.0,1.0,0.0,0
APA-RCA-v2+ResGCN,A5_downstream_masking,small,2,SRC_STOCK_3_PRICE,,3.0,0,1,1,0.3333333333333333,0.8,0.0,0
APA-RCA-v2+ResGCN,A5_downstream_masking,small,7,SRC_STOCK_3_PRICE,,2.0,0,1,1,0.5,0.8,0.0,0
APA-RCA-v2+ResGCN,A5_downstream_masking,small,12,SRC_STOCK_2_PRICE,,1.0,1,1,1,1.0,0.8,0.0,0
APA-RCA-v2+ResGCN,A5_downstream_masking,small,17,SRC_STOCK_3_PRICE,,,0,0,0,0.0,1.0,0.0,0
APA-RCA-v2+ResGCN,A5_downstream_masking,small,22,SRC_STOCK_3_PRICE,,1.0,1,1,1,1.0,0.8,0.0,0
APA-RCA-v2+ResGCN,A5_downstream_masking,small,27,SRC_STOCK_1_PRICE,,4.0,0,0,1,0.25,0.8,0.0,0
APA-RCA-v2+ResGCN,A6_multi_source,small,2,SRC_STOCK_2_PRICE,,1.0,1,1,1,1.0,0.8,0.0,0
APA-RCA-v2+ResGCN,A6_multi_source,small,7,SRC_STOCK_1_PRICE,,1.0,1,1,1,1.0,0.8,0.0,0
APA-RCA-v2+ResGCN,A6_multi_source,small,12,SRC_STOCK_1_PRICE,,1.0,1,1,1,1.0,0.8,0.0,0
APA-RCA-v2+ResGCN,A6_multi_source,small,17,SRC_STOCK_2_PRICE,,1.0,1,1,1,1.0,0.8,0.0,0
APA-RCA-v2+ResGCN,A6_multi_source,small,22,SRC_STOCK_3_PRICE,,1.0,1,1,1,1.0,0.8,0.0,0
APA-RCA-v2+ResGCN,A6_multi_source,small,27,SRC_STOCK_2_PRICE,,1.0,1,1,1,1.0,0.8,0.0,0
APA-RCA-v2+ResGCN,A7_coincidental,small,2,SRC_STOCK_3_PRICE,,1.0,1,1,1,1.0,0.8,0.0,0
APA-RCA-v2+ResGCN,A7_coincidental,small,7,SRC_STOCK_3_PRICE,,1.0,1,1,1,1.0,0.8,0.0,0
APA-RCA-v2+ResGCN,A7_coincidental,small,12,SRC_STOCK_2_PRICE,,1.0,1,1,1,1.0,0.8,0.0,0
APA-RCA-v2+ResGCN,A7_coincidental,small,17,SRC_STOCK_3_PRICE,,1.0,1,1,1,1.0,0.8,0.0,0
APA-RCA-v2+ResGCN,A7_coincidental,small,22,SRC_STOCK_3_PRICE,,1.0,1,1,1,1.0,0.8,0.0,0
APA-RCA-v2+ResGCN,A7_coincidental,small,27,SRC_STOCK_1_PRICE,,1.0,1,1,1,1.0,0.8,0.0,0
APA-RCA-v2+ResGCN,A1_source_corruption,medium,2,SRC_STOCK_5_PRICE,,1.0,1,1,1,1.0,0.8,0.0,0
APA-RCA-v2+ResGCN,A1_source_corruption,medium,7,SRC_STOCK_5_PRICE,,1.0,1,1,1,1.0,0.8,0.0,0
APA-RCA-v2+ResGCN,A1_source_corruption,medium,12,SRC_STOCK_4_PRICE,,1.0,1,1,1,1.0,0.8,0.0,0
APA-RCA-v2+ResGCN,A1_source_corruption,medium,17,SRC_STOCK_4_PRICE,,1.0,1,1,1,1.0,0.8,0.0,0
APA-RCA-v2+ResGCN,A1_source_corruption,medium,22,SRC_STOCK_4_PRICE,,1.0,1,1,1,1.0,0.8,0.0,0
APA-RCA-v2+ResGCN,A1_source_corruption,medium,27,SRC_STOCK_1_PRICE,,1.0,1,1,1,1.0,0.8,0.0,0
APA-RCA-v2+ResGCN,A2_etl_logic_error,medium,2,ETL_FX_STOCK_5_PRICE,,1.0,1,1,1,1.0,0.8,0.0,0
APA-RCA-v2+ResGCN,A2_etl_logic_error,medium,7,ETL_FX_STOCK_5_PRICE,,1.0,1,1,1,1.0,0.8,0.0,0
APA-RCA-v2+ResGCN,A2_etl_logic_error,medium,12,ETL_FX_STOCK_4_PRICE,,2.0,0,1,1,0.5,0.8,0.0,0
APA-RCA-v2+ResGCN,A2_etl_logic_error,medium,17,ETL_FX_STOCK_4_PRICE,,1.0,1,1,1,1.0,0.8,0.0,0
APA-RCA-v2+ResGCN,A2_etl_logic_error,medium,22,ETL_FX_STOCK_4_PRICE,,1.0,1,1,1,1.0,0.8,0.0,0
APA-RCA-v2+ResGCN,A2_etl_logic_error,medium,27,ETL_FX_STOCK_1_PRICE,,2.0,0,1,1,0.5,0.8,0.0,0
APA-RCA-v2+ResGCN,A3_feature_calc_error,medium,2,FEAT_VOL20_STOCK_5_PRICE,,1.0,1,1,1,1.0,0.8,0.0,0
APA-RCA-v2+ResGCN,A3_feature_calc_error,medium,7,FEAT_VOL20_STOCK_5_PRICE,,1.0,1,1,1,1.0,0.8,0.0,0
APA-RCA-v2+ResGCN,A3_feature_calc_error,medium,12,FEAT_VOL20_STOCK_4_PRICE,,1.0,1,1,1,1.0,0.8,0.0,0
APA-RCA-v2+ResGCN,A3_feature_calc_error,medium,17,FEAT_VOL20_STOCK_4_PRICE,,1.0,1,1,1,1.0,0.8,0.0,0
APA-RCA-v2+ResGCN,A3_feature_calc_error,medium,22,FEAT_VOL20_STOCK_4_PRICE,,,0,0,0,0.0,1.0,0.0,0
APA-RCA-v2+ResGCN,A3_feature_calc_error,medium,27,FEAT_VOL20_STOCK_1_PRICE,,2.0,0,1,1,0.5,0.8,0.0,0
APA-RCA-v2+ResGCN,A4_aggregation_error,medium,2,FEAT_SECTOR_B,,,0,0,0,0.0,1.0,0.0,0
APA-RCA-v2+ResGCN,A4_aggregation_error,medium,7,FEAT_SECTOR_B,,,0,0,0,0.0,1.0,0.0,0
APA-RCA-v2+ResGCN,A4_aggregation_error,medium,12,FEAT_SECTOR_B,,,0,0,0,0.0,1.0,0.0,0
APA-RCA-v2+ResGCN,A4_aggregation_error,medium,17,FEAT_SECTOR_B,,,0,0,0,0.0,1.0,0.0,0
APA-RCA-v2+ResGCN,A4_aggregation_error,medium,22,FEAT_SECTOR_B,,,0,0,0,0.0,1.0,0.0,0
APA-RCA-v2+ResGCN,A4_aggregation_error,medium,27,FEAT_SECTOR_A,,,0,0,0,0.0,1.0,0.0,0
APA-RCA-v2+ResGCN,A5_downstream_masking,medium,2,SRC_STOCK_5_PRICE,,3.0,0,1,1,0.3333333333333333,0.8,0.0,0
APA-RCA-v2+ResGCN,A5_downstream_masking,medium,7,SRC_STOCK_5_PRICE,,1.0,1,1,1,1.0,0.8,0.0,0
APA-RCA-v2+ResGCN,A5_downstream_masking,medium,12,SRC_STOCK_4_PRICE,,2.0,0,1,1,0.5,0.8,0.0,0
APA-RCA-v2+ResGCN,A5_downstream_masking,medium,17,SRC_STOCK_4_PRICE,,3.0,0,1,1,0.3333333333333333,0.8,0.0,0
APA-RCA-v2+ResGCN,A5_downstream_masking,medium,22,SRC_STOCK_4_PRICE,,5.0,0,0,1,0.2,0.8,0.0,0
APA-RCA-v2+ResGCN,A5_downstream_masking,medium,27,SRC_STOCK_1_PRICE,,4.0,0,0,1,0.25,0.8,0.0,0
APA-RCA-v2+ResGCN,A6_multi_source,medium,2,SRC_STOCK_2_PRICE,,2.0,0,1,1,0.5,0.8,0.0,0
APA-RCA-v2+ResGCN,A6_multi_source,medium,7,SRC_STOCK_3_PRICE,,2.0,0,1,1,0.5,0.8,0.0,0
APA-RCA-v2+ResGCN,A6_multi_source,medium,12,SRC_STOCK_4_PRICE,,1.0,1,1,1,1.0,0.8,0.0,0
APA-RCA-v2+ResGCN,A6_multi_source,medium,17,SRC_STOCK_4_PRICE,,2.0,0,1,1,0.5,0.8,0.0,0
APA-RCA-v2+ResGCN,A6_multi_source,medium,22,SRC_STOCK_4_PRICE,,2.0,0,1,1,0.5,0.8,0.0,0
APA-RCA-v2+ResGCN,A6_multi_source,medium,27,SRC_STOCK_2_PRICE,,2.0,0,1,1,0.5,0.8,0.0,0
APA-RCA-v2+ResGCN,A7_coincidental,medium,2,SRC_STOCK_5_PRICE,,1.0,1,1,1,1.0,0.8,0.0,0
APA-RCA-v2+ResGCN,A7_coincidental,medium,7,SRC_STOCK_5_PRICE,,1.0,1,1,1,1.0,0.8,0.0,0
APA-RCA-v2+ResGCN,A7_coincidental,medium,12,SRC_STOCK_4_PRICE,,1.0,1,1,1,1.0,0.8,0.0,0
APA-RCA-v2+ResGCN,A7_coincidental,medium,17,SRC_STOCK_4_PRICE,,1.0,1,1,1,1.0,0.8,0.0,0
APA-RCA-v2+ResGCN,A7_coincidental,medium,22,SRC_STOCK_4_PRICE,,1.0,1,1,1,1.0,0.8,0.0,0
APA-RCA-v2+ResGCN,A7_coincidental,medium,27,SRC_STOCK_1_PRICE,,1.0,1,1,1,1.0,0.8,0.0,0
APA-RCA-v2+ResGCN,A1_source_corruption,large,2,SRC_STOCK_7_PRICE,,1.0,1,1,1,1.0,0.8,0.0,0
APA-RCA-v2+ResGCN,A1_source_corruption,large,7,SRC_STOCK_8_PRICE,,1.0,1,1,1,1.0,0.8,0.0,0
APA-RCA-v2+ResGCN,A1_source_corruption,large,12,SRC_STOCK_5_PRICE,,1.0,1,1,1,1.0,0.8,0.0,0
APA-RCA-v2+ResGCN,A1_source_corruption,large,17,SRC_STOCK_6_PRICE,,1.0,1,1,1,1.0,0.8,0.0,0
APA-RCA-v2+ResGCN,A1_source_corruption,large,22,SRC_STOCK_7_PRICE,,1.0,1,1,1,1.0,0.8,0.0,0
APA-RCA-v2+ResGCN,A1_source_corruption,large,27,SRC_STOCK_1_PRICE,,1.0,1,1,1,1.0,0.8,0.0,0
APA-RCA-v2+ResGCN,A2_etl_logic_error,large,2,ETL_FX_STOCK_7_PRICE,,3.0,0,1,1,0.3333333333333333,0.8,0.0,0
APA-RCA-v2+ResGCN,A2_etl_logic_error,large,7,ETL_FX_STOCK_8_PRICE,,2.0,0,1,1,0.5,0.8,0.0,0
APA-RCA-v2+ResGCN,A2_etl_logic_error,large,12,ETL_FX_STOCK_5_PRICE,,1.0,1,1,1,1.0,0.8,0.0,0
APA-RCA-v2+ResGCN,A2_etl_logic_error,large,17,ETL_FX_STOCK_6_PRICE,,2.0,0,1,1,0.5,0.8,0.0,0
APA-RCA-v2+ResGCN,A2_etl_logic_error,large,22,ETL_FX_STOCK_7_PRICE,,2.0,0,1,1,0.5,0.8,0.0,0
APA-RCA-v2+ResGCN,A2_etl_logic_error,large,27,ETL_FX_STOCK_1_PRICE,,1.0,1,1,1,1.0,0.8,0.0,0
APA-RCA-v2+ResGCN,A3_feature_calc_error,large,2,FEAT_VOL20_STOCK_7_PRICE,,1.0,1,1,1,1.0,0.8,0.0,0
APA-RCA-v2+ResGCN,A3_feature_calc_error,large,7,FEAT_VOL20_STOCK_8_PRICE,,1.0,1,1,1,1.0,0.8,0.0,0
APA-RCA-v2+ResGCN,A3_feature_calc_error,large,12,FEAT_VOL20_STOCK_5_PRICE,,1.0,1,1,1,1.0,0.8,0.0,0
APA-RCA-v2+ResGCN,A3_feature_calc_error,large,17,FEAT_VOL20_STOCK_6_PRICE,,,0,0,0,0.0,1.0,0.0,0
APA-RCA-v2+ResGCN,A3_feature_calc_error,large,22,FEAT_VOL20_STOCK_7_PRICE,,2.0,0,1,1,0.5,0.8,0.0,0
APA-RCA-v2+ResGCN,A3_feature_calc_error,large,27,FEAT_VOL20_STOCK_1_PRICE,,1.0,1,1,1,1.0,0.8,0.0,0
APA-RCA-v2+ResGCN,A4_aggregation_error,large,2,FEAT_SECTOR_B,,,0,0,0,0.0,1.0,0.0,0
APA-RCA-v2+ResGCN,A4_aggregation_error,large,7,FEAT_SECTOR_B,,,0,0,0,0.0,1.0,0.0,0
APA-RCA-v2+ResGCN,A4_aggregation_error,large,12,FEAT_SECTOR_B,,,0,0,0,0.0,1.0,0.0,0
APA-RCA-v2+ResGCN,A4_aggregation_error,large,17,FEAT_SECTOR_B,,,0,0,0,0.0,1.0,0.0,0
APA-RCA-v2+ResGCN,A4_aggregation_error,large,22,FEAT_SECTOR_B,,,0,0,0,0.0,1.0,0.0,0
APA-RCA-v2+ResGCN,A4_aggregation_error,large,27,FEAT_SECTOR_A,,,0,0,0,0.0,1.0,0.0,0
APA-RCA-v2+ResGCN,A5_downstream_masking,large,2,SRC_STOCK_7_PRICE,,4.0,0,0,1,0.25,0.8,0.0,0
APA-RCA-v2+ResGCN,A5_downstream_masking,large,7,SRC_STOCK_8_PRICE,,4.0,0,0,1,0.25,0.8,0.0,0
APA-RCA-v2+ResGCN,A5_downstream_masking,large,12,SRC_STOCK_5_PRICE,,2.0,0,1,1,0.5,0.8,0.0,0
APA-RCA-v2+ResGCN,A5_downstream_masking,large,17,SRC_STOCK_6_PRICE,,3.0,0,1,1,0.3333333333333333,0.8,0.0,0
APA-RCA-v2+ResGCN,A5_downstream_masking,large,22,SRC_STOCK_7_PRICE,,3.0,0,1,1,0.3333333333333333,0.8,0.0,0
APA-RCA-v2+ResGCN,A5_downstream_masking,large,27,SRC_STOCK_1_PRICE,,5.0,0,0,1,0.2,0.8,0.0,0
APA-RCA-v2+ResGCN,A6_multi_source,large,2,SRC_STOCK_2_PRICE,,1.0,1,1,1,1.0,0.8,0.0,0
APA-RCA-v2+ResGCN,A6_multi_source,large,7,SRC_STOCK_6_PRICE,,1.0,1,1,1,1.0,0.8,0.0,0
APA-RCA-v2+ResGCN,A6_multi_source,large,12,SRC_STOCK_2_PRICE,,1.0,1,1,1,1.0,0.8,0.0,0
APA-RCA-v2+ResGCN,A6_multi_source,large,17,SRC_STOCK_6_PRICE,,1.0,1,1,1,1.0,0.8,0.0,0
APA-RCA-v2+ResGCN,A6_multi_source,large,22,SRC_STOCK_6_PRICE,,1.0,1,1,1,1.0,0.8,0.0,0
APA-RCA-v2+ResGCN,A6_multi_source,large,27,SRC_STOCK_2_PRICE,,2.0,0,1,1,0.5,0.8,0.0,0
APA-RCA-v2+ResGCN,A7_coincidental,large,2,SRC_STOCK_7_PRICE,,1.0,1,1,1,1.0,0.8,0.0,0
APA-RCA-v2+ResGCN,A7_coincidental,large,7,SRC_STOCK_8_PRICE,,1.0,1,1,1,1.0,0.8,0.0,0
APA-RCA-v2+ResGCN,A7_coincidental,large,12,SRC_STOCK_5_PRICE,,1.0,1,1,1,1.0,0.8,0.0,0
APA-RCA-v2+ResGCN,A7_coincidental,large,17,SRC_STOCK_6_PRICE,,1.0,1,1,1,1.0,0.8,0.0,0
APA-RCA-v2+ResGCN,A7_coincidental,large,22,SRC_STOCK_7_PRICE,,1.0,1,1,1,1.0,0.8,0.0,0
APA-RCA-v2+ResGCN,A7_coincidental,large,27,SRC_STOCK_1_PRICE,,1.0,1,1,1,1.0,0.8,0.0,0
CVAE+APA-RCA+ResGCN,A1_source_corruption,small,2,SRC_STOCK_3_PRICE,,1.0,1,1,1,1.0,0.8,0.0,0
CVAE+APA-RCA+ResGCN,A1_source_corruption,small,7,SRC_STOCK_3_PRICE,,1.0,1,1,1,1.0,0.8,0.0,0
CVAE+APA-RCA+ResGCN,A1_source_corruption,small,12,SRC_STOCK_2_PRICE,,1.0,1,1,1,1.0,0.8,0.0,0
CVAE+APA-RCA+ResGCN,A1_source_corruption,small,17,SRC_STOCK_3_PRICE,,1.0,1,1,1,1.0,0.8,0.0,0
CVAE+APA-RCA+ResGCN,A1_source_corruption,small,22,SRC_STOCK_3_PRICE,,1.0,1,1,1,1.0,0.8,0.0,0
CVAE+APA-RCA+ResGCN,A1_source_corruption,small,27,SRC_STOCK_1_PRICE,,1.0,1,1,1,1.0,0.8,0.0,0
CVAE+APA-RCA+ResGCN,A2_etl_logic_error,small,2,ETL_FX_STOCK_3_PRICE,,1.0,1,1,1,1.0,0.8,0.0,0
CVAE+APA-RCA+ResGCN,A2_etl_logic_error,small,7,ETL_FX_STOCK_3_PRICE,,1.0,1,1,1,1.0,0.8,0.0,0
CVAE+APA-RCA+ResGCN,A2_etl_logic_error,small,12,ETL_FX_STOCK_2_PRICE,,1.0,1,1,1,1.0,0.8,0.0,0
CVAE+APA-RCA+ResGCN,A2_etl_logic_error,small,17,ETL_FX_STOCK_3_PRICE,,3.0,0,1,1,0.3333333333333333,0.8,0.0,0
CVAE+APA-RCA+ResGCN,A2_etl_logic_error,small,22,ETL_FX_STOCK_3_PRICE,,1.0,1,1,1,1.0,0.8,0.0,0
CVAE+APA-RCA+ResGCN,A2_etl_logic_error,small,27,ETL_FX_STOCK_1_PRICE,,1.0,1,1,1,1.0,0.8,0.0,0
CVAE+APA-RCA+ResGCN,A3_feature_calc_error,small,2,FEAT_VOL20_STOCK_3_PRICE,,1.0,1,1,1,1.0,0.8,0.0,0
CVAE+APA-RCA+ResGCN,A3_feature_calc_error,small,7,FEAT_VOL20_STOCK_3_PRICE,,1.0,1,1,1,1.0,0.8,0.0,0
CVAE+APA-RCA+ResGCN,A3_feature_calc_error,small,12,FEAT_VOL20_STOCK_2_PRICE,,1.0,1,1,1,1.0,0.8,0.0,0
CVAE+APA-RCA+ResGCN,A3_feature_calc_error,small,17,FEAT_VOL20_STOCK_3_PRICE,,1.0,1,1,1,1.0,0.8,0.0,0
CVAE+APA-RCA+ResGCN,A3_feature_calc_error,small,22,FEAT_VOL20_STOCK_3_PRICE,,1.0,1,1,1,1.0,0.8,0.0,0
CVAE+APA-RCA+ResGCN,A3_feature_calc_error,small,27,FEAT_VOL20_STOCK_1_PRICE,,1.0,1,1,1,1.0,0.8,0.0,0
CVAE+APA-RCA+ResGCN,A4_aggregation_error,small,2,FEAT_SECTOR_B,,,0,0,0,0.0,1.0,0.0,0
CVAE+APA-RCA+ResGCN,A4_aggregation_error,small,7,FEAT_SECTOR_B,,,0,0,0,0.0,1.0,0.0,0
CVAE+APA-RCA+ResGCN,A4_aggregation_error,small,12,FEAT_SECTOR_B,,,0,0,0,0.0,1.0,0.0,0
CVAE+APA-RCA+ResGCN,A4_aggregation_error,small,17,FEAT_SECTOR_B,,,0,0,0,0.0,1.0,0.0,0
CVAE+APA-RCA+ResGCN,A4_aggregation_error,small,22,FEAT_SECTOR_B,,,0,0,0,0.0,1.0,0.0,0
CVAE+APA-RCA+ResGCN,A4_aggregation_error,small,27,FEAT_SECTOR_A,,,0,0,0,0.0,1.0,0.0,0
CVAE+APA-RCA+ResGCN,A5_downstream_masking,small,2,SRC_STOCK_3_PRICE,,1.0,1,1,1,1.0,0.8,0.0,0
CVAE+APA-RCA+ResGCN,A5_downstream_masking,small,7,SRC_STOCK_3_PRICE,,1.0,1,1,1,1.0,0.8,0.0,0
CVAE+APA-RCA+ResGCN,A5_downstream_masking,small,12,SRC_STOCK_2_PRICE,,3.0,0,1,1,0.3333333333333333,0.8,0.0,0
CVAE+APA-RCA+ResGCN,A5_downstream_masking,small,17,SRC_STOCK_3_PRICE,,1.0,1,1,1,1.0,0.8,0.0,0
CVAE+APA-RCA+ResGCN,A5_downstream_masking,small,22,SRC_STOCK_3_PRICE,,1.0,1,1,1,1.0,0.8,0.0,0
CVAE+APA-RCA+ResGCN,A5_downstream_masking,small,27,SRC_STOCK_1_PRICE,,1.0,1,1,1,1.0,0.8,0.0,0
CVAE+APA-RCA+ResGCN,A6_multi_source,small,2,SRC_STOCK_2_PRICE,,1.0,1,1,1,1.0,0.8,0.0,0
CVAE+APA-RCA+ResGCN,A6_multi_source,small,7,SRC_STOCK_1_PRICE,,1.0,1,1,1,1.0,0.8,0.0,0
CVAE+APA-RCA+ResGCN,A6_multi_source,small,12,SRC_STOCK_1_PRICE,,1.0,1,1,1,1.0,0.8,0.0,0
CVAE+APA-RCA+ResGCN,A6_multi_source,small,17,SRC_STOCK_2_PRICE,,1.0,1,1,1,1.0,0.8,0.0,0
CVAE+APA-RCA+ResGCN,A6_multi_source,small,22,SRC_STOCK_3_PRICE,,1.0,1,1,1,1.0,0.8,0.0,0
CVAE+APA-RCA+ResGCN,A6_multi_source,small,27,SRC_STOCK_2_PRICE,,2.0,0,1,1,0.5,0.8,0.0,0
CVAE+APA-RCA+ResGCN,A7_coincidental,small,2,SRC_STOCK_3_PRICE,,2.0,0,1,1,0.5,0.8,0.0,0
CVAE+APA-RCA+ResGCN,A7_coincidental,small,7,SRC_STOCK_3_PRICE,,2.0,0,1,1,0.5,0.8,0.0,0
CVAE+APA-RCA+ResGCN,A7_coincidental,small,12,SRC_STOCK_2_PRICE,,2.0,0,1,1,0.5,0.8,0.0,0
CVAE+APA-RCA+ResGCN,A7_coincidental,small,17,SRC_STOCK_3_PRICE,,2.0,0,1,1,0.5,0.8,0.0,0
CVAE+APA-RCA+ResGCN,A7_coincidental,small,22,SRC_STOCK_3_PRICE,,2.0,0,1,1,0.5,0.8,0.0,0
CVAE+APA-RCA+ResGCN,A7_coincidental,small,27,SRC_STOCK_1_PRICE,,2.0,0,1,1,0.5,0.8,0.0,0
CVAE+APA-RCA+ResGCN,A1_source_corruption,medium,2,SRC_STOCK_5_PRICE,,1.0,1,1,1,1.0,0.8,0.0,0
CVAE+APA-RCA+ResGCN,A1_source_corruption,medium,7,SRC_STOCK_5_PRICE,,1.0,1,1,1,1.0,0.8,0.0,0
CVAE+APA-RCA+ResGCN,A1_source_corruption,medium,12,SRC_STOCK_4_PRICE,,1.0,1,1,1,1.0,0.8,0.0,0
CVAE+APA-RCA+ResGCN,A1_source_corruption,medium,17,SRC_STOCK_4_PRICE,,1.0,1,1,1,1.0,0.8,0.0,0
CVAE+APA-RCA+ResGCN,A1_source_corruption,medium,22,SRC_STOCK_4_PRICE,,1.0,1,1,1,1.0,0.8,0.0,0
CVAE+APA-RCA+ResGCN,A1_source_corruption,medium,27,SRC_STOCK_1_PRICE,,1.0,1,1,1,1.0,0.8,0.0,0
CVAE+APA-RCA+ResGCN,A2_etl_logic_error,medium,2,ETL_FX_STOCK_5_PRICE,,1.0,1,1,1,1.0,0.8,0.0,0
CVAE+APA-RCA+ResGCN,A2_etl_logic_error,medium,7,ETL_FX_STOCK_5_PRICE,,1.0,1,1,1,1.0,0.8,0.0,0
CVAE+APA-RCA+ResGCN,A2_etl_logic_error,medium,12,ETL_FX_STOCK_4_PRICE,,,0,0,0,0.0,1.0,0.0,0
CVAE+APA-RCA+ResGCN,A2_etl_logic_error,medium,17,ETL_FX_STOCK_4_PRICE,,,0,0,0,0.0,1.0,0.0,0
CVAE+APA-RCA+ResGCN,A2_etl_logic_error,medium,22,ETL_FX_STOCK_4_PRICE,,1.0,1,1,1,1.0,0.8,0.0,0
CVAE+APA-RCA+ResGCN,A2_etl_logic_error,medium,27,ETL_FX_STOCK_1_PRICE,,,0,0,0,0.0,1.0,0.0,0
CVAE+APA-RCA+ResGCN,A3_feature_calc_error,medium,2,FEAT_VOL20_STOCK_5_PRICE,,1.0,1,1,1,1.0,0.8,0.0,0
CVAE+APA-RCA+ResGCN,A3_feature_calc_error,medium,7,FEAT_VOL20_STOCK_5_PRICE,,1.0,1,1,1,1.0,0.8,0.0,0
CVAE+APA-RCA+ResGCN,A3_feature_calc_error,medium,12,FEAT_VOL20_STOCK_4_PRICE,,1.0,1,1,1,1.0,0.8,0.0,0
CVAE+APA-RCA+ResGCN,A3_feature_calc_error,medium,17,FEAT_VOL20_STOCK_4_PRICE,,1.0,1,1,1,1.0,0.8,0.0,0
CVAE+APA-RCA+ResGCN,A3_feature_calc_error,medium,22,FEAT_VOL20_STOCK_4_PRICE,,1.0,1,1,1,1.0,0.8,0.0,0
CVAE+APA-RCA+ResGCN,A3_feature_calc_error,medium,27,FEAT_VOL20_STOCK_1_PRICE,,1.0,1,1,1,1.0,0.8,0.0,0
CVAE+APA-RCA+ResGCN,A4_aggregation_error,medium,2,FEAT_SECTOR_B,,,0,0,0,0.0,1.0,0.0,0
CVAE+APA-RCA+ResGCN,A4_aggregation_error,medium,7,FEAT_SECTOR_B,,,0,0,0,0.0,1.0,0.0,0
CVAE+APA-RCA+ResGCN,A4_aggregation_error,medium,12,FEAT_SECTOR_B,,,0,0,0,0.0,1.0,0.0,0
CVAE+APA-RCA+ResGCN,A4_aggregation_error,medium,17,FEAT_SECTOR_B,,,0,0,0,0.0,1.0,0.0,0
CVAE+APA-RCA+ResGCN,A4_aggregation_error,medium,22,FEAT_SECTOR_B,,,0,0,0,0.0,1.0,0.0,0
CVAE+APA-RCA+ResGCN,A4_aggregation_error,medium,27,FEAT_SECTOR_A,,,0,0,0,0.0,1.0,0.0,0
CVAE+APA-RCA+ResGCN,A5_downstream_masking,medium,2,SRC_STOCK_5_PRICE,,2.0,0,1,1,0.5,0.8,0.0,0
CVAE+APA-RCA+ResGCN,A5_downstream_masking,medium,7,SRC_STOCK_5_PRICE,,1.0,1,1,1,1.0,0.8,0.0,0
CVAE+APA-RCA+ResGCN,A5_downstream_masking,medium,12,SRC_STOCK_4_PRICE,,1.0,1,1,1,1.0,0.8,0.0,0
CVAE+APA-RCA+ResGCN,A5_downstream_masking,medium,17,SRC_STOCK_4_PRICE,,1.0,1,1,1,1.0,0.8,0.0,0
CVAE+APA-RCA+ResGCN,A5_downstream_masking,medium,22,SRC_STOCK_4_PRICE,,1.0,1,1,1,1.0,0.8,0.0,0
CVAE+APA-RCA+ResGCN,A5_downstream_masking,medium,27,SRC_STOCK_1_PRICE,,1.0,1,1,1,1.0,0.8,0.0,0
CVAE+APA-RCA+ResGCN,A6_multi_source,medium,2,SRC_STOCK_2_PRICE,,1.0,1,1,1,1.0,0.8,0.0,0
CVAE+APA-RCA+ResGCN,A6_multi_source,medium,7,SRC_STOCK_3_PRICE,,1.0,1,1,1,1.0,0.8,0.0,0
CVAE+APA-RCA+ResGCN,A6_multi_source,medium,12,SRC_STOCK_4_PRICE,,2.0,0,1,1,0.5,0.8,0.0,0
CVAE+APA-RCA+ResGCN,A6_multi_source,medium,17,SRC_STOCK_4_PRICE,,2.0,0,1,1,0.5,0.8,0.0,0
CVAE+APA-RCA+ResGCN,A6_multi_source,medium,22,SRC_STOCK_4_PRICE,,1.0,1,1,1,1.0,0.8,0.0,0
CVAE+APA-RCA+ResGCN,A6_multi_source,medium,27,SRC_STOCK_2_PRICE,,1.0,1,1,1,1.0,0.8,0.0,0
CVAE+APA-RCA+ResGCN,A7_coincidental,medium,2,SRC_STOCK_5_PRICE,,2.0,0,1,1,0.5,0.8,0.0,0
CVAE+APA-RCA+ResGCN,A7_coincidental,medium,7,SRC_STOCK_5_PRICE,,2.0,0,1,1,0.5,0.8,0.0,0
CVAE+APA-RCA+ResGCN,A7_coincidental,medium,12,SRC_STOCK_4_PRICE,,2.0,0,1,1,0.5,0.8,0.0,0
CVAE+APA-RCA+ResGCN,A7_coincidental,medium,17,SRC_STOCK_4_PRICE,,2.0,0,1,1,0.5,0.8,0.0,0
CVAE+APA-RCA+ResGCN,A7_coincidental,medium,22,SRC_STOCK_4_PRICE,,2.0,0,1,1,0.5,0.8,0.0,0
CVAE+APA-RCA+ResGCN,A7_coincidental,medium,27,SRC_STOCK_1_PRICE,,2.0,0,1,1,0.5,0.8,0.0,0
CVAE+APA-RCA+ResGCN,A1_source_corruption,large,2,SRC_STOCK_7_PRICE,,1.0,1,1,1,1.0,0.8,0.0,0
CVAE+APA-RCA+ResGCN,A1_source_corruption,large,7,SRC_STOCK_8_PRICE,,1.0,1,1,1,1.0,0.8,0.0,0
CVAE+APA-RCA+ResGCN,A1_source_corruption,large,12,SRC_STOCK_5_PRICE,,1.0,1,1,1,1.0,0.8,0.0,0
CVAE+APA-RCA+ResGCN,A1_source_corruption,large,17,SRC_STOCK_6_PRICE,,1.0,1,1,1,1.0,0.8,0.0,0
CVAE+APA-RCA+ResGCN,A1_source_corruption,large,22,SRC_STOCK_7_PRICE,,1.0,1,1,1,1.0,0.8,0.0,0
CVAE+APA-RCA+ResGCN,A1_source_corruption,large,27,SRC_STOCK_1_PRICE,,1.0,1,1,1,1.0,0.8,0.0,0
CVAE+APA-RCA+ResGCN,A2_etl_logic_error,large,2,ETL_FX_STOCK_7_PRICE,,,0,0,0,0.0,1.0,0.0,0
CVAE+APA-RCA+ResGCN,A2_etl_logic_error,large,7,ETL_FX_STOCK_8_PRICE,,,0,0,0,0.0,1.0,0.0,0
CVAE+APA-RCA+ResGCN,A2_etl_logic_error,large,12,ETL_FX_STOCK_5_PRICE,,,0,0,0,0.0,1.0,0.0,0
CVAE+APA-RCA+ResGCN,A2_etl_logic_error,large,17,ETL_FX_STOCK_6_PRICE,,,0,0,0,0.0,1.0,0.0,0
CVAE+APA-RCA+ResGCN,A2_etl_logic_error,large,22,ETL_FX_STOCK_7_PRICE,,,0,0,0,0.0,1.0,0.0,0
CVAE+APA-RCA+ResGCN,A2_etl_logic_error,large,27,ETL_FX_STOCK_1_PRICE,,,0,0,0,0.0,1.0,0.0,0
CVAE+APA-RCA+ResGCN,A3_feature_calc_error,large,2,FEAT_VOL20_STOCK_7_PRICE,,1.0,1,1,1,1.0,0.8,0.0,0
CVAE+APA-RCA+ResGCN,A3_feature_calc_error,large,7,FEAT_VOL20_STOCK_8_PRICE,,1.0,1,1,1,1.0,0.8,0.0,0
CVAE+APA-RCA+ResGCN,A3_feature_calc_error,large,12,FEAT_VOL20_STOCK_5_PRICE,,1.0,1,1,1,1.0,0.8,0.0,0
CVAE+APA-RCA+ResGCN,A3_feature_calc_error,large,17,FEAT_VOL20_STOCK_6_PRICE,,1.0,1,1,1,1.0,0.8,0.0,0
CVAE+APA-RCA+ResGCN,A3_feature_calc_error,large,22,FEAT_VOL20_STOCK_7_PRICE,,1.0,1,1,1,1.0,0.8,0.0,0
CVAE+APA-RCA+ResGCN,A3_feature_calc_error,large,27,FEAT_VOL20_STOCK_1_PRICE,,1.0,1,1,1,1.0,0.8,0.0,0
CVAE+APA-RCA+ResGCN,A4_aggregation_error,large,2,FEAT_SECTOR_B,,,0,0,0,0.0,1.0,0.0,0
CVAE+APA-RCA+ResGCN,A4_aggregation_error,large,7,FEAT_SECTOR_B,,,0,0,0,0.0,1.0,0.0,0
CVAE+APA-RCA+ResGCN,A4_aggregation_error,large,12,FEAT_SECTOR_B,,,0,0,0,0.0,1.0,0.0,0
CVAE+APA-RCA+ResGCN,A4_aggregation_error,large,17,FEAT_SECTOR_B,,,0,0,0,0.0,1.0,0.0,0
CVAE+APA-RCA+ResGCN,A4_aggregation_error,large,22,FEAT_SECTOR_B,,,0,0,0,0.0,1.0,0.0,0
CVAE+APA-RCA+ResGCN,A4_aggregation_error,large,27,FEAT_SECTOR_A,,,0,0,0,0.0,1.0,0.0,0
CVAE+APA-RCA+ResGCN,A5_downstream_masking,large,2,SRC_STOCK_7_PRICE,,1.0,1,1,1,1.0,0.8,0.0,0
CVAE+APA-RCA+ResGCN,A5_downstream_masking,large,7,SRC_STOCK_8_PRICE,,,0,0,0,0.0,1.0,0.0,0
CVAE+APA-RCA+ResGCN,A5_downstream_masking,large,12,SRC_STOCK_5_PRICE,,1.0,1,1,1,1.0,0.8,0.0,0
CVAE+APA-RCA+ResGCN,A5_downstream_masking,large,17,SRC_STOCK_6_PRICE,,1.0,1,1,1,1.0,0.8,0.0,0
CVAE+APA-RCA+ResGCN,A5_downstream_masking,large,22,SRC_STOCK_7_PRICE,,2.0,0,1,1,0.5,0.8,0.0,0
CVAE+APA-RCA+ResGCN,A5_downstream_masking,large,27,SRC_STOCK_1_PRICE,,1.0,1,1,1,1.0,0.8,0.0,0
CVAE+APA-RCA+ResGCN,A6_multi_source,large,2,SRC_STOCK_2_PRICE,,1.0,1,1,1,1.0,0.8,0.0,0
CVAE+APA-RCA+ResGCN,A6_multi_source,large,7,SRC_STOCK_6_PRICE,,1.0,1,1,1,1.0,0.8,0.0,0
CVAE+APA-RCA+ResGCN,A6_multi_source,large,12,SRC_STOCK_2_PRICE,,1.0,1,1,1,1.0,0.8,0.0,0
CVAE+APA-RCA+ResGCN,A6_multi_source,large,17,SRC_STOCK_6_PRICE,,1.0,1,1,1,1.0,0.8,0.0,0
CVAE+APA-RCA+ResGCN,A6_multi_source,large,22,SRC_STOCK_6_PRICE,,1.0,1,1,1,1.0,0.8,0.0,0
CVAE+APA-RCA+ResGCN,A6_multi_source,large,27,SRC_STOCK_2_PRICE,,1.0,1,1,1,1.0,0.8,0.0,0
CVAE+APA-RCA+ResGCN,A7_coincidental,large,2,SRC_STOCK_7_PRICE,,2.0,0,1,1,0.5,0.8,0.0,0
CVAE+APA-RCA+ResGCN,A7_coincidental,large,7,SRC_STOCK_8_PRICE,,2.0,0,1,1,0.5,0.8,0.0,0
CVAE+APA-RCA+ResGCN,A7_coincidental,large,12,SRC_STOCK_5_PRICE,,2.0,0,1,1,0.5,0.8,0.0,0
CVAE+APA-RCA+ResGCN,A7_coincidental,large,17,SRC_STOCK_6_PRICE,,2.0,0,1,1,0.5,0.8,0.0,0
CVAE+APA-RCA+ResGCN,A7_coincidental,large,22,SRC_STOCK_7_PRICE,,2.0,0,1,1,0.5,0.8,0.0,0
CVAE+APA-RCA+ResGCN,A7_coincidental,large,27,SRC_STOCK_1_PRICE,,2.0,0,1,1,0.5,0.8,0.0,0
APA-RCA-v2+ResGCN,A1_source_corruption,small,3,SRC_STOCK_3_PRICE,,1.0,1,1,1,1.0,0.8,0.0,0
APA-RCA-v2+ResGCN,A1_source_corruption,small,8,SRC_STOCK_3_PRICE,,1.0,1,1,1,1.0,0.8,0.0,0
APA-RCA-v2+ResGCN,A1_source_corruption,small,13,SRC_STOCK_3_PRICE,,1.0,1,1,1,1.0,0.8,0.0,0
APA-RCA-v2+ResGCN,A1_source_corruption,small,18,SRC_STOCK_3_PRICE,,1.0,1,1,1,1.0,0.8,0.0,0
APA-RCA-v2+ResGCN,A1_source_corruption,small,23,SRC_STOCK_1_PRICE,,1.0,1,1,1,1.0,0.8,0.0,0
APA-RCA-v2+ResGCN,A1_source_corruption,small,28,SRC_STOCK_2_PRICE,,1.0,1,1,1,1.0,0.8,0.0,0
APA-RCA-v2+ResGCN,A2_etl_logic_error,small,3,ETL_FX_STOCK_3_PRICE,,3.0,0,1,1,0.3333333333333333,0.8,0.0,0
APA-RCA-v2+ResGCN,A2_etl_logic_error,small,8,ETL_FX_STOCK_3_PRICE,,3.0,0,1,1,0.3333333333333333,0.8,0.0,0
APA-RCA-v2+ResGCN,A2_etl_logic_error,small,13,ETL_FX_STOCK_3_PRICE,,1.0,1,1,1,1.0,0.8,0.0,0
APA-RCA-v2+ResGCN,A2_etl_logic_error,small,18,ETL_FX_STOCK_3_PRICE,,4.0,0,0,1,0.25,0.8,0.0,0
APA-RCA-v2+ResGCN,A2_etl_logic_error,small,23,ETL_FX_STOCK_1_PRICE,,1.0,1,1,1,1.0,0.8,0.0,0
APA-RCA-v2+ResGCN,A2_etl_logic_error,small,28,ETL_FX_STOCK_2_PRICE,,1.0,1,1,1,1.0,0.8,0.0,0
APA-RCA-v2+ResGCN,A3_feature_calc_error,small,3,FEAT_VOL20_STOCK_3_PRICE,,,0,0,0,0.0,1.0,0.0,0
APA-RCA-v2+ResGCN,A3_feature_calc_error,small,8,FEAT_VOL20_STOCK_3_PRICE,,,0,0,0,0.0,1.0,0.0,0
APA-RCA-v2+ResGCN,A3_feature_calc_error,small,13,FEAT_VOL20_STOCK_3_PRICE,,2.0,0,1,1,0.5,0.8,0.0,0
APA-RCA-v2+ResGCN,A3_feature_calc_error,small,18,FEAT_VOL20_STOCK_3_PRICE,,3.0,0,1,1,0.3333333333333333,0.8,0.0,0
APA-RCA-v2+ResGCN,A3_feature_calc_error,small,23,FEAT_VOL20_STOCK_1_PRICE,,4.0,0,0,1,0.25,0.8,0.0,0
APA-RCA-v2+ResGCN,A3_feature_calc_error,small,28,FEAT_VOL20_STOCK_2_PRICE,,,0,0,0,0.0,1.0,0.0,0
APA-RCA-v2+ResGCN,A4_aggregation_error,small,3,FEAT_SECTOR_B,,,0,0,0,0.0,1.0,0.0,0
APA-RCA-v2+ResGCN,A4_aggregation_error,small,8,FEAT_SECTOR_B,,,0,0,0,0.0,1.0,0.0,0
APA-RCA-v2+ResGCN,A4_aggregation_error,small,13,FEAT_SECTOR_B,,,0,0,0,0.0,1.0,0.0,0
APA-RCA-v2+ResGCN,A4_aggregation_error,small,18,FEAT_SECTOR_B,,,0,0,0,0.0,1.0,0.0,0
APA-RCA-v2+ResGCN,A4_aggregation_error,small,23,FEAT_SECTOR_A,,,0,0,0,0.0,1.0,0.0,0
APA-RCA-v2+ResGCN,A4_aggregation_error,small,28,FEAT_SECTOR_B,,,0,0,0,0.0,1.0,0.0,0
APA-RCA-v2+ResGCN,A5_downstream_masking,small,3,SRC_STOCK_3_PRICE,,1.0,1,1,1,1.0,0.8,0.0,0
APA-RCA-v2+ResGCN,A5_downstream_masking,small,8,SRC_STOCK_3_PRICE,,2.0,0,1,1,0.5,0.8,0.0,0
APA-RCA-v2+ResGCN,A5_downstream_masking,small,13,SRC_STOCK_3_PRICE,,4.0,0,0,1,0.25,0.8,0.0,0
APA-RCA-v2+ResGCN,A5_downstream_masking,small,18,SRC_STOCK_3_PRICE,,1.0,1,1,1,1.0,0.8,0.0,0
APA-RCA-v2+ResGCN,A5_downstream_masking,small,23,SRC_STOCK_1_PRICE,,2.0,0,1,1,0.5,0.8,0.0,0
APA-RCA-v2+ResGCN,A5_downstream_masking,small,28,SRC_STOCK_2_PRICE,,2.0,0,1,1,0.5,0.8,0.0,0
APA-RCA-v2+ResGCN,A6_multi_source,small,3,SRC_STOCK_2_PRICE,,2.0,0,1,1,0.5,0.8,0.0,0
APA-RCA-v2+ResGCN,A6_multi_source,small,8,SRC_STOCK_3_PRICE,,1.0,1,1,1,1.0,0.8,0.0,0
APA-RCA-v2+ResGCN,A6_multi_source,small,13,SRC_STOCK_1_PRICE,,1.0,1,1,1,1.0,0.8,0.0,0
APA-RCA-v2+ResGCN,A6_multi_source,small,18,SRC_STOCK_3_PRICE,,2.0,0,1,1,0.5,0.8,0.0,0
APA-RCA-v2+ResGCN,A6_multi_source,small,23,SRC_STOCK_1_PRICE,,1.0,1,1,1,1.0,0.8,0.0,0
APA-RCA-v2+ResGCN,A6_multi_source,small,28,SRC_STOCK_3_PRICE,,2.0,0,1,1,0.5,0.8,0.0,0
APA-RCA-v2+ResGCN,A7_coincidental,small,3,SRC_STOCK_3_PRICE,,1.0,1,1,1,1.0,0.8,0.0,0
APA-RCA-v2+ResGCN,A7_coincidental,small,8,SRC_STOCK_3_PRICE,,1.0,1,1,1,1.0,0.8,0.0,0
APA-RCA-v2+ResGCN,A7_coincidental,small,13,SRC_STOCK_3_PRICE,,1.0,1,1,1,1.0,0.8,0.0,0
APA-RCA-v2+ResGCN,A7_coincidental,small,18,SRC_STOCK_3_PRICE,,1.0,1,1,1,1.0,0.8,0.0,0
APA-RCA-v2+ResGCN,A7_coincidental,small,23,SRC_STOCK_1_PRICE,,1.0,1,1,1,1.0,0.8,0.0,0
APA-RCA-v2+ResGCN,A7_coincidental,small,28,SRC_STOCK_2_PRICE,,1.0,1,1,1,1.0,0.8,0.0,0
APA-RCA-v2+ResGCN,A1_source_corruption,medium,3,SRC_STOCK_5_PRICE,,1.0,1,1,1,1.0,0.8,0.0,0
APA-RCA-v2+ResGCN,A1_source_corruption,medium,8,SRC_STOCK_4_PRICE,,1.0,1,1,1,1.0,0.8,0.0,0
APA-RCA-v2+ResGCN,A1_source_corruption,medium,13,SRC_STOCK_5_PRICE,,1.0,1,1,1,1.0,0.8,0.0,0
APA-RCA-v2+ResGCN,A1_source_corruption,medium,18,SRC_STOCK_5_PRICE,,1.0,1,1,1,1.0,0.8,0.0,0
APA-RCA-v2+ResGCN,A1_source_corruption,medium,23,SRC_STOCK_1_PRICE,,1.0,1,1,1,1.0,0.8,0.0,0
APA-RCA-v2+ResGCN,A1_source_corruption,medium,28,SRC_STOCK_4_PRICE,,1.0,1,1,1,1.0,0.8,0.0,0
APA-RCA-v2+ResGCN,A2_etl_logic_error,medium,3,ETL_FX_STOCK_5_PRICE,,1.0,1,1,1,1.0,0.8,0.0,0
APA-RCA-v2+ResGCN,A2_etl_logic_error,medium,8,ETL_FX_STOCK_4_PRICE,,1.0,1,1,1,1.0,0.8,0.0,0
APA-RCA-v2+ResGCN,A2_etl_logic_error,medium,13,ETL_FX_STOCK_5_PRICE,,1.0,1,1,1,1.0,0.8,0.0,0
APA-RCA-v2+ResGCN,A2_etl_logic_error,medium,18,ETL_FX_STOCK_5_PRICE,,2.0,0,1,1,0.5,0.8,0.0,0
APA-RCA-v2+ResGCN,A2_etl_logic_error,medium,23,ETL_FX_STOCK_1_PRICE,,6.0,0,0,0,0.16666666666666666,1.0,0.0,0
APA-RCA-v2+ResGCN,A2_etl_logic_error,medium,28,ETL_FX_STOCK_4_PRICE,,1.0,1,1,1,1.0,0.8,0.0,0
APA-RCA-v2+ResGCN,A3_feature_calc_error,medium,3,FEAT_VOL20_STOCK_5_PRICE,,1.0,1,1,1,1.0,0.8,0.0,0
APA-RCA-v2+ResGCN,A3_feature_calc_error,medium,8,FEAT_VOL20_STOCK_4_PRICE,,1.0,1,1,1,1.0,0.8,0.0,0
APA-RCA-v2+ResGCN,A3_feature_calc_error,medium,13,FEAT_VOL20_STOCK_5_PRICE,,1.0,1,1,1,1.0,0.8,0.0,0
APA-RCA-v2+ResGCN,A3_feature_calc_error,medium,18,FEAT_VOL20_STOCK_5_PRICE,,2.0,0,1,1,0.5,0.8,0.0,0
APA-RCA-v2+ResGCN,A3_feature_calc_error,medium,23,FEAT_VOL20_STOCK_1_PRICE,,2.0,0,1,1,0.5,0.8,0.0,0
APA-RCA-v2+ResGCN,A3_feature_calc_error,medium,28,FEAT_VOL20_STOCK_4_PRICE,,2.0,0,1,1,0.5,0.8,0.0,0
APA-RCA-v2+ResGCN,A4_aggregation_error,medium,3,FEAT_SECTOR_B,,,0,0,0,0.0,1.0,0.0,0
APA-RCA-v2+ResGCN,A4_aggregation_error,medium,8,FEAT_SECTOR_B,,,0,0,0,0.0,1.0,0.0,0
APA-RCA-v2+ResGCN,A4_aggregation_error,medium,13,FEAT_SECTOR_B,,,0,0,0,0.0,1.0,0.0,0
APA-RCA-v2+ResGCN,A4_aggregation_error,medium,18,FEAT_SECTOR_B,,,0,0,0,0.0,1.0,0.0,0
APA-RCA-v2+ResGCN,A4_aggregation_error,medium,23,FEAT_SECTOR_A,,,0,0,0,0.0,1.0,0.0,0
APA-RCA-v2+ResGCN,A4_aggregation_error,medium,28,FEAT_SECTOR_B,,,0,0,0,0.0,1.0,0.0,0
APA-RCA-v2+ResGCN,A5_downstream_masking,medium,3,SRC_STOCK_5_PRICE,,3.0,0,1,1,0.3333333333333333,0.8,0.0,0
APA-RCA-v2+ResGCN,A5_downstream_masking,medium,8,SRC_STOCK_4_PRICE,,2.0,0,1,1,0.5,0.8,0.0,0
APA-RCA-v2+ResGCN,A5_downstream_masking,medium,13,SRC_STOCK_5_PRICE,,3.0,0,1,1,0.3333333333333333,0.8,0.0,0
APA-RCA-v2+ResGCN,A5_downstream_masking,medium,18,SRC_STOCK_5_PRICE,,1.0,1,1,1,1.0,0.8,0.0,0
APA-RCA-v2+ResGCN,A5_downstream_masking,medium,23,SRC_STOCK_1_PRICE,,3.0,0,1,1,0.3333333333333333,0.8,0.0,0
APA-RCA-v2+ResGCN,A5_downstream_masking,medium,28,SRC_STOCK_4_PRICE,,3.0,0,1,1,0.3333333333333333,0.8,0.0,0
APA-RCA-v2+ResGCN,A6_multi_source,medium,3,SRC_STOCK_1_PRICE,,1.0,1,1,1,1.0,0.8,0.0,0
APA-RCA-v2+ResGCN,A6_multi_source,medium,8,SRC_STOCK_2_PRICE,,2.0,0,1,1,0.5,0.8,0.0,0
APA-RCA-v2+ResGCN,A6_multi_source,medium,13,SRC_STOCK_4_PRICE,,1.0,1,1,1,1.0,0.8,0.0,0
APA-RCA-v2+ResGCN,A6_multi_source,medium,18,SRC_STOCK_3_PRICE,,1.0,1,1,1,1.0,0.8,0.0,0
APA-RCA-v2+ResGCN,A6_multi_source,medium,23,SRC_STOCK_5_PRICE,,2.0,0,1,1,0.5,0.8,0.0,0
APA-RCA-v2+ResGCN,A6_multi_source,medium,28,SRC_STOCK_2_PRICE,,2.0,0,1,1,0.5,0.8,0.0,0
APA-RCA-v2+ResGCN,A7_coincidental,medium,3,SRC_STOCK_5_PRICE,,1.0,1,1,1,1.0,0.8,0.0,0
APA-RCA-v2+ResGCN,A7_coincidental,medium,8,SRC_STOCK_4_PRICE,,1.0,1,1,1,1.0,0.8,0.0,0
APA-RCA-v2+ResGCN,A7_coincidental,medium,13,SRC_STOCK_5_PRICE,,1.0,1,1,1,1.0,0.8,0.0,0
APA-RCA-v2+ResGCN,A7_coincidental,medium,18,SRC_STOCK_5_PRICE,,1.0,1,1,1,1.0,0.8,0.0,0
APA-RCA-v2+ResGCN,A7_coincidental,medium,23,SRC_STOCK_1_PRICE,,1.0,1,1,1,1.0,0.8,0.0,0
APA-RCA-v2+ResGCN,A7_coincidental,medium,28,SRC_STOCK_4_PRICE,,1.0,1,1,1,1.0,0.8,0.0,0
APA-RCA-v2+ResGCN,A1_source_corruption,large,3,SRC_STOCK_7_PRICE,,1.0,1,1,1,1.0,0.8,0.0,0
APA-RCA-v2+ResGCN,A1_source_corruption,large,8,SRC_STOCK_6_PRICE,,1.0,1,1,1,1.0,0.8,0.0,0
APA-RCA-v2+ResGCN,A1_source_corruption,large,13,SRC_STOCK_8_PRICE,,1.0,1,1,1,1.0,0.8,0.0,0
APA-RCA-v2+ResGCN,A1_source_corruption,large,18,SRC_STOCK_8_PRICE,,1.0,1,1,1,1.0,0.8,0.0,0
APA-RCA-v2+ResGCN,A1_source_corruption,large,23,SRC_STOCK_1_PRICE,,1.0,1,1,1,1.0,0.8,0.0,0
APA-RCA-v2+ResGCN,A1_source_corruption,large,28,SRC_STOCK_6_PRICE,,1.0,1,1,1,1.0,0.8,0.0,0
APA-RCA-v2+ResGCN,A2_etl_logic_error,large,3,ETL_FX_STOCK_7_PRICE,,1.0,1,1,1,1.0,0.8,0.0,0
APA-RCA-v2+ResGCN,A2_etl_logic_error,large,8,ETL_FX_STOCK_6_PRICE,,2.0,0,1,1,0.5,0.8,0.0,0
APA-RCA-v2+ResGCN,A2_etl_logic_error,large,13,ETL_FX_STOCK_8_PRICE,,1.0,1,1,1,1.0,0.8,0.0,0
APA-RCA-v2+ResGCN,A2_etl_logic_error,large,18,ETL_FX_STOCK_8_PRICE,,1.0,1,1,1,1.0,0.8,0.0,0
APA-RCA-v2+ResGCN,A2_etl_logic_error,large,23,ETL_FX_STOCK_1_PRICE,,1.0,1,1,1,1.0,0.8,0.0,0
APA-RCA-v2+ResGCN,A2_etl_logic_error,large,28,ETL_FX_STOCK_6_PRICE,,3.0,0,1,1,0.3333333333333333,0.8,0.0,0
APA-RCA-v2+ResGCN,A3_feature_calc_error,large,3,FEAT_VOL20_STOCK_7_PRICE,,,0,0,0,0.0,1.0,0.0,0
APA-RCA-v2+ResGCN,A3_feature_calc_error,large,8,FEAT_VOL20_STOCK_6_PRICE,,2.0,0,1,1,0.5,0.8,0.0,0
APA-RCA-v2+ResGCN,A3_feature_calc_error,large,13,FEAT_VOL20_STOCK_8_PRICE,,1.0,1,1,1,1.0,0.8,0.0,0
APA-RCA-v2+ResGCN,A3_feature_calc_error,large,18,FEAT_VOL20_STOCK_8_PRICE,,5.0,0,0,1,0.2,0.8,0.0,0
APA-RCA-v2+ResGCN,A3_feature_calc_error,large,23,FEAT_VOL20_STOCK_1_PRICE,,1.0,1,1,1,1.0,0.8,0.0,0
APA-RCA-v2+ResGCN,A3_feature_calc_error,large,28,FEAT_VOL20_STOCK_6_PRICE,,2.0,0,1,1,0.5,0.8,0.0,0
APA-RCA-v2+ResGCN,A4_aggregation_error,large,3,FEAT_SECTOR_B,,,0,0,0,0.0,1.0,0.0,0
APA-RCA-v2+ResGCN,A4_aggregation_error,large,8,FEAT_SECTOR_B,,,0,0,0,0.0,1.0,0.0,0
APA-RCA-v2+ResGCN,A4_aggregation_error,large,13,FEAT_SECTOR_B,,,0,0,0,0.0,1.0,0.0,0
APA-RCA-v2+ResGCN,A4_aggregation_error,large,18,FEAT_SECTOR_B,,,0,0,0,0.0,1.0,0.0,0
APA-RCA-v2+ResGCN,A4_aggregation_error,large,23,FEAT_SECTOR_A,,,0,0,0,0.0,1.0,0.0,0
APA-RCA-v2+ResGCN,A4_aggregation_error,large,28,FEAT_SECTOR_B,,,0,0,0,0.0,1.0,0.0,0
APA-RCA-v2+ResGCN,A5_downstream_masking,large,3,SRC_STOCK_7_PRICE,,1.0,1,1,1,1.0,0.8,0.0,0
APA-RCA-v2+ResGCN,A5_downstream_masking,large,8,SRC_STOCK_6_PRICE,,2.0,0,1,1,0.5,0.8,0.0,0
APA-RCA-v2+ResGCN,A5_downstream_masking,large,13,SRC_STOCK_8_PRICE,,1.0,1,1,1,1.0,0.8,0.0,0
APA-RCA-v2+ResGCN,A5_downstream_masking,large,18,SRC_STOCK_8_PRICE,,1.0,1,1,1,1.0,0.8,0.0,0
APA-RCA-v2+ResGCN,A5_downstream_masking,large,23,SRC_STOCK_1_PRICE,,,0,0,0,0.0,1.0,0.0,0
APA-RCA-v2+ResGCN,A5_downstream_masking,large,28,SRC_STOCK_6_PRICE,,6.0,0,0,0,0.16666666666666666,1.0,0.0,0
APA-RCA-v2+ResGCN,A6_multi_source,large,3,SRC_STOCK_1_PRICE,,2.0,0,1,1,0.5,0.8,0.0,0
APA-RCA-v2+ResGCN,A6_multi_source,large,8,SRC_STOCK_3_PRICE,,2.0,0,1,1,0.5,0.8,0.0,0
APA-RCA-v2+ResGCN,A6_multi_source,large,13,SRC_STOCK_7_PRICE,,1.0,1,1,1,1.0,0.8,0.0,0
APA-RCA-v2+ResGCN,A6_multi_source,large,18,SRC_STOCK_6_PRICE,,1.0,1,1,1,1.0,0.8,0.0,0
APA-RCA-v2+ResGCN,A6_multi_source,large,23,SRC_STOCK_4_PRICE,,2.0,0,1,1,0.5,0.8,0.0,0
APA-RCA-v2+ResGCN,A6_multi_source,large,28,SRC_STOCK_4_PRICE,,1.0,1,1,1,1.0,0.8,0.0,0
APA-RCA-v2+ResGCN,A7_coincidental,large,3,SRC_STOCK_7_PRICE,,1.0,1,1,1,1.0,0.8,0.0,0
APA-RCA-v2+ResGCN,A7_coincidental,large,8,SRC_STOCK_6_PRICE,,1.0,1,1,1,1.0,0.8,0.0,0
APA-RCA-v2+ResGCN,A7_coincidental,large,13,SRC_STOCK_8_PRICE,,1.0,1,1,1,1.0,0.8,0.0,0
APA-RCA-v2+ResGCN,A7_coincidental,large,18,SRC_STOCK_8_PRICE,,1.0,1,1,1,1.0,0.8,0.0,0
APA-RCA-v2+ResGCN,A7_coincidental,large,23,SRC_STOCK_1_PRICE,,1.0,1,1,1,1.0,0.8,0.0,0
APA-RCA-v2+ResGCN,A7_coincidental,large,28,SRC_STOCK_6_PRICE,,1.0,1,1,1,1.0,0.8,0.0,0
CVAE+APA-RCA+ResGCN,A1_source_corruption,small,3,SRC_STOCK_3_PRICE,,1.0,1,1,1,1.0,0.8,0.0,0
CVAE+APA-RCA+ResGCN,A1_source_corruption,small,8,SRC_STOCK_3_PRICE,,1.0,1,1,1,1.0,0.8,0.0,0
CVAE+APA-RCA+ResGCN,A1_source_corruption,small,13,SRC_STOCK_3_PRICE,,1.0,1,1,1,1.0,0.8,0.0,0
CVAE+APA-RCA+ResGCN,A1_source_corruption,small,18,SRC_STOCK_3_PRICE,,1.0,1,1,1,1.0,0.8,0.0,0
CVAE+APA-RCA+ResGCN,A1_source_corruption,small,23,SRC_STOCK_1_PRICE,,1.0,1,1,1,1.0,0.8,0.0,0
CVAE+APA-RCA+ResGCN,A1_source_corruption,small,28,SRC_STOCK_2_PRICE,,1.0,1,1,1,1.0,0.8,0.0,0
CVAE+APA-RCA+ResGCN,A2_etl_logic_error,small,3,ETL_FX_STOCK_3_PRICE,,1.0,1,1,1,1.0,0.8,0.0,0
CVAE+APA-RCA+ResGCN,A2_etl_logic_error,small,8,ETL_FX_STOCK_3_PRICE,,1.0,1,1,1,1.0,0.8,0.0,0
CVAE+APA-RCA+ResGCN,A2_etl_logic_error,small,13,ETL_FX_STOCK_3_PRICE,,1.0,1,1,1,1.0,0.8,0.0,0
CVAE+APA-RCA+ResGCN,A2_etl_logic_error,small,18,ETL_FX_STOCK_3_PRICE,,1.0,1,1,1,1.0,0.8,0.0,0
CVAE+APA-RCA+ResGCN,A2_etl_logic_error,small,23,ETL_FX_STOCK_1_PRICE,,2.0,0,1,1,0.5,0.8,0.0,0
CVAE+APA-RCA+ResGCN,A2_etl_logic_error,small,28,ETL_FX_STOCK_2_PRICE,,1.0,1,1,1,1.0,0.8,0.0,0
CVAE+APA-RCA+ResGCN,A3_feature_calc_error,small,3,FEAT_VOL20_STOCK_3_PRICE,,1.0,1,1,1,1.0,0.8,0.0,0
CVAE+APA-RCA+ResGCN,A3_feature_calc_error,small,8,FEAT_VOL20_STOCK_3_PRICE,,1.0,1,1,1,1.0,0.8,0.0,0
CVAE+APA-RCA+ResGCN,A3_feature_calc_error,small,13,FEAT_VOL20_STOCK_3_PRICE,,1.0,1,1,1,1.0,0.8,0.0,0
CVAE+APA-RCA+ResGCN,A3_feature_calc_error,small,18,FEAT_VOL20_STOCK_3_PRICE,,1.0,1,1,1,1.0,0.8,0.0,0
CVAE+APA-RCA+ResGCN,A3_feature_calc_error,small,23,FEAT_VOL20_STOCK_1_PRICE,,1.0,1,1,1,1.0,0.8,0.0,0
CVAE+APA-RCA+ResGCN,A3_feature_calc_error,small,28,FEAT_VOL20_STOCK_2_PRICE,,1.0,1,1,1,1.0,0.8,0.0,0
CVAE+APA-RCA+ResGCN,A4_aggregation_error,small,3,FEAT_SECTOR_B,,,0,0,0,0.0,1.0,0.0,0
CVAE+APA-RCA+ResGCN,A4_aggregation_error,small,8,FEAT_SECTOR_B,,,0,0,0,0.0,1.0,0.0,0
CVAE+APA-RCA+ResGCN,A4_aggregation_error,small,13,FEAT_SECTOR_B,,,0,0,0,0.0,1.0,0.0,0
CVAE+APA-RCA+ResGCN,A4_aggregation_error,small,18,FEAT_SECTOR_B,,,0,0,0,0.0,1.0,0.0,0
CVAE+APA-RCA+ResGCN,A4_aggregation_error,small,23,FEAT_SECTOR_A,,,0,0,0,0.0,1.0,0.0,0
CVAE+APA-RCA+ResGCN,A4_aggregation_error,small,28,FEAT_SECTOR_B,,,0,0,0,0.0,1.0,0.0,0
CVAE+APA-RCA+ResGCN,A5_downstream_masking,small,3,SRC_STOCK_3_PRICE,,1.0,1,1,1,1.0,0.8,0.0,0
CVAE+APA-RCA+ResGCN,A5_downstream_masking,small,8,SRC_STOCK_3_PRICE,,1.0,1,1,1,1.0,0.8,0.0,0
CVAE+APA-RCA+ResGCN,A5_downstream_masking,small,13,SRC_STOCK_3_PRICE,,1.0,1,1,1,1.0,0.8,0.0,0
CVAE+APA-RCA+ResGCN,A5_downstream_masking,small,18,SRC_STOCK_3_PRICE,,1.0,1,1,1,1.0,0.8,0.0,0
CVAE+APA-RCA+ResGCN,A5_downstream_masking,small,23,SRC_STOCK_1_PRICE,,1.0,1,1,1,1.0,0.8,0.0,0
CVAE+APA-RCA+ResGCN,A5_downstream_masking,small,28,SRC_STOCK_2_PRICE,,1.0,1,1,1,1.0,0.8,0.0,0
CVAE+APA-RCA+ResGCN,A6_multi_source,small,3,SRC_STOCK_2_PRICE,,1.0,1,1,1,1.0,0.8,0.0,0
CVAE+APA-RCA+ResGCN,A6_multi_source,small,8,SRC_STOCK_3_PRICE,,1.0,1,1,1,1.0,0.8,0.0,0
CVAE+APA-RCA+ResGCN,A6_multi_source,small,13,SRC_STOCK_1_PRICE,,2.0,0,1,1,0.5,0.8,0.0,0
CVAE+APA-RCA+ResGCN,A6_multi_source,small,18,SRC_STOCK_3_PRICE,,1.0,1,1,1,1.0,0.8,0.0,0
CVAE+APA-RCA+ResGCN,A6_multi_source,small,23,SRC_STOCK_1_PRICE,,1.0,1,1,1,1.0,0.8,0.0,0
CVAE+APA-RCA+ResGCN,A6_multi_source,small,28,SRC_STOCK_3_PRICE,,1.0,1,1,1,1.0,0.8,0.0,0
CVAE+APA-RCA+ResGCN,A7_coincidental,small,3,SRC_STOCK_3_PRICE,,1.0,1,1,1,1.0,0.8,0.0,0
CVAE+APA-RCA+ResGCN,A7_coincidental,small,8,SRC_STOCK_3_PRICE,,2.0,0,1,1,0.5,0.8,0.0,0
CVAE+APA-RCA+ResGCN,A7_coincidental,small,13,SRC_STOCK_3_PRICE,,2.0,0,1,1,0.5,0.8,0.0,0
CVAE+APA-RCA+ResGCN,A7_coincidental,small,18,SRC_STOCK_3_PRICE,,2.0,0,1,1,0.5,0.8,0.0,0
CVAE+APA-RCA+ResGCN,A7_coincidental,small,23,SRC_STOCK_1_PRICE,,2.0,0,1,1,0.5,0.8,0.0,0
CVAE+APA-RCA+ResGCN,A7_coincidental,small,28,SRC_STOCK_2_PRICE,,2.0,0,1,1,0.5,0.8,0.0,0
CVAE+APA-RCA+ResGCN,A1_source_corruption,medium,3,SRC_STOCK_5_PRICE,,1.0,1,1,1,1.0,0.8,0.0,0
CVAE+APA-RCA+ResGCN,A1_source_corruption,medium,8,SRC_STOCK_4_PRICE,,1.0,1,1,1,1.0,0.8,0.0,0
CVAE+APA-RCA+ResGCN,A1_source_corruption,medium,13,SRC_STOCK_5_PRICE,,1.0,1,1,1,1.0,0.8,0.0,0
CVAE+APA-RCA+ResGCN,A1_source_corruption,medium,18,SRC_STOCK_5_PRICE,,1.0,1,1,1,1.0,0.8,0.0,0
CVAE+APA-RCA+ResGCN,A1_source_corruption,medium,23,SRC_STOCK_1_PRICE,,1.0,1,1,1,1.0,0.8,0.0,0
CVAE+APA-RCA+ResGCN,A1_source_corruption,medium,28,SRC_STOCK_4_PRICE,,1.0,1,1,1,1.0,0.8,0.0,0
CVAE+APA-RCA+ResGCN,A2_etl_logic_error,medium,3,ETL_FX_STOCK_5_PRICE,,,0,0,0,0.0,1.0,0.0,0
CVAE+APA-RCA+ResGCN,A2_etl_logic_error,medium,8,ETL_FX_STOCK_4_PRICE,,1.0,1,1,1,1.0,0.8,0.0,0
CVAE+APA-RCA+ResGCN,A2_etl_logic_error,medium,13,ETL_FX_STOCK_5_PRICE,,1.0,1,1,1,1.0,0.8,0.0,0
CVAE+APA-RCA+ResGCN,A2_etl_logic_error,medium,18,ETL_FX_STOCK_5_PRICE,,1.0,1,1,1,1.0,0.8,0.0,0
CVAE+APA-RCA+ResGCN,A2_etl_logic_error,medium,23,ETL_FX_STOCK_1_PRICE,,1.0,1,1,1,1.0,0.8,0.0,0
CVAE+APA-RCA+ResGCN,A2_etl_logic_error,medium,28,ETL_FX_STOCK_4_PRICE,,1.0,1,1,1,1.0,0.8,0.0,0
CVAE+APA-RCA+ResGCN,A3_feature_calc_error,medium,3,FEAT_VOL20_STOCK_5_PRICE,,1.0,1,1,1,1.0,0.8,0.0,0
CVAE+APA-RCA+ResGCN,A3_feature_calc_error,medium,8,FEAT_VOL20_STOCK_4_PRICE,,1.0,1,1,1,1.0,0.8,0.0,0
CVAE+APA-RCA+ResGCN,A3_feature_calc_error,medium,13,FEAT_VOL20_STOCK_5_PRICE,,1.0,1,1,1,1.0,0.8,0.0,0
CVAE+APA-RCA+ResGCN,A3_feature_calc_error,medium,18,FEAT_VOL20_STOCK_5_PRICE,,1.0,1,1,1,1.0,0.8,0.0,0
CVAE+APA-RCA+ResGCN,A3_feature_calc_error,medium,23,FEAT_VOL20_STOCK_1_PRICE,,1.0,1,1,1,1.0,0.8,0.0,0
CVAE+APA-RCA+ResGCN,A3_feature_calc_error,medium,28,FEAT_VOL20_STOCK_4_PRICE,,1.0,1,1,1,1.0,0.8,0.0,0
CVAE+APA-RCA+ResGCN,A4_aggregation_error,medium,3,FEAT_SECTOR_B,,,0,0,0,0.0,1.0,0.0,0
CVAE+APA-RCA+ResGCN,A4_aggregation_error,medium,8,FEAT_SECTOR_B,,,0,0,0,0.0,1.0,0.0,0
CVAE+APA-RCA+ResGCN,A4_aggregation_error,medium,13,FEAT_SECTOR_B,,,0,0,0,0.0,1.0,0.0,0
CVAE+APA-RCA+ResGCN,A4_aggregation_error,medium,18,FEAT_SECTOR_B,,,0,0,0,0.0,1.0,0.0,0
CVAE+APA-RCA+ResGCN,A4_aggregation_error,medium,23,FEAT_SECTOR_A,,,0,0,0,0.0,1.0,0.0,0
CVAE+APA-RCA+ResGCN,A4_aggregation_error,medium,28,FEAT_SECTOR_B,,,0,0,0,0.0,1.0,0.0,0
CVAE+APA-RCA+ResGCN,A5_downstream_masking,medium,3,SRC_STOCK_5_PRICE,,1.0,1,1,1,1.0,0.8,0.0,0
CVAE+APA-RCA+ResGCN,A5_downstream_masking,medium,8,SRC_STOCK_4_PRICE,,1.0,1,1,1,1.0,0.8,0.0,0
CVAE+APA-RCA+ResGCN,A5_downstream_masking,medium,13,SRC_STOCK_5_PRICE,,1.0,1,1,1,1.0,0.8,0.0,0
CVAE+APA-RCA+ResGCN,A5_downstream_masking,medium,18,SRC_STOCK_5_PRICE,,1.0,1,1,1,1.0,0.8,0.0,0
CVAE+APA-RCA+ResGCN,A5_downstream_masking,medium,23,SRC_STOCK_1_PRICE,,1.0,1,1,1,1.0,0.8,0.0,0
CVAE+APA-RCA+ResGCN,A5_downstream_masking,medium,28,SRC_STOCK_4_PRICE,,1.0,1,1,1,1.0,0.8,0.0,0
CVAE+APA-RCA+ResGCN,A6_multi_source,medium,3,SRC_STOCK_1_PRICE,,1.0,1,1,1,1.0,0.8,0.0,0
CVAE+APA-RCA+ResGCN,A6_multi_source,medium,8,SRC_STOCK_2_PRICE,,1.0,1,1,1,1.0,0.8,0.0,0
CVAE+APA-RCA+ResGCN,A6_multi_source,medium,13,SRC_STOCK_4_PRICE,,1.0,1,1,1,1.0,0.8,0.0,0
CVAE+APA-RCA+ResGCN,A6_multi_source,medium,18,SRC_STOCK_3_PRICE,,1.0,1,1,1,1.0,0.8,0.0,0
CVAE+APA-RCA+ResGCN,A6_multi_source,medium,23,SRC_STOCK_5_PRICE,,2.0,0,1,1,0.5,0.8,0.0,0
CVAE+APA-RCA+ResGCN,A6_multi_source,medium,28,SRC_STOCK_2_PRICE,,2.0,0,1,1,0.5,0.8,0.0,0
CVAE+APA-RCA+ResGCN,A7_coincidental,medium,3,SRC_STOCK_5_PRICE,,1.0,1,1,1,1.0,0.8,0.0,0
CVAE+APA-RCA+ResGCN,A7_coincidental,medium,8,SRC_STOCK_4_PRICE,,2.0,0,1,1,0.5,0.8,0.0,0
CVAE+APA-RCA+ResGCN,A7_coincidental,medium,13,SRC_STOCK_5_PRICE,,2.0,0,1,1,0.5,0.8,0.0,0
CVAE+APA-RCA+ResGCN,A7_coincidental,medium,18,SRC_STOCK_5_PRICE,,2.0,0,1,1,0.5,0.8,0.0,0
CVAE+APA-RCA+ResGCN,A7_coincidental,medium,23,SRC_STOCK_1_PRICE,,2.0,0,1,1,0.5,0.8,0.0,0
CVAE+APA-RCA+ResGCN,A7_coincidental,medium,28,SRC_STOCK_4_PRICE,,2.0,0,1,1,0.5,0.8,0.0,0
CVAE+APA-RCA+ResGCN,A1_source_corruption,large,3,SRC_STOCK_7_PRICE,,1.0,1,1,1,1.0,0.8,0.0,0
CVAE+APA-RCA+ResGCN,A1_source_corruption,large,8,SRC_STOCK_6_PRICE,,1.0,1,1,1,1.0,0.8,0.0,0
CVAE+APA-RCA+ResGCN,A1_source_corruption,large,13,SRC_STOCK_8_PRICE,,1.0,1,1,1,1.0,0.8,0.0,0
CVAE+APA-RCA+ResGCN,A1_source_corruption,large,18,SRC_STOCK_8_PRICE,,1.0,1,1,1,1.0,0.8,0.0,0
CVAE+APA-RCA+ResGCN,A1_source_corruption,large,23,SRC_STOCK_1_PRICE,,1.0,1,1,1,1.0,0.8,0.0,0
CVAE+APA-RCA+ResGCN,A1_source_corruption,large,28,SRC_STOCK_6_PRICE,,1.0,1,1,1,1.0,0.8,0.0,0
CVAE+APA-RCA+ResGCN,A2_etl_logic_error,large,3,ETL_FX_STOCK_7_PRICE,,,0,0,0,0.0,1.0,0.0,0
CVAE+APA-RCA+ResGCN,A2_etl_logic_error,large,8,ETL_FX_STOCK_6_PRICE,,,0,0,0,0.0,1.0,0.0,0
CVAE+APA-RCA+ResGCN,A2_etl_logic_error,large,13,ETL_FX_STOCK_8_PRICE,,,0,0,0,0.0,1.0,0.0,0
CVAE+APA-RCA+ResGCN,A2_etl_logic_error,large,18,ETL_FX_STOCK_8_PRICE,,,0,0,0,0.0,1.0,0.0,0
CVAE+APA-RCA+ResGCN,A2_etl_logic_error,large,23,ETL_FX_STOCK_1_PRICE,,,0,0,0,0.0,1.0,0.0,0
CVAE+APA-RCA+ResGCN,A2_etl_logic_error,large,28,ETL_FX_STOCK_6_PRICE,,,0,0,0,0.0,1.0,0.0,0
CVAE+APA-RCA+ResGCN,A3_feature_calc_error,large,3,FEAT_VOL20_STOCK_7_PRICE,,1.0,1,1,1,1.0,0.8,0.0,0
CVAE+APA-RCA+ResGCN,A3_feature_calc_error,large,8,FEAT_VOL20_STOCK_6_PRICE,,1.0,1,1,1,1.0,0.8,0.0,0
CVAE+APA-RCA+ResGCN,A3_feature_calc_error,large,13,FEAT_VOL20_STOCK_8_PRICE,,1.0,1,1,1,1.0,0.8,0.0,0
CVAE+APA-RCA+ResGCN,A3_feature_calc_error,large,18,FEAT_VOL20_STOCK_8_PRICE,,1.0,1,1,1,1.0,0.8,0.0,0
CVAE+APA-RCA+ResGCN,A3_feature_calc_error,large,23,FEAT_VOL20_STOCK_1_PRICE,,1.0,1,1,1,1.0,0.8,0.0,0
CVAE+APA-RCA+ResGCN,A3_feature_calc_error,large,28,FEAT_VOL20_STOCK_6_PRICE,,1.0,1,1,1,1.0,0.8,0.0,0
CVAE+APA-RCA+ResGCN,A4_aggregation_error,large,3,FEAT_SECTOR_B,,,0,0,0,0.0,1.0,0.0,0
CVAE+APA-RCA+ResGCN,A4_aggregation_error,large,8,FEAT_SECTOR_B,,,0,0,0,0.0,1.0,0.0,0
CVAE+APA-RCA+ResGCN,A4_aggregation_error,large,13,FEAT_SECTOR_B,,,0,0,0,0.0,1.0,0.0,0
CVAE+APA-RCA+ResGCN,A4_aggregation_error,large,18,FEAT_SECTOR_B,,,0,0,0,0.0,1.0,0.0,0
CVAE+APA-RCA+ResGCN,A4_aggregation_error,large,23,FEAT_SECTOR_A,,,0,0,0,0.0,1.0,0.0,0
CVAE+APA-RCA+ResGCN,A4_aggregation_error,large,28,FEAT_SECTOR_B,,,0,0,0,0.0,1.0,0.0,0
CVAE+APA-RCA+ResGCN,A5_downstream_masking,large,3,SRC_STOCK_7_PRICE,,,0,0,0,0.0,1.0,0.0,0
CVAE+APA-RCA+ResGCN,A5_downstream_masking,large,8,SRC_STOCK_6_PRICE,,1.0,1,1,1,1.0,0.8,0.0,0
CVAE+APA-RCA+ResGCN,A5_downstream_masking,large,13,SRC_STOCK_8_PRICE,,,0,0,0,0.0,1.0,0.0,0
CVAE+APA-RCA+ResGCN,A5_downstream_masking,large,18,SRC_STOCK_8_PRICE,,1.0,1,1,1,1.0,0.8,0.0,0
CVAE+APA-RCA+ResGCN,A5_downstream_masking,large,23,SRC_STOCK_1_PRICE,,1.0,1,1,1,1.0,0.8,0.0,0
CVAE+APA-RCA+ResGCN,A5_downstream_masking,large,28,SRC_STOCK_6_PRICE,,2.0,0,1,1,0.5,0.8,0.0,0
CVAE+APA-RCA+ResGCN,A6_multi_source,large,3,SRC_STOCK_1_PRICE,,1.0,1,1,1,1.0,0.8,0.0,0
CVAE+APA-RCA+ResGCN,A6_multi_source,large,8,SRC_STOCK_3_PRICE,,1.0,1,1,1,1.0,0.8,0.0,0
CVAE+APA-RCA+ResGCN,A6_multi_source,large,13,SRC_STOCK_7_PRICE,,1.0,1,1,1,1.0,0.8,0.0,0
CVAE+APA-RCA+ResGCN,A6_multi_source,large,18,SRC_STOCK_6_PRICE,,1.0,1,1,1,1.0,0.8,0.0,0
CVAE+APA-RCA+ResGCN,A6_multi_source,large,23,SRC_STOCK_4_PRICE,,1.0,1,1,1,1.0,0.8,0.0,0
CVAE+APA-RCA+ResGCN,A6_multi_source,large,28,SRC_STOCK_4_PRICE,,2.0,0,1,1,0.5,0.8,0.0,0
CVAE+APA-RCA+ResGCN,A7_coincidental,large,3,SRC_STOCK_7_PRICE,,1.0,1,1,1,1.0,0.8,0.0,0
CVAE+APA-RCA+ResGCN,A7_coincidental,large,8,SRC_STOCK_6_PRICE,,2.0,0,1,1,0.5,0.8,0.0,0
CVAE+APA-RCA+ResGCN,A7_coincidental,large,13,SRC_STOCK_8_PRICE,,2.0,0,1,1,0.5,0.8,0.0,0
CVAE+APA-RCA+ResGCN,A7_coincidental,large,18,SRC_STOCK_8_PRICE,,2.0,0,1,1,0.5,0.8,0.0,0
CVAE+APA-RCA+ResGCN,A7_coincidental,large,23,SRC_STOCK_1_PRICE,,2.0,0,1,1,0.5,0.8,0.0,0
CVAE+APA-RCA+ResGCN,A7_coincidental,large,28,SRC_STOCK_6_PRICE,,2.0,0,1,1,0.5,0.8,0.0,0
APA-RCA-v2+ResGCN,A1_source_corruption,small,4,SRC_STOCK_3_PRICE,,1.0,1,1,1,1.0,0.8,0.0,0
APA-RCA-v2+ResGCN,A1_source_corruption,small,9,SRC_STOCK_2_PRICE,,1.0,1,1,1,1.0,0.8,0.0,0
APA-RCA-v2+ResGCN,A1_source_corruption,small,14,SRC_STOCK_1_PRICE,,1.0,1,1,1,1.0,0.8,0.0,0
APA-RCA-v2+ResGCN,A1_source_corruption,small,19,SRC_STOCK_2_PRICE,,1.0,1,1,1,1.0,0.8,0.0,0
APA-RCA-v2+ResGCN,A1_source_corruption,small,24,SRC_STOCK_2_PRICE,,1.0,1,1,1,1.0,0.8,0.0,0
APA-RCA-v2+ResGCN,A1_source_corruption,small,29,SRC_STOCK_3_PRICE,,1.0,1,1,1,1.0,0.8,0.0,0
APA-RCA-v2+ResGCN,A2_etl_logic_error,small,4,ETL_FX_STOCK_3_PRICE,,1.0,1,1,1,1.0,0.8,0.0,0
APA-RCA-v2+ResGCN,A2_etl_logic_error,small,9,ETL_FX_STOCK_2_PRICE,,1.0,1,1,1,1.0,0.8,0.0,0
APA-RCA-v2+ResGCN,A2_etl_logic_error,small,14,ETL_FX_STOCK_1_PRICE,,1.0,1,1,1,1.0,0.8,0.0,0
APA-RCA-v2+ResGCN,A2_etl_logic_error,small,19,ETL_FX_STOCK_2_PRICE,,1.0,1,1,1,1.0,0.8,0.0,0
APA-RCA-v2+ResGCN,A2_etl_logic_error,small,24,ETL_FX_STOCK_2_PRICE,,1.0,1,1,1,1.0,0.8,0.0,0
APA-RCA-v2+ResGCN,A2_etl_logic_error,small,29,ETL_FX_STOCK_3_PRICE,,1.0,1,1,1,1.0,0.8,0.0,0
APA-RCA-v2+ResGCN,A3_feature_calc_error,small,4,FEAT_VOL20_STOCK_3_PRICE,,3.0,0,1,1,0.3333333333333333,0.8,0.0,0
APA-RCA-v2+ResGCN,A3_feature_calc_error,small,9,FEAT_VOL20_STOCK_2_PRICE,,,0,0,0,0.0,1.0,0.0,0
APA-RCA-v2+ResGCN,A3_feature_calc_error,small,14,FEAT_VOL20_STOCK_1_PRICE,,3.0,0,1,1,0.3333333333333333,0.8,0.0,0
APA-RCA-v2+ResGCN,A3_feature_calc_error,small,19,FEAT_VOL20_STOCK_2_PRICE,,4.0,0,0,1,0.25,0.8,0.0,0
APA-RCA-v2+ResGCN,A3_feature_calc_error,small,24,FEAT_VOL20_STOCK_2_PRICE,,,0,0,0,0.0,1.0,0.0,0
APA-RCA-v2+ResGCN,A3_feature_calc_error,small,29,FEAT_VOL20_STOCK_3_PRICE,,4.0,0,0,1,0.25,0.8,0.0,0
APA-RCA-v2+ResGCN,A4_aggregation_error,small,4,FEAT_SECTOR_B,,,0,0,0,0.0,1.0,0.0,0
APA-RCA-v2+ResGCN,A4_aggregation_error,small,9,FEAT_SECTOR_A,,,0,0,0,0.0,1.0,0.0,0
APA-RCA-v2+ResGCN,A4_aggregation_error,small,14,FEAT_SECTOR_A,,,0,0,0,0.0,1.0,0.0,0
APA-RCA-v2+ResGCN,A4_aggregation_error,small,19,FEAT_SECTOR_B,,,0,0,0,0.0,1.0,0.0,0
APA-RCA-v2+ResGCN,A4_aggregation_error,small,24,FEAT_SECTOR_A,,,0,0,0,0.0,1.0,0.0,0
APA-RCA-v2+ResGCN,A4_aggregation_error,small,29,FEAT_SECTOR_B,,,0,0,0,0.0,1.0,0.0,0
APA-RCA-v2+ResGCN,A5_downstream_masking,small,4,SRC_STOCK_3_PRICE,,3.0,0,1,1,0.3333333333333333,0.8,0.0,0
APA-RCA-v2+ResGCN,A5_downstream_masking,small,9,SRC_STOCK_2_PRICE,,2.0,0,1,1,0.5,0.8,0.0,0
APA-RCA-v2+ResGCN,A5_downstream_masking,small,14,SRC_STOCK_1_PRICE,,4.0,0,0,1,0.25,0.8,0.0,0
APA-RCA-v2+ResGCN,A5_downstream_masking,small,19,SRC_STOCK_2_PRICE,,1.0,1,1,1,1.0,0.8,0.0,0
APA-RCA-v2+ResGCN,A5_downstream_masking,small,24,SRC_STOCK_2_PRICE,,2.0,0,1,1,0.5,0.8,0.0,0
APA-RCA-v2+ResGCN,A5_downstream_masking,small,29,SRC_STOCK_3_PRICE,,2.0,0,1,1,0.5,0.8,0.0,0
APA-RCA-v2+ResGCN,A6_multi_source,small,4,SRC_STOCK_1_PRICE,,1.0,1,1,1,1.0,0.8,0.0,0
APA-RCA-v2+ResGCN,A6_multi_source,small,9,SRC_STOCK_2_PRICE,,1.0,1,1,1,1.0,0.8,0.0,0
APA-RCA-v2+ResGCN,A6_multi_source,small,14,SRC_STOCK_3_PRICE,,1.0,1,1,1,1.0,0.8,0.0,0
APA-RCA-v2+ResGCN,A6_multi_source,small,19,SRC_STOCK_1_PRICE,,2.0,0,1,1,0.5,0.8,0.0,0
APA-RCA-v2+ResGCN,A6_multi_source,small,24,SRC_STOCK_2_PRICE,,2.0,0,1,1,0.5,0.8,0.0,0
APA-RCA-v2+ResGCN,A6_multi_source,small,29,SRC_STOCK_1_PRICE,,1.0,1,1,1,1.0,0.8,0.0,0
APA-RCA-v2+ResGCN,A7_coincidental,small,4,SRC_STOCK_3_PRICE,,1.0,1,1,1,1.0,0.8,0.0,0
APA-RCA-v2+ResGCN,A7_coincidental,small,9,SRC_STOCK_2_PRICE,,1.0,1,1,1,1.0,0.8,0.0,0
APA-RCA-v2+ResGCN,A7_coincidental,small,14,SRC_STOCK_1_PRICE,,1.0,1,1,1,1.0,0.8,0.0,0
APA-RCA-v2+ResGCN,A7_coincidental,small,19,SRC_STOCK_2_PRICE,,1.0,1,1,1,1.0,0.8,0.0,0
APA-RCA-v2+ResGCN,A7_coincidental,small,24,SRC_STOCK_2_PRICE,,1.0,1,1,1,1.0,0.8,0.0,0
APA-RCA-v2+ResGCN,A7_coincidental,small,29,SRC_STOCK_3_PRICE,,1.0,1,1,1,1.0,0.8,0.0,0
APA-RCA-v2+ResGCN,A1_source_corruption,medium,4,SRC_STOCK_4_PRICE,,1.0,1,1,1,1.0,0.8,0.0,0
APA-RCA-v2+ResGCN,A1_source_corruption,medium,9,SRC_STOCK_3_PRICE,,1.0,1,1,1,1.0,0.8,0.0,0
APA-RCA-v2+ResGCN,A1_source_corruption,medium,14,SRC_STOCK_1_PRICE,,1.0,1,1,1,1.0,0.8,0.0,0
APA-RCA-v2+ResGCN,A1_source_corruption,medium,19,SRC_STOCK_3_PRICE,,1.0,1,1,1,1.0,0.8,0.0,0
APA-RCA-v2+ResGCN,A1_source_corruption,medium,24,SRC_STOCK_2_PRICE,,1.0,1,1,1,1.0,0.8,0.0,0
APA-RCA-v2+ResGCN,A1_source_corruption,medium,29,SRC_STOCK_5_PRICE,,1.0,1,1,1,1.0,0.8,0.0,0
APA-RCA-v2+ResGCN,A2_etl_logic_error,medium,4,ETL_FX_STOCK_4_PRICE,,1.0,1,1,1,1.0,0.8,0.0,0
APA-RCA-v2+ResGCN,A2_etl_logic_error,medium,9,ETL_FX_STOCK_3_PRICE,,1.0,1,1,1,1.0,0.8,0.0,0
APA-RCA-v2+ResGCN,A2_etl_logic_error,medium,14,ETL_FX_STOCK_1_PRICE,,1.0,1,1,1,1.0,0.8,0.0,0
APA-RCA-v2+ResGCN,A2_etl_logic_error,medium,19,ETL_FX_STOCK_3_PRICE,,2.0,0,1,1,0.5,0.8,0.0,0
APA-RCA-v2+ResGCN,A2_etl_logic_error,medium,24,ETL_FX_STOCK_2_PRICE,,1.0,1,1,1,1.0,0.8,0.0,0
APA-RCA-v2+ResGCN,A2_etl_logic_error,medium,29,ETL_FX_STOCK_5_PRICE,,1.0,1,1,1,1.0,0.8,0.0,0
APA-RCA-v2+ResGCN,A3_feature_calc_error,medium,4,FEAT_VOL20_STOCK_4_PRICE,,1.0,1,1,1,1.0,0.8,0.0,0
APA-RCA-v2+ResGCN,A3_feature_calc_error,medium,9,FEAT_VOL20_STOCK_3_PRICE,,1.0,1,1,1,1.0,0.8,0.0,0
APA-RCA-v2+ResGCN,A3_feature_calc_error,medium,14,FEAT_VOL20_STOCK_1_PRICE,,1.0,1,1,1,1.0,0.8,0.0,0
APA-RCA-v2+ResGCN,A3_feature_calc_error,medium,19,FEAT_VOL20_STOCK_3_PRICE,,2.0,0,1,1,0.5,0.8,0.0,0
APA-RCA-v2+ResGCN,A3_feature_calc_error,medium,24,FEAT_VOL20_STOCK_2_PRICE,,3.0,0,1,1,0.3333333333333333,0.8,0.0,0
APA-RCA-v2+ResGCN,A3_feature_calc_error,medium,29,FEAT_VOL20_STOCK_5_PRICE,,,0,0,0,0.0,1.0,0.0,0
APA-RCA-v2+ResGCN,A4_aggregation_error,medium,4,FEAT_SECTOR_B,,,0,0,0,0.0,1.0,0.0,0
APA-RCA-v2+ResGCN,A4_aggregation_error,medium,9,FEAT_SECTOR_A,,,0,0,0,0.0,1.0,0.0,0
APA-RCA-v2+ResGCN,A4_aggregation_error,medium,14,FEAT_SECTOR_A,,,0,0,0,0.0,1.0,0.0,0
APA-RCA-v2+ResGCN,A4_aggregation_error,medium,19,FEAT_SECTOR_B,,,0,0,0,0.0,1.0,0.0,0
APA-RCA-v2+ResGCN,A4_aggregation_error,medium,24,FEAT_SECTOR_A,,,0,0,0,0.0,1.0,0.0,0
APA-RCA-v2+ResGCN,A4_aggregation_error,medium,29,FEAT_SECTOR_B,,,0,0,0,0.0,1.0,0.0,0
APA-RCA-v2+ResGCN,A5_downstream_masking,medium,4,SRC_STOCK_4_PRICE,,2.0,0,1,1,0.5,0.8,0.0,0
APA-RCA-v2+ResGCN,A5_downstream_masking,medium,9,SRC_STOCK_3_PRICE,,3.0,0,1,1,0.3333333333333333,0.8,0.0,0
APA-RCA-v2+ResGCN,A5_downstream_masking,medium,14,SRC_STOCK_1_PRICE,,,0,0,0,0.0,1.0,0.0,0
APA-RCA-v2+ResGCN,A5_downstream_masking,medium,19,SRC_STOCK_3_PRICE,,5.0,0,0,1,0.2,0.8,0.0,0
APA-RCA-v2+ResGCN,A5_downstream_masking,medium,24,SRC_STOCK_2_PRICE,,3.0,0,1,1,0.3333333333333333,0.8,0.0,0
APA-RCA-v2+ResGCN,A5_downstream_masking,medium,29,SRC_STOCK_5_PRICE,,1.0,1,1,1,1.0,0.8,0.0,0
APA-RCA-v2+ResGCN,A6_multi_source,medium,4,SRC_STOCK_3_PRICE,,2.0,0,1,1,0.5,0.8,0.0,0
APA-RCA-v2+ResGCN,A6_multi_source,medium,9,SRC_STOCK_4_PRICE,,1.0,1,1,1,1.0,0.8,0.0,0
APA-RCA-v2+ResGCN,A6_multi_source,medium,14,SRC_STOCK_5_PRICE,,2.0,0,1,1,0.5,0.8,0.0,0
APA-RCA-v2+ResGCN,A6_multi_source,medium,19,SRC_STOCK_4_PRICE,,1.0,1,1,1,1.0,0.8,0.0,0
APA-RCA-v2+ResGCN,A6_multi_source,medium,24,SRC_STOCK_2_PRICE,,1.0,1,1,1,1.0,0.8,0.0,0
APA-RCA-v2+ResGCN,A6_multi_source,medium,29,SRC_STOCK_5_PRICE,,1.0,1,1,1,1.0,0.8,0.0,0
APA-RCA-v2+ResGCN,A7_coincidental,medium,4,SRC_STOCK_4_PRICE,,1.0,1,1,1,1.0,0.8,0.0,0
APA-RCA-v2+ResGCN,A7_coincidental,medium,9,SRC_STOCK_3_PRICE,,1.0,1,1,1,1.0,0.8,0.0,0
APA-RCA-v2+ResGCN,A7_coincidental,medium,14,SRC_STOCK_1_PRICE,,1.0,1,1,1,1.0,0.8,0.0,0
APA-RCA-v2+ResGCN,A7_coincidental,medium,19,SRC_STOCK_3_PRICE,,1.0,1,1,1,1.0,0.8,0.0,0
APA-RCA-v2+ResGCN,A7_coincidental,medium,24,SRC_STOCK_2_PRICE,,1.0,1,1,1,1.0,0.8,0.0,0
APA-RCA-v2+ResGCN,A7_coincidental,medium,29,SRC_STOCK_5_PRICE,,1.0,1,1,1,1.0,0.8,0.0,0
APA-RCA-v2+ResGCN,A1_source_corruption,large,4,SRC_STOCK_6_PRICE,,1.0,1,1,1,1.0,0.8,0.0,0
APA-RCA-v2+ResGCN,A1_source_corruption,large,9,SRC_STOCK_4_PRICE,,1.0,1,1,1,1.0,0.8,0.0,0
APA-RCA-v2+ResGCN,A1_source_corruption,large,14,SRC_STOCK_2_PRICE,,1.0,1,1,1,1.0,0.8,0.0,0
APA-RCA-v2+ResGCN,A1_source_corruption,large,19,SRC_STOCK_5_PRICE,,1.0,1,1,1,1.0,0.8,0.0,0
APA-RCA-v2+ResGCN,A1_source_corruption,large,24,SRC_STOCK_4_PRICE,,1.0,1,1,1,1.0,0.8,0.0,0
APA-RCA-v2+ResGCN,A1_source_corruption,large,29,SRC_STOCK_8_PRICE,,1.0,1,1,1,1.0,0.8,0.0,0
APA-RCA-v2+ResGCN,A2_etl_logic_error,large,4,ETL_FX_STOCK_6_PRICE,,1.0,1,1,1,1.0,0.8,0.0,0
APA-RCA-v2+ResGCN,A2_etl_logic_error,large,9,ETL_FX_STOCK_4_PRICE,,1.0,1,1,1,1.0,0.8,0.0,0
APA-RCA-v2+ResGCN,A2_etl_logic_error,large,14,ETL_FX_STOCK_2_PRICE,,1.0,1,1,1,1.0,0.8,0.0,0
APA-RCA-v2+ResGCN,A2_etl_logic_error,large,19,ETL_FX_STOCK_5_PRICE,,1.0,1,1,1,1.0,0.8,0.0,0
APA-RCA-v2+ResGCN,A2_etl_logic_error,large,24,ETL_FX_STOCK_4_PRICE,,1.0,1,1,1,1.0,0.8,0.0,0
APA-RCA-v2+ResGCN,A2_etl_logic_error,large,29,ETL_FX_STOCK_8_PRICE,,1.0,1,1,1,1.0,0.8,0.0,0
APA-RCA-v2+ResGCN,A3_feature_calc_error,large,4,FEAT_VOL20_STOCK_6_PRICE,,1.0,1,1,1,1.0,0.8,0.0,0
APA-RCA-v2+ResGCN,A3_feature_calc_error,large,9,FEAT_VOL20_STOCK_4_PRICE,,3.0,0,1,1,0.3333333333333333,0.8,0.0,0
APA-RCA-v2+ResGCN,A3_feature_calc_error,large,14,FEAT_VOL20_STOCK_2_PRICE,,1.0,1,1,1,1.0,0.8,0.0,0
APA-RCA-v2+ResGCN,A3_feature_calc_error,large,19,FEAT_VOL20_STOCK_5_PRICE,,1.0,1,1,1,1.0,0.8,0.0,0
APA-RCA-v2+ResGCN,A3_feature_calc_error,large,24,FEAT_VOL20_STOCK_4_PRICE,,1.0,1,1,1,1.0,0.8,0.0,0
APA-RCA-v2+ResGCN,A3_feature_calc_error,large,29,FEAT_VOL20_STOCK_8_PRICE,,2.0,0,1,1,0.5,0.8,0.0,0
APA-RCA-v2+ResGCN,A4_aggregation_error,large,4,FEAT_SECTOR_B,,,0,0,0,0.0,1.0,0.0,0
APA-RCA-v2+ResGCN,A4_aggregation_error,large,9,FEAT_SECTOR_A,,,0,0,0,0.0,1.0,0.0,0
APA-RCA-v2+ResGCN,A4_aggregation_error,large,14,FEAT_SECTOR_A,,,0,0,0,0.0,1.0,0.0,0
APA-RCA-v2+ResGCN,A4_aggregation_error,large,19,FEAT_SECTOR_B,,,0,0,0,0.0,1.0,0.0,0
APA-RCA-v2+ResGCN,A4_aggregation_error,large,24,FEAT_SECTOR_A,,,0,0,0,0.0,1.0,0.0,0
APA-RCA-v2+ResGCN,A4_aggregation_error,large,29,FEAT_SECTOR_B,,,0,0,0,0.0,1.0,0.0,0
APA-RCA-v2+ResGCN,A5_downstream_masking,large,4,SRC_STOCK_6_PRICE,,2.0,0,1,1,0.5,0.8,0.0,0
APA-RCA-v2+ResGCN,A5_downstream_masking,large,9,SRC_STOCK_4_PRICE,,2.0,0,1,1,0.5,0.8,0.0,0
APA-RCA-v2+ResGCN,A5_downstream_masking,large,14,SRC_STOCK_2_PRICE,,,0,0,0,0.0,1.0,0.0,0
APA-RCA-v2+ResGCN,A5_downstream_masking,large,19,SRC_STOCK_5_PRICE,,1.0,1,1,1,1.0,0.8,0.0,0
APA-RCA-v2+ResGCN,A5_downstream_masking,large,24,SRC_STOCK_4_PRICE,,1.0,1,1,1,1.0,0.8,0.0,0
APA-RCA-v2+ResGCN,A5_downstream_masking,large,29,SRC_STOCK_8_PRICE,,2.0,0,1,1,0.5,0.8,0.0,0
APA-RCA-v2+ResGCN,A6_multi_source,large,4,SRC_STOCK_5_PRICE,,1.0,1,1,1,1.0,0.8,0.0,0
APA-RCA-v2+ResGCN,A6_multi_source,large,9,SRC_STOCK_7_PRICE,,2.0,0,1,1,0.5,0.8,0.0,0
APA-RCA-v2+ResGCN,A6_multi_source,large,14,SRC_STOCK_8_PRICE,,1.0,1,1,1,1.0,0.8,0.0,0
APA-RCA-v2+ResGCN,A6_multi_source,large,19,SRC_STOCK_3_PRICE,,2.0,0,1,1,0.5,0.8,0.0,0
APA-RCA-v2+ResGCN,A6_multi_source,large,24,SRC_STOCK_3_PRICE,,1.0,1,1,1,1.0,0.8,0.0,0
APA-RCA-v2+ResGCN,A6_multi_source,large,29,SRC_STOCK_5_PRICE,,2.0,0,1,1,0.5,0.8,0.0,0
APA-RCA-v2+ResGCN,A7_coincidental,large,4,SRC_STOCK_6_PRICE,,1.0,1,1,1,1.0,0.8,0.0,0
APA-RCA-v2+ResGCN,A7_coincidental,large,9,SRC_STOCK_4_PRICE,,1.0,1,1,1,1.0,0.8,0.0,0
APA-RCA-v2+ResGCN,A7_coincidental,large,14,SRC_STOCK_2_PRICE,,1.0,1,1,1,1.0,0.8,0.0,0
APA-RCA-v2+ResGCN,A7_coincidental,large,19,SRC_STOCK_5_PRICE,,1.0,1,1,1,1.0,0.8,0.0,0
APA-RCA-v2+ResGCN,A7_coincidental,large,24,SRC_STOCK_4_PRICE,,1.0,1,1,1,1.0,0.8,0.0,0
APA-RCA-v2+ResGCN,A7_coincidental,large,29,SRC_STOCK_8_PRICE,,1.0,1,1,1,1.0,0.8,0.0,0
CVAE+APA-RCA+ResGCN,A1_source_corruption,small,4,SRC_STOCK_3_PRICE,,1.0,1,1,1,1.0,0.8,0.0,0
CVAE+APA-RCA+ResGCN,A1_source_corruption,small,9,SRC_STOCK_2_PRICE,,1.0,1,1,1,1.0,0.8,0.0,0
CVAE+APA-RCA+ResGCN,A1_source_corruption,small,14,SRC_STOCK_1_PRICE,,1.0,1,1,1,1.0,0.8,0.0,0
CVAE+APA-RCA+ResGCN,A1_source_corruption,small,19,SRC_STOCK_2_PRICE,,1.0,1,1,1,1.0,0.8,0.0,0
CVAE+APA-RCA+ResGCN,A1_source_corruption,small,24,SRC_STOCK_2_PRICE,,1.0,1,1,1,1.0,0.8,0.0,0
CVAE+APA-RCA+ResGCN,A1_source_corruption,small,29,SRC_STOCK_3_PRICE,,1.0,1,1,1,1.0,0.8,0.0,0
CVAE+APA-RCA+ResGCN,A2_etl_logic_error,small,4,ETL_FX_STOCK_3_PRICE,,1.0,1,1,1,1.0,0.8,0.0,0
CVAE+APA-RCA+ResGCN,A2_etl_logic_error,small,9,ETL_FX_STOCK_2_PRICE,,1.0,1,1,1,1.0,0.8,0.0,0
CVAE+APA-RCA+ResGCN,A2_etl_logic_error,small,14,ETL_FX_STOCK_1_PRICE,,1.0,1,1,1,1.0,0.8,0.0,0
CVAE+APA-RCA+ResGCN,A2_etl_logic_error,small,19,ETL_FX_STOCK_2_PRICE,,1.0,1,1,1,1.0,0.8,0.0,0
CVAE+APA-RCA+ResGCN,A2_etl_logic_error,small,24,ETL_FX_STOCK_2_PRICE,,1.0,1,1,1,1.0,0.8,0.0,0
CVAE+APA-RCA+ResGCN,A2_etl_logic_error,small,29,ETL_FX_STOCK_3_PRICE,,1.0,1,1,1,1.0,0.8,0.0,0
CVAE+APA-RCA+ResGCN,A3_feature_calc_error,small,4,FEAT_VOL20_STOCK_3_PRICE,,1.0,1,1,1,1.0,0.8,0.0,0
CVAE+APA-RCA+ResGCN,A3_feature_calc_error,small,9,FEAT_VOL20_STOCK_2_PRICE,,1.0,1,1,1,1.0,0.8,0.0,0
CVAE+APA-RCA+ResGCN,A3_feature_calc_error,small,14,FEAT_VOL20_STOCK_1_PRICE,,1.0,1,1,1,1.0,0.8,0.0,0
CVAE+APA-RCA+ResGCN,A3_feature_calc_error,small,19,FEAT_VOL20_STOCK_2_PRICE,,1.0,1,1,1,1.0,0.8,0.0,0
CVAE+APA-RCA+ResGCN,A3_feature_calc_error,small,24,FEAT_VOL20_STOCK_2_PRICE,,1.0,1,1,1,1.0,0.8,0.0,0
CVAE+APA-RCA+ResGCN,A3_feature_calc_error,small,29,FEAT_VOL20_STOCK_3_PRICE,,1.0,1,1,1,1.0,0.8,0.0,0
CVAE+APA-RCA+ResGCN,A4_aggregation_error,small,4,FEAT_SECTOR_B,,,0,0,0,0.0,1.0,0.0,0
CVAE+APA-RCA+ResGCN,A4_aggregation_error,small,9,FEAT_SECTOR_A,,,0,0,0,0.0,1.0,0.0,0
CVAE+APA-RCA+ResGCN,A4_aggregation_error,small,14,FEAT_SECTOR_A,,,0,0,0,0.0,1.0,0.0,0
CVAE+APA-RCA+ResGCN,A4_aggregation_error,small,19,FEAT_SECTOR_B,,,0,0,0,0.0,1.0,0.0,0
CVAE+APA-RCA+ResGCN,A4_aggregation_error,small,24,FEAT_SECTOR_A,,,0,0,0,0.0,1.0,0.0,0
CVAE+APA-RCA+ResGCN,A4_aggregation_error,small,29,FEAT_SECTOR_B,,,0,0,0,0.0,1.0,0.0,0
CVAE+APA-RCA+ResGCN,A5_downstream_masking,small,4,SRC_STOCK_3_PRICE,,1.0,1,1,1,1.0,0.8,0.0,0
CVAE+APA-RCA+ResGCN,A5_downstream_masking,small,9,SRC_STOCK_2_PRICE,,1.0,1,1,1,1.0,0.8,0.0,0
CVAE+APA-RCA+ResGCN,A5_downstream_masking,small,14,SRC_STOCK_1_PRICE,,1.0,1,1,1,1.0,0.8,0.0,0
CVAE+APA-RCA+ResGCN,A5_downstream_masking,small,19,SRC_STOCK_2_PRICE,,1.0,1,1,1,1.0,0.8,0.0,0
CVAE+APA-RCA+ResGCN,A5_downstream_masking,small,24,SRC_STOCK_2_PRICE,,1.0,1,1,1,1.0,0.8,0.0,0
CVAE+APA-RCA+ResGCN,A5_downstream_masking,small,29,SRC_STOCK_3_PRICE,,2.0,0,1,1,0.5,0.8,0.0,0
CVAE+APA-RCA+ResGCN,A6_multi_source,small,4,SRC_STOCK_1_PRICE,,1.0,1,1,1,1.0,0.8,0.0,0
CVAE+APA-RCA+ResGCN,A6_multi_source,small,9,SRC_STOCK_2_PRICE,,1.0,1,1,1,1.0,0.8,0.0,0
CVAE+APA-RCA+ResGCN,A6_multi_source,small,14,SRC_STOCK_3_PRICE,,1.0,1,1,1,1.0,0.8,0.0,0
CVAE+APA-RCA+ResGCN,A6_multi_source,small,19,SRC_STOCK_1_PRICE,,1.0,1,1,1,1.0,0.8,0.0,0
CVAE+APA-RCA+ResGCN,A6_multi_source,small,24,SRC_STOCK_2_PRICE,,1.0,1,1,1,1.0,0.8,0.0,0
CVAE+APA-RCA+ResGCN,A6_multi_source,small,29,SRC_STOCK_1_PRICE,,1.0,1,1,1,1.0,0.8,0.0,0
CVAE+APA-RCA+ResGCN,A7_coincidental,small,4,SRC_STOCK_3_PRICE,,2.0,0,1,1,0.5,0.8,0.0,0
CVAE+APA-RCA+ResGCN,A7_coincidental,small,9,SRC_STOCK_2_PRICE,,2.0,0,1,1,0.5,0.8,0.0,0
CVAE+APA-RCA+ResGCN,A7_coincidental,small,14,SRC_STOCK_1_PRICE,,2.0,0,1,1,0.5,0.8,0.0,0
CVAE+APA-RCA+ResGCN,A7_coincidental,small,19,SRC_STOCK_2_PRICE,,2.0,0,1,1,0.5,0.8,0.0,0
CVAE+APA-RCA+ResGCN,A7_coincidental,small,24,SRC_STOCK_2_PRICE,,2.0,0,1,1,0.5,0.8,0.0,0
CVAE+APA-RCA+ResGCN,A7_coincidental,small,29,SRC_STOCK_3_PRICE,,2.0,0,1,1,0.5,0.8,0.0,0
CVAE+APA-RCA+ResGCN,A1_source_corruption,medium,4,SRC_STOCK_4_PRICE,,1.0,1,1,1,1.0,0.8,0.0,0
CVAE+APA-RCA+ResGCN,A1_source_corruption,medium,9,SRC_STOCK_3_PRICE,,1.0,1,1,1,1.0,0.8,0.0,0
CVAE+APA-RCA+ResGCN,A1_source_corruption,medium,14,SRC_STOCK_1_PRICE,,1.0,1,1,1,1.0,0.8,0.0,0
CVAE+APA-RCA+ResGCN,A1_source_corruption,medium,19,SRC_STOCK_3_PRICE,,1.0,1,1,1,1.0,0.8,0.0,0
CVAE+APA-RCA+ResGCN,A1_source_corruption,medium,24,SRC_STOCK_2_PRICE,,1.0,1,1,1,1.0,0.8,0.0,0
CVAE+APA-RCA+ResGCN,A1_source_corruption,medium,29,SRC_STOCK_5_PRICE,,1.0,1,1,1,1.0,0.8,0.0,0
CVAE+APA-RCA+ResGCN,A2_etl_logic_error,medium,4,ETL_FX_STOCK_4_PRICE,,1.0,1,1,1,1.0,0.8,0.0,0
CVAE+APA-RCA+ResGCN,A2_etl_logic_error,medium,9,ETL_FX_STOCK_3_PRICE,,1.0,1,1,1,1.0,0.8,0.0,0
CVAE+APA-RCA+ResGCN,A2_etl_logic_error,medium,14,ETL_FX_STOCK_1_PRICE,,1.0,1,1,1,1.0,0.8,0.0,0
CVAE+APA-RCA+ResGCN,A2_etl_logic_error,medium,19,ETL_FX_STOCK_3_PRICE,,1.0,1,1,1,1.0,0.8,0.0,0
CVAE+APA-RCA+ResGCN,A2_etl_logic_error,medium,24,ETL_FX_STOCK_2_PRICE,,1.0,1,1,1,1.0,0.8,0.0,0
CVAE+APA-RCA+ResGCN,A2_etl_logic_error,medium,29,ETL_FX_STOCK_5_PRICE,,1.0,1,1,1,1.0,0.8,0.0,0
CVAE+APA-RCA+ResGCN,A3_feature_calc_error,medium,4,FEAT_VOL20_STOCK_4_PRICE,,1.0,1,1,1,1.0,0.8,0.0,0
CVAE+APA-RCA+ResGCN,A3_feature_calc_error,medium,9,FEAT_VOL20_STOCK_3_PRICE,,1.0,1,1,1,1.0,0.8,0.0,0
CVAE+APA-RCA+ResGCN,A3_feature_calc_error,medium,14,FEAT_VOL20_STOCK_1_PRICE,,1.0,1,1,1,1.0,0.8,0.0,0
CVAE+APA-RCA+ResGCN,A3_feature_calc_error,medium,19,FEAT_VOL20_STOCK_3_PRICE,,1.0,1,1,1,1.0,0.8,0.0,0
CVAE+APA-RCA+ResGCN,A3_feature_calc_error,medium,24,FEAT_VOL20_STOCK_2_PRICE,,1.0,1,1,1,1.0,0.8,0.0,0
CVAE+APA-RCA+ResGCN,A3_feature_calc_error,medium,29,FEAT_VOL20_STOCK_5_PRICE,,1.0,1,1,1,1.0,0.8,0.0,0
CVAE+APA-RCA+ResGCN,A4_aggregation_error,medium,4,FEAT_SECTOR_B,,,0,0,0,0.0,1.0,0.0,0
CVAE+APA-RCA+ResGCN,A4_aggregation_error,medium,9,FEAT_SECTOR_A,,,0,0,0,0.0,1.0,0.0,0
CVAE+APA-RCA+ResGCN,A4_aggregation_error,medium,14,FEAT_SECTOR_A,,,0,0,0,0.0,1.0,0.0,0
CVAE+APA-RCA+ResGCN,A4_aggregation_error,medium,19,FEAT_SECTOR_B,,,0,0,0,0.0,1.0,0.0,0
CVAE+APA-RCA+ResGCN,A4_aggregation_error,medium,24,FEAT_SECTOR_A,,,0,0,0,0.0,1.0,0.0,0
CVAE+APA-RCA+ResGCN,A4_aggregation_error,medium,29,FEAT_SECTOR_B,,,0,0,0,0.0,1.0,0.0,0
CVAE+APA-RCA+ResGCN,A5_downstream_masking,medium,4,SRC_STOCK_4_PRICE,,1.0,1,1,1,1.0,0.8,0.0,0
CVAE+APA-RCA+ResGCN,A5_downstream_masking,medium,9,SRC_STOCK_3_PRICE,,1.0,1,1,1,1.0,0.8,0.0,0
CVAE+APA-RCA+ResGCN,A5_downstream_masking,medium,14,SRC_STOCK_1_PRICE,,2.0,0,1,1,0.5,0.8,0.0,0
CVAE+APA-RCA+ResGCN,A5_downstream_masking,medium,19,SRC_STOCK_3_PRICE,,1.0,1,1,1,1.0,0.8,0.0,0
CVAE+APA-RCA+ResGCN,A5_downstream_masking,medium,24,SRC_STOCK_2_PRICE,,1.0,1,1,1,1.0,0.8,0.0,0
CVAE+APA-RCA+ResGCN,A5_downstream_masking,medium,29,SRC_STOCK_5_PRICE,,2.0,0,1,1,0.5,0.8,0.0,0
CVAE+APA-RCA+ResGCN,A6_multi_source,medium,4,SRC_STOCK_3_PRICE,,1.0,1,1,1,1.0,0.8,0.0,0
CVAE+APA-RCA+ResGCN,A6_multi_source,medium,9,SRC_STOCK_4_PRICE,,1.0,1,1,1,1.0,0.8,0.0,0
CVAE+APA-RCA+ResGCN,A6_multi_source,medium,14,SRC_STOCK_5_PRICE,,2.0,0,1,1,0.5,0.8,0.0,0
CVAE+APA-RCA+ResGCN,A6_multi_source,medium,19,SRC_STOCK_4_PRICE,,1.0,1,1,1,1.0,0.8,0.0,0
CVAE+APA-RCA+ResGCN,A6_multi_source,medium,24,SRC_STOCK_2_PRICE,,1.0,1,1,1,1.0,0.8,0.0,0
CVAE+APA-RCA+ResGCN,A6_multi_source,medium,29,SRC_STOCK_5_PRICE,,1.0,1,1,1,1.0,0.8,0.0,0
CVAE+APA-RCA+ResGCN,A7_coincidental,medium,4,SRC_STOCK_4_PRICE,,2.0,0,1,1,0.5,0.8,0.0,0
CVAE+APA-RCA+ResGCN,A7_coincidental,medium,9,SRC_STOCK_3_PRICE,,2.0,0,1,1,0.5,0.8,0.0,0
CVAE+APA-RCA+ResGCN,A7_coincidental,medium,14,SRC_STOCK_1_PRICE,,2.0,0,1,1,0.5,0.8,0.0,0
CVAE+APA-RCA+ResGCN,A7_coincidental,medium,19,SRC_STOCK_3_PRICE,,2.0,0,1,1,0.5,0.8,0.0,0
CVAE+APA-RCA+ResGCN,A7_coincidental,medium,24,SRC_STOCK_2_PRICE,,2.0,0,1,1,0.5,0.8,0.0,0
CVAE+APA-RCA+ResGCN,A7_coincidental,medium,29,SRC_STOCK_5_PRICE,,1.0,1,1,1,1.0,0.8,0.0,0
CVAE+APA-RCA+ResGCN,A1_source_corruption,large,4,SRC_STOCK_6_PRICE,,1.0,1,1,1,1.0,0.8,0.0,0
CVAE+APA-RCA+ResGCN,A1_source_corruption,large,9,SRC_STOCK_4_PRICE,,1.0,1,1,1,1.0,0.8,0.0,0
CVAE+APA-RCA+ResGCN,A1_source_corruption,large,14,SRC_STOCK_2_PRICE,,1.0,1,1,1,1.0,0.8,0.0,0
CVAE+APA-RCA+ResGCN,A1_source_corruption,large,19,SRC_STOCK_5_PRICE,,1.0,1,1,1,1.0,0.8,0.0,0
CVAE+APA-RCA+ResGCN,A1_source_corruption,large,24,SRC_STOCK_4_PRICE,,1.0,1,1,1,1.0,0.8,0.0,0
CVAE+APA-RCA+ResGCN,A1_source_corruption,large,29,SRC_STOCK_8_PRICE,,1.0,1,1,1,1.0,0.8,0.0,0
CVAE+APA-RCA+ResGCN,A2_etl_logic_error,large,4,ETL_FX_STOCK_6_PRICE,,,0,0,0,0.0,1.0,0.0,0
CVAE+APA-RCA+ResGCN,A2_etl_logic_error,large,9,ETL_FX_STOCK_4_PRICE,,,0,0,0,0.0,1.0,0.0,0
CVAE+APA-RCA+ResGCN,A2_etl_logic_error,large,14,ETL_FX_STOCK_2_PRICE,,,0,0,0,0.0,1.0,0.0,0
CVAE+APA-RCA+ResGCN,A2_etl_logic_error,large,19,ETL_FX_STOCK_5_PRICE,,,0,0,0,0.0,1.0,0.0,0
CVAE+APA-RCA+ResGCN,A2_etl_logic_error,large,24,ETL_FX_STOCK_4_PRICE,,,0,0,0,0.0,1.0,0.0,0
CVAE+APA-RCA+ResGCN,A2_etl_logic_error,large,29,ETL_FX_STOCK_8_PRICE,,,0,0,0,0.0,1.0,0.0,0
CVAE+APA-RCA+ResGCN,A3_feature_calc_error,large,4,FEAT_VOL20_STOCK_6_PRICE,,1.0,1,1,1,1.0,0.8,0.0,0
CVAE+APA-RCA+ResGCN,A3_feature_calc_error,large,9,FEAT_VOL20_STOCK_4_PRICE,,1.0,1,1,1,1.0,0.8,0.0,0
CVAE+APA-RCA+ResGCN,A3_feature_calc_error,large,14,FEAT_VOL20_STOCK_2_PRICE,,1.0,1,1,1,1.0,0.8,0.0,0
CVAE+APA-RCA+ResGCN,A3_feature_calc_error,large,19,FEAT_VOL20_STOCK_5_PRICE,,1.0,1,1,1,1.0,0.8,0.0,0
CVAE+APA-RCA+ResGCN,A3_feature_calc_error,large,24,FEAT_VOL20_STOCK_4_PRICE,,1.0,1,1,1,1.0,0.8,0.0,0
CVAE+APA-RCA+ResGCN,A3_feature_calc_error,large,29,FEAT_VOL20_STOCK_8_PRICE,,1.0,1,1,1,1.0,0.8,0.0,0
CVAE+APA-RCA+ResGCN,A4_aggregation_error,large,4,FEAT_SECTOR_B,,,0,0,0,0.0,1.0,0.0,0
CVAE+APA-RCA+ResGCN,A4_aggregation_error,large,9,FEAT_SECTOR_A,,,0,0,0,0.0,1.0,0.0,0
CVAE+APA-RCA+ResGCN,A4_aggregation_error,large,14,FEAT_SECTOR_A,,,0,0,0,0.0,1.0,0.0,0
CVAE+APA-RCA+ResGCN,A4_aggregation_error,large,19,FEAT_SECTOR_B,,,0,0,0,0.0,1.0,0.0,0
CVAE+APA-RCA+ResGCN,A4_aggregation_error,large,24,FEAT_SECTOR_A,,,0,0,0,0.0,1.0,0.0,0
CVAE+APA-RCA+ResGCN,A4_aggregation_error,large,29,FEAT_SECTOR_B,,,0,0,0,0.0,1.0,0.0,0
CVAE+APA-RCA+ResGCN,A5_downstream_masking,large,4,SRC_STOCK_6_PRICE,,2.0,0,1,1,0.5,0.8,0.0,0
CVAE+APA-RCA+ResGCN,A5_downstream_masking,large,9,SRC_STOCK_4_PRICE,,1.0,1,1,1,1.0,0.8,0.0,0
CVAE+APA-RCA+ResGCN,A5_downstream_masking,large,14,SRC_STOCK_2_PRICE,,1.0,1,1,1,1.0,0.8,0.0,0
CVAE+APA-RCA+ResGCN,A5_downstream_masking,large,19,SRC_STOCK_5_PRICE,,2.0,0,1,1,0.5,0.8,0.0,0
CVAE+APA-RCA+ResGCN,A5_downstream_masking,large,24,SRC_STOCK_4_PRICE,,1.0,1,1,1,1.0,0.8,0.0,0
CVAE+APA-RCA+ResGCN,A5_downstream_masking,large,29,SRC_STOCK_8_PRICE,,1.0,1,1,1,1.0,0.8,0.0,0
CVAE+APA-RCA+ResGCN,A6_multi_source,large,4,SRC_STOCK_5_PRICE,,1.0,1,1,1,1.0,0.8,0.0,0
CVAE+APA-RCA+ResGCN,A6_multi_source,large,9,SRC_STOCK_7_PRICE,,1.0,1,1,1,1.0,0.8,0.0,0
CVAE+APA-RCA+ResGCN,A6_multi_source,large,14,SRC_STOCK_8_PRICE,,1.0,1,1,1,1.0,0.8,0.0,0
CVAE+APA-RCA+ResGCN,A6_multi_source,large,19,SRC_STOCK_3_PRICE,,1.0,1,1,1,1.0,0.8,0.0,0
CVAE+APA-RCA+ResGCN,A6_multi_source,large,24,SRC_STOCK_3_PRICE,,2.0,0,1,1,0.5,0.8,0.0,0
CVAE+APA-RCA+ResGCN,A6_multi_source,large,29,SRC_STOCK_5_PRICE,,1.0,1,1,1,1.0,0.8,0.0,0
CVAE+APA-RCA+ResGCN,A7_coincidental,large,4,SRC_STOCK_6_PRICE,,2.0,0,1,1,0.5,0.8,0.0,0
CVAE+APA-RCA+ResGCN,A7_coincidental,large,9,SRC_STOCK_4_PRICE,,2.0,0,1,1,0.5,0.8,0.0,0
CVAE+APA-RCA+ResGCN,A7_coincidental,large,14,SRC_STOCK_2_PRICE,,2.0,0,1,1,0.5,0.8,0.0,0
CVAE+APA-RCA+ResGCN,A7_coincidental,large,19,SRC_STOCK_5_PRICE,,2.0,0,1,1,0.5,0.8,0.0,0
CVAE+APA-RCA+ResGCN,A7_coincidental,large,24,SRC_STOCK_4_PRICE,,2.0,0,1,1,0.5,0.8,0.0,0
CVAE+APA-RCA+ResGCN,A7_coincidental,large,29,SRC_STOCK_8_PRICE,,1.0,1,1,1,1.0,0.8,0.0,0
APA-RCA-v2+ResGCN,A1_source_corruption,medium_real,0,SRC_STOCK_11_PRICE,REPORT_LIMIT,1.0,1,1,1,1.0,0.8,1.577138900756836,9
CVAE+APA-RCA,A1_source_corruption,medium_real,0,SRC_STOCK_11_PRICE,REPORT_LIMIT,1.0,1,1,1,1.0,0.8,1.6162395477294922,9
CVAE+APA-RCA+ResGCN,A1_source_corruption,medium_real,0,SRC_STOCK_11_PRICE,REPORT_LIMIT,1.0,1,1,1,1.0,0.8,1.6162395477294922,9
APA-RCA-v2+ResGCN,A1_source_corruption,medium_real,1,SRC_STOCK_6_PRICE,REPORT_LIMIT,1.0,1,1,1,1.0,0.8,1.447916030883789,9
CVAE+APA-RCA,A1_source_corruption,medium_real,1,SRC_STOCK_6_PRICE,REPORT_LIMIT,1.0,1,1,1,1.0,0.8,1.3959407806396484,9
CVAE+APA-RCA+ResGCN,A1_source_corruption,medium_real,1,SRC_STOCK_6_PRICE,REPORT_LIMIT,1.0,1,1,1,1.0,0.8,1.3959407806396484,9
APA-RCA-v2+ResGCN,A1_source_corruption,medium_real,2,SRC_STOCK_11_PRICE,REPORT_LIMIT,1.0,1,1,1,1.0,0.8,1.4698505401611328,9
CVAE+APA-RCA,A1_source_corruption,medium_real,2,SRC_STOCK_11_PRICE,REPORT_LIMIT,1.0,1,1,1,1.0,0.8,1.4171600341796875,9
CVAE+APA-RCA+ResGCN,A1_source_corruption,medium_real,2,SRC_STOCK_11_PRICE,REPORT_LIMIT,1.0,1,1,1,1.0,0.8,1.4171600341796875,9
APA-RCA-v2+ResGCN,A1_source_corruption,medium_real,3,SRC_STOCK_10_PRICE,REPORT_LIMIT,2.0,0,1,1,0.5,0.8,1.6582012176513672,9
CVAE+APA-RCA,A1_source_corruption,medium_real,3,SRC_STOCK_10_PRICE,REPORT_LIMIT,1.0,1,1,1,1.0,0.8,1.422882080078125,9
CVAE+APA-RCA+ResGCN,A1_source_corruption,medium_real,3,SRC_STOCK_10_PRICE,REPORT_LIMIT,1.0,1,1,1,1.0,0.8,1.422882080078125,9
APA-RCA-v2+ResGCN,A1_source_corruption,medium_real,4,SRC_STOCK_9_PRICE,REPORT_LIMIT,1.0,1,1,1,1.0,0.8,1.4519691467285156,9
CVAE+APA-RCA,A1_source_corruption,medium_real,4,SRC_STOCK_9_PRICE,REPORT_LIMIT,1.0,1,1,1,1.0,0.8,1.3980865478515625,9
CVAE+APA-RCA+ResGCN,A1_source_corruption,medium_real,4,SRC_STOCK_9_PRICE,REPORT_LIMIT,1.0,1,1,1,1.0,0.8,1.3980865478515625,9
APA-RCA-v2+ResGCN,A1_source_corruption,medium_real,5,SRC_STOCK_9_PRICE,REPORT_LIMIT,1.0,1,1,1,1.0,0.8,1.4090538024902344,9
CVAE+APA-RCA,A1_source_corruption,medium_real,5,SRC_STOCK_9_PRICE,REPORT_LIMIT,1.0,1,1,1,1.0,0.8,1.3759136199951172,9
CVAE+APA-RCA+ResGCN,A1_source_corruption,medium_real,5,SRC_STOCK_9_PRICE,REPORT_LIMIT,1.0,1,1,1,1.0,0.8,1.3759136199951172,9
APA-RCA-v2+ResGCN,A1_source_corruption,medium_real,6,SRC_STOCK_6_PRICE,REPORT_LIMIT,1.0,1,1,1,1.0,0.8,1.463174819946289,9
CVAE+APA-RCA,A1_source_corruption,medium_real,6,SRC_STOCK_6_PRICE,REPORT_LIMIT,1.0,1,1,1,1.0,0.8,1.6508102416992188,9
CVAE+APA-RCA+ResGCN,A1_source_corruption,medium_real,6,SRC_STOCK_6_PRICE,REPORT_LIMIT,1.0,1,1,1,1.0,0.8,1.6508102416992188,9
APA-RCA-v2+ResGCN,A1_source_corruption,medium_real,7,SRC_STOCK_12_PRICE,REPORT_LIMIT,1.0,1,1,1,1.0,0.8,1.4278888702392578,9
CVAE+APA-RCA,A1_source_corruption,medium_real,7,SRC_STOCK_12_PRICE,REPORT_LIMIT,1.0,1,1,1,1.0,0.8,1.3649463653564453,9
CVAE+APA-RCA+ResGCN,A1_source_corruption,medium_real,7,SRC_STOCK_12_PRICE,REPORT_LIMIT,1.0,1,1,1,1.0,0.8,1.3649463653564453,9
APA-RCA-v2+ResGCN,A1_source_corruption,medium_real,8,SRC_STOCK_9_PRICE,REPORT_LIMIT,1.0,1,1,1,1.0,0.8,1.4421939849853516,9
CVAE+APA-RCA,A1_source_corruption,medium_real,8,SRC_STOCK_9_PRICE,REPORT_LIMIT,1.0,1,1,1,1.0,0.8,1.3489723205566406,9
CVAE+APA-RCA+ResGCN,A1_source_corruption,medium_real,8,SRC_STOCK_9_PRICE,REPORT_LIMIT,1.0,1,1,1,1.0,0.8,1.3489723205566406,9
APA-RCA-v2+ResGCN,A1_source_corruption,medium_real,9,SRC_STOCK_6_PRICE,REPORT_LIMIT,1.0,1,1,1,1.0,0.8,1.4190673828125,9
CVAE+APA-RCA,A1_source_corruption,medium_real,9,SRC_STOCK_6_PRICE,REPORT_LIMIT,1.0,1,1,1,1.0,0.8,1.3968944549560547,9
CVAE+APA-RCA+ResGCN,A1_source_corruption,medium_real,9,SRC_STOCK_6_PRICE,REPORT_LIMIT,1.0,1,1,1,1.0,0.8,1.3968944549560547,9
APA-RCA-v2+ResGCN,A1_source_corruption,medium_real,10,SRC_STOCK_10_PRICE,REPORT_LIMIT,1.0,1,1,1,1.0,0.8,1.4488697052001953,9
CVAE+APA-RCA,A1_source_corruption,medium_real,10,SRC_STOCK_10_PRICE,REPORT_LIMIT,1.0,1,1,1,1.0,0.8,1.4159679412841797,9
CVAE+APA-RCA+ResGCN,A1_source_corruption,medium_real,10,SRC_STOCK_10_PRICE,REPORT_LIMIT,1.0,1,1,1,1.0,0.8,1.4159679412841797,9
APA-RCA-v2+ResGCN,A1_source_corruption,medium_real,11,SRC_STOCK_2_PRICE,REPORT_LIMIT,2.0,0,1,1,0.5,0.8,1.4791488647460938,9
CVAE+APA-RCA,A1_source_corruption,medium_real,11,SRC_STOCK_2_PRICE,REPORT_LIMIT,1.0,1,1,1,1.0,0.8,1.4390945434570312,9
CVAE+APA-RCA+ResGCN,A1_source_corruption,medium_real,11,SRC_STOCK_2_PRICE,REPORT_LIMIT,1.0,1,1,1,1.0,0.8,1.4390945434570312,9
APA-RCA-v2+ResGCN,A1_source_corruption,medium_real,12,SRC_STOCK_8_PRICE,REPORT_LIMIT,1.0,1,1,1,1.0,0.8,1.5869140625,9
CVAE+APA-RCA,A1_source_corruption,medium_real,12,SRC_STOCK_8_PRICE,REPORT_LIMIT,1.0,1,1,1,1.0,0.8,3.184795379638672,9
CVAE+APA-RCA+ResGCN,A1_source_corruption,medium_real,12,SRC_STOCK_8_PRICE,REPORT_LIMIT,1.0,1,1,1,1.0,0.8,3.184795379638672,9
APA-RCA-v2+ResGCN,A1_source_corruption,medium_real,13,SRC_STOCK_11_PRICE,REPORT_LIMIT,1.0,1,1,1,1.0,0.8,1.4388561248779297,9
CVAE+APA-RCA,A1_source_corruption,medium_real,13,SRC_STOCK_11_PRICE,REPORT_LIMIT,1.0,1,1,1,1.0,0.8,1.4159679412841797,9
CVAE+APA-RCA+ResGCN,A1_source_corruption,medium_real,13,SRC_STOCK_11_PRICE,REPORT_LIMIT,1.0,1,1,1,1.0,0.8,1.4159679412841797,9
APA-RCA-v2+ResGCN,A1_source_corruption,medium_real,14,SRC_STOCK_2_PRICE,REPORT_LIMIT,1.0,1,1,1,1.0,0.8,1.4081001281738281,9
CVAE+APA-RCA,A1_source_corruption,medium_real,14,SRC_STOCK_2_PRICE,REPORT_LIMIT,1.0,1,1,1,1.0,0.8,1.3430118560791016,9
CVAE+APA-RCA+ResGCN,A1_source_corruption,medium_real,14,SRC_STOCK_2_PRICE,REPORT_LIMIT,1.0,1,1,1,1.0,0.8,1.3430118560791016,9
APA-RCA-v2+ResGCN,A1_source_corruption,medium_real,15,SRC_STOCK_12_PRICE,REPORT_LIMIT,1.0,1,1,1,1.0,0.8,1.5370845794677734,9
CVAE+APA-RCA,A1_source_corruption,medium_real,15,SRC_STOCK_12_PRICE,REPORT_LIMIT,1.0,1,1,1,1.0,0.8,1.6520023345947266,9
CVAE+APA-RCA+ResGCN,A1_source_corruption,medium_real,15,SRC_STOCK_12_PRICE,REPORT_LIMIT,1.0,1,1,1,1.0,0.8,1.6520023345947266,9
APA-RCA-v2+ResGCN,A1_source_corruption,medium_real,16,SRC_STOCK_7_PRICE,REPORT_LIMIT,1.0,1,1,1,1.0,0.8,1.4030933380126953,9
CVAE+APA-RCA,A1_source_corruption,medium_real,16,SRC_STOCK_7_PRICE,REPORT_LIMIT,1.0,1,1,1,1.0,0.8,1.3456344604492188,9
CVAE+APA-RCA+ResGCN,A1_source_corruption,medium_real,16,SRC_STOCK_7_PRICE,REPORT_LIMIT,1.0,1,1,1,1.0,0.8,1.3456344604492188,9
APA-RCA-v2+ResGCN,A1_source_corruption,medium_real,17,SRC_STOCK_9_PRICE,REPORT_LIMIT,1.0,1,1,1,1.0,0.8,1.4510154724121094,9
CVAE+APA-RCA,A1_source_corruption,medium_real,17,SRC_STOCK_9_PRICE,REPORT_LIMIT,1.0,1,1,1,1.0,0.8,1.405954360961914,9
CVAE+APA-RCA+ResGCN,A1_source_corruption,medium_real,17,SRC_STOCK_9_PRICE,REPORT_LIMIT,1.0,1,1,1,1.0,0.8,1.405954360961914,9
APA-RCA-v2+ResGCN,A1_source_corruption,medium_real,18,SRC_STOCK_11_PRICE,REPORT_LIMIT,1.0,1,1,1,1.0,0.8,1.4679431915283203,9
CVAE+APA-RCA,A1_source_corruption,medium_real,18,SRC_STOCK_11_PRICE,REPORT_LIMIT,1.0,1,1,1,1.0,0.8,1.3871192932128906,9
CVAE+APA-RCA+ResGCN,A1_source_corruption,medium_real,18,SRC_STOCK_11_PRICE,REPORT_LIMIT,1.0,1,1,1,1.0,0.8,1.3871192932128906,9
APA-RCA-v2+ResGCN,A1_source_corruption,medium_real,19,SRC_STOCK_8_PRICE,REPORT_LIMIT,1.0,1,1,1,1.0,0.8,1.4238357543945312,9
CVAE+APA-RCA,A1_source_corruption,medium_real,19,SRC_STOCK_8_PRICE,REPORT_LIMIT,1.0,1,1,1,1.0,0.8,1.3689994812011719,9
CVAE+APA-RCA+ResGCN,A1_source_corruption,medium_real,19,SRC_STOCK_8_PRICE,REPORT_LIMIT,1.0,1,1,1,1.0,0.8,1.3689994812011719,9
APA-RCA-v2+ResGCN,A1_source_corruption,medium_real,20,SRC_STOCK_11_PRICE,REPORT_LIMIT,1.0,1,1,1,1.0,0.8,1.4400482177734375,9
CVAE+APA-RCA,A1_source_corruption,medium_real,20,SRC_STOCK_11_PRICE,REPORT_LIMIT,1.0,1,1,1,1.0,0.8,1.6720294952392578,9
CVAE+APA-RCA+ResGCN,A1_source_corruption,medium_real,20,SRC_STOCK_11_PRICE,REPORT_LIMIT,1.0,1,1,1,1.0,0.8,1.6720294952392578,9
APA-RCA-v2+ResGCN,A1_source_corruption,medium_real,21,SRC_STOCK_4_PRICE,REPORT_LIMIT,1.0,1,1,1,1.0,0.8,1.4262199401855469,9
CVAE+APA-RCA,A1_source_corruption,medium_real,21,SRC_STOCK_4_PRICE,REPORT_LIMIT,1.0,1,1,1,1.0,0.8,1.3358592987060547,9
CVAE+APA-RCA+ResGCN,A1_source_corruption,medium_real,21,SRC_STOCK_4_PRICE,REPORT_LIMIT,1.0,1,1,1,1.0,0.8,1.3358592987060547,9
APA-RCA-v2+ResGCN,A1_source_corruption,medium_real,22,SRC_STOCK_10_PRICE,REPORT_LIMIT,2.0,0,1,1,0.5,0.8,1.4100074768066406,9
CVAE+APA-RCA,A1_source_corruption,medium_real,22,SRC_STOCK_10_PRICE,REPORT_LIMIT,1.0,1,1,1,1.0,0.8,1.6641616821289062,9
CVAE+APA-RCA+ResGCN,A1_source_corruption,medium_real,22,SRC_STOCK_10_PRICE,REPORT_LIMIT,1.0,1,1,1,1.0,0.8,1.6641616821289062,9
APA-RCA-v2+ResGCN,A1_source_corruption,medium_real,23,SRC_STOCK_1_PRICE,REPORT_LIMIT,1.0,1,1,1,1.0,0.8,1.4891624450683594,9
CVAE+APA-RCA,A1_source_corruption,medium_real,23,SRC_STOCK_1_PRICE,REPORT_LIMIT,1.0,1,1,1,1.0,0.8,1.9040107727050781,9
CVAE+APA-RCA+ResGCN,A1_source_corruption,medium_real,23,SRC_STOCK_1_PRICE,REPORT_LIMIT,1.0,1,1,1,1.0,0.8,1.9040107727050781,9
APA-RCA-v2+ResGCN,A1_source_corruption,medium_real,24,SRC_STOCK_5_PRICE,REPORT_LIMIT,2.0,0,1,1,0.5,0.8,1.4688968658447266,9
CVAE+APA-RCA,A1_source_corruption,medium_real,24,SRC_STOCK_5_PRICE,REPORT_LIMIT,1.0,1,1,1,1.0,0.8,1.8999576568603516,9
CVAE+APA-RCA+ResGCN,A1_source_corruption,medium_real,24,SRC_STOCK_5_PRICE,REPORT_LIMIT,1.0,1,1,1,1.0,0.8,1.8999576568603516,9
APA-RCA-v2+ResGCN,A1_source_corruption,medium_real,25,SRC_STOCK_7_PRICE,REPORT_LIMIT,2.0,0,1,1,0.5,0.8,1.4789104461669922,9
CVAE+APA-RCA,A1_source_corruption,medium_real,25,SRC_STOCK_7_PRICE,REPORT_LIMIT,1.0,1,1,1,1.0,0.8,1.3990402221679688,9
CVAE+APA-RCA+ResGCN,A1_source_corruption,medium_real,25,SRC_STOCK_7_PRICE,REPORT_LIMIT,1.0,1,1,1,1.0,0.8,1.3990402221679688,9
APA-RCA-v2+ResGCN,A1_source_corruption,medium_real,26,SRC_STOCK_11_PRICE,REPORT_LIMIT,1.0,1,1,1,1.0,0.8,1.4240741729736328,9
CVAE+APA-RCA,A1_source_corruption,medium_real,26,SRC_STOCK_11_PRICE,REPORT_LIMIT,1.0,1,1,1,1.0,0.8,1.5850067138671875,9
CVAE+APA-RCA+ResGCN,A1_source_corruption,medium_real,26,SRC_STOCK_11_PRICE,REPORT_LIMIT,1.0,1,1,1,1.0,0.8,1.5850067138671875,9
APA-RCA-v2+ResGCN,A1_source_corruption,medium_real,27,SRC_STOCK_1_PRICE,REPORT_LIMIT,1.0,1,1,1,1.0,0.8,1.489877700805664,9
CVAE+APA-RCA,A1_source_corruption,medium_real,27,SRC_STOCK_1_PRICE,REPORT_LIMIT,1.0,1,1,1,1.0,0.8,1.604318618774414,9
CVAE+APA-RCA+ResGCN,A1_source_corruption,medium_real,27,SRC_STOCK_1_PRICE,REPORT_LIMIT,1.0,1,1,1,1.0,0.8,1.604318618774414,9
APA-RCA-v2+ResGCN,A1_source_corruption,medium_real,28,SRC_STOCK_8_PRICE,REPORT_LIMIT,1.0,1,1,1,1.0,0.8,1.4629364013671875,9
CVAE+APA-RCA,A1_source_corruption,medium_real,28,SRC_STOCK_8_PRICE,REPORT_LIMIT,1.0,1,1,1,1.0,0.8,1.7349720001220703,9
CVAE+APA-RCA+ResGCN,A1_source_corruption,medium_real,28,SRC_STOCK_8_PRICE,REPORT_LIMIT,1.0,1,1,1,1.0,0.8,1.7349720001220703,9
APA-RCA-v2+ResGCN,A1_source_corruption,medium_real,29,SRC_STOCK_12_PRICE,REPORT_LIMIT,1.0,1,1,1,1.0,0.8,1.4138221740722656,9
CVAE+APA-RCA,A1_source_corruption,medium_real,29,SRC_STOCK_12_PRICE,REPORT_LIMIT,1.0,1,1,1,1.0,0.8,1.3802051544189453,9
CVAE+APA-RCA+ResGCN,A1_source_corruption,medium_real,29,SRC_STOCK_12_PRICE,REPORT_LIMIT,1.0,1,1,1,1.0,0.8,1.3802051544189453,9
APA-RCA-v2+ResGCN,A2_etl_logic_error,medium_real,0,ETL_FX_STOCK_11_PRICE,REPORT_LIMIT,10.0,0,0,0,0.1,1.0,1.4178752899169922,9
CVAE+APA-RCA,A2_etl_logic_error,medium_real,0,ETL_FX_STOCK_11_PRICE,REPORT_LIMIT,15.0,0,0,0,0.06666666666666667,1.0,1.7268657684326172,9
CVAE+APA-RCA+ResGCN,A2_etl_logic_error,medium_real,0,ETL_FX_STOCK_11_PRICE,REPORT_LIMIT,51.0,0,0,0,0.0196078431372549,1.0,1.7268657684326172,9
APA-RCA-v2+ResGCN,A2_etl_logic_error,medium_real,1,ETL_FX_STOCK_6_PRICE,REPORT_LIMIT,6.0,0,0,0,0.16666666666666666,1.0,1.4121532440185547,9
CVAE+APA-RCA,A2_etl_logic_error,medium_real,1,ETL_FX_STOCK_6_PRICE,REPORT_LIMIT,25.0,0,0,0,0.04,1.0,1.378774642944336,9
CVAE+APA-RCA+ResGCN,A2_etl_logic_error,medium_real,1,ETL_FX_STOCK_6_PRICE,REPORT_LIMIT,61.0,0,0,0,0.01639344262295082,1.0,1.378774642944336,9
APA-RCA-v2+ResGCN,A2_etl_logic_error,medium_real,2,ETL_FX_STOCK_11_PRICE,REPORT_LIMIT,10.0,0,0,0,0.1,1.0,1.4700889587402344,9
CVAE+APA-RCA,A2_etl_logic_error,medium_real,2,ETL_FX_STOCK_11_PRICE,REPORT_LIMIT,14.0,0,0,0,0.07142857142857142,1.0,1.7199516296386719,9
CVAE+APA-RCA+ResGCN,A2_etl_logic_error,medium_real,2,ETL_FX_STOCK_11_PRICE,REPORT_LIMIT,50.0,0,0,0,0.02,1.0,1.7199516296386719,9
APA-RCA-v2+ResGCN,A2_etl_logic_error,medium_real,3,ETL_FX_STOCK_10_PRICE,REPORT_LIMIT,9.0,0,0,0,0.1111111111111111,1.0,1.4278888702392578,9
CVAE+APA-RCA,A2_etl_logic_error,medium_real,3,ETL_FX_STOCK_10_PRICE,REPORT_LIMIT,15.0,0,0,0,0.06666666666666667,1.0,1.3680458068847656,9
CVAE+APA-RCA+ResGCN,A2_etl_logic_error,medium_real,3,ETL_FX_STOCK_10_PRICE,REPORT_LIMIT,51.0,0,0,0,0.0196078431372549,1.0,1.3680458068847656,9
APA-RCA-v2+ResGCN,A2_etl_logic_error,medium_real,4,ETL_FX_STOCK_9_PRICE,REPORT_LIMIT,14.0,0,0,0,0.07142857142857142,1.0,1.416921615600586,9
CVAE+APA-RCA,A2_etl_logic_error,medium_real,4,ETL_FX_STOCK_9_PRICE,REPORT_LIMIT,18.0,0,0,0,0.05555555555555555,1.0,1.6748905181884766,9
CVAE+APA-RCA+ResGCN,A2_etl_logic_error,medium_real,4,ETL_FX_STOCK_9_PRICE,REPORT_LIMIT,54.0,0,0,0,0.018518518518518517,1.0,1.6748905181884766,9
APA-RCA-v2+ResGCN,A2_etl_logic_error,medium_real,5,ETL_FX_STOCK_9_PRICE,REPORT_LIMIT,14.0,0,0,0,0.07142857142857142,1.0,1.4448165893554688,9
CVAE+APA-RCA,A2_etl_logic_error,medium_real,5,ETL_FX_STOCK_9_PRICE,REPORT_LIMIT,19.0,0,0,0,0.05263157894736842,1.0,1.3759136199951172,9
CVAE+APA-RCA+ResGCN,A2_etl_logic_error,medium_real,5,ETL_FX_STOCK_9_PRICE,REPORT_LIMIT,55.0,0,0,0,0.01818181818181818,1.0,1.3759136199951172,9
APA-RCA-v2+ResGCN,A2_etl_logic_error,medium_real,6,ETL_FX_STOCK_6_PRICE,REPORT_LIMIT,6.0,0,0,0,0.16666666666666666,1.0,1.4541149139404297,9
CVAE+APA-RCA,A2_etl_logic_error,medium_real,6,ETL_FX_STOCK_6_PRICE,REPORT_LIMIT,25.0,0,0,0,0.04,1.0,1.3611316680908203,9
CVAE+APA-RCA+ResGCN,A2_etl_logic_error,medium_real,6,ETL_FX_STOCK_6_PRICE,REPORT_LIMIT,61.0,0,0,0,0.01639344262295082,1.0,1.3611316680908203,9
APA-RCA-v2+ResGCN,A2_etl_logic_error,medium_real,7,ETL_FX_STOCK_12_PRICE,REPORT_LIMIT,5.0,0,0,1,0.2,0.8,1.461029052734375,9
CVAE+APA-RCA,A2_etl_logic_error,medium_real,7,ETL_FX_STOCK_12_PRICE,REPORT_LIMIT,25.0,0,0,0,0.04,1.0,1.3439655303955078,9
CVAE+APA-RCA+ResGCN,A2_etl_logic_error,medium_real,7,ETL_FX_STOCK_12_PRICE,REPORT_LIMIT,61.0,0,0,0,0.01639344262295082,1.0,1.3439655303955078,9
APA-RCA-v2+ResGCN,A2_etl_logic_error,medium_real,8,ETL_FX_STOCK_9_PRICE,REPORT_LIMIT,14.0,0,0,0,0.07142857142857142,1.0,1.4338493347167969,9
CVAE+APA-RCA,A2_etl_logic_error,medium_real,8,ETL_FX_STOCK_9_PRICE,REPORT_LIMIT,19.0,0,0,0,0.05263157894736842,1.0,1.4030933380126953,9
CVAE+APA-RCA+ResGCN,A2_etl_logic_error,medium_real,8,ETL_FX_STOCK_9_PRICE,REPORT_LIMIT,55.0,0,0,0,0.01818181818181818,1.0,1.4030933380126953,9
APA-RCA-v2+ResGCN,A2_etl_logic_error,medium_real,9,ETL_FX_STOCK_6_PRICE,REPORT_LIMIT,6.0,0,0,0,0.16666666666666666,1.0,1.4061927795410156,9
CVAE+APA-RCA,A2_etl_logic_error,medium_real,9,ETL_FX_STOCK_6_PRICE,REPORT_LIMIT,25.0,0,0,0,0.04,1.0,1.4541149139404297,9
CVAE+APA-RCA+ResGCN,A2_etl_logic_error,medium_real,9,ETL_FX_STOCK_6_PRICE,REPORT_LIMIT,61.0,0,0,0,0.01639344262295082,1.0,1.4541149139404297,9
APA-RCA-v2+ResGCN,A2_etl_logic_error,medium_real,10,ETL_FX_STOCK_10_PRICE,REPORT_LIMIT,9.0,0,0,0,0.1111111111111111,1.0,1.422882080078125,9
CVAE+APA-RCA,A2_etl_logic_error,medium_real,10,ETL_FX_STOCK_10_PRICE,REPORT_LIMIT,15.0,0,0,0,0.06666666666666667,1.0,1.3880729675292969,9
CVAE+APA-RCA+ResGCN,A2_etl_logic_error,medium_real,10,ETL_FX_STOCK_10_PRICE,REPORT_LIMIT,51.0,0,0,0,0.0196078431372549,1.0,1.3880729675292969,9
APA-RCA-v2+ResGCN,A2_etl_logic_error,medium_real,11,ETL_FX_STOCK_2_PRICE,REPORT_LIMIT,7.0,0,0,0,0.14285714285714285,1.0,1.4300346374511719,9
CVAE+APA-RCA,A2_etl_logic_error,medium_real,11,ETL_FX_STOCK_2_PRICE,REPORT_LIMIT,23.0,0,0,0,0.043478260869565216,1.0,1.3549327850341797,9
CVAE+APA-RCA+ResGCN,A2_etl_logic_error,medium_real,11,ETL_FX_STOCK_2_PRICE,REPORT_LIMIT,59.0,0,0,0,0.01694915254237288,1.0,1.3549327850341797,9
APA-RCA-v2+ResGCN,A2_etl_logic_error,medium_real,12,ETL_FX_STOCK_8_PRICE,REPORT_LIMIT,9.0,0,0,0,0.1111111111111111,1.0,1.4910697937011719,9
CVAE+APA-RCA,A2_etl_logic_error,medium_real,12,ETL_FX_STOCK_8_PRICE,REPORT_LIMIT,17.0,0,0,0,0.058823529411764705,1.0,1.74713134765625,9
CVAE+APA-RCA+ResGCN,A2_etl_logic_error,medium_real,12,ETL_FX_STOCK_8_PRICE,REPORT_LIMIT,53.0,0,0,0,0.018867924528301886,1.0,1.74713134765625,9
APA-RCA-v2+ResGCN,A2_etl_logic_error,medium_real,13,ETL_FX_STOCK_11_PRICE,REPORT_LIMIT,10.0,0,0,0,0.1,1.0,1.4081001281738281,9
CVAE+APA-RCA,A2_etl_logic_error,medium_real,13,ETL_FX_STOCK_11_PRICE,REPORT_LIMIT,14.0,0,0,0,0.07142857142857142,1.0,1.3859272003173828,9
CVAE+APA-RCA+ResGCN,A2_etl_logic_error,medium_real,13,ETL_FX_STOCK_11_PRICE,REPORT_LIMIT,50.0,0,0,0,0.02,1.0,1.3859272003173828,9
APA-RCA-v2+ResGCN,A2_etl_logic_error,medium_real,14,ETL_FX_STOCK_2_PRICE,REPORT_LIMIT,7.0,0,0,0,0.14285714285714285,1.0,1.4181137084960938,9
CVAE+APA-RCA,A2_etl_logic_error,medium_real,14,ETL_FX_STOCK_2_PRICE,REPORT_LIMIT,21.0,0,0,0,0.047619047619047616,1.0,1.4498233795166016,9
CVAE+APA-RCA+ResGCN,A2_etl_logic_error,medium_real,14,ETL_FX_STOCK_2_PRICE,REPORT_LIMIT,57.0,0,0,0,0.017543859649122806,1.0,1.4498233795166016,9
APA-RCA-v2+ResGCN,A2_etl_logic_error,medium_real,15,ETL_FX_STOCK_12_PRICE,REPORT_LIMIT,5.0,0,0,1,0.2,0.8,1.4216899871826172,9
CVAE+APA-RCA,A2_etl_logic_error,medium_real,15,ETL_FX_STOCK_12_PRICE,REPORT_LIMIT,25.0,0,0,0,0.04,1.0,1.3210773468017578,9
CVAE+APA-RCA+ResGCN,A2_etl_logic_error,medium_real,15,ETL_FX_STOCK_12_PRICE,REPORT_LIMIT,61.0,0,0,0,0.01639344262295082,1.0,1.3210773468017578,9
APA-RCA-v2+ResGCN,A2_etl_logic_error,medium_real,16,ETL_FX_STOCK_7_PRICE,REPORT_LIMIT,7.0,0,0,0,0.14285714285714285,1.0,1.4300346374511719,9
CVAE+APA-RCA,A2_etl_logic_error,medium_real,16,ETL_FX_STOCK_7_PRICE,REPORT_LIMIT,25.0,0,0,0,0.04,1.0,1.3556480407714844,9
CVAE+APA-RCA+ResGCN,A2_etl_logic_error,medium_real,16,ETL_FX_STOCK_7_PRICE,REPORT_LIMIT,61.0,0,0,0,0.01639344262295082,1.0,1.3556480407714844,9
APA-RCA-v2+ResGCN,A2_etl_logic_error,medium_real,17,ETL_FX_STOCK_9_PRICE,REPORT_LIMIT,14.0,0,0,0,0.07142857142857142,1.0,1.4281272888183594,9
CVAE+APA-RCA,A2_etl_logic_error,medium_real,17,ETL_FX_STOCK_9_PRICE,REPORT_LIMIT,20.0,0,0,0,0.05,1.0,1.4069080352783203,9
CVAE+APA-RCA+ResGCN,A2_etl_logic_error,medium_real,17,ETL_FX_STOCK_9_PRICE,REPORT_LIMIT,56.0,0,0,0,0.017857142857142856,1.0,1.4069080352783203,9
APA-RCA-v2+ResGCN,A2_etl_logic_error,medium_real,18,ETL_FX_STOCK_11_PRICE,REPORT_LIMIT,10.0,0,0,0,0.1,1.0,1.4400482177734375,9
CVAE+APA-RCA,A2_etl_logic_error,medium_real,18,ETL_FX_STOCK_11_PRICE,REPORT_LIMIT,15.0,0,0,0,0.06666666666666667,1.0,1.6930103302001953,9
CVAE+APA-RCA+ResGCN,A2_etl_logic_error,medium_real,18,ETL_FX_STOCK_11_PRICE,REPORT_LIMIT,51.0,0,0,0,0.0196078431372549,1.0,1.6930103302001953,9
APA-RCA-v2+ResGCN,A2_etl_logic_error,medium_real,19,ETL_FX_STOCK_8_PRICE,REPORT_LIMIT,9.0,0,0,0,0.1111111111111111,1.0,1.4138221740722656,9
CVAE+APA-RCA,A2_etl_logic_error,medium_real,19,ETL_FX_STOCK_8_PRICE,REPORT_LIMIT,17.0,0,0,0,0.058823529411764705,1.0,1.402139663696289,9
CVAE+APA-RCA+ResGCN,A2_etl_logic_error,medium_real,19,ETL_FX_STOCK_8_PRICE,REPORT_LIMIT,53.0,0,0,0,0.018867924528301886,1.0,1.402139663696289,9
APA-RCA-v2+ResGCN,A2_etl_logic_error,medium_real,20,ETL_FX_STOCK_11_PRICE,REPORT_LIMIT,10.0,0,0,0,0.1,1.0,2.0537376403808594,9
CVAE+APA-RCA,A2_etl_logic_error,medium_real,20,ETL_FX_STOCK_11_PRICE,REPORT_LIMIT,15.0,0,0,0,0.06666666666666667,1.0,1.5027523040771484,9
CVAE+APA-RCA+ResGCN,A2_etl_logic_error,medium_real,20,ETL_FX_STOCK_11_PRICE,REPORT_LIMIT,51.0,0,0,0,0.0196078431372549,1.0,1.5027523040771484,9
APA-RCA-v2+ResGCN,A2_etl_logic_error,medium_real,21,ETL_FX_STOCK_4_PRICE,REPORT_LIMIT,3.0,0,1,1,0.3333333333333333,0.8,1.422882080078125,9
CVAE+APA-RCA,A2_etl_logic_error,medium_real,21,ETL_FX_STOCK_4_PRICE,REPORT_LIMIT,14.0,0,0,0,0.07142857142857142,1.0,1.3780593872070312,9
CVAE+APA-RCA+ResGCN,A2_etl_logic_error,medium_real,21,ETL_FX_STOCK_4_PRICE,REPORT_LIMIT,50.0,0,0,0,0.02,1.0,1.3780593872070312,9
APA-RCA-v2+ResGCN,A2_etl_logic_error,medium_real,22,ETL_FX_STOCK_10_PRICE,REPORT_LIMIT,9.0,0,0,0,0.1111111111111111,1.0,1.5149116516113281,9
CVAE+APA-RCA,A2_etl_logic_error,medium_real,22,ETL_FX_STOCK_10_PRICE,REPORT_LIMIT,15.0,0,0,0,0.06666666666666667,1.0,1.7979145050048828,9
CVAE+APA-RCA+ResGCN,A2_etl_logic_error,medium_real,22,ETL_FX_STOCK_10_PRICE,REPORT_LIMIT,51.0,0,0,0,0.0196078431372549,1.0,1.7979145050048828,9
APA-RCA-v2+ResGCN,A2_etl_logic_error,medium_real,23,ETL_FX_STOCK_1_PRICE,REPORT_LIMIT,6.0,0,0,0,0.16666666666666666,1.0,1.4142990112304688,9
CVAE+APA-RCA,A2_etl_logic_error,medium_real,23,ETL_FX_STOCK_1_PRICE,REPORT_LIMIT,15.0,0,0,0,0.06666666666666667,1.0,1.5180110931396484,9
CVAE+APA-RCA+ResGCN,A2_etl_logic_error,medium_real,23,ETL_FX_STOCK_1_PRICE,REPORT_LIMIT,51.0,0,0,0,0.0196078431372549,1.0,1.5180110931396484,9
APA-RCA-v2+ResGCN,A2_etl_logic_error,medium_real,24,ETL_FX_STOCK_5_PRICE,REPORT_LIMIT,9.0,0,0,0,0.1111111111111111,1.0,1.6808509826660156,9
CVAE+APA-RCA,A2_etl_logic_error,medium_real,24,ETL_FX_STOCK_5_PRICE,REPORT_LIMIT,25.0,0,0,0,0.04,1.0,1.3849735260009766,9
CVAE+APA-RCA+ResGCN,A2_etl_logic_error,medium_real,24,ETL_FX_STOCK_5_PRICE,REPORT_LIMIT,61.0,0,0,0,0.01639344262295082,1.0,1.3849735260009766,9
APA-RCA-v2+ResGCN,A2_etl_logic_error,medium_real,25,ETL_FX_STOCK_7_PRICE,REPORT_LIMIT,7.0,0,0,0,0.14285714285714285,1.0,1.44195556640625,9
CVAE+APA-RCA,A2_etl_logic_error,medium_real,25,ETL_FX_STOCK_7_PRICE,REPORT_LIMIT,25.0,0,0,0,0.04,1.0,1.447916030883789,9
CVAE+APA-RCA+ResGCN,A2_etl_logic_error,medium_real,25,ETL_FX_STOCK_7_PRICE,REPORT_LIMIT,61.0,0,0,0,0.01639344262295082,1.0,1.447916030883789,9
APA-RCA-v2+ResGCN,A2_etl_logic_error,medium_real,26,ETL_FX_STOCK_11_PRICE,REPORT_LIMIT,10.0,0,0,0,0.1,1.0,1.4417171478271484,9
CVAE+APA-RCA,A2_etl_logic_error,medium_real,26,ETL_FX_STOCK_11_PRICE,REPORT_LIMIT,15.0,0,0,0,0.06666666666666667,1.0,1.3539791107177734,9
CVAE+APA-RCA+ResGCN,A2_etl_logic_error,medium_real,26,ETL_FX_STOCK_11_PRICE,REPORT_LIMIT,51.0,0,0,0,0.0196078431372549,1.0,1.3539791107177734,9
APA-RCA-v2+ResGCN,A2_etl_logic_error,medium_real,27,ETL_FX_STOCK_1_PRICE,REPORT_LIMIT,6.0,0,0,0,0.16666666666666666,1.0,1.447916030883789,9
CVAE+APA-RCA,A2_etl_logic_error,medium_real,27,ETL_FX_STOCK_1_PRICE,REPORT_LIMIT,15.0,0,0,0,0.06666666666666667,1.0,1.4052391052246094,9
CVAE+APA-RCA+ResGCN,A2_etl_logic_error,medium_real,27,ETL_FX_STOCK_1_PRICE,REPORT_LIMIT,51.0,0,0,0,0.0196078431372549,1.0,1.4052391052246094,9
APA-RCA-v2+ResGCN,A2_etl_logic_error,medium_real,28,ETL_FX_STOCK_8_PRICE,REPORT_LIMIT,9.0,0,0,0,0.1111111111111111,1.0,1.4030933380126953,9
CVAE+APA-RCA,A2_etl_logic_error,medium_real,28,ETL_FX_STOCK_8_PRICE,REPORT_LIMIT,16.0,0,0,0,0.0625,1.0,1.6851425170898438,9
CVAE+APA-RCA+ResGCN,A2_etl_logic_error,medium_real,28,ETL_FX_STOCK_8_PRICE,REPORT_LIMIT,52.0,0,0,0,0.019230769230769232,1.0,1.6851425170898438,9
APA-RCA-v2+ResGCN,A2_etl_logic_error,medium_real,29,ETL_FX_STOCK_12_PRICE,REPORT_LIMIT,5.0,0,0,1,0.2,0.8,1.461029052734375,9
CVAE+APA-RCA,A2_etl_logic_error,medium_real,29,ETL_FX_STOCK_12_PRICE,REPORT_LIMIT,25.0,0,0,0,0.04,1.0,1.3377666473388672,9
CVAE+APA-RCA+ResGCN,A2_etl_logic_error,medium_real,29,ETL_FX_STOCK_12_PRICE,REPORT_LIMIT,61.0,0,0,0,0.01639344262295082,1.0,1.3377666473388672,9
APA-RCA-v2+ResGCN,A3_feature_calc_error,medium_real,0,FEAT_VOL20_STOCK_11_PRICE,REPORT_LIMIT,3.0,0,1,1,0.3333333333333333,0.8,1.4500617980957031,9
CVAE+APA-RCA,A3_feature_calc_error,medium_real,0,FEAT_VOL20_STOCK_11_PRICE,REPORT_LIMIT,1.0,1,1,1,1.0,0.8,1.402139663696289,9
CVAE+APA-RCA+ResGCN,A3_feature_calc_error,medium_real,0,FEAT_VOL20_STOCK_11_PRICE,REPORT_LIMIT,1.0,1,1,1,1.0,0.8,1.402139663696289,9
APA-RCA-v2+ResGCN,A3_feature_calc_error,medium_real,1,FEAT_VOL20_STOCK_6_PRICE,REPORT_LIMIT,2.0,0,1,1,0.5,0.8,1.4410018920898438,9
CVAE+APA-RCA,A3_feature_calc_error,medium_real,1,FEAT_VOL20_STOCK_6_PRICE,REPORT_LIMIT,1.0,1,1,1,1.0,0.8,1.6930103302001953,9
CVAE+APA-RCA+ResGCN,A3_feature_calc_error,medium_real,1,FEAT_VOL20_STOCK_6_PRICE,REPORT_LIMIT,1.0,1,1,1,1.0,0.8,1.6930103302001953,9
APA-RCA-v2+ResGCN,A3_feature_calc_error,medium_real,2,FEAT_VOL20_STOCK_11_PRICE,REPORT_LIMIT,3.0,0,1,1,0.3333333333333333,0.8,1.5099048614501953,9
CVAE+APA-RCA,A3_feature_calc_error,medium_real,2,FEAT_VOL20_STOCK_11_PRICE,REPORT_LIMIT,1.0,1,1,1,1.0,0.8,1.4362335205078125,9
CVAE+APA-RCA+ResGCN,A3_feature_calc_error,medium_real,2,FEAT_VOL20_STOCK_11_PRICE,REPORT_LIMIT,1.0,1,1,1,1.0,0.8,1.4362335205078125,9
APA-RCA-v2+ResGCN,A3_feature_calc_error,medium_real,3,FEAT_VOL20_STOCK_10_PRICE,REPORT_LIMIT,5.0,0,0,1,0.2,0.8,1.444101333618164,9
CVAE+APA-RCA,A3_feature_calc_error,medium_real,3,FEAT_VOL20_STOCK_10_PRICE,REPORT_LIMIT,1.0,1,1,1,1.0,0.8,1.7008781433105469,9
CVAE+APA-RCA+ResGCN,A3_feature_calc_error,medium_real,3,FEAT_VOL20_STOCK_10_PRICE,REPORT_LIMIT,1.0,1,1,1,1.0,0.8,1.7008781433105469,9
APA-RCA-v2+ResGCN,A3_feature_calc_error,medium_real,4,FEAT_VOL20_STOCK_9_PRICE,REPORT_LIMIT,3.0,0,1,1,0.3333333333333333,0.8,1.4758110046386719,9
CVAE+APA-RCA,A3_feature_calc_error,medium_real,4,FEAT_VOL20_STOCK_9_PRICE,REPORT_LIMIT,1.0,1,1,1,1.0,0.8,1.4028549194335938,9
CVAE+APA-RCA+ResGCN,A3_feature_calc_error,medium_real,4,FEAT_VOL20_STOCK_9_PRICE,REPORT_LIMIT,1.0,1,1,1,1.0,0.8,1.4028549194335938,9
APA-RCA-v2+ResGCN,A3_feature_calc_error,medium_real,5,FEAT_VOL20_STOCK_9_PRICE,REPORT_LIMIT,3.0,0,1,1,0.3333333333333333,0.8,71.45881652832031,9
CVAE+APA-RCA,A3_feature_calc_error,medium_real,5,FEAT_VOL20_STOCK_9_PRICE,REPORT_LIMIT,1.0,1,1,1,1.0,0.8,1.3298988342285156,9
CVAE+APA-RCA+ResGCN,A3_feature_calc_error,medium_real,5,FEAT_VOL20_STOCK_9_PRICE,REPORT_LIMIT,1.0,1,1,1,1.0,0.8,1.3298988342285156,9
APA-RCA-v2+ResGCN,A3_feature_calc_error,medium_real,6,FEAT_VOL20_STOCK_6_PRICE,REPORT_LIMIT,2.0,0,1,1,0.5,0.8,1.4100074768066406,9
CVAE+APA-RCA,A3_feature_calc_error,medium_real,6,FEAT_VOL20_STOCK_6_PRICE,REPORT_LIMIT,1.0,1,1,1,1.0,0.8,1.764059066772461,9
CVAE+APA-RCA+ResGCN,A3_feature_calc_error,medium_real,6,FEAT_VOL20_STOCK_6_PRICE,REPORT_LIMIT,1.0,1,1,1,1.0,0.8,1.764059066772461,9
APA-RCA-v2+ResGCN,A3_feature_calc_error,medium_real,7,FEAT_VOL20_STOCK_12_PRICE,REPORT_LIMIT,2.0,0,1,1,0.5,0.8,1.4851093292236328,9
CVAE+APA-RCA,A3_feature_calc_error,medium_real,7,FEAT_VOL20_STOCK_12_PRICE,REPORT_LIMIT,1.0,1,1,1,1.0,0.8,1.6841888427734375,9
CVAE+APA-RCA+ResGCN,A3_feature_calc_error,medium_real,7,FEAT_VOL20_STOCK_12_PRICE,REPORT_LIMIT,1.0,1,1,1,1.0,0.8,1.6841888427734375,9
APA-RCA-v2+ResGCN,A3_feature_calc_error,medium_real,8,FEAT_VOL20_STOCK_9_PRICE,REPORT_LIMIT,3.0,0,1,1,0.3333333333333333,0.8,1.4989376068115234,9
CVAE+APA-RCA,A3_feature_calc_error,medium_real,8,FEAT_VOL20_STOCK_9_PRICE,REPORT_LIMIT,1.0,1,1,1,1.0,0.8,1.4090538024902344,9
CVAE+APA-RCA+ResGCN,A3_feature_calc_error,medium_real,8,FEAT_VOL20_STOCK_9_PRICE,REPORT_LIMIT,1.0,1,1,1,1.0,0.8,1.4090538024902344,9
APA-RCA-v2+ResGCN,A3_feature_calc_error,medium_real,9,FEAT_VOL20_STOCK_6_PRICE,REPORT_LIMIT,2.0,0,1,1,0.5,0.8,1.470327377319336,9
CVAE+APA-RCA,A3_feature_calc_error,medium_real,9,FEAT_VOL20_STOCK_6_PRICE,REPORT_LIMIT,1.0,1,1,1,1.0,0.8,1.77001953125,9
CVAE+APA-RCA+ResGCN,A3_feature_calc_error,medium_real,9,FEAT_VOL20_STOCK_6_PRICE,REPORT_LIMIT,1.0,1,1,1,1.0,0.8,1.77001953125,9
APA-RCA-v2+ResGCN,A3_feature_calc_error,medium_real,10,FEAT_VOL20_STOCK_10_PRICE,REPORT_LIMIT,5.0,0,0,1,0.2,0.8,1.447916030883789,9
CVAE+APA-RCA,A3_feature_calc_error,medium_real,10,FEAT_VOL20_STOCK_10_PRICE,REPORT_LIMIT,1.0,1,1,1,1.0,0.8,1.3921260833740234,9
CVAE+APA-RCA+ResGCN,A3_feature_calc_error,medium_real,10,FEAT_VOL20_STOCK_10_PRICE,REPORT_LIMIT,1.0,1,1,1,1.0,0.8,1.3921260833740234,9
APA-RCA-v2+ResGCN,A3_feature_calc_error,medium_real,11,FEAT_VOL20_STOCK_2_PRICE,REPORT_LIMIT,2.0,0,1,1,0.5,0.8,1.4379024505615234,9
CVAE+APA-RCA,A3_feature_calc_error,medium_real,11,FEAT_VOL20_STOCK_2_PRICE,REPORT_LIMIT,13.0,0,0,0,0.07692307692307693,1.0,1.374959945678711,9
CVAE+APA-RCA+ResGCN,A3_feature_calc_error,medium_real,11,FEAT_VOL20_STOCK_2_PRICE,REPORT_LIMIT,24.0,0,0,0,0.041666666666666664,1.0,1.374959945678711,9
APA-RCA-v2+ResGCN,A3_feature_calc_error,medium_real,12,FEAT_VOL20_STOCK_8_PRICE,REPORT_LIMIT,2.0,0,1,1,0.5,0.8,1.4739036560058594,9
CVAE+APA-RCA,A3_feature_calc_error,medium_real,12,FEAT_VOL20_STOCK_8_PRICE,REPORT_LIMIT,1.0,1,1,1,1.0,0.8,1.394033432006836,9
CVAE+APA-RCA+ResGCN,A3_feature_calc_error,medium_real,12,FEAT_VOL20_STOCK_8_PRICE,REPORT_LIMIT,1.0,1,1,1,1.0,0.8,1.394033432006836,9
APA-RCA-v2+ResGCN,A3_feature_calc_error,medium_real,13,FEAT_VOL20_STOCK_11_PRICE,REPORT_LIMIT,3.0,0,1,1,0.3333333333333333,0.8,1.6489028930664062,9
CVAE+APA-RCA,A3_feature_calc_error,medium_real,13,FEAT_VOL20_STOCK_11_PRICE,REPORT_LIMIT,1.0,1,1,1,1.0,0.8,1.3802051544189453,9
CVAE+APA-RCA+ResGCN,A3_feature_calc_error,medium_real,13,FEAT_VOL20_STOCK_11_PRICE,REPORT_LIMIT,1.0,1,1,1,1.0,0.8,1.3802051544189453,9
APA-RCA-v2+ResGCN,A3_feature_calc_error,medium_real,14,FEAT_VOL20_STOCK_2_PRICE,REPORT_LIMIT,2.0,0,1,1,0.5,0.8,1.45721435546875,9
CVAE+APA-RCA,A3_feature_calc_error,medium_real,14,FEAT_VOL20_STOCK_2_PRICE,REPORT_LIMIT,13.0,0,0,0,0.07692307692307693,1.0,1.3802051544189453,9
CVAE+APA-RCA+ResGCN,A3_feature_calc_error,medium_real,14,FEAT_VOL20_STOCK_2_PRICE,REPORT_LIMIT,24.0,0,0,0,0.041666666666666664,1.0,1.3802051544189453,9
APA-RCA-v2+ResGCN,A3_feature_calc_error,medium_real,15,FEAT_VOL20_STOCK_12_PRICE,REPORT_LIMIT,2.0,0,1,1,0.5,0.8,1.6779899597167969,9
CVAE+APA-RCA,A3_feature_calc_error,medium_real,15,FEAT_VOL20_STOCK_12_PRICE,REPORT_LIMIT,1.0,1,1,1,1.0,0.8,68.95995140075684,9
CVAE+APA-RCA+ResGCN,A3_feature_calc_error,medium_real,15,FEAT_VOL20_STOCK_12_PRICE,REPORT_LIMIT,1.0,1,1,1,1.0,0.8,68.95995140075684,9
APA-RCA-v2+ResGCN,A3_feature_calc_error,medium_real,16,FEAT_VOL20_STOCK_7_PRICE,REPORT_LIMIT,2.0,0,1,1,0.5,0.8,1.4541149139404297,9
CVAE+APA-RCA,A3_feature_calc_error,medium_real,16,FEAT_VOL20_STOCK_7_PRICE,REPORT_LIMIT,1.0,1,1,1,1.0,0.8,1.8858909606933594,9
CVAE+APA-RCA+ResGCN,A3_feature_calc_error,medium_real,16,FEAT_VOL20_STOCK_7_PRICE,REPORT_LIMIT,1.0,1,1,1,1.0,0.8,1.8858909606933594,9
APA-RCA-v2+ResGCN,A3_feature_calc_error,medium_real,17,FEAT_VOL20_STOCK_9_PRICE,REPORT_LIMIT,3.0,0,1,1,0.3333333333333333,0.8,1.4882087707519531,9
CVAE+APA-RCA,A3_feature_calc_error,medium_real,17,FEAT_VOL20_STOCK_9_PRICE,REPORT_LIMIT,1.0,1,1,1,1.0,0.8,1.40380859375,9
CVAE+APA-RCA+ResGCN,A3_feature_calc_error,medium_real,17,FEAT_VOL20_STOCK_9_PRICE,REPORT_LIMIT,1.0,1,1,1,1.0,0.8,1.40380859375,9
APA-RCA-v2+ResGCN,A3_feature_calc_error,medium_real,18,FEAT_VOL20_STOCK_11_PRICE,REPORT_LIMIT,3.0,0,1,1,0.3333333333333333,0.8,1.5091896057128906,9
CVAE+APA-RCA,A3_feature_calc_error,medium_real,18,FEAT_VOL20_STOCK_11_PRICE,REPORT_LIMIT,1.0,1,1,1,1.0,0.8,1.3561248779296875,9
CVAE+APA-RCA+ResGCN,A3_feature_calc_error,medium_real,18,FEAT_VOL20_STOCK_11_PRICE,REPORT_LIMIT,1.0,1,1,1,1.0,0.8,1.3561248779296875,9
APA-RCA-v2+ResGCN,A3_feature_calc_error,medium_real,19,FEAT_VOL20_STOCK_8_PRICE,REPORT_LIMIT,2.0,0,1,1,0.5,0.8,1.4369487762451172,9
CVAE+APA-RCA,A3_feature_calc_error,medium_real,19,FEAT_VOL20_STOCK_8_PRICE,REPORT_LIMIT,1.0,1,1,1,1.0,0.8,1.3828277587890625,9
CVAE+APA-RCA+ResGCN,A3_feature_calc_error,medium_real,19,FEAT_VOL20_STOCK_8_PRICE,REPORT_LIMIT,1.0,1,1,1,1.0,0.8,1.3828277587890625,9
APA-RCA-v2+ResGCN,A3_feature_calc_error,medium_real,20,FEAT_VOL20_STOCK_11_PRICE,REPORT_LIMIT,3.0,0,1,1,0.3333333333333333,0.8,1.6999244689941406,9
CVAE+APA-RCA,A3_feature_calc_error,medium_real,20,FEAT_VOL20_STOCK_11_PRICE,REPORT_LIMIT,1.0,1,1,1,1.0,0.8,1.3580322265625,9
CVAE+APA-RCA+ResGCN,A3_feature_calc_error,medium_real,20,FEAT_VOL20_STOCK_11_PRICE,REPORT_LIMIT,1.0,1,1,1,1.0,0.8,1.3580322265625,9
APA-RCA-v2+ResGCN,A3_feature_calc_error,medium_real,21,FEAT_VOL20_STOCK_4_PRICE,REPORT_LIMIT,2.0,0,1,1,0.5,0.8,1.4829635620117188,9
CVAE+APA-RCA,A3_feature_calc_error,medium_real,21,FEAT_VOL20_STOCK_4_PRICE,REPORT_LIMIT,1.0,1,1,1,1.0,0.8,1.3818740844726562,9
CVAE+APA-RCA+ResGCN,A3_feature_calc_error,medium_real,21,FEAT_VOL20_STOCK_4_PRICE,REPORT_LIMIT,1.0,1,1,1,1.0,0.8,1.3818740844726562,9
APA-RCA-v2+ResGCN,A3_feature_calc_error,medium_real,22,FEAT_VOL20_STOCK_10_PRICE,REPORT_LIMIT,5.0,0,0,1,0.2,0.8,1.653909683227539,9
CVAE+APA-RCA,A3_feature_calc_error,medium_real,22,FEAT_VOL20_STOCK_10_PRICE,REPORT_LIMIT,1.0,1,1,1,1.0,0.8,1.402139663696289,9
CVAE+APA-RCA+ResGCN,A3_feature_calc_error,medium_real,22,FEAT_VOL20_STOCK_10_PRICE,REPORT_LIMIT,1.0,1,1,1,1.0,0.8,1.402139663696289,9
APA-RCA-v2+ResGCN,A3_feature_calc_error,medium_real,23,FEAT_VOL20_STOCK_1_PRICE,REPORT_LIMIT,2.0,0,1,1,0.5,0.8,1.4328956604003906,9
CVAE+APA-RCA,A3_feature_calc_error,medium_real,23,FEAT_VOL20_STOCK_1_PRICE,REPORT_LIMIT,1.0,1,1,1,1.0,0.8,1.3620853424072266,9
CVAE+APA-RCA+ResGCN,A3_feature_calc_error,medium_real,23,FEAT_VOL20_STOCK_1_PRICE,REPORT_LIMIT,1.0,1,1,1,1.0,0.8,1.3620853424072266,9
APA-RCA-v2+ResGCN,A3_feature_calc_error,medium_real,24,FEAT_VOL20_STOCK_5_PRICE,REPORT_LIMIT,2.0,0,1,1,0.5,0.8,1.4312267303466797,9
CVAE+APA-RCA,A3_feature_calc_error,medium_real,24,FEAT_VOL20_STOCK_5_PRICE,REPORT_LIMIT,1.0,1,1,1,1.0,0.8,1.3797283172607422,9
CVAE+APA-RCA+ResGCN,A3_feature_calc_error,medium_real,24,FEAT_VOL20_STOCK_5_PRICE,REPORT_LIMIT,1.0,1,1,1,1.0,0.8,1.3797283172607422,9
APA-RCA-v2+ResGCN,A3_feature_calc_error,medium_real,25,FEAT_VOL20_STOCK_7_PRICE,REPORT_LIMIT,2.0,0,1,1,0.5,0.8,1.4121532440185547,9
CVAE+APA-RCA,A3_feature_calc_error,medium_real,25,FEAT_VOL20_STOCK_7_PRICE,REPORT_LIMIT,1.0,1,1,1,1.0,0.8,1.3630390167236328,9
CVAE+APA-RCA+ResGCN,A3_feature_calc_error,medium_real,25,FEAT_VOL20_STOCK_7_PRICE,REPORT_LIMIT,1.0,1,1,1,1.0,0.8,1.3630390167236328,9
APA-RCA-v2+ResGCN,A3_feature_calc_error,medium_real,26,FEAT_VOL20_STOCK_11_PRICE,REPORT_LIMIT,3.0,0,1,1,0.3333333333333333,0.8,1.3997554779052734,9
CVAE+APA-RCA,A3_feature_calc_error,medium_real,26,FEAT_VOL20_STOCK_11_PRICE,REPORT_LIMIT,1.0,1,1,1,1.0,0.8,1.3668537139892578,9
CVAE+APA-RCA+ResGCN,A3_feature_calc_error,medium_real,26,FEAT_VOL20_STOCK_11_PRICE,REPORT_LIMIT,1.0,1,1,1,1.0,0.8,1.3668537139892578,9
APA-RCA-v2+ResGCN,A3_feature_calc_error,medium_real,27,FEAT_VOL20_STOCK_1_PRICE,REPORT_LIMIT,2.0,0,1,1,0.5,0.8,1.5299320220947266,9
CVAE+APA-RCA,A3_feature_calc_error,medium_real,27,FEAT_VOL20_STOCK_1_PRICE,REPORT_LIMIT,1.0,1,1,1,1.0,0.8,1.3990402221679688,9
CVAE+APA-RCA+ResGCN,A3_feature_calc_error,medium_real,27,FEAT_VOL20_STOCK_1_PRICE,REPORT_LIMIT,1.0,1,1,1,1.0,0.8,1.3990402221679688,9
APA-RCA-v2+ResGCN,A3_feature_calc_error,medium_real,28,FEAT_VOL20_STOCK_8_PRICE,REPORT_LIMIT,2.0,0,1,1,0.5,0.8,1.6660690307617188,9
CVAE+APA-RCA,A3_feature_calc_error,medium_real,28,FEAT_VOL20_STOCK_8_PRICE,REPORT_LIMIT,1.0,1,1,1,1.0,0.8,1.3728141784667969,9
CVAE+APA-RCA+ResGCN,A3_feature_calc_error,medium_real,28,FEAT_VOL20_STOCK_8_PRICE,REPORT_LIMIT,1.0,1,1,1,1.0,0.8,1.3728141784667969,9
APA-RCA-v2+ResGCN,A3_feature_calc_error,medium_real,29,FEAT_VOL20_STOCK_12_PRICE,REPORT_LIMIT,2.0,0,1,1,0.5,0.8,1.4290809631347656,9
CVAE+APA-RCA,A3_feature_calc_error,medium_real,29,FEAT_VOL20_STOCK_12_PRICE,REPORT_LIMIT,1.0,1,1,1,1.0,0.8,1.3959407806396484,9
CVAE+APA-RCA+ResGCN,A3_feature_calc_error,medium_real,29,FEAT_VOL20_STOCK_12_PRICE,REPORT_LIMIT,1.0,1,1,1,1.0,0.8,1.3959407806396484,9
APA-RCA-v2+ResGCN,A4_aggregation_error,medium_real,0,FEAT_SECTOR_B,REPORT_LIMIT,105.0,0,0,0,0.009523809523809525,1.0,1.4739036560058594,9
CVAE+APA-RCA,A4_aggregation_error,medium_real,0,FEAT_SECTOR_B,REPORT_LIMIT,102.0,0,0,0,0.00980392156862745,1.0,1.3797283172607422,9
CVAE+APA-RCA+ResGCN,A4_aggregation_error,medium_real,0,FEAT_SECTOR_B,REPORT_LIMIT,1.0,1,1,1,1.0,0.8,1.3797283172607422,9
APA-RCA-v2+ResGCN,A4_aggregation_error,medium_real,1,FEAT_SECTOR_A,REPORT_LIMIT,120.0,0,0,0,0.008333333333333333,1.0,1.5218257904052734,9
CVAE+APA-RCA,A4_aggregation_error,medium_real,1,FEAT_SECTOR_A,REPORT_LIMIT,101.0,0,0,0,0.009900990099009901,1.0,1.3849735260009766,9
CVAE+APA-RCA+ResGCN,A4_aggregation_error,medium_real,1,FEAT_SECTOR_A,REPORT_LIMIT,2.0,0,1,1,0.5,0.8,1.3849735260009766,9
APA-RCA-v2+ResGCN,A4_aggregation_error,medium_real,2,FEAT_SECTOR_B,REPORT_LIMIT,105.0,0,0,0,0.009523809523809525,1.0,1.741170883178711,9
CVAE+APA-RCA,A4_aggregation_error,medium_real,2,FEAT_SECTOR_B,REPORT_LIMIT,102.0,0,0,0,0.00980392156862745,1.0,1.4231204986572266,9
CVAE+APA-RCA+ResGCN,A4_aggregation_error,medium_real,2,FEAT_SECTOR_B,REPORT_LIMIT,1.0,1,1,1,1.0,0.8,1.4231204986572266,9
APA-RCA-v2+ResGCN,A4_aggregation_error,medium_real,3,FEAT_SECTOR_B,REPORT_LIMIT,117.0,0,0,0,0.008547008547008548,1.0,1.462697982788086,9
CVAE+APA-RCA,A4_aggregation_error,medium_real,3,FEAT_SECTOR_B,REPORT_LIMIT,102.0,0,0,0,0.00980392156862745,1.0,1.3401508331298828,9
CVAE+APA-RCA+ResGCN,A4_aggregation_error,medium_real,3,FEAT_SECTOR_B,REPORT_LIMIT,1.0,1,1,1,1.0,0.8,1.3401508331298828,9
APA-RCA-v2+ResGCN,A4_aggregation_error,medium_real,4,FEAT_SECTOR_B,REPORT_LIMIT,117.0,0,0,0,0.008547008547008548,1.0,1.7430782318115234,9
CVAE+APA-RCA,A4_aggregation_error,medium_real,4,FEAT_SECTOR_B,REPORT_LIMIT,102.0,0,0,0,0.00980392156862745,1.0,1.4400482177734375,9
CVAE+APA-RCA+ResGCN,A4_aggregation_error,medium_real,4,FEAT_SECTOR_B,REPORT_LIMIT,1.0,1,1,1,1.0,0.8,1.4400482177734375,9
APA-RCA-v2+ResGCN,A4_aggregation_error,medium_real,5,FEAT_SECTOR_B,REPORT_LIMIT,117.0,0,0,0,0.008547008547008548,1.0,1.4719963073730469,9
CVAE+APA-RCA,A4_aggregation_error,medium_real,5,FEAT_SECTOR_B,REPORT_LIMIT,102.0,0,0,0,0.00980392156862745,1.0,1.6093254089355469,9
CVAE+APA-RCA+ResGCN,A4_aggregation_error,medium_real,5,FEAT_SECTOR_B,REPORT_LIMIT,1.0,1,1,1,1.0,0.8,1.6093254089355469,9
APA-RCA-v2+ResGCN,A4_aggregation_error,medium_real,6,FEAT_SECTOR_A,REPORT_LIMIT,120.0,0,0,0,0.008333333333333333,1.0,1.3802051544189453,9
CVAE+APA-RCA,A4_aggregation_error,medium_real,6,FEAT_SECTOR_A,REPORT_LIMIT,101.0,0,0,0,0.009900990099009901,1.0,1.6391277313232422,9
CVAE+APA-RCA+ResGCN,A4_aggregation_error,medium_real,6,FEAT_SECTOR_A,REPORT_LIMIT,2.0,0,1,1,0.5,0.8,1.6391277313232422,9
APA-RCA-v2+ResGCN,A4_aggregation_error,medium_real,7,FEAT_SECTOR_B,REPORT_LIMIT,105.0,0,0,0,0.009523809523809525,1.0,1.4677047729492188,9
CVAE+APA-RCA,A4_aggregation_error,medium_real,7,FEAT_SECTOR_B,REPORT_LIMIT,102.0,0,0,0,0.00980392156862745,1.0,1.3875961303710938,9
CVAE+APA-RCA+ResGCN,A4_aggregation_error,medium_real,7,FEAT_SECTOR_B,REPORT_LIMIT,1.0,1,1,1,1.0,0.8,1.3875961303710938,9
APA-RCA-v2+ResGCN,A4_aggregation_error,medium_real,8,FEAT_SECTOR_B,REPORT_LIMIT,117.0,0,0,0,0.008547008547008548,1.0,1.6620159149169922,9
CVAE+APA-RCA,A4_aggregation_error,medium_real,8,FEAT_SECTOR_B,REPORT_LIMIT,102.0,0,0,0,0.00980392156862745,1.0,1.3821125030517578,9
CVAE+APA-RCA+ResGCN,A4_aggregation_error,medium_real,8,FEAT_SECTOR_B,REPORT_LIMIT,1.0,1,1,1,1.0,0.8,1.3821125030517578,9
APA-RCA-v2+ResGCN,A4_aggregation_error,medium_real,9,FEAT_SECTOR_A,REPORT_LIMIT,120.0,0,0,0,0.008333333333333333,1.0,1.4986991882324219,9
CVAE+APA-RCA,A4_aggregation_error,medium_real,9,FEAT_SECTOR_A,REPORT_LIMIT,101.0,0,0,0,0.009900990099009901,1.0,1.421213150024414,9
CVAE+APA-RCA+ResGCN,A4_aggregation_error,medium_real,9,FEAT_SECTOR_A,REPORT_LIMIT,2.0,0,1,1,0.5,0.8,1.421213150024414,9
APA-RCA-v2+ResGCN,A4_aggregation_error,medium_real,10,FEAT_SECTOR_B,REPORT_LIMIT,117.0,0,0,0,0.008547008547008548,1.0,1.6949176788330078,9
CVAE+APA-RCA,A4_aggregation_error,medium_real,10,FEAT_SECTOR_B,REPORT_LIMIT,102.0,0,0,0,0.00980392156862745,1.0,1.4102458953857422,9
CVAE+APA-RCA+ResGCN,A4_aggregation_error,medium_real,10,FEAT_SECTOR_B,REPORT_LIMIT,1.0,1,1,1,1.0,0.8,1.4102458953857422,9
APA-RCA-v2+ResGCN,A4_aggregation_error,medium_real,11,FEAT_SECTOR_A,REPORT_LIMIT,114.0,0,0,0,0.008771929824561403,1.0,1.4338493347167969,9
CVAE+APA-RCA,A4_aggregation_error,medium_real,11,FEAT_SECTOR_A,REPORT_LIMIT,101.0,0,0,0,0.009900990099009901,1.0,1.3489723205566406,9
CVAE+APA-RCA+ResGCN,A4_aggregation_error,medium_real,11,FEAT_SECTOR_A,REPORT_LIMIT,2.0,0,1,1,0.5,0.8,1.3489723205566406,9
APA-RCA-v2+ResGCN,A4_aggregation_error,medium_real,12,FEAT_SECTOR_B,REPORT_LIMIT,124.0,0,0,0,0.008064516129032258,1.0,1.667022705078125,9
CVAE+APA-RCA,A4_aggregation_error,medium_real,12,FEAT_SECTOR_B,REPORT_LIMIT,102.0,0,0,0,0.00980392156862745,1.0,1.4030933380126953,9
CVAE+APA-RCA+ResGCN,A4_aggregation_error,medium_real,12,FEAT_SECTOR_B,REPORT_LIMIT,1.0,1,1,1,1.0,0.8,1.4030933380126953,9
APA-RCA-v2+ResGCN,A4_aggregation_error,medium_real,13,FEAT_SECTOR_B,REPORT_LIMIT,105.0,0,0,0,0.009523809523809525,1.0,1.4531612396240234,9
CVAE+APA-RCA,A4_aggregation_error,medium_real,13,FEAT_SECTOR_B,REPORT_LIMIT,102.0,0,0,0,0.00980392156862745,1.0,1.3539791107177734,9
CVAE+APA-RCA+ResGCN,A4_aggregation_error,medium_real,13,FEAT_SECTOR_B,REPORT_LIMIT,1.0,1,1,1,1.0,0.8,1.3539791107177734,9
APA-RCA-v2+ResGCN,A4_aggregation_error,medium_real,14,FEAT_SECTOR_A,REPORT_LIMIT,114.0,0,0,0,0.008771929824561403,1.0,1.531839370727539,9
CVAE+APA-RCA,A4_aggregation_error,medium_real,14,FEAT_SECTOR_A,REPORT_LIMIT,101.0,0,0,0,0.009900990099009901,1.0,1.9290447235107422,9
CVAE+APA-RCA+ResGCN,A4_aggregation_error,medium_real,14,FEAT_SECTOR_A,REPORT_LIMIT,2.0,0,1,1,0.5,0.8,1.9290447235107422,9
APA-RCA-v2+ResGCN,A4_aggregation_error,medium_real,15,FEAT_SECTOR_B,REPORT_LIMIT,105.0,0,0,0,0.009523809523809525,1.0,1.409769058227539,9
CVAE+APA-RCA,A4_aggregation_error,medium_real,15,FEAT_SECTOR_B,REPORT_LIMIT,102.0,0,0,0,0.00980392156862745,1.0,1.6198158264160156,9
CVAE+APA-RCA+ResGCN,A4_aggregation_error,medium_real,15,FEAT_SECTOR_B,REPORT_LIMIT,1.0,1,1,1,1.0,0.8,1.6198158264160156,9
APA-RCA-v2+ResGCN,A4_aggregation_error,medium_real,16,FEAT_SECTOR_B,REPORT_LIMIT,124.0,0,0,0,0.008064516129032258,1.0,1.8260478973388672,9
CVAE+APA-RCA,A4_aggregation_error,medium_real,16,FEAT_SECTOR_B,REPORT_LIMIT,102.0,0,0,0,0.00980392156862745,1.0,1.6758441925048828,9
CVAE+APA-RCA+ResGCN,A4_aggregation_error,medium_real,16,FEAT_SECTOR_B,REPORT_LIMIT,1.0,1,1,1,1.0,0.8,1.6758441925048828,9
APA-RCA-v2+ResGCN,A4_aggregation_error,medium_real,17,FEAT_SECTOR_B,REPORT_LIMIT,117.0,0,0,0,0.008547008547008548,1.0,1.4350414276123047,9
CVAE+APA-RCA,A4_aggregation_error,medium_real,17,FEAT_SECTOR_B,REPORT_LIMIT,102.0,0,0,0,0.00980392156862745,1.0,1.3666152954101562,9
CVAE+APA-RCA+ResGCN,A4_aggregation_error,medium_real,17,FEAT_SECTOR_B,REPORT_LIMIT,1.0,1,1,1,1.0,0.8,1.3666152954101562,9
APA-RCA-v2+ResGCN,A4_aggregation_error,medium_real,18,FEAT_SECTOR_B,REPORT_LIMIT,105.0,0,0,0,0.009523809523809525,1.0,1.4348030090332031,9
CVAE+APA-RCA,A4_aggregation_error,medium_real,18,FEAT_SECTOR_B,REPORT_LIMIT,102.0,0,0,0,0.00980392156862745,1.0,1.6510486602783203,9
CVAE+APA-RCA+ResGCN,A4_aggregation_error,medium_real,18,FEAT_SECTOR_B,REPORT_LIMIT,1.0,1,1,1,1.0,0.8,1.6510486602783203,9
APA-RCA-v2+ResGCN,A4_aggregation_error,medium_real,19,FEAT_SECTOR_B,REPORT_LIMIT,124.0,0,0,0,0.008064516129032258,1.0,1.4908313751220703,9
CVAE+APA-RCA,A4_aggregation_error,medium_real,19,FEAT_SECTOR_B,REPORT_LIMIT,102.0,0,0,0,0.00980392156862745,1.0,1.402139663696289,9
CVAE+APA-RCA+ResGCN,A4_aggregation_error,medium_real,19,FEAT_SECTOR_B,REPORT_LIMIT,1.0,1,1,1,1.0,0.8,1.402139663696289,9
APA-RCA-v2+ResGCN,A4_aggregation_error,medium_real,20,FEAT_SECTOR_B,REPORT_LIMIT,105.0,0,0,0,0.009523809523809525,1.0,1.6870498657226562,9
CVAE+APA-RCA,A4_aggregation_error,medium_real,20,FEAT_SECTOR_B,REPORT_LIMIT,102.0,0,0,0,0.00980392156862745,1.0,1.3880729675292969,9
CVAE+APA-RCA+ResGCN,A4_aggregation_error,medium_real,20,FEAT_SECTOR_B,REPORT_LIMIT,1.0,1,1,1,1.0,0.8,1.3880729675292969,9
APA-RCA-v2+ResGCN,A4_aggregation_error,medium_real,21,FEAT_SECTOR_A,REPORT_LIMIT,114.0,0,0,0,0.008771929824561403,1.0,1.4312267303466797,9
CVAE+APA-RCA,A4_aggregation_error,medium_real,21,FEAT_SECTOR_A,REPORT_LIMIT,101.0,0,0,0,0.009900990099009901,1.0,1.338958740234375,9
CVAE+APA-RCA+ResGCN,A4_aggregation_error,medium_real,21,FEAT_SECTOR_A,REPORT_LIMIT,2.0,0,1,1,0.5,0.8,1.338958740234375,9
APA-RCA-v2+ResGCN,A4_aggregation_error,medium_real,22,FEAT_SECTOR_B,REPORT_LIMIT,117.0,0,0,0,0.008547008547008548,1.0,1.7058849334716797,9
CVAE+APA-RCA,A4_aggregation_error,medium_real,22,FEAT_SECTOR_B,REPORT_LIMIT,102.0,0,0,0,0.00980392156862745,1.0,1.4181137084960938,9
CVAE+APA-RCA+ResGCN,A4_aggregation_error,medium_real,22,FEAT_SECTOR_B,REPORT_LIMIT,1.0,1,1,1,1.0,0.8,1.4181137084960938,9
APA-RCA-v2+ResGCN,A4_aggregation_error,medium_real,23,FEAT_SECTOR_A,REPORT_LIMIT,114.0,0,0,0,0.008771929824561403,1.0,1.4719963073730469,9
CVAE+APA-RCA,A4_aggregation_error,medium_real,23,FEAT_SECTOR_A,REPORT_LIMIT,101.0,0,0,0,0.009900990099009901,1.0,1.361846923828125,9
CVAE+APA-RCA+ResGCN,A4_aggregation_error,medium_real,23,FEAT_SECTOR_A,REPORT_LIMIT,2.0,0,1,1,0.5,0.8,1.361846923828125,9
APA-RCA-v2+ResGCN,A4_aggregation_error,medium_real,24,FEAT_SECTOR_A,REPORT_LIMIT,120.0,0,0,0,0.008333333333333333,1.0,1.413106918334961,9
CVAE+APA-RCA,A4_aggregation_error,medium_real,24,FEAT_SECTOR_A,REPORT_LIMIT,101.0,0,0,0,0.009900990099009901,1.0,1.4598369598388672,9
CVAE+APA-RCA+ResGCN,A4_aggregation_error,medium_real,24,FEAT_SECTOR_A,REPORT_LIMIT,2.0,0,1,1,0.5,0.8,1.4598369598388672,9
APA-RCA-v2+ResGCN,A4_aggregation_error,medium_real,25,FEAT_SECTOR_B,REPORT_LIMIT,124.0,0,0,0,0.008064516129032258,1.0,1.4619827270507812,9
CVAE+APA-RCA,A4_aggregation_error,medium_real,25,FEAT_SECTOR_B,REPORT_LIMIT,102.0,0,0,0,0.00980392156862745,1.0,1.3921260833740234,9
CVAE+APA-RCA+ResGCN,A4_aggregation_error,medium_real,25,FEAT_SECTOR_B,REPORT_LIMIT,1.0,1,1,1,1.0,0.8,1.3921260833740234,9
APA-RCA-v2+ResGCN,A4_aggregation_error,medium_real,26,FEAT_SECTOR_B,REPORT_LIMIT,105.0,0,0,0,0.009523809523809525,1.0,1.4278888702392578,9
CVAE+APA-RCA,A4_aggregation_error,medium_real,26,FEAT_SECTOR_B,REPORT_LIMIT,102.0,0,0,0,0.00980392156862745,1.0,1.692056655883789,9
CVAE+APA-RCA+ResGCN,A4_aggregation_error,medium_real,26,FEAT_SECTOR_B,REPORT_LIMIT,1.0,1,1,1,1.0,0.8,1.692056655883789,9
APA-RCA-v2+ResGCN,A4_aggregation_error,medium_real,27,FEAT_SECTOR_A,REPORT_LIMIT,114.0,0,0,0,0.008771929824561403,1.0,1.445770263671875,9
CVAE+APA-RCA,A4_aggregation_error,medium_real,27,FEAT_SECTOR_A,REPORT_LIMIT,101.0,0,0,0,0.009900990099009901,1.0,1.3420581817626953,9
CVAE+APA-RCA+ResGCN,A4_aggregation_error,medium_real,27,FEAT_SECTOR_A,REPORT_LIMIT,2.0,0,1,1,0.5,0.8,1.3420581817626953,9
APA-RCA-v2+ResGCN,A4_aggregation_error,medium_real,28,FEAT_SECTOR_B,REPORT_LIMIT,124.0,0,0,0,0.008064516129032258,1.0,1.4500617980957031,9
CVAE+APA-RCA,A4_aggregation_error,medium_real,28,FEAT_SECTOR_B,REPORT_LIMIT,102.0,0,0,0,0.00980392156862745,1.0,1.6849040985107422,9
CVAE+APA-RCA+ResGCN,A4_aggregation_error,medium_real,28,FEAT_SECTOR_B,REPORT_LIMIT,1.0,1,1,1,1.0,0.8,1.6849040985107422,9
APA-RCA-v2+ResGCN,A4_aggregation_error,medium_real,29,FEAT_SECTOR_B,REPORT_LIMIT,105.0,0,0,0,0.009523809523809525,1.0,1.5151500701904297,9
CVAE+APA-RCA,A4_aggregation_error,medium_real,29,FEAT_SECTOR_B,REPORT_LIMIT,102.0,0,0,0,0.00980392156862745,1.0,1.4171600341796875,9
CVAE+APA-RCA+ResGCN,A4_aggregation_error,medium_real,29,FEAT_SECTOR_B,REPORT_LIMIT,1.0,1,1,1,1.0,0.8,1.4171600341796875,9
APA-RCA-v2+ResGCN,A5_downstream_masking,medium_real,0,SRC_STOCK_11_PRICE,REPORT_LIMIT,5.0,0,0,1,0.2,0.8,1.6179084777832031,9
CVAE+APA-RCA,A5_downstream_masking,medium_real,0,SRC_STOCK_11_PRICE,REPORT_LIMIT,15.0,0,0,0,0.06666666666666667,1.0,1.550912857055664,9
CVAE+APA-RCA+ResGCN,A5_downstream_masking,medium_real,0,SRC_STOCK_11_PRICE,REPORT_LIMIT,51.0,0,0,0,0.0196078431372549,1.0,1.550912857055664,9
APA-RCA-v2+ResGCN,A5_downstream_masking,medium_real,1,SRC_STOCK_6_PRICE,REPORT_LIMIT,3.0,0,1,1,0.3333333333333333,0.8,1.4371871948242188,9
CVAE+APA-RCA,A5_downstream_masking,medium_real,1,SRC_STOCK_6_PRICE,REPORT_LIMIT,13.0,0,0,0,0.07692307692307693,1.0,1.3828277587890625,9
CVAE+APA-RCA+ResGCN,A5_downstream_masking,medium_real,1,SRC_STOCK_6_PRICE,REPORT_LIMIT,49.0,0,0,0,0.02040816326530612,1.0,1.3828277587890625,9
APA-RCA-v2+ResGCN,A5_downstream_masking,medium_real,2,SRC_STOCK_11_PRICE,REPORT_LIMIT,3.0,0,1,1,0.3333333333333333,0.8,1.444101333618164,9
CVAE+APA-RCA,A5_downstream_masking,medium_real,2,SRC_STOCK_11_PRICE,REPORT_LIMIT,15.0,0,0,0,0.06666666666666667,1.0,1.4109611511230469,9
CVAE+APA-RCA+ResGCN,A5_downstream_masking,medium_real,2,SRC_STOCK_11_PRICE,REPORT_LIMIT,51.0,0,0,0,0.0196078431372549,1.0,1.4109611511230469,9
APA-RCA-v2+ResGCN,A5_downstream_masking,medium_real,3,SRC_STOCK_10_PRICE,REPORT_LIMIT,3.0,0,1,1,0.3333333333333333,0.8,1.4178752899169922,9
CVAE+APA-RCA,A5_downstream_masking,medium_real,3,SRC_STOCK_10_PRICE,REPORT_LIMIT,13.0,0,0,0,0.07692307692307693,1.0,1.386880874633789,9
CVAE+APA-RCA+ResGCN,A5_downstream_masking,medium_real,3,SRC_STOCK_10_PRICE,REPORT_LIMIT,49.0,0,0,0,0.02040816326530612,1.0,1.386880874633789,9
APA-RCA-v2+ResGCN,A5_downstream_masking,medium_real,4,SRC_STOCK_9_PRICE,REPORT_LIMIT,1.0,1,1,1,1.0,0.8,1.4429092407226562,9
CVAE+APA-RCA,A5_downstream_masking,medium_real,4,SRC_STOCK_9_PRICE,REPORT_LIMIT,13.0,0,0,0,0.07692307692307693,1.0,1.3990402221679688,9
CVAE+APA-RCA+ResGCN,A5_downstream_masking,medium_real,4,SRC_STOCK_9_PRICE,REPORT_LIMIT,49.0,0,0,0,0.02040816326530612,1.0,1.3990402221679688,9
APA-RCA-v2+ResGCN,A5_downstream_masking,medium_real,5,SRC_STOCK_9_PRICE,REPORT_LIMIT,1.0,1,1,1,1.0,0.8,1.3952255249023438,9
CVAE+APA-RCA,A5_downstream_masking,medium_real,5,SRC_STOCK_9_PRICE,REPORT_LIMIT,13.0,0,0,0,0.07692307692307693,1.0,1.3680458068847656,9
CVAE+APA-RCA+ResGCN,A5_downstream_masking,medium_real,5,SRC_STOCK_9_PRICE,REPORT_LIMIT,49.0,0,0,0,0.02040816326530612,1.0,1.3680458068847656,9
APA-RCA-v2+ResGCN,A5_downstream_masking,medium_real,6,SRC_STOCK_6_PRICE,REPORT_LIMIT,3.0,0,1,1,0.3333333333333333,0.8,1.4410018920898438,9
CVAE+APA-RCA,A5_downstream_masking,medium_real,6,SRC_STOCK_6_PRICE,REPORT_LIMIT,12.0,0,0,0,0.08333333333333333,1.0,1.3723373413085938,9
CVAE+APA-RCA+ResGCN,A5_downstream_masking,medium_real,6,SRC_STOCK_6_PRICE,REPORT_LIMIT,48.0,0,0,0,0.020833333333333332,1.0,1.3723373413085938,9
APA-RCA-v2+ResGCN,A5_downstream_masking,medium_real,7,SRC_STOCK_12_PRICE,REPORT_LIMIT,2.0,0,1,1,0.5,0.8,1.4400482177734375,9
CVAE+APA-RCA,A5_downstream_masking,medium_real,7,SRC_STOCK_12_PRICE,REPORT_LIMIT,14.0,0,0,0,0.07142857142857142,1.0,1.6689300537109375,9
CVAE+APA-RCA+ResGCN,A5_downstream_masking,medium_real,7,SRC_STOCK_12_PRICE,REPORT_LIMIT,50.0,0,0,0,0.02,1.0,1.6689300537109375,9
APA-RCA-v2+ResGCN,A5_downstream_masking,medium_real,8,SRC_STOCK_9_PRICE,REPORT_LIMIT,1.0,1,1,1,1.0,0.8,1.4848709106445312,9
CVAE+APA-RCA,A5_downstream_masking,medium_real,8,SRC_STOCK_9_PRICE,REPORT_LIMIT,13.0,0,0,0,0.07692307692307693,1.0,1.4047622680664062,9
CVAE+APA-RCA+ResGCN,A5_downstream_masking,medium_real,8,SRC_STOCK_9_PRICE,REPORT_LIMIT,49.0,0,0,0,0.02040816326530612,1.0,1.4047622680664062,9
APA-RCA-v2+ResGCN,A5_downstream_masking,medium_real,9,SRC_STOCK_6_PRICE,REPORT_LIMIT,3.0,0,1,1,0.3333333333333333,0.8,1.46484375,9
CVAE+APA-RCA,A5_downstream_masking,medium_real,9,SRC_STOCK_6_PRICE,REPORT_LIMIT,3.0,0,1,1,0.3333333333333333,0.8,1.4240741729736328,9
CVAE+APA-RCA+ResGCN,A5_downstream_masking,medium_real,9,SRC_STOCK_6_PRICE,REPORT_LIMIT,3.0,0,1,1,0.3333333333333333,0.8,1.4240741729736328,9
APA-RCA-v2+ResGCN,A5_downstream_masking,medium_real,10,SRC_STOCK_10_PRICE,REPORT_LIMIT,3.0,0,1,1,0.3333333333333333,0.8,1.4252662658691406,9
CVAE+APA-RCA,A5_downstream_masking,medium_real,10,SRC_STOCK_10_PRICE,REPORT_LIMIT,13.0,0,0,0,0.07692307692307693,1.0,1.676797866821289,9
CVAE+APA-RCA+ResGCN,A5_downstream_masking,medium_real,10,SRC_STOCK_10_PRICE,REPORT_LIMIT,49.0,0,0,0,0.02040816326530612,1.0,1.676797866821289,9
APA-RCA-v2+ResGCN,A5_downstream_masking,medium_real,11,SRC_STOCK_2_PRICE,REPORT_LIMIT,3.0,0,1,1,0.3333333333333333,0.8,1.4150142669677734,9
CVAE+APA-RCA,A5_downstream_masking,medium_real,11,SRC_STOCK_2_PRICE,REPORT_LIMIT,13.0,0,0,0,0.07692307692307693,1.0,1.3990402221679688,9
CVAE+APA-RCA+ResGCN,A5_downstream_masking,medium_real,11,SRC_STOCK_2_PRICE,REPORT_LIMIT,49.0,0,0,0,0.02040816326530612,1.0,1.3990402221679688,9
APA-RCA-v2+ResGCN,A5_downstream_masking,medium_real,12,SRC_STOCK_8_PRICE,REPORT_LIMIT,3.0,0,1,1,0.3333333333333333,0.8,1.4259815216064453,9
CVAE+APA-RCA,A5_downstream_masking,medium_real,12,SRC_STOCK_8_PRICE,REPORT_LIMIT,1.0,1,1,1,1.0,0.8,1.3811588287353516,9
CVAE+APA-RCA+ResGCN,A5_downstream_masking,medium_real,12,SRC_STOCK_8_PRICE,REPORT_LIMIT,3.0,0,1,1,0.3333333333333333,0.8,1.3811588287353516,9
APA-RCA-v2+ResGCN,A5_downstream_masking,medium_real,13,SRC_STOCK_11_PRICE,REPORT_LIMIT,25.0,0,0,0,0.04,1.0,1.4319419860839844,9
CVAE+APA-RCA,A5_downstream_masking,medium_real,13,SRC_STOCK_11_PRICE,REPORT_LIMIT,13.0,0,0,0,0.07692307692307693,1.0,1.3780593872070312,9
CVAE+APA-RCA+ResGCN,A5_downstream_masking,medium_real,13,SRC_STOCK_11_PRICE,REPORT_LIMIT,49.0,0,0,0,0.02040816326530612,1.0,1.3780593872070312,9
APA-RCA-v2+ResGCN,A5_downstream_masking,medium_real,14,SRC_STOCK_2_PRICE,REPORT_LIMIT,4.0,0,0,1,0.25,0.8,1.4481544494628906,9
CVAE+APA-RCA,A5_downstream_masking,medium_real,14,SRC_STOCK_2_PRICE,REPORT_LIMIT,1.0,1,1,1,1.0,0.8,1.4340877532958984,9
CVAE+APA-RCA+ResGCN,A5_downstream_masking,medium_real,14,SRC_STOCK_2_PRICE,REPORT_LIMIT,3.0,0,1,1,0.3333333333333333,0.8,1.4340877532958984,9
APA-RCA-v2+ResGCN,A5_downstream_masking,medium_real,15,SRC_STOCK_12_PRICE,REPORT_LIMIT,2.0,0,1,1,0.5,0.8,1.4128684997558594,9
CVAE+APA-RCA,A5_downstream_masking,medium_real,15,SRC_STOCK_12_PRICE,REPORT_LIMIT,14.0,0,0,0,0.07142857142857142,1.0,1.3120174407958984,9
CVAE+APA-RCA+ResGCN,A5_downstream_masking,medium_real,15,SRC_STOCK_12_PRICE,REPORT_LIMIT,50.0,0,0,0,0.02,1.0,1.3120174407958984,9
APA-RCA-v2+ResGCN,A5_downstream_masking,medium_real,16,SRC_STOCK_7_PRICE,REPORT_LIMIT,3.0,0,1,1,0.3333333333333333,0.8,1.405954360961914,9
CVAE+APA-RCA,A5_downstream_masking,medium_real,16,SRC_STOCK_7_PRICE,REPORT_LIMIT,4.0,0,0,1,0.25,0.8,1.3620853424072266,9
CVAE+APA-RCA+ResGCN,A5_downstream_masking,medium_real,16,SRC_STOCK_7_PRICE,REPORT_LIMIT,3.0,0,1,1,0.3333333333333333,0.8,1.3620853424072266,9
APA-RCA-v2+ResGCN,A5_downstream_masking,medium_real,17,SRC_STOCK_9_PRICE,REPORT_LIMIT,1.0,1,1,1,1.0,0.8,1.4231204986572266,9
CVAE+APA-RCA,A5_downstream_masking,medium_real,17,SRC_STOCK_9_PRICE,REPORT_LIMIT,13.0,0,0,0,0.07692307692307693,1.0,1.3942718505859375,9
CVAE+APA-RCA+ResGCN,A5_downstream_masking,medium_real,17,SRC_STOCK_9_PRICE,REPORT_LIMIT,49.0,0,0,0,0.02040816326530612,1.0,1.3942718505859375,9
APA-RCA-v2+ResGCN,A5_downstream_masking,medium_real,18,SRC_STOCK_11_PRICE,REPORT_LIMIT,25.0,0,0,0,0.04,1.0,1.4231204986572266,9
CVAE+APA-RCA,A5_downstream_masking,medium_real,18,SRC_STOCK_11_PRICE,REPORT_LIMIT,13.0,0,0,0,0.07692307692307693,1.0,1.3802051544189453,9
CVAE+APA-RCA+ResGCN,A5_downstream_masking,medium_real,18,SRC_STOCK_11_PRICE,REPORT_LIMIT,49.0,0,0,0,0.02040816326530612,1.0,1.3802051544189453,9
APA-RCA-v2+ResGCN,A5_downstream_masking,medium_real,19,SRC_STOCK_8_PRICE,REPORT_LIMIT,3.0,0,1,1,0.3333333333333333,0.8,1.4619827270507812,9
CVAE+APA-RCA,A5_downstream_masking,medium_real,19,SRC_STOCK_8_PRICE,REPORT_LIMIT,1.0,1,1,1,1.0,0.8,1.6701221466064453,9
CVAE+APA-RCA+ResGCN,A5_downstream_masking,medium_real,19,SRC_STOCK_8_PRICE,REPORT_LIMIT,3.0,0,1,1,0.3333333333333333,0.8,1.6701221466064453,9
APA-RCA-v2+ResGCN,A5_downstream_masking,medium_real,20,SRC_STOCK_11_PRICE,REPORT_LIMIT,25.0,0,0,0,0.04,1.0,1.5130043029785156,9
CVAE+APA-RCA,A5_downstream_masking,medium_real,20,SRC_STOCK_11_PRICE,REPORT_LIMIT,13.0,0,0,0,0.07692307692307693,1.0,1.4450550079345703,9
CVAE+APA-RCA+ResGCN,A5_downstream_masking,medium_real,20,SRC_STOCK_11_PRICE,REPORT_LIMIT,49.0,0,0,0,0.02040816326530612,1.0,1.4450550079345703,9
APA-RCA-v2+ResGCN,A5_downstream_masking,medium_real,21,SRC_STOCK_4_PRICE,REPORT_LIMIT,3.0,0,1,1,0.3333333333333333,0.8,1.661062240600586,9
CVAE+APA-RCA,A5_downstream_masking,medium_real,21,SRC_STOCK_4_PRICE,REPORT_LIMIT,13.0,0,0,0,0.07692307692307693,1.0,1.3942718505859375,9
CVAE+APA-RCA+ResGCN,A5_downstream_masking,medium_real,21,SRC_STOCK_4_PRICE,REPORT_LIMIT,49.0,0,0,0,0.02040816326530612,1.0,1.3942718505859375,9
APA-RCA-v2+ResGCN,A5_downstream_masking,medium_real,22,SRC_STOCK_10_PRICE,REPORT_LIMIT,3.0,0,1,1,0.3333333333333333,0.8,1.4369487762451172,9
CVAE+APA-RCA,A5_downstream_masking,medium_real,22,SRC_STOCK_10_PRICE,REPORT_LIMIT,13.0,0,0,0,0.07692307692307693,1.0,1.3892650604248047,9
CVAE+APA-RCA+ResGCN,A5_downstream_masking,medium_real,22,SRC_STOCK_10_PRICE,REPORT_LIMIT,49.0,0,0,0,0.02040816326530612,1.0,1.3892650604248047,9
APA-RCA-v2+ResGCN,A5_downstream_masking,medium_real,23,SRC_STOCK_1_PRICE,REPORT_LIMIT,5.0,0,0,1,0.2,0.8,1.4719963073730469,9
CVAE+APA-RCA,A5_downstream_masking,medium_real,23,SRC_STOCK_1_PRICE,REPORT_LIMIT,1.0,1,1,1,1.0,0.8,1.4069080352783203,9
CVAE+APA-RCA+ResGCN,A5_downstream_masking,medium_real,23,SRC_STOCK_1_PRICE,REPORT_LIMIT,3.0,0,1,1,0.3333333333333333,0.8,1.4069080352783203,9
APA-RCA-v2+ResGCN,A5_downstream_masking,medium_real,24,SRC_STOCK_5_PRICE,REPORT_LIMIT,3.0,0,1,1,0.3333333333333333,0.8,1.461029052734375,9
CVAE+APA-RCA,A5_downstream_masking,medium_real,24,SRC_STOCK_5_PRICE,REPORT_LIMIT,1.0,1,1,1,1.0,0.8,75.97017288208008,9
CVAE+APA-RCA+ResGCN,A5_downstream_masking,medium_real,24,SRC_STOCK_5_PRICE,REPORT_LIMIT,3.0,0,1,1,0.3333333333333333,0.8,75.97017288208008,9
APA-RCA-v2+ResGCN,A5_downstream_masking,medium_real,25,SRC_STOCK_7_PRICE,REPORT_LIMIT,3.0,0,1,1,0.3333333333333333,0.8,1.5919208526611328,9
CVAE+APA-RCA,A5_downstream_masking,medium_real,25,SRC_STOCK_7_PRICE,REPORT_LIMIT,5.0,0,0,1,0.2,0.8,1.7347335815429688,9
CVAE+APA-RCA+ResGCN,A5_downstream_masking,medium_real,25,SRC_STOCK_7_PRICE,REPORT_LIMIT,3.0,0,1,1,0.3333333333333333,0.8,1.7347335815429688,9
APA-RCA-v2+ResGCN,A5_downstream_masking,medium_real,26,SRC_STOCK_11_PRICE,REPORT_LIMIT,25.0,0,0,0,0.04,1.0,1.4581680297851562,9
CVAE+APA-RCA,A5_downstream_masking,medium_real,26,SRC_STOCK_11_PRICE,REPORT_LIMIT,14.0,0,0,0,0.07142857142857142,1.0,1.3859272003173828,9
CVAE+APA-RCA+ResGCN,A5_downstream_masking,medium_real,26,SRC_STOCK_11_PRICE,REPORT_LIMIT,50.0,0,0,0,0.02,1.0,1.3859272003173828,9
APA-RCA-v2+ResGCN,A5_downstream_masking,medium_real,27,SRC_STOCK_1_PRICE,REPORT_LIMIT,35.0,0,0,0,0.02857142857142857,1.0,1.4469623565673828,9
CVAE+APA-RCA,A5_downstream_masking,medium_real,27,SRC_STOCK_1_PRICE,REPORT_LIMIT,1.0,1,1,1,1.0,0.8,1.3968944549560547,9
CVAE+APA-RCA+ResGCN,A5_downstream_masking,medium_real,27,SRC_STOCK_1_PRICE,REPORT_LIMIT,3.0,0,1,1,0.3333333333333333,0.8,1.3968944549560547,9
APA-RCA-v2+ResGCN,A5_downstream_masking,medium_real,28,SRC_STOCK_8_PRICE,REPORT_LIMIT,3.0,0,1,1,0.3333333333333333,0.8,1.4498233795166016,9
CVAE+APA-RCA,A5_downstream_masking,medium_real,28,SRC_STOCK_8_PRICE,REPORT_LIMIT,13.0,0,0,0,0.07692307692307693,1.0,1.383066177368164,9
CVAE+APA-RCA+ResGCN,A5_downstream_masking,medium_real,28,SRC_STOCK_8_PRICE,REPORT_LIMIT,49.0,0,0,0,0.02040816326530612,1.0,1.383066177368164,9
APA-RCA-v2+ResGCN,A5_downstream_masking,medium_real,29,SRC_STOCK_12_PRICE,REPORT_LIMIT,2.0,0,1,1,0.5,0.8,1.4791488647460938,9
CVAE+APA-RCA,A5_downstream_masking,medium_real,29,SRC_STOCK_12_PRICE,REPORT_LIMIT,14.0,0,0,0,0.07142857142857142,1.0,1.4188289642333984,9
CVAE+APA-RCA+ResGCN,A5_downstream_masking,medium_real,29,SRC_STOCK_12_PRICE,REPORT_LIMIT,50.0,0,0,0,0.02,1.0,1.4188289642333984,9
APA-RCA-v2+ResGCN,A6_multi_source,medium_real,0,SRC_STOCK_8_PRICE,REPORT_LIMIT,2.0,0,1,1,0.5,0.8,1.416921615600586,9
CVAE+APA-RCA,A6_multi_source,medium_real,0,SRC_STOCK_8_PRICE,REPORT_LIMIT,1.0,1,1,1,1.0,0.8,1.377105712890625,9
CVAE+APA-RCA+ResGCN,A6_multi_source,medium_real,0,SRC_STOCK_8_PRICE,REPORT_LIMIT,1.0,1,1,1,1.0,0.8,1.377105712890625,9
APA-RCA-v2+ResGCN,A6_multi_source,medium_real,1,SRC_STOCK_6_PRICE,REPORT_LIMIT,2.0,0,1,1,0.5,0.8,1.4247894287109375,9
CVAE+APA-RCA,A6_multi_source,medium_real,1,SRC_STOCK_6_PRICE,REPORT_LIMIT,1.0,1,1,1,1.0,0.8,1.4650821685791016,9
CVAE+APA-RCA+ResGCN,A6_multi_source,medium_real,1,SRC_STOCK_6_PRICE,REPORT_LIMIT,1.0,1,1,1,1.0,0.8,1.4650821685791016,9
APA-RCA-v2+ResGCN,A6_multi_source,medium_real,2,SRC_STOCK_3_PRICE,REPORT_LIMIT,1.0,1,1,1,1.0,0.8,1.4362335205078125,9
CVAE+APA-RCA,A6_multi_source,medium_real,2,SRC_STOCK_3_PRICE,REPORT_LIMIT,1.0,1,1,1,1.0,0.8,1.3549327850341797,9
CVAE+APA-RCA+ResGCN,A6_multi_source,medium_real,2,SRC_STOCK_3_PRICE,REPORT_LIMIT,1.0,1,1,1,1.0,0.8,1.3549327850341797,9
APA-RCA-v2+ResGCN,A6_multi_source,medium_real,3,SRC_STOCK_1_PRICE,REPORT_LIMIT,1.0,1,1,1,1.0,0.8,1.44195556640625,9
CVAE+APA-RCA,A6_multi_source,medium_real,3,SRC_STOCK_1_PRICE,REPORT_LIMIT,1.0,1,1,1,1.0,0.8,1.3580322265625,9
CVAE+APA-RCA+ResGCN,A6_multi_source,medium_real,3,SRC_STOCK_1_PRICE,REPORT_LIMIT,1.0,1,1,1,1.0,0.8,1.3580322265625,9
APA-RCA-v2+ResGCN,A6_multi_source,medium_real,4,SRC_STOCK_8_PRICE,REPORT_LIMIT,1.0,1,1,1,1.0,0.8,1.4739036560058594,9
CVAE+APA-RCA,A6_multi_source,medium_real,4,SRC_STOCK_8_PRICE,REPORT_LIMIT,1.0,1,1,1,1.0,0.8,1.6450881958007812,9
CVAE+APA-RCA+ResGCN,A6_multi_source,medium_real,4,SRC_STOCK_8_PRICE,REPORT_LIMIT,1.0,1,1,1,1.0,0.8,1.6450881958007812,9
APA-RCA-v2+ResGCN,A6_multi_source,medium_real,5,SRC_STOCK_9_PRICE,REPORT_LIMIT,1.0,1,1,1,1.0,0.8,1.5711784362792969,9
CVAE+APA-RCA,A6_multi_source,medium_real,5,SRC_STOCK_9_PRICE,REPORT_LIMIT,1.0,1,1,1,1.0,0.8,1.3680458068847656,9
CVAE+APA-RCA+ResGCN,A6_multi_source,medium_real,5,SRC_STOCK_9_PRICE,REPORT_LIMIT,1.0,1,1,1,1.0,0.8,1.3680458068847656,9
APA-RCA-v2+ResGCN,A6_multi_source,medium_real,6,SRC_STOCK_5_PRICE,REPORT_LIMIT,2.0,0,1,1,0.5,0.8,1.4309883117675781,9
CVAE+APA-RCA,A6_multi_source,medium_real,6,SRC_STOCK_5_PRICE,REPORT_LIMIT,1.0,1,1,1,1.0,0.8,1.3828277587890625,9
CVAE+APA-RCA+ResGCN,A6_multi_source,medium_real,6,SRC_STOCK_5_PRICE,REPORT_LIMIT,1.0,1,1,1,1.0,0.8,1.3828277587890625,9
APA-RCA-v2+ResGCN,A6_multi_source,medium_real,7,SRC_STOCK_10_PRICE,REPORT_LIMIT,2.0,0,1,1,0.5,0.8,1.5141963958740234,9
CVAE+APA-RCA,A6_multi_source,medium_real,7,SRC_STOCK_10_PRICE,REPORT_LIMIT,1.0,1,1,1,1.0,0.8,1.4998912811279297,9
CVAE+APA-RCA+ResGCN,A6_multi_source,medium_real,7,SRC_STOCK_10_PRICE,REPORT_LIMIT,1.0,1,1,1,1.0,0.8,1.4998912811279297,9
APA-RCA-v2+ResGCN,A6_multi_source,medium_real,8,SRC_STOCK_4_PRICE,REPORT_LIMIT,4.0,0,0,1,0.25,0.8,1.4829635620117188,9
CVAE+APA-RCA,A6_multi_source,medium_real,8,SRC_STOCK_4_PRICE,REPORT_LIMIT,1.0,1,1,1,1.0,0.8,1.5680789947509766,9
CVAE+APA-RCA+ResGCN,A6_multi_source,medium_real,8,SRC_STOCK_4_PRICE,REPORT_LIMIT,1.0,1,1,1,1.0,0.8,1.5680789947509766,9
APA-RCA-v2+ResGCN,A6_multi_source,medium_real,9,SRC_STOCK_10_PRICE,REPORT_LIMIT,3.0,0,1,1,0.3333333333333333,0.8,1.505136489868164,9
CVAE+APA-RCA,A6_multi_source,medium_real,9,SRC_STOCK_10_PRICE,REPORT_LIMIT,1.0,1,1,1,1.0,0.8,1.394033432006836,9
CVAE+APA-RCA+ResGCN,A6_multi_source,medium_real,9,SRC_STOCK_10_PRICE,REPORT_LIMIT,1.0,1,1,1,1.0,0.8,1.394033432006836,9
APA-RCA-v2+ResGCN,A6_multi_source,medium_real,10,SRC_STOCK_4_PRICE,REPORT_LIMIT,1.0,1,1,1,1.0,0.8,1.6579627990722656,9
CVAE+APA-RCA,A6_multi_source,medium_real,10,SRC_STOCK_4_PRICE,REPORT_LIMIT,1.0,1,1,1,1.0,0.8,1.4851093292236328,9
CVAE+APA-RCA+ResGCN,A6_multi_source,medium_real,10,SRC_STOCK_4_PRICE,REPORT_LIMIT,1.0,1,1,1,1.0,0.8,1.4851093292236328,9
APA-RCA-v2+ResGCN,A6_multi_source,medium_real,11,SRC_STOCK_2_PRICE,REPORT_LIMIT,1.0,1,1,1,1.0,0.8,1.4960765838623047,9
CVAE+APA-RCA,A6_multi_source,medium_real,11,SRC_STOCK_2_PRICE,REPORT_LIMIT,1.0,1,1,1,1.0,0.8,1.4178752899169922,9
CVAE+APA-RCA+ResGCN,A6_multi_source,medium_real,11,SRC_STOCK_2_PRICE,REPORT_LIMIT,1.0,1,1,1,1.0,0.8,1.4178752899169922,9
APA-RCA-v2+ResGCN,A6_multi_source,medium_real,12,SRC_STOCK_3_PRICE,REPORT_LIMIT,2.0,0,1,1,0.5,0.8,1.45721435546875,9
CVAE+APA-RCA,A6_multi_source,medium_real,12,SRC_STOCK_3_PRICE,REPORT_LIMIT,1.0,1,1,1,1.0,0.8,1.4681816101074219,9
CVAE+APA-RCA+ResGCN,A6_multi_source,medium_real,12,SRC_STOCK_3_PRICE,REPORT_LIMIT,1.0,1,1,1,1.0,0.8,1.4681816101074219,9
APA-RCA-v2+ResGCN,A6_multi_source,medium_real,13,SRC_STOCK_10_PRICE,REPORT_LIMIT,2.0,0,1,1,0.5,0.8,1.4300346374511719,9
CVAE+APA-RCA,A6_multi_source,medium_real,13,SRC_STOCK_10_PRICE,REPORT_LIMIT,1.0,1,1,1,1.0,0.8,1.3489723205566406,9
CVAE+APA-RCA+ResGCN,A6_multi_source,medium_real,13,SRC_STOCK_10_PRICE,REPORT_LIMIT,1.0,1,1,1,1.0,0.8,1.3489723205566406,9
APA-RCA-v2+ResGCN,A6_multi_source,medium_real,14,SRC_STOCK_8_PRICE,REPORT_LIMIT,2.0,0,1,1,0.5,0.8,1.6319751739501953,9
CVAE+APA-RCA,A6_multi_source,medium_real,14,SRC_STOCK_8_PRICE,REPORT_LIMIT,1.0,1,1,1,1.0,0.8,1.4379024505615234,9
CVAE+APA-RCA+ResGCN,A6_multi_source,medium_real,14,SRC_STOCK_8_PRICE,REPORT_LIMIT,1.0,1,1,1,1.0,0.8,1.4379024505615234,9
APA-RCA-v2+ResGCN,A6_multi_source,medium_real,15,SRC_STOCK_8_PRICE,REPORT_LIMIT,2.0,0,1,1,0.5,0.8,1.6601085662841797,9
CVAE+APA-RCA,A6_multi_source,medium_real,15,SRC_STOCK_8_PRICE,REPORT_LIMIT,1.0,1,1,1,1.0,0.8,1.3780593872070312,9
CVAE+APA-RCA+ResGCN,A6_multi_source,medium_real,15,SRC_STOCK_8_PRICE,REPORT_LIMIT,1.0,1,1,1,1.0,0.8,1.3780593872070312,9
APA-RCA-v2+ResGCN,A6_multi_source,medium_real,16,SRC_STOCK_6_PRICE,REPORT_LIMIT,1.0,1,1,1,1.0,0.8,1.4040470123291016,9
CVAE+APA-RCA,A6_multi_source,medium_real,16,SRC_STOCK_6_PRICE,REPORT_LIMIT,1.0,1,1,1,1.0,0.8,1.3680458068847656,9
CVAE+APA-RCA+ResGCN,A6_multi_source,medium_real,16,SRC_STOCK_6_PRICE,REPORT_LIMIT,1.0,1,1,1,1.0,0.8,1.3680458068847656,9
APA-RCA-v2+ResGCN,A6_multi_source,medium_real,17,SRC_STOCK_10_PRICE,REPORT_LIMIT,3.0,0,1,1,0.3333333333333333,0.8,1.4379024505615234,9
CVAE+APA-RCA,A6_multi_source,medium_real,17,SRC_STOCK_10_PRICE,REPORT_LIMIT,1.0,1,1,1,1.0,0.8,1.3670921325683594,9
CVAE+APA-RCA+ResGCN,A6_multi_source,medium_real,17,SRC_STOCK_10_PRICE,REPORT_LIMIT,1.0,1,1,1,1.0,0.8,1.3670921325683594,9
APA-RCA-v2+ResGCN,A6_multi_source,medium_real,18,SRC_STOCK_9_PRICE,REPORT_LIMIT,1.0,1,1,1,1.0,0.8,1.4491081237792969,9
CVAE+APA-RCA,A6_multi_source,medium_real,18,SRC_STOCK_9_PRICE,REPORT_LIMIT,1.0,1,1,1,1.0,0.8,1.4090538024902344,9
CVAE+APA-RCA+ResGCN,A6_multi_source,medium_real,18,SRC_STOCK_9_PRICE,REPORT_LIMIT,1.0,1,1,1,1.0,0.8,1.4090538024902344,9
APA-RCA-v2+ResGCN,A6_multi_source,medium_real,19,SRC_STOCK_5_PRICE,REPORT_LIMIT,2.0,0,1,1,0.5,0.8,1.6870498657226562,9
CVAE+APA-RCA,A6_multi_source,medium_real,19,SRC_STOCK_5_PRICE,REPORT_LIMIT,1.0,1,1,1,1.0,0.8,1.4171600341796875,9
CVAE+APA-RCA+ResGCN,A6_multi_source,medium_real,19,SRC_STOCK_5_PRICE,REPORT_LIMIT,1.0,1,1,1,1.0,0.8,1.4171600341796875,9
APA-RCA-v2+ResGCN,A6_multi_source,medium_real,20,SRC_STOCK_9_PRICE,REPORT_LIMIT,1.0,1,1,1,1.0,0.8,1.6148090362548828,9
CVAE+APA-RCA,A6_multi_source,medium_real,20,SRC_STOCK_9_PRICE,REPORT_LIMIT,1.0,1,1,1,1.0,0.8,1.4019012451171875,9
CVAE+APA-RCA+ResGCN,A6_multi_source,medium_real,20,SRC_STOCK_9_PRICE,REPORT_LIMIT,1.0,1,1,1,1.0,0.8,1.4019012451171875,9
APA-RCA-v2+ResGCN,A6_multi_source,medium_real,21,SRC_STOCK_5_PRICE,REPORT_LIMIT,2.0,0,1,1,0.5,0.8,1.483917236328125,9
CVAE+APA-RCA,A6_multi_source,medium_real,21,SRC_STOCK_5_PRICE,REPORT_LIMIT,1.0,1,1,1,1.0,0.8,1.6639232635498047,9
CVAE+APA-RCA+ResGCN,A6_multi_source,medium_real,21,SRC_STOCK_5_PRICE,REPORT_LIMIT,1.0,1,1,1,1.0,0.8,1.6639232635498047,9
APA-RCA-v2+ResGCN,A6_multi_source,medium_real,22,SRC_STOCK_12_PRICE,REPORT_LIMIT,2.0,0,1,1,0.5,0.8,1.4379024505615234,9
CVAE+APA-RCA,A6_multi_source,medium_real,22,SRC_STOCK_12_PRICE,REPORT_LIMIT,2.0,0,1,1,0.5,0.8,1.3728141784667969,9
CVAE+APA-RCA+ResGCN,A6_multi_source,medium_real,22,SRC_STOCK_12_PRICE,REPORT_LIMIT,3.0,0,1,1,0.3333333333333333,0.8,1.3728141784667969,9
APA-RCA-v2+ResGCN,A6_multi_source,medium_real,23,SRC_STOCK_6_PRICE,REPORT_LIMIT,2.0,0,1,1,0.5,0.8,1.4309883117675781,9
CVAE+APA-RCA,A6_multi_source,medium_real,23,SRC_STOCK_6_PRICE,REPORT_LIMIT,1.0,1,1,1,1.0,0.8,1.4820098876953125,9
CVAE+APA-RCA+ResGCN,A6_multi_source,medium_real,23,SRC_STOCK_6_PRICE,REPORT_LIMIT,1.0,1,1,1,1.0,0.8,1.4820098876953125,9
APA-RCA-v2+ResGCN,A6_multi_source,medium_real,24,SRC_STOCK_4_PRICE,REPORT_LIMIT,2.0,0,1,1,0.5,0.8,1.4400482177734375,9
CVAE+APA-RCA,A6_multi_source,medium_real,24,SRC_STOCK_4_PRICE,REPORT_LIMIT,1.0,1,1,1,1.0,0.8,1.4157295227050781,9
CVAE+APA-RCA+ResGCN,A6_multi_source,medium_real,24,SRC_STOCK_4_PRICE,REPORT_LIMIT,1.0,1,1,1,1.0,0.8,1.4157295227050781,9
APA-RCA-v2+ResGCN,A6_multi_source,medium_real,25,SRC_STOCK_2_PRICE,REPORT_LIMIT,2.0,0,1,1,0.5,0.8,1.7559528350830078,9
CVAE+APA-RCA,A6_multi_source,medium_real,25,SRC_STOCK_2_PRICE,REPORT_LIMIT,1.0,1,1,1,1.0,0.8,1.5211105346679688,9
CVAE+APA-RCA+ResGCN,A6_multi_source,medium_real,25,SRC_STOCK_2_PRICE,REPORT_LIMIT,1.0,1,1,1,1.0,0.8,1.5211105346679688,9
APA-RCA-v2+ResGCN,A6_multi_source,medium_real,26,SRC_STOCK_6_PRICE,REPORT_LIMIT,2.0,0,1,1,0.5,0.8,1.4238357543945312,9
CVAE+APA-RCA,A6_multi_source,medium_real,26,SRC_STOCK_6_PRICE,REPORT_LIMIT,1.0,1,1,1,1.0,0.8,1.374959945678711,9
CVAE+APA-RCA+ResGCN,A6_multi_source,medium_real,26,SRC_STOCK_6_PRICE,REPORT_LIMIT,1.0,1,1,1,1.0,0.8,1.374959945678711,9
APA-RCA-v2+ResGCN,A6_multi_source,medium_real,27,SRC_STOCK_3_PRICE,REPORT_LIMIT,3.0,0,1,1,0.3333333333333333,0.8,1.4331340789794922,9
CVAE+APA-RCA,A6_multi_source,medium_real,27,SRC_STOCK_3_PRICE,REPORT_LIMIT,2.0,0,1,1,0.5,0.8,1.367807388305664,9
CVAE+APA-RCA+ResGCN,A6_multi_source,medium_real,27,SRC_STOCK_3_PRICE,REPORT_LIMIT,2.0,0,1,1,0.5,0.8,1.367807388305664,9
APA-RCA-v2+ResGCN,A6_multi_source,medium_real,28,SRC_STOCK_7_PRICE,REPORT_LIMIT,1.0,1,1,1,1.0,0.8,1.6989707946777344,9
CVAE+APA-RCA,A6_multi_source,medium_real,28,SRC_STOCK_7_PRICE,REPORT_LIMIT,1.0,1,1,1,1.0,0.8,1.3949871063232422,9
CVAE+APA-RCA+ResGCN,A6_multi_source,medium_real,28,SRC_STOCK_7_PRICE,REPORT_LIMIT,1.0,1,1,1,1.0,0.8,1.3949871063232422,9
APA-RCA-v2+ResGCN,A6_multi_source,medium_real,29,SRC_STOCK_8_PRICE,REPORT_LIMIT,2.0,0,1,1,0.5,0.8,1.4400482177734375,9
CVAE+APA-RCA,A6_multi_source,medium_real,29,SRC_STOCK_8_PRICE,REPORT_LIMIT,1.0,1,1,1,1.0,0.8,1.67083740234375,9
CVAE+APA-RCA+ResGCN,A6_multi_source,medium_real,29,SRC_STOCK_8_PRICE,REPORT_LIMIT,1.0,1,1,1,1.0,0.8,1.67083740234375,9
APA-RCA-v2+ResGCN,A7_coincidental,medium_real,0,SRC_STOCK_11_PRICE,REPORT_DASHBOARD,1.0,1,1,1,1.0,0.8,1.7037391662597656,9
CVAE+APA-RCA,A7_coincidental,medium_real,0,SRC_STOCK_11_PRICE,REPORT_STRESS,2.0,0,1,1,0.5,0.8,1.4309883117675781,9
CVAE+APA-RCA+ResGCN,A7_coincidental,medium_real,0,SRC_STOCK_11_PRICE,REPORT_STRESS,2.0,0,1,1,0.5,0.8,1.4309883117675781,9
APA-RCA-v2+ResGCN,A7_coincidental,medium_real,1,SRC_STOCK_6_PRICE,REPORT_DASHBOARD,1.0,1,1,1,1.0,0.8,1.6961097717285156,9
CVAE+APA-RCA,A7_coincidental,medium_real,1,SRC_STOCK_6_PRICE,REPORT_STRESS,2.0,0,1,1,0.5,0.8,1.6498565673828125,9
CVAE+APA-RCA+ResGCN,A7_coincidental,medium_real,1,SRC_STOCK_6_PRICE,REPORT_STRESS,2.0,0,1,1,0.5,0.8,1.6498565673828125,9
APA-RCA-v2+ResGCN,A7_coincidental,medium_real,2,SRC_STOCK_11_PRICE,REPORT_DASHBOARD,1.0,1,1,1,1.0,0.8,1.4629364013671875,9
CVAE+APA-RCA,A7_coincidental,medium_real,2,SRC_STOCK_11_PRICE,REPORT_STRESS,2.0,0,1,1,0.5,0.8,1.3651847839355469,9
CVAE+APA-RCA+ResGCN,A7_coincidental,medium_real,2,SRC_STOCK_11_PRICE,REPORT_STRESS,2.0,0,1,1,0.5,0.8,1.3651847839355469,9
APA-RCA-v2+ResGCN,A7_coincidental,medium_real,3,SRC_STOCK_10_PRICE,REPORT_LIMIT,3.0,0,1,1,0.3333333333333333,0.8,1.458883285522461,9
CVAE+APA-RCA,A7_coincidental,medium_real,3,SRC_STOCK_10_PRICE,REPORT_STRESS,2.0,0,1,1,0.5,0.8,1.3730525970458984,9
CVAE+APA-RCA+ResGCN,A7_coincidental,medium_real,3,SRC_STOCK_10_PRICE,REPORT_STRESS,2.0,0,1,1,0.5,0.8,1.3730525970458984,9
APA-RCA-v2+ResGCN,A7_coincidental,medium_real,4,SRC_STOCK_9_PRICE,REPORT_LIMIT,1.0,1,1,1,1.0,0.8,1.4090538024902344,9
CVAE+APA-RCA,A7_coincidental,medium_real,4,SRC_STOCK_9_PRICE,REPORT_STRESS,2.0,0,1,1,0.5,0.8,1.3859272003173828,9
CVAE+APA-RCA+ResGCN,A7_coincidental,medium_real,4,SRC_STOCK_9_PRICE,REPORT_STRESS,2.0,0,1,1,0.5,0.8,1.3859272003173828,9
APA-RCA-v2+ResGCN,A7_coincidental,medium_real,5,SRC_STOCK_9_PRICE,REPORT_DASHBOARD,1.0,1,1,1,1.0,0.8,1.6541481018066406,9
CVAE+APA-RCA,A7_coincidental,medium_real,5,SRC_STOCK_9_PRICE,REPORT_STRESS,2.0,0,1,1,0.5,0.8,1.3668537139892578,9
CVAE+APA-RCA+ResGCN,A7_coincidental,medium_real,5,SRC_STOCK_9_PRICE,REPORT_STRESS,2.0,0,1,1,0.5,0.8,1.3668537139892578,9
APA-RCA-v2+ResGCN,A7_coincidental,medium_real,6,SRC_STOCK_6_PRICE,REPORT_DASHBOARD,1.0,1,1,1,1.0,0.8,1.5709400177001953,9
CVAE+APA-RCA,A7_coincidental,medium_real,6,SRC_STOCK_6_PRICE,REPORT_STRESS,2.0,0,1,1,0.5,0.8,1.4309883117675781,9
CVAE+APA-RCA+ResGCN,A7_coincidental,medium_real,6,SRC_STOCK_6_PRICE,REPORT_STRESS,2.0,0,1,1,0.5,0.8,1.4309883117675781,9
APA-RCA-v2+ResGCN,A7_coincidental,medium_real,7,SRC_STOCK_12_PRICE,REPORT_DASHBOARD,1.0,1,1,1,1.0,0.8,1.795053482055664,9
CVAE+APA-RCA,A7_coincidental,medium_real,7,SRC_STOCK_12_PRICE,REPORT_STRESS,2.0,0,1,1,0.5,0.8,1.4438629150390625,9
CVAE+APA-RCA+ResGCN,A7_coincidental,medium_real,7,SRC_STOCK_12_PRICE,REPORT_STRESS,2.0,0,1,1,0.5,0.8,1.4438629150390625,9
APA-RCA-v2+ResGCN,A7_coincidental,medium_real,8,SRC_STOCK_9_PRICE,REPORT_LIMIT,1.0,1,1,1,1.0,0.8,1.4562606811523438,9
CVAE+APA-RCA,A7_coincidental,medium_real,8,SRC_STOCK_9_PRICE,REPORT_STRESS,2.0,0,1,1,0.5,0.8,1.4081001281738281,9
CVAE+APA-RCA+ResGCN,A7_coincidental,medium_real,8,SRC_STOCK_9_PRICE,REPORT_STRESS,2.0,0,1,1,0.5,0.8,1.4081001281738281,9
APA-RCA-v2+ResGCN,A7_coincidental,medium_real,9,SRC_STOCK_6_PRICE,REPORT_DASHBOARD,1.0,1,1,1,1.0,0.8,1.4829635620117188,9
CVAE+APA-RCA,A7_coincidental,medium_real,9,SRC_STOCK_6_PRICE,REPORT_STRESS,2.0,0,1,1,0.5,0.8,1.3470649719238281,9
CVAE+APA-RCA+ResGCN,A7_coincidental,medium_real,9,SRC_STOCK_6_PRICE,REPORT_STRESS,2.0,0,1,1,0.5,0.8,1.3470649719238281,9
APA-RCA-v2+ResGCN,A7_coincidental,medium_real,10,SRC_STOCK_10_PRICE,REPORT_DASHBOARD,1.0,1,1,1,1.0,0.8,1.6751289367675781,9
CVAE+APA-RCA,A7_coincidental,medium_real,10,SRC_STOCK_10_PRICE,REPORT_STRESS,2.0,0,1,1,0.5,0.8,1.7600059509277344,9
CVAE+APA-RCA+ResGCN,A7_coincidental,medium_real,10,SRC_STOCK_10_PRICE,REPORT_STRESS,2.0,0,1,1,0.5,0.8,1.7600059509277344,9
APA-RCA-v2+ResGCN,A7_coincidental,medium_real,11,SRC_STOCK_2_PRICE,REPORT_DASHBOARD,1.0,1,1,1,1.0,0.8,1.4955997467041016,9
CVAE+APA-RCA,A7_coincidental,medium_real,11,SRC_STOCK_2_PRICE,REPORT_STRESS,2.0,0,1,1,0.5,0.8,1.401662826538086,9
CVAE+APA-RCA+ResGCN,A7_coincidental,medium_real,11,SRC_STOCK_2_PRICE,REPORT_STRESS,2.0,0,1,1,0.5,0.8,1.401662826538086,9
APA-RCA-v2+ResGCN,A7_coincidental,medium_real,12,SRC_STOCK_8_PRICE,REPORT_DASHBOARD,1.0,1,1,1,1.0,0.8,1.5532970428466797,9
CVAE+APA-RCA,A7_coincidental,medium_real,12,SRC_STOCK_8_PRICE,REPORT_STRESS,2.0,0,1,1,0.5,0.8,1.4388561248779297,9
CVAE+APA-RCA+ResGCN,A7_coincidental,medium_real,12,SRC_STOCK_8_PRICE,REPORT_STRESS,2.0,0,1,1,0.5,0.8,1.4388561248779297,9
APA-RCA-v2+ResGCN,A7_coincidental,medium_real,13,SRC_STOCK_11_PRICE,REPORT_DASHBOARD,1.0,1,1,1,1.0,0.8,1.5811920166015625,9
CVAE+APA-RCA,A7_coincidental,medium_real,13,SRC_STOCK_11_PRICE,REPORT_STRESS,2.0,0,1,1,0.5,0.8,1.3980865478515625,9
CVAE+APA-RCA+ResGCN,A7_coincidental,medium_real,13,SRC_STOCK_11_PRICE,REPORT_STRESS,2.0,0,1,1,0.5,0.8,1.3980865478515625,9
APA-RCA-v2+ResGCN,A7_coincidental,medium_real,14,SRC_STOCK_2_PRICE,REPORT_LIMIT,1.0,1,1,1,1.0,0.8,1.583099365234375,9
CVAE+APA-RCA,A7_coincidental,medium_real,14,SRC_STOCK_2_PRICE,REPORT_STRESS,2.0,0,1,1,0.5,0.8,1.374959945678711,9
CVAE+APA-RCA+ResGCN,A7_coincidental,medium_real,14,SRC_STOCK_2_PRICE,REPORT_STRESS,2.0,0,1,1,0.5,0.8,1.374959945678711,9
APA-RCA-v2+ResGCN,A7_coincidental,medium_real,15,SRC_STOCK_12_PRICE,REPORT_DASHBOARD,1.0,1,1,1,1.0,0.8,1.455068588256836,9
CVAE+APA-RCA,A7_coincidental,medium_real,15,SRC_STOCK_12_PRICE,REPORT_STRESS,2.0,0,1,1,0.5,0.8,1.3811588287353516,9
CVAE+APA-RCA+ResGCN,A7_coincidental,medium_real,15,SRC_STOCK_12_PRICE,REPORT_STRESS,2.0,0,1,1,0.5,0.8,1.3811588287353516,9
APA-RCA-v2+ResGCN,A7_coincidental,medium_real,16,SRC_STOCK_7_PRICE,REPORT_DASHBOARD,1.0,1,1,1,1.0,0.8,1.4507770538330078,9
CVAE+APA-RCA,A7_coincidental,medium_real,16,SRC_STOCK_7_PRICE,REPORT_STRESS,2.0,0,1,1,0.5,0.8,1.3539791107177734,9
CVAE+APA-RCA+ResGCN,A7_coincidental,medium_real,16,SRC_STOCK_7_PRICE,REPORT_STRESS,2.0,0,1,1,0.5,0.8,1.3539791107177734,9
APA-RCA-v2+ResGCN,A7_coincidental,medium_real,17,SRC_STOCK_9_PRICE,REPORT_DASHBOARD,1.0,1,1,1,1.0,0.8,1.6536712646484375,9
CVAE+APA-RCA,A7_coincidental,medium_real,17,SRC_STOCK_9_PRICE,REPORT_STRESS,2.0,0,1,1,0.5,0.8,1.3399124145507812,9
CVAE+APA-RCA+ResGCN,A7_coincidental,medium_real,17,SRC_STOCK_9_PRICE,REPORT_STRESS,2.0,0,1,1,0.5,0.8,1.3399124145507812,9
APA-RCA-v2+ResGCN,A7_coincidental,medium_real,18,SRC_STOCK_11_PRICE,REPORT_DASHBOARD,1.0,1,1,1,1.0,0.8,1.5900135040283203,9
CVAE+APA-RCA,A7_coincidental,medium_real,18,SRC_STOCK_11_PRICE,REPORT_STRESS,2.0,0,1,1,0.5,0.8,1.8041133880615234,9
CVAE+APA-RCA+ResGCN,A7_coincidental,medium_real,18,SRC_STOCK_11_PRICE,REPORT_STRESS,2.0,0,1,1,0.5,0.8,1.8041133880615234,9
APA-RCA-v2+ResGCN,A7_coincidental,medium_real,19,SRC_STOCK_8_PRICE,REPORT_DASHBOARD,1.0,1,1,1,1.0,0.8,1.5020370483398438,9
CVAE+APA-RCA,A7_coincidental,medium_real,19,SRC_STOCK_8_PRICE,REPORT_STRESS,2.0,0,1,1,0.5,0.8,1.4319419860839844,9
CVAE+APA-RCA+ResGCN,A7_coincidental,medium_real,19,SRC_STOCK_8_PRICE,REPORT_STRESS,2.0,0,1,1,0.5,0.8,1.4319419860839844,9
APA-RCA-v2+ResGCN,A7_coincidental,medium_real,20,SRC_STOCK_11_PRICE,REPORT_DASHBOARD,1.0,1,1,1,1.0,0.8,1.4729499816894531,9
CVAE+APA-RCA,A7_coincidental,medium_real,20,SRC_STOCK_11_PRICE,REPORT_STRESS,2.0,0,1,1,0.5,0.8,1.6970634460449219,9
CVAE+APA-RCA+ResGCN,A7_coincidental,medium_real,20,SRC_STOCK_11_PRICE,REPORT_STRESS,2.0,0,1,1,0.5,0.8,1.6970634460449219,9
APA-RCA-v2+ResGCN,A7_coincidental,medium_real,21,SRC_STOCK_4_PRICE,REPORT_DASHBOARD,1.0,1,1,1,1.0,0.8,1.4979839324951172,9
CVAE+APA-RCA,A7_coincidental,medium_real,21,SRC_STOCK_4_PRICE,REPORT_STRESS,2.0,0,1,1,0.5,0.8,1.416921615600586,9
CVAE+APA-RCA+ResGCN,A7_coincidental,medium_real,21,SRC_STOCK_4_PRICE,REPORT_STRESS,2.0,0,1,1,0.5,0.8,1.416921615600586,9
APA-RCA-v2+ResGCN,A7_coincidental,medium_real,22,SRC_STOCK_10_PRICE,REPORT_DASHBOARD,1.0,1,1,1,1.0,0.8,83.3280086517334,9
CVAE+APA-RCA,A7_coincidental,medium_real,22,SRC_STOCK_10_PRICE,REPORT_STRESS,2.0,0,1,1,0.5,0.8,1.3821125030517578,9
CVAE+APA-RCA+ResGCN,A7_coincidental,medium_real,22,SRC_STOCK_10_PRICE,REPORT_STRESS,2.0,0,1,1,0.5,0.8,1.3821125030517578,9
APA-RCA-v2+ResGCN,A7_coincidental,medium_real,23,SRC_STOCK_1_PRICE,REPORT_DASHBOARD,1.0,1,1,1,1.0,0.8,1.5790462493896484,9
CVAE+APA-RCA,A7_coincidental,medium_real,23,SRC_STOCK_1_PRICE,REPORT_STRESS,2.0,0,1,1,0.5,0.8,1.3592243194580078,9
CVAE+APA-RCA+ResGCN,A7_coincidental,medium_real,23,SRC_STOCK_1_PRICE,REPORT_STRESS,2.0,0,1,1,0.5,0.8,1.3592243194580078,9
APA-RCA-v2+ResGCN,A7_coincidental,medium_real,24,SRC_STOCK_5_PRICE,REPORT_DASHBOARD,1.0,1,1,1,1.0,0.8,1.8050670623779297,9
CVAE+APA-RCA,A7_coincidental,medium_real,24,SRC_STOCK_5_PRICE,REPORT_STRESS,2.0,0,1,1,0.5,0.8,1.7230510711669922,9
CVAE+APA-RCA+ResGCN,A7_coincidental,medium_real,24,SRC_STOCK_5_PRICE,REPORT_STRESS,2.0,0,1,1,0.5,0.8,1.7230510711669922,9
APA-RCA-v2+ResGCN,A7_coincidental,medium_real,25,SRC_STOCK_7_PRICE,REPORT_DASHBOARD,1.0,1,1,1,1.0,0.8,1.470804214477539,9
CVAE+APA-RCA,A7_coincidental,medium_real,25,SRC_STOCK_7_PRICE,REPORT_STRESS,2.0,0,1,1,0.5,0.8,1.3818740844726562,9
CVAE+APA-RCA+ResGCN,A7_coincidental,medium_real,25,SRC_STOCK_7_PRICE,REPORT_STRESS,2.0,0,1,1,0.5,0.8,1.3818740844726562,9
APA-RCA-v2+ResGCN,A7_coincidental,medium_real,26,SRC_STOCK_11_PRICE,REPORT_DASHBOARD,1.0,1,1,1,1.0,0.8,1.6782283782958984,9
CVAE+APA-RCA,A7_coincidental,medium_real,26,SRC_STOCK_11_PRICE,REPORT_STRESS,2.0,0,1,1,0.5,0.8,1.4450550079345703,9
CVAE+APA-RCA+ResGCN,A7_coincidental,medium_real,26,SRC_STOCK_11_PRICE,REPORT_STRESS,2.0,0,1,1,0.5,0.8,1.4450550079345703,9
APA-RCA-v2+ResGCN,A7_coincidental,medium_real,27,SRC_STOCK_1_PRICE,REPORT_DASHBOARD,1.0,1,1,1,1.0,0.8,1.7039775848388672,9
CVAE+APA-RCA,A7_coincidental,medium_real,27,SRC_STOCK_1_PRICE,REPORT_STRESS,2.0,0,1,1,0.5,0.8,1.5358924865722656,9
CVAE+APA-RCA+ResGCN,A7_coincidental,medium_real,27,SRC_STOCK_1_PRICE,REPORT_STRESS,2.0,0,1,1,0.5,0.8,1.5358924865722656,9
APA-RCA-v2+ResGCN,A7_coincidental,medium_real,28,SRC_STOCK_8_PRICE,REPORT_LIMIT,1.0,1,1,1,1.0,0.8,1.477956771850586,9
CVAE+APA-RCA,A7_coincidental,medium_real,28,SRC_STOCK_8_PRICE,REPORT_STRESS,2.0,0,1,1,0.5,0.8,1.4052391052246094,9
CVAE+APA-RCA+ResGCN,A7_coincidental,medium_real,28,SRC_STOCK_8_PRICE,REPORT_STRESS,2.0,0,1,1,0.5,0.8,1.4052391052246094,9
APA-RCA-v2+ResGCN,A7_coincidental,medium_real,29,SRC_STOCK_12_PRICE,REPORT_DASHBOARD,1.0,1,1,1,1.0,0.8,1.6586780548095703,9
CVAE+APA-RCA,A7_coincidental,medium_real,29,SRC_STOCK_12_PRICE,REPORT_STRESS,2.0,0,1,1,0.5,0.8,1.3880729675292969,9
CVAE+APA-RCA+ResGCN,A7_coincidental,medium_real,29,SRC_STOCK_12_PRICE,REPORT_STRESS,2.0,0,1,1,0.5,0.8,1.3880729675292969,9
