method,anomaly_type,pipeline_size,trial,true_root_cause,target_node,rank,top1,top3,top5,reciprocal_rank,false_rc_rate_k5,elapsed_ms,convergence_iters
APA-RCA-v2,A1_source_corruption,small,0,SRC_STOCK_3_PRICE,REPORT_LIMIT,1.0,1,1,1,1.0,0.8,0.621795654296875,9
VAE+APA-RCA,A1_source_corruption,small,0,SRC_STOCK_3_PRICE,REPORT_LIMIT,1.0,1,1,1,1.0,0.8,0.43892860412597656,9
APA-RCA-v2,A1_source_corruption,small,1,SRC_STOCK_2_PRICE,REPORT_REG_VAR,1.0,1,1,1,1.0,0.8,0.4680156707763672,9
VAE+APA-RCA,A1_source_corruption,small,1,SRC_STOCK_2_PRICE,REPORT_REG_VAR,1.0,1,1,1,1.0,0.8,0.4341602325439453,9
APA-RCA-v2,A1_source_corruption,small,2,SRC_STOCK_3_PRICE,REPORT_LIMIT,1.0,1,1,1,1.0,0.8,0.4849433898925781,9
VAE+APA-RCA,A1_source_corruption,small,2,SRC_STOCK_3_PRICE,REPORT_LIMIT,1.0,1,1,1,1.0,0.8,0.43201446533203125,9
APA-RCA-v2,A1_source_corruption,small,3,SRC_STOCK_3_PRICE,REPORT_DASHBOARD,1.0,1,1,1,1.0,0.8,0.5488395690917969,9
VAE+APA-RCA,A1_source_corruption,small,3,SRC_STOCK_3_PRICE,REPORT_DASHBOARD,1.0,1,1,1,1.0,0.8,0.4620552062988281,9
APA-RCA-v2,A1_source_corruption,small,4,SRC_STOCK_3_PRICE,REPORT_REG_VAR,1.0,1,1,1,1.0,0.8,0.5009174346923828,9
VAE+APA-RCA,A1_source_corruption,small,4,SRC_STOCK_3_PRICE,REPORT_REG_VAR,1.0,1,1,1,1.0,0.8,0.43582916259765625,9
APA-RCA-v2,A1_source_corruption,small,5,SRC_STOCK_3_PRICE,REPORT_LIMIT,1.0,1,1,1,1.0,0.8,0.5049705505371094,9
VAE+APA-RCA,A1_source_corruption,small,5,SRC_STOCK_3_PRICE,REPORT_LIMIT,1.0,1,1,1,1.0,0.8,0.43511390686035156,9
APA-RCA-v2,A1_source_corruption,small,6,SRC_STOCK_2_PRICE,REPORT_LIMIT,1.0,1,1,1,1.0,0.8,0.5362033843994141,9
VAE+APA-RCA,A1_source_corruption,small,6,SRC_STOCK_2_PRICE,REPORT_LIMIT,1.0,1,1,1,1.0,0.8,0.4661083221435547,9
APA-RCA-v2,A1_source_corruption,small,7,SRC_STOCK_3_PRICE,REPORT_DASHBOARD,1.0,1,1,1,1.0,0.8,0.49996376037597656,9
VAE+APA-RCA,A1_source_corruption,small,7,SRC_STOCK_3_PRICE,REPORT_DASHBOARD,1.0,1,1,1,1.0,0.8,0.43010711669921875,9
APA-RCA-v2,A1_source_corruption,small,8,SRC_STOCK_3_PRICE,REPORT_DASHBOARD,1.0,1,1,1,1.0,0.8,0.5052089691162109,9
VAE+APA-RCA,A1_source_corruption,small,8,SRC_STOCK_3_PRICE,REPORT_DASHBOARD,1.0,1,1,1,1.0,0.8,0.42510032653808594,9
APA-RCA-v2,A1_source_corruption,small,9,SRC_STOCK_2_PRICE,REPORT_LIMIT,1.0,1,1,1,1.0,0.8,0.5171298980712891,9
VAE+APA-RCA,A1_source_corruption,small,9,SRC_STOCK_2_PRICE,REPORT_LIMIT,1.0,1,1,1,1.0,0.8,0.4570484161376953,9
APA-RCA-v2,A1_source_corruption,small,10,SRC_STOCK_3_PRICE,REPORT_LIMIT,1.0,1,1,1,1.0,0.8,0.46896934509277344,9
VAE+APA-RCA,A1_source_corruption,small,10,SRC_STOCK_3_PRICE,REPORT_LIMIT,1.0,1,1,1,1.0,0.8,0.431060791015625,9
APA-RCA-v2,A1_source_corruption,small,11,SRC_STOCK_1_PRICE,REPORT_LIMIT,1.0,1,1,1,1.0,0.8,0.5047321319580078,9
VAE+APA-RCA,A1_source_corruption,small,11,SRC_STOCK_1_PRICE,REPORT_LIMIT,1.0,1,1,1,1.0,0.8,0.44417381286621094,9
APA-RCA-v2,A1_source_corruption,small,12,SRC_STOCK_2_PRICE,REPORT_LIMIT,1.0,1,1,1,1.0,0.8,0.4909038543701172,9
VAE+APA-RCA,A1_source_corruption,small,12,SRC_STOCK_2_PRICE,REPORT_LIMIT,1.0,1,1,1,1.0,0.8,0.4379749298095703,9
APA-RCA-v2,A1_source_corruption,small,13,SRC_STOCK_3_PRICE,REPORT_LIMIT,1.0,1,1,1,1.0,0.8,0.5612373352050781,9
VAE+APA-RCA,A1_source_corruption,small,13,SRC_STOCK_3_PRICE,REPORT_LIMIT,1.0,1,1,1,1.0,0.8,0.46515464782714844,9
APA-RCA-v2,A1_source_corruption,small,14,SRC_STOCK_1_PRICE,REPORT_LIMIT,1.0,1,1,1,1.0,0.8,0.4780292510986328,9
VAE+APA-RCA,A1_source_corruption,small,14,SRC_STOCK_1_PRICE,REPORT_LIMIT,1.0,1,1,1,1.0,0.8,0.43702125549316406,9
APA-RCA-v2,A1_source_corruption,small,15,SRC_STOCK_3_PRICE,REPORT_LIMIT,1.0,1,1,1,1.0,0.8,0.49495697021484375,9
VAE+APA-RCA,A1_source_corruption,small,15,SRC_STOCK_3_PRICE,REPORT_LIMIT,1.0,1,1,1,1.0,0.8,0.4360675811767578,9
APA-RCA-v2,A1_source_corruption,small,16,SRC_STOCK_2_PRICE,REPORT_LIMIT,1.0,1,1,1,1.0,0.8,0.47588348388671875,9
VAE+APA-RCA,A1_source_corruption,small,16,SRC_STOCK_2_PRICE,REPORT_LIMIT,1.0,1,1,1,1.0,0.8,0.42510032653808594,9
APA-RCA-v2,A1_source_corruption,small,17,SRC_STOCK_3_PRICE,REPORT_LIMIT,1.0,1,1,1,1.0,0.8,0.4730224609375,9
VAE+APA-RCA,A1_source_corruption,small,17,SRC_STOCK_3_PRICE,REPORT_LIMIT,1.0,1,1,1,1.0,0.8,0.4277229309082031,9
APA-RCA-v2,A1_source_corruption,small,18,SRC_STOCK_3_PRICE,REPORT_LIMIT,1.0,1,1,1,1.0,0.8,0.4706382751464844,9
VAE+APA-RCA,A1_source_corruption,small,18,SRC_STOCK_3_PRICE,REPORT_LIMIT,1.0,1,1,1,1.0,0.8,0.42700767517089844,9
APA-RCA-v2,A1_source_corruption,small,19,SRC_STOCK_2_PRICE,REPORT_DASHBOARD,1.0,1,1,1,1.0,0.8,0.4780292510986328,9
VAE+APA-RCA,A1_source_corruption,small,19,SRC_STOCK_2_PRICE,REPORT_DASHBOARD,1.0,1,1,1,1.0,0.8,0.4360675811767578,9
APA-RCA-v2,A1_source_corruption,small,20,SRC_STOCK_3_PRICE,REPORT_LIMIT,1.0,1,1,1,1.0,0.8,0.5478858947753906,9
VAE+APA-RCA,A1_source_corruption,small,20,SRC_STOCK_3_PRICE,REPORT_LIMIT,1.0,1,1,1,1.0,0.8,0.48089027404785156,9
APA-RCA-v2,A1_source_corruption,small,21,SRC_STOCK_1_PRICE,REPORT_DASHBOARD,1.0,1,1,1,1.0,0.8,0.4990100860595703,9
VAE+APA-RCA,A1_source_corruption,small,21,SRC_STOCK_1_PRICE,REPORT_DASHBOARD,1.0,1,1,1,1.0,0.8,0.43320655822753906,9
APA-RCA-v2,A1_source_corruption,small,22,SRC_STOCK_3_PRICE,REPORT_LIMIT,1.0,1,1,1,1.0,0.8,0.47016143798828125,9
VAE+APA-RCA,A1_source_corruption,small,22,SRC_STOCK_3_PRICE,REPORT_LIMIT,1.0,1,1,1,1.0,0.8,0.42629241943359375,9
APA-RCA-v2,A1_source_corruption,small,23,SRC_STOCK_1_PRICE,REPORT_LIMIT,1.0,1,1,1,1.0,0.8,0.49686431884765625,9
VAE+APA-RCA,A1_source_corruption,small,23,SRC_STOCK_1_PRICE,REPORT_LIMIT,1.0,1,1,1,1.0,0.8,0.44083595275878906,9
APA-RCA-v2,A1_source_corruption,small,24,SRC_STOCK_2_PRICE,REPORT_LIMIT,1.0,1,1,1,1.0,0.8,0.49591064453125,9
VAE+APA-RCA,A1_source_corruption,small,24,SRC_STOCK_2_PRICE,REPORT_LIMIT,1.0,1,1,1,1.0,0.8,0.4420280456542969,9
APA-RCA-v2,A1_source_corruption,small,25,SRC_STOCK_2_PRICE,REPORT_REG_VAR,1.0,1,1,1,1.0,0.8,0.4668235778808594,9
VAE+APA-RCA,A1_source_corruption,small,25,SRC_STOCK_2_PRICE,REPORT_REG_VAR,1.0,1,1,1,1.0,0.8,0.42510032653808594,9
APA-RCA-v2,A1_source_corruption,small,26,SRC_STOCK_3_PRICE,REPORT_DASHBOARD,1.0,1,1,1,1.0,0.8,0.45680999755859375,9
VAE+APA-RCA,A1_source_corruption,small,26,SRC_STOCK_3_PRICE,REPORT_DASHBOARD,1.0,1,1,1,1.0,0.8,0.4398822784423828,9
APA-RCA-v2,A1_source_corruption,small,27,SRC_STOCK_1_PRICE,REPORT_REG_VAR,1.0,1,1,1,1.0,0.8,0.47397613525390625,9
VAE+APA-RCA,A1_source_corruption,small,27,SRC_STOCK_1_PRICE,REPORT_REG_VAR,1.0,1,1,1,1.0,0.8,0.43702125549316406,9
APA-RCA-v2,A1_source_corruption,small,28,SRC_STOCK_2_PRICE,REPORT_LIMIT,1.0,1,1,1,1.0,0.8,0.5629062652587891,9
VAE+APA-RCA,A1_source_corruption,small,28,SRC_STOCK_2_PRICE,REPORT_LIMIT,1.0,1,1,1,1.0,0.8,0.47898292541503906,9
APA-RCA-v2,A1_source_corruption,small,29,SRC_STOCK_3_PRICE,REPORT_LIMIT,1.0,1,1,1,1.0,0.8,0.4570484161376953,9
VAE+APA-RCA,A1_source_corruption,small,29,SRC_STOCK_3_PRICE,REPORT_LIMIT,1.0,1,1,1,1.0,0.8,0.4329681396484375,9
APA-RCA-v2,A2_etl_logic_error,small,0,ETL_FX_STOCK_3_PRICE,REPORT_LIMIT,2.0,0,1,1,0.5,0.8,0.5171298980712891,9
VAE+APA-RCA,A2_etl_logic_error,small,0,ETL_FX_STOCK_3_PRICE,REPORT_LIMIT,10.0,0,0,0,0.1,1.0,0.45871734619140625,9
APA-RCA-v2,A2_etl_logic_error,small,1,ETL_FX_STOCK_2_PRICE,REPORT_LIMIT,3.0,0,1,1,0.3333333333333333,0.8,0.4839897155761719,9
VAE+APA-RCA,A2_etl_logic_error,small,1,ETL_FX_STOCK_2_PRICE,REPORT_LIMIT,8.0,0,0,0,0.125,1.0,0.4589557647705078,9
APA-RCA-v2,A2_etl_logic_error,small,2,ETL_FX_STOCK_3_PRICE,REPORT_LIMIT,2.0,0,1,1,0.5,0.8,0.5040168762207031,9
VAE+APA-RCA,A2_etl_logic_error,small,2,ETL_FX_STOCK_3_PRICE,REPORT_LIMIT,7.0,0,0,0,0.14285714285714285,1.0,0.4401206970214844,9
APA-RCA-v2,A2_etl_logic_error,small,3,ETL_FX_STOCK_3_PRICE,REPORT_LIMIT,3.0,0,1,1,0.3333333333333333,0.8,0.4928112030029297,9
VAE+APA-RCA,A2_etl_logic_error,small,3,ETL_FX_STOCK_3_PRICE,REPORT_LIMIT,8.0,0,0,0,0.125,1.0,0.4630088806152344,9
APA-RCA-v2,A2_etl_logic_error,small,4,ETL_FX_STOCK_3_PRICE,REPORT_LIMIT,2.0,0,1,1,0.5,0.8,0.5400180816650391,9
VAE+APA-RCA,A2_etl_logic_error,small,4,ETL_FX_STOCK_3_PRICE,REPORT_LIMIT,8.0,0,0,0,0.125,1.0,0.44798851013183594,9
APA-RCA-v2,A2_etl_logic_error,small,5,ETL_FX_STOCK_3_PRICE,REPORT_LIMIT,2.0,0,1,1,0.5,0.8,0.49996376037597656,9
VAE+APA-RCA,A2_etl_logic_error,small,5,ETL_FX_STOCK_3_PRICE,REPORT_LIMIT,11.0,0,0,0,0.09090909090909091,1.0,0.4677772521972656,9
APA-RCA-v2,A2_etl_logic_error,small,6,ETL_FX_STOCK_2_PRICE,REPORT_LIMIT,2.0,0,1,1,0.5,0.8,0.4837512969970703,9
VAE+APA-RCA,A2_etl_logic_error,small,6,ETL_FX_STOCK_2_PRICE,REPORT_LIMIT,10.0,0,0,0,0.1,1.0,0.42700767517089844,9
APA-RCA-v2,A2_etl_logic_error,small,7,ETL_FX_STOCK_3_PRICE,REPORT_LIMIT,1.0,1,1,1,1.0,0.8,0.4820823669433594,9
VAE+APA-RCA,A2_etl_logic_error,small,7,ETL_FX_STOCK_3_PRICE,REPORT_LIMIT,7.0,0,0,0,0.14285714285714285,1.0,0.46896934509277344,9
APA-RCA-v2,A2_etl_logic_error,small,8,ETL_FX_STOCK_3_PRICE,REPORT_LIMIT,2.0,0,1,1,0.5,0.8,0.4649162292480469,9
VAE+APA-RCA,A2_etl_logic_error,small,8,ETL_FX_STOCK_3_PRICE,REPORT_LIMIT,7.0,0,0,0,0.14285714285714285,1.0,0.43702125549316406,9
APA-RCA-v2,A2_etl_logic_error,small,9,ETL_FX_STOCK_2_PRICE,REPORT_LIMIT,2.0,0,1,1,0.5,0.8,0.4889965057373047,9
VAE+APA-RCA,A2_etl_logic_error,small,9,ETL_FX_STOCK_2_PRICE,REPORT_LIMIT,9.0,0,0,0,0.1111111111111111,1.0,0.47016143798828125,9
APA-RCA-v2,A2_etl_logic_error,small,10,ETL_FX_STOCK_3_PRICE,REPORT_LIMIT,2.0,0,1,1,0.5,0.8,0.5011558532714844,9
VAE+APA-RCA,A2_etl_logic_error,small,10,ETL_FX_STOCK_3_PRICE,REPORT_LIMIT,9.0,0,0,0,0.1111111111111111,1.0,0.4470348358154297,9
APA-RCA-v2,A2_etl_logic_error,small,11,ETL_FX_STOCK_1_PRICE,REPORT_LIMIT,2.0,0,1,1,0.5,0.8,0.4799365997314453,9
VAE+APA-RCA,A2_etl_logic_error,small,11,ETL_FX_STOCK_1_PRICE,REPORT_LIMIT,9.0,0,0,0,0.1111111111111111,1.0,0.4608631134033203,9
APA-RCA-v2,A2_etl_logic_error,small,12,ETL_FX_STOCK_2_PRICE,REPORT_LIMIT,2.0,0,1,1,0.5,0.8,0.4761219024658203,9
VAE+APA-RCA,A2_etl_logic_error,small,12,ETL_FX_STOCK_2_PRICE,REPORT_LIMIT,8.0,0,0,0,0.125,1.0,0.4763603210449219,9
APA-RCA-v2,A2_etl_logic_error,small,13,ETL_FX_STOCK_3_PRICE,REPORT_LIMIT,2.0,0,1,1,0.5,0.8,0.47779083251953125,9
VAE+APA-RCA,A2_etl_logic_error,small,13,ETL_FX_STOCK_3_PRICE,REPORT_LIMIT,9.0,0,0,0,0.1111111111111111,1.0,0.43702125549316406,9
APA-RCA-v2,A2_etl_logic_error,small,14,ETL_FX_STOCK_1_PRICE,REPORT_LIMIT,2.0,0,1,1,0.5,0.8,0.47016143798828125,9
VAE+APA-RCA,A2_etl_logic_error,small,14,ETL_FX_STOCK_1_PRICE,REPORT_LIMIT,9.0,0,0,0,0.1111111111111111,1.0,0.457763671875,9
APA-RCA-v2,A2_etl_logic_error,small,15,ETL_FX_STOCK_3_PRICE,REPORT_LIMIT,3.0,0,1,1,0.3333333333333333,0.8,0.5099773406982422,9
VAE+APA-RCA,A2_etl_logic_error,small,15,ETL_FX_STOCK_3_PRICE,REPORT_LIMIT,10.0,0,0,0,0.1,1.0,0.4608631134033203,9
APA-RCA-v2,A2_etl_logic_error,small,16,ETL_FX_STOCK_2_PRICE,REPORT_LIMIT,3.0,0,1,1,0.3333333333333333,0.8,0.4832744598388672,9
VAE+APA-RCA,A2_etl_logic_error,small,16,ETL_FX_STOCK_2_PRICE,REPORT_LIMIT,7.0,0,0,0,0.14285714285714285,1.0,0.46181678771972656,9
APA-RCA-v2,A2_etl_logic_error,small,17,ETL_FX_STOCK_3_PRICE,REPORT_LIMIT,3.0,0,1,1,0.3333333333333333,0.8,0.5156993865966797,9
VAE+APA-RCA,A2_etl_logic_error,small,17,ETL_FX_STOCK_3_PRICE,REPORT_LIMIT,10.0,0,0,0,0.1,1.0,0.4260540008544922,9
APA-RCA-v2,A2_etl_logic_error,small,18,ETL_FX_STOCK_3_PRICE,REPORT_LIMIT,3.0,0,1,1,0.3333333333333333,0.8,0.4508495330810547,9
VAE+APA-RCA,A2_etl_logic_error,small,18,ETL_FX_STOCK_3_PRICE,REPORT_LIMIT,7.0,0,0,0,0.14285714285714285,1.0,0.4901885986328125,9
APA-RCA-v2,A2_etl_logic_error,small,19,ETL_FX_STOCK_2_PRICE,REPORT_LIMIT,3.0,0,1,1,0.3333333333333333,0.8,0.4830360412597656,9
VAE+APA-RCA,A2_etl_logic_error,small,19,ETL_FX_STOCK_2_PRICE,REPORT_LIMIT,10.0,0,0,0,0.1,1.0,0.4439353942871094,9
APA-RCA-v2,A2_etl_logic_error,small,20,ETL_FX_STOCK_3_PRICE,REPORT_LIMIT,2.0,0,1,1,0.5,0.8,0.5638599395751953,9
VAE+APA-RCA,A2_etl_logic_error,small,20,ETL_FX_STOCK_3_PRICE,REPORT_LIMIT,8.0,0,0,0,0.125,1.0,0.45490264892578125,9
APA-RCA-v2,A2_etl_logic_error,small,21,ETL_FX_STOCK_1_PRICE,REPORT_LIMIT,4.0,0,0,1,0.25,0.8,0.45108795166015625,9
VAE+APA-RCA,A2_etl_logic_error,small,21,ETL_FX_STOCK_1_PRICE,REPORT_LIMIT,9.0,0,0,0,0.1111111111111111,1.0,0.4680156707763672,9
APA-RCA-v2,A2_etl_logic_error,small,22,ETL_FX_STOCK_3_PRICE,REPORT_LIMIT,3.0,0,1,1,0.3333333333333333,0.8,0.49114227294921875,9
VAE+APA-RCA,A2_etl_logic_error,small,22,ETL_FX_STOCK_3_PRICE,REPORT_LIMIT,7.0,0,0,0,0.14285714285714285,1.0,0.4279613494873047,9
APA-RCA-v2,A2_etl_logic_error,small,23,ETL_FX_STOCK_1_PRICE,REPORT_LIMIT,2.0,0,1,1,0.5,0.8,0.4699230194091797,9
VAE+APA-RCA,A2_etl_logic_error,small,23,ETL_FX_STOCK_1_PRICE,REPORT_LIMIT,10.0,0,0,0,0.1,1.0,0.4611015319824219,9
APA-RCA-v2,A2_etl_logic_error,small,24,ETL_FX_STOCK_2_PRICE,REPORT_LIMIT,2.0,0,1,1,0.5,0.8,0.4830360412597656,9
VAE+APA-RCA,A2_etl_logic_error,small,24,ETL_FX_STOCK_2_PRICE,REPORT_LIMIT,9.0,0,0,0,0.1111111111111111,1.0,0.4711151123046875,9
APA-RCA-v2,A2_etl_logic_error,small,25,ETL_FX_STOCK_2_PRICE,REPORT_LIMIT,2.0,0,1,1,0.5,0.8,0.514984130859375,9
VAE+APA-RCA,A2_etl_logic_error,small,25,ETL_FX_STOCK_2_PRICE,REPORT_LIMIT,8.0,0,0,0,0.125,1.0,0.4239082336425781,9
APA-RCA-v2,A2_etl_logic_error,small,26,ETL_FX_STOCK_3_PRICE,REPORT_LIMIT,3.0,0,1,1,0.3333333333333333,0.8,0.5257129669189453,9
VAE+APA-RCA,A2_etl_logic_error,small,26,ETL_FX_STOCK_3_PRICE,REPORT_LIMIT,8.0,0,0,0,0.125,1.0,0.48732757568359375,9
APA-RCA-v2,A2_etl_logic_error,small,27,ETL_FX_STOCK_1_PRICE,REPORT_LIMIT,3.0,0,1,1,0.3333333333333333,0.8,0.5412101745605469,9
VAE+APA-RCA,A2_etl_logic_error,small,27,ETL_FX_STOCK_1_PRICE,REPORT_LIMIT,8.0,0,0,0,0.125,1.0,0.44083595275878906,9
APA-RCA-v2,A2_etl_logic_error,small,28,ETL_FX_STOCK_2_PRICE,REPORT_LIMIT,2.0,0,1,1,0.5,0.8,0.4801750183105469,9
VAE+APA-RCA,A2_etl_logic_error,small,28,ETL_FX_STOCK_2_PRICE,REPORT_LIMIT,8.0,0,0,0,0.125,1.0,0.46324729919433594,9
APA-RCA-v2,A2_etl_logic_error,small,29,ETL_FX_STOCK_3_PRICE,REPORT_LIMIT,2.0,0,1,1,0.5,0.8,0.5028247833251953,9
VAE+APA-RCA,A2_etl_logic_error,small,29,ETL_FX_STOCK_3_PRICE,REPORT_LIMIT,10.0,0,0,0,0.1,1.0,0.431060791015625,9
APA-RCA-v2,A3_feature_calc_error,small,0,FEAT_VOL20_STOCK_3_PRICE,REPORT_LIMIT,9.0,0,0,0,0.1111111111111111,1.0,0.4611015319824219,9
VAE+APA-RCA,A3_feature_calc_error,small,0,FEAT_VOL20_STOCK_3_PRICE,REPORT_LIMIT,1.0,1,1,1,1.0,0.8,0.4661083221435547,9
APA-RCA-v2,A3_feature_calc_error,small,1,FEAT_VOL20_STOCK_2_PRICE,REPORT_LIMIT,12.0,0,0,0,0.08333333333333333,1.0,0.4889965057373047,9
VAE+APA-RCA,A3_feature_calc_error,small,1,FEAT_VOL20_STOCK_2_PRICE,REPORT_LIMIT,1.0,1,1,1,1.0,0.8,0.4458427429199219,9
APA-RCA-v2,A3_feature_calc_error,small,2,FEAT_VOL20_STOCK_3_PRICE,REPORT_LIMIT,9.0,0,0,0,0.1111111111111111,1.0,0.45490264892578125,9
VAE+APA-RCA,A3_feature_calc_error,small,2,FEAT_VOL20_STOCK_3_PRICE,REPORT_LIMIT,1.0,1,1,1,1.0,0.8,0.4601478576660156,9
APA-RCA-v2,A3_feature_calc_error,small,3,FEAT_VOL20_STOCK_3_PRICE,REPORT_LIMIT,14.0,0,0,0,0.07142857142857142,1.0,0.48995018005371094,9
VAE+APA-RCA,A3_feature_calc_error,small,3,FEAT_VOL20_STOCK_3_PRICE,REPORT_LIMIT,1.0,1,1,1,1.0,0.8,0.4298686981201172,9
APA-RCA-v2,A3_feature_calc_error,small,4,FEAT_VOL20_STOCK_3_PRICE,REPORT_LIMIT,9.0,0,0,0,0.1111111111111111,1.0,0.44727325439453125,9
VAE+APA-RCA,A3_feature_calc_error,small,4,FEAT_VOL20_STOCK_3_PRICE,REPORT_LIMIT,1.0,1,1,1,1.0,0.8,0.4858970642089844,9
APA-RCA-v2,A3_feature_calc_error,small,5,FEAT_VOL20_STOCK_3_PRICE,REPORT_LIMIT,11.0,0,0,0,0.09090909090909091,1.0,0.4889965057373047,9
VAE+APA-RCA,A3_feature_calc_error,small,5,FEAT_VOL20_STOCK_3_PRICE,REPORT_LIMIT,1.0,1,1,1,1.0,0.8,0.4410743713378906,9
APA-RCA-v2,A3_feature_calc_error,small,6,FEAT_VOL20_STOCK_2_PRICE,REPORT_LIMIT,2.0,0,1,1,0.5,0.8,0.4858970642089844,9
VAE+APA-RCA,A3_feature_calc_error,small,6,FEAT_VOL20_STOCK_2_PRICE,REPORT_LIMIT,1.0,1,1,1,1.0,0.8,0.4780292510986328,9
APA-RCA-v2,A3_feature_calc_error,small,7,FEAT_VOL20_STOCK_3_PRICE,REPORT_LIMIT,26.0,0,0,0,0.038461538461538464,1.0,0.49114227294921875,9
VAE+APA-RCA,A3_feature_calc_error,small,7,FEAT_VOL20_STOCK_3_PRICE,REPORT_LIMIT,1.0,1,1,1,1.0,0.8,0.4260540008544922,9
APA-RCA-v2,A3_feature_calc_error,small,8,FEAT_VOL20_STOCK_3_PRICE,REPORT_LIMIT,13.0,0,0,0,0.07692307692307693,1.0,0.44798851013183594,9
VAE+APA-RCA,A3_feature_calc_error,small,8,FEAT_VOL20_STOCK_3_PRICE,REPORT_LIMIT,1.0,1,1,1,1.0,0.8,0.4737377166748047,9
APA-RCA-v2,A3_feature_calc_error,small,9,FEAT_VOL20_STOCK_2_PRICE,REPORT_LIMIT,12.0,0,0,0,0.08333333333333333,1.0,0.4951953887939453,9
VAE+APA-RCA,A3_feature_calc_error,small,9,FEAT_VOL20_STOCK_2_PRICE,REPORT_LIMIT,1.0,1,1,1,1.0,0.8,0.4279613494873047,9
APA-RCA-v2,A3_feature_calc_error,small,10,FEAT_VOL20_STOCK_3_PRICE,REPORT_LIMIT,6.0,0,0,0,0.16666666666666666,1.0,0.45299530029296875,9
VAE+APA-RCA,A3_feature_calc_error,small,10,FEAT_VOL20_STOCK_3_PRICE,REPORT_LIMIT,1.0,1,1,1,1.0,0.8,0.4611015319824219,9
APA-RCA-v2,A3_feature_calc_error,small,11,FEAT_VOL20_STOCK_1_PRICE,REPORT_LIMIT,2.0,0,1,1,0.5,0.8,0.476837158203125,9
VAE+APA-RCA,A3_feature_calc_error,small,11,FEAT_VOL20_STOCK_1_PRICE,REPORT_LIMIT,1.0,1,1,1,1.0,0.8,0.42700767517089844,9
APA-RCA-v2,A3_feature_calc_error,small,12,FEAT_VOL20_STOCK_2_PRICE,REPORT_LIMIT,2.0,0,1,1,0.5,0.8,0.4429817199707031,9
VAE+APA-RCA,A3_feature_calc_error,small,12,FEAT_VOL20_STOCK_2_PRICE,REPORT_LIMIT,1.0,1,1,1,1.0,0.8,0.45800209045410156,9
APA-RCA-v2,A3_feature_calc_error,small,13,FEAT_VOL20_STOCK_3_PRICE,REPORT_LIMIT,2.0,0,1,1,0.5,0.8,0.4901885986328125,9
VAE+APA-RCA,A3_feature_calc_error,small,13,FEAT_VOL20_STOCK_3_PRICE,REPORT_LIMIT,1.0,1,1,1,1.0,0.8,0.4260540008544922,9
APA-RCA-v2,A3_feature_calc_error,small,14,FEAT_VOL20_STOCK_1_PRICE,REPORT_LIMIT,2.0,0,1,1,0.5,0.8,0.4489421844482422,9
VAE+APA-RCA,A3_feature_calc_error,small,14,FEAT_VOL20_STOCK_1_PRICE,REPORT_LIMIT,1.0,1,1,1,1.0,0.8,0.4570484161376953,9
APA-RCA-v2,A3_feature_calc_error,small,15,FEAT_VOL20_STOCK_3_PRICE,REPORT_LIMIT,12.0,0,0,0,0.08333333333333333,1.0,0.492095947265625,9
VAE+APA-RCA,A3_feature_calc_error,small,15,FEAT_VOL20_STOCK_3_PRICE,REPORT_LIMIT,1.0,1,1,1,1.0,0.8,0.44083595275878906,9
APA-RCA-v2,A3_feature_calc_error,small,16,FEAT_VOL20_STOCK_2_PRICE,REPORT_LIMIT,9.0,0,0,0,0.1111111111111111,1.0,0.45108795166015625,9
VAE+APA-RCA,A3_feature_calc_error,small,16,FEAT_VOL20_STOCK_2_PRICE,REPORT_LIMIT,1.0,1,1,1,1.0,0.8,0.4589557647705078,9
APA-RCA-v2,A3_feature_calc_error,small,17,FEAT_VOL20_STOCK_3_PRICE,REPORT_LIMIT,17.0,0,0,0,0.058823529411764705,1.0,0.49376487731933594,9
VAE+APA-RCA,A3_feature_calc_error,small,17,FEAT_VOL20_STOCK_3_PRICE,REPORT_LIMIT,1.0,1,1,1,1.0,0.8,0.4248619079589844,9
APA-RCA-v2,A3_feature_calc_error,small,18,FEAT_VOL20_STOCK_3_PRICE,REPORT_LIMIT,3.0,0,1,1,0.3333333333333333,0.8,0.48470497131347656,9
VAE+APA-RCA,A3_feature_calc_error,small,18,FEAT_VOL20_STOCK_3_PRICE,REPORT_LIMIT,1.0,1,1,1,1.0,0.8,0.5114078521728516,9
APA-RCA-v2,A3_feature_calc_error,small,19,FEAT_VOL20_STOCK_2_PRICE,REPORT_LIMIT,6.0,0,0,0,0.16666666666666666,1.0,0.47898292541503906,9
VAE+APA-RCA,A3_feature_calc_error,small,19,FEAT_VOL20_STOCK_2_PRICE,REPORT_LIMIT,1.0,1,1,1,1.0,0.8,0.431060791015625,9
APA-RCA-v2,A3_feature_calc_error,small,20,FEAT_VOL20_STOCK_3_PRICE,REPORT_LIMIT,10.0,0,0,0,0.1,1.0,0.47779083251953125,9
VAE+APA-RCA,A3_feature_calc_error,small,20,FEAT_VOL20_STOCK_3_PRICE,REPORT_LIMIT,1.0,1,1,1,1.0,0.8,0.45990943908691406,9
APA-RCA-v2,A3_feature_calc_error,small,21,FEAT_VOL20_STOCK_1_PRICE,REPORT_LIMIT,3.0,0,1,1,0.3333333333333333,0.8,0.4799365997314453,9
VAE+APA-RCA,A3_feature_calc_error,small,21,FEAT_VOL20_STOCK_1_PRICE,REPORT_LIMIT,1.0,1,1,1,1.0,0.8,0.42700767517089844,9
APA-RCA-v2,A3_feature_calc_error,small,22,FEAT_VOL20_STOCK_3_PRICE,REPORT_LIMIT,3.0,0,1,1,0.3333333333333333,0.8,0.4849433898925781,9
VAE+APA-RCA,A3_feature_calc_error,small,22,FEAT_VOL20_STOCK_3_PRICE,REPORT_LIMIT,1.0,1,1,1,1.0,0.8,0.4620552062988281,9
APA-RCA-v2,A3_feature_calc_error,small,23,FEAT_VOL20_STOCK_1_PRICE,REPORT_LIMIT,10.0,0,0,0,0.1,1.0,0.5397796630859375,9
VAE+APA-RCA,A3_feature_calc_error,small,23,FEAT_VOL20_STOCK_1_PRICE,REPORT_LIMIT,1.0,1,1,1,1.0,0.8,0.4570484161376953,9
APA-RCA-v2,A3_feature_calc_error,small,24,FEAT_VOL20_STOCK_2_PRICE,REPORT_LIMIT,16.0,0,0,0,0.0625,1.0,0.49114227294921875,9
VAE+APA-RCA,A3_feature_calc_error,small,24,FEAT_VOL20_STOCK_2_PRICE,REPORT_LIMIT,1.0,1,1,1,1.0,0.8,0.4699230194091797,9
APA-RCA-v2,A3_feature_calc_error,small,25,FEAT_VOL20_STOCK_2_PRICE,REPORT_DASHBOARD,2.0,0,1,1,0.5,0.8,0.4849433898925781,9
VAE+APA-RCA,A3_feature_calc_error,small,25,FEAT_VOL20_STOCK_2_PRICE,REPORT_DASHBOARD,1.0,1,1,1,1.0,0.8,0.4401206970214844,9
APA-RCA-v2,A3_feature_calc_error,small,26,FEAT_VOL20_STOCK_3_PRICE,REPORT_DASHBOARD,2.0,0,1,1,0.5,0.8,0.4699230194091797,9
VAE+APA-RCA,A3_feature_calc_error,small,26,FEAT_VOL20_STOCK_3_PRICE,REPORT_DASHBOARD,2.0,0,1,1,0.5,0.8,0.4591941833496094,9
APA-RCA-v2,A3_feature_calc_error,small,27,FEAT_VOL20_STOCK_1_PRICE,REPORT_LIMIT,14.0,0,0,0,0.07142857142857142,1.0,0.5488395690917969,9
VAE+APA-RCA,A3_feature_calc_error,small,27,FEAT_VOL20_STOCK_1_PRICE,REPORT_LIMIT,1.0,1,1,1,1.0,0.8,0.45680999755859375,9
APA-RCA-v2,A3_feature_calc_error,small,28,FEAT_VOL20_STOCK_2_PRICE,REPORT_LIMIT,12.0,0,0,0,0.08333333333333333,1.0,0.5125999450683594,9
VAE+APA-RCA,A3_feature_calc_error,small,28,FEAT_VOL20_STOCK_2_PRICE,REPORT_LIMIT,1.0,1,1,1,1.0,0.8,0.47397613525390625,9
APA-RCA-v2,A3_feature_calc_error,small,29,FEAT_VOL20_STOCK_3_PRICE,REPORT_LIMIT,2.0,0,1,1,0.5,0.8,0.4820823669433594,9
VAE+APA-RCA,A3_feature_calc_error,small,29,FEAT_VOL20_STOCK_3_PRICE,REPORT_LIMIT,1.0,1,1,1,1.0,0.8,0.4298686981201172,9
APA-RCA-v2,A4_aggregation_error,small,0,FEAT_SECTOR_B,REPORT_LIMIT,33.0,0,0,0,0.030303030303030304,1.0,0.4668235778808594,9
VAE+APA-RCA,A4_aggregation_error,small,0,FEAT_SECTOR_B,REPORT_LIMIT,30.0,0,0,0,0.03333333333333333,1.0,0.4818439483642578,9
APA-RCA-v2,A4_aggregation_error,small,1,FEAT_SECTOR_A,REPORT_DASHBOARD,26.0,0,0,0,0.038461538461538464,1.0,0.47588348388671875,9
VAE+APA-RCA,A4_aggregation_error,small,1,FEAT_SECTOR_A,REPORT_DASHBOARD,19.0,0,0,0,0.05263157894736842,1.0,0.4279613494873047,9
APA-RCA-v2,A4_aggregation_error,small,2,FEAT_SECTOR_B,REPORT_LIMIT,36.0,0,0,0,0.027777777777777776,1.0,0.48279762268066406,9
VAE+APA-RCA,A4_aggregation_error,small,2,FEAT_SECTOR_B,REPORT_LIMIT,30.0,0,0,0,0.03333333333333333,1.0,0.4699230194091797,9
APA-RCA-v2,A4_aggregation_error,small,3,FEAT_SECTOR_B,REPORT_LIMIT,30.0,0,0,0,0.03333333333333333,1.0,0.476837158203125,9
VAE+APA-RCA,A4_aggregation_error,small,3,FEAT_SECTOR_B,REPORT_LIMIT,29.0,0,0,0,0.034482758620689655,1.0,0.42510032653808594,9
APA-RCA-v2,A4_aggregation_error,small,4,FEAT_SECTOR_B,REPORT_LIMIT,30.0,0,0,0,0.03333333333333333,1.0,0.453948974609375,9
VAE+APA-RCA,A4_aggregation_error,small,4,FEAT_SECTOR_B,REPORT_LIMIT,30.0,0,0,0,0.03333333333333333,1.0,0.45800209045410156,9
APA-RCA-v2,A4_aggregation_error,small,5,FEAT_SECTOR_B,REPORT_LIMIT,34.0,0,0,0,0.029411764705882353,1.0,0.4801750183105469,9
VAE+APA-RCA,A4_aggregation_error,small,5,FEAT_SECTOR_B,REPORT_LIMIT,29.0,0,0,0,0.034482758620689655,1.0,0.42700767517089844,9
APA-RCA-v2,A4_aggregation_error,small,6,FEAT_SECTOR_A,REPORT_LIMIT,33.0,0,0,0,0.030303030303030304,1.0,0.5698204040527344,9
VAE+APA-RCA,A4_aggregation_error,small,6,FEAT_SECTOR_A,REPORT_LIMIT,30.0,0,0,0,0.03333333333333333,1.0,0.47397613525390625,9
APA-RCA-v2,A4_aggregation_error,small,7,FEAT_SECTOR_B,REPORT_LIMIT,31.0,0,0,0,0.03225806451612903,1.0,0.5178451538085938,9
VAE+APA-RCA,A4_aggregation_error,small,7,FEAT_SECTOR_B,REPORT_LIMIT,29.0,0,0,0,0.034482758620689655,1.0,0.5156993865966797,9
APA-RCA-v2,A4_aggregation_error,small,8,FEAT_SECTOR_B,REPORT_LIMIT,39.0,0,0,0,0.02564102564102564,1.0,0.4749298095703125,9
VAE+APA-RCA,A4_aggregation_error,small,8,FEAT_SECTOR_B,REPORT_LIMIT,30.0,0,0,0,0.03333333333333333,1.0,0.4639625549316406,9
APA-RCA-v2,A4_aggregation_error,small,9,FEAT_SECTOR_A,REPORT_LIMIT,31.0,0,0,0,0.03225806451612903,1.0,0.49376487731933594,9
VAE+APA-RCA,A4_aggregation_error,small,9,FEAT_SECTOR_A,REPORT_LIMIT,29.0,0,0,0,0.034482758620689655,1.0,0.4551410675048828,9
APA-RCA-v2,A4_aggregation_error,small,10,FEAT_SECTOR_B,REPORT_LIMIT,30.0,0,0,0,0.03333333333333333,1.0,0.4627704620361328,9
VAE+APA-RCA,A4_aggregation_error,small,10,FEAT_SECTOR_B,REPORT_LIMIT,30.0,0,0,0,0.03333333333333333,1.0,0.4620552062988281,9
APA-RCA-v2,A4_aggregation_error,small,11,FEAT_SECTOR_A,REPORT_LIMIT,30.0,0,0,0,0.03333333333333333,1.0,0.514984130859375,9
VAE+APA-RCA,A4_aggregation_error,small,11,FEAT_SECTOR_A,REPORT_LIMIT,29.0,0,0,0,0.034482758620689655,1.0,0.43511390686035156,9
APA-RCA-v2,A4_aggregation_error,small,12,FEAT_SECTOR_B,REPORT_LIMIT,31.0,0,0,0,0.03225806451612903,1.0,0.49996376037597656,9
VAE+APA-RCA,A4_aggregation_error,small,12,FEAT_SECTOR_B,REPORT_LIMIT,30.0,0,0,0,0.03333333333333333,1.0,0.47016143798828125,9
APA-RCA-v2,A4_aggregation_error,small,13,FEAT_SECTOR_B,REPORT_LIMIT,30.0,0,0,0,0.03333333333333333,1.0,0.5030632019042969,9
VAE+APA-RCA,A4_aggregation_error,small,13,FEAT_SECTOR_B,REPORT_LIMIT,29.0,0,0,0,0.034482758620689655,1.0,0.4260540008544922,9
APA-RCA-v2,A4_aggregation_error,small,14,FEAT_SECTOR_A,REPORT_LIMIT,31.0,0,0,0,0.03225806451612903,1.0,0.5030632019042969,9
VAE+APA-RCA,A4_aggregation_error,small,14,FEAT_SECTOR_A,REPORT_LIMIT,29.0,0,0,0,0.034482758620689655,1.0,0.4706382751464844,9
APA-RCA-v2,A4_aggregation_error,small,15,FEAT_SECTOR_B,REPORT_LIMIT,34.0,0,0,0,0.029411764705882353,1.0,0.4718303680419922,9
VAE+APA-RCA,A4_aggregation_error,small,15,FEAT_SECTOR_B,REPORT_LIMIT,29.0,0,0,0,0.034482758620689655,1.0,0.43010711669921875,9
APA-RCA-v2,A4_aggregation_error,small,16,FEAT_SECTOR_B,REPORT_LIMIT,31.0,0,0,0,0.03225806451612903,1.0,0.4811286926269531,9
VAE+APA-RCA,A4_aggregation_error,small,16,FEAT_SECTOR_B,REPORT_LIMIT,30.0,0,0,0,0.03333333333333333,1.0,0.4611015319824219,9
APA-RCA-v2,A4_aggregation_error,small,17,FEAT_SECTOR_B,REPORT_LIMIT,32.0,0,0,0,0.03125,1.0,0.47588348388671875,9
VAE+APA-RCA,A4_aggregation_error,small,17,FEAT_SECTOR_B,REPORT_LIMIT,29.0,0,0,0,0.034482758620689655,1.0,0.4317760467529297,9
APA-RCA-v2,A4_aggregation_error,small,18,FEAT_SECTOR_B,REPORT_LIMIT,33.0,0,0,0,0.030303030303030304,1.0,0.4620552062988281,9
VAE+APA-RCA,A4_aggregation_error,small,18,FEAT_SECTOR_B,REPORT_LIMIT,30.0,0,0,0,0.03333333333333333,1.0,0.46896934509277344,9
APA-RCA-v2,A4_aggregation_error,small,19,FEAT_SECTOR_B,REPORT_LIMIT,31.0,0,0,0,0.03225806451612903,1.0,0.47397613525390625,9
VAE+APA-RCA,A4_aggregation_error,small,19,FEAT_SECTOR_B,REPORT_LIMIT,29.0,0,0,0,0.034482758620689655,1.0,0.4277229309082031,9
APA-RCA-v2,A4_aggregation_error,small,20,FEAT_SECTOR_B,REPORT_LIMIT,32.0,0,0,0,0.03125,1.0,0.4589557647705078,9
VAE+APA-RCA,A4_aggregation_error,small,20,FEAT_SECTOR_B,REPORT_LIMIT,29.0,0,0,0,0.034482758620689655,1.0,0.4563331604003906,9
APA-RCA-v2,A4_aggregation_error,small,21,FEAT_SECTOR_A,REPORT_LIMIT,30.0,0,0,0,0.03333333333333333,1.0,0.5159378051757812,9
VAE+APA-RCA,A4_aggregation_error,small,21,FEAT_SECTOR_A,REPORT_LIMIT,29.0,0,0,0,0.034482758620689655,1.0,0.44989585876464844,9
APA-RCA-v2,A4_aggregation_error,small,22,FEAT_SECTOR_B,REPORT_LIMIT,32.0,0,0,0,0.03125,1.0,0.4787445068359375,9
VAE+APA-RCA,A4_aggregation_error,small,22,FEAT_SECTOR_B,REPORT_LIMIT,30.0,0,0,0,0.03333333333333333,1.0,0.4699230194091797,9
APA-RCA-v2,A4_aggregation_error,small,23,FEAT_SECTOR_A,REPORT_LIMIT,32.0,0,0,0,0.03125,1.0,0.4947185516357422,9
VAE+APA-RCA,A4_aggregation_error,small,23,FEAT_SECTOR_A,REPORT_LIMIT,29.0,0,0,0,0.034482758620689655,1.0,0.43201446533203125,9
APA-RCA-v2,A4_aggregation_error,small,24,FEAT_SECTOR_A,REPORT_LIMIT,34.0,0,0,0,0.029411764705882353,1.0,0.4680156707763672,9
VAE+APA-RCA,A4_aggregation_error,small,24,FEAT_SECTOR_A,REPORT_LIMIT,30.0,0,0,0,0.03333333333333333,1.0,0.49614906311035156,9
APA-RCA-v2,A4_aggregation_error,small,25,FEAT_SECTOR_B,REPORT_LIMIT,31.0,0,0,0,0.03225806451612903,1.0,0.4799365997314453,9
VAE+APA-RCA,A4_aggregation_error,small,25,FEAT_SECTOR_B,REPORT_LIMIT,30.0,0,0,0,0.03333333333333333,1.0,0.4448890686035156,9
APA-RCA-v2,A4_aggregation_error,small,26,FEAT_SECTOR_B,REPORT_DASHBOARD,25.0,0,0,0,0.04,1.0,0.45800209045410156,9
VAE+APA-RCA,A4_aggregation_error,small,26,FEAT_SECTOR_B,REPORT_DASHBOARD,20.0,0,0,0,0.05,1.0,0.46944618225097656,9
APA-RCA-v2,A4_aggregation_error,small,27,FEAT_SECTOR_A,REPORT_LIMIT,31.0,0,0,0,0.03225806451612903,1.0,0.47206878662109375,9
VAE+APA-RCA,A4_aggregation_error,small,27,FEAT_SECTOR_A,REPORT_LIMIT,30.0,0,0,0,0.03333333333333333,1.0,0.4260540008544922,9
APA-RCA-v2,A4_aggregation_error,small,28,FEAT_SECTOR_B,REPORT_LIMIT,31.0,0,0,0,0.03225806451612903,1.0,0.45490264892578125,9
VAE+APA-RCA,A4_aggregation_error,small,28,FEAT_SECTOR_B,REPORT_LIMIT,30.0,0,0,0,0.03333333333333333,1.0,0.4661083221435547,9
APA-RCA-v2,A4_aggregation_error,small,29,FEAT_SECTOR_B,REPORT_LIMIT,30.0,0,0,0,0.03333333333333333,1.0,0.47588348388671875,9
VAE+APA-RCA,A4_aggregation_error,small,29,FEAT_SECTOR_B,REPORT_LIMIT,30.0,0,0,0,0.03333333333333333,1.0,0.4279613494873047,9
APA-RCA-v2,A5_downstream_masking,small,0,SRC_STOCK_3_PRICE,REPORT_LIMIT,2.0,0,1,1,0.5,0.8,0.5049705505371094,9
VAE+APA-RCA,A5_downstream_masking,small,0,SRC_STOCK_3_PRICE,REPORT_LIMIT,1.0,1,1,1,1.0,0.8,0.43392181396484375,9
APA-RCA-v2,A5_downstream_masking,small,1,SRC_STOCK_2_PRICE,REPORT_LIMIT,1.0,1,1,1,1.0,0.8,0.4649162292480469,9
VAE+APA-RCA,A5_downstream_masking,small,1,SRC_STOCK_2_PRICE,REPORT_LIMIT,1.0,1,1,1,1.0,0.8,0.44798851013183594,9
APA-RCA-v2,A5_downstream_masking,small,2,SRC_STOCK_3_PRICE,REPORT_LIMIT,8.0,0,0,0,0.125,1.0,0.44989585876464844,9
VAE+APA-RCA,A5_downstream_masking,small,2,SRC_STOCK_3_PRICE,REPORT_LIMIT,1.0,1,1,1,1.0,0.8,0.43082237243652344,9
APA-RCA-v2,A5_downstream_masking,small,3,SRC_STOCK_3_PRICE,REPORT_DASHBOARD,1.0,1,1,1,1.0,0.8,0.4601478576660156,9
VAE+APA-RCA,A5_downstream_masking,small,3,SRC_STOCK_3_PRICE,REPORT_DASHBOARD,1.0,1,1,1,1.0,0.8,0.43272972106933594,9
APA-RCA-v2,A5_downstream_masking,small,4,SRC_STOCK_3_PRICE,REPORT_LIMIT,4.0,0,0,1,0.25,0.8,0.4520416259765625,9
VAE+APA-RCA,A5_downstream_masking,small,4,SRC_STOCK_3_PRICE,REPORT_LIMIT,2.0,0,1,1,0.5,0.8,0.43392181396484375,9
APA-RCA-v2,A5_downstream_masking,small,5,SRC_STOCK_3_PRICE,REPORT_LIMIT,8.0,0,0,0,0.125,1.0,0.47087669372558594,9
VAE+APA-RCA,A5_downstream_masking,small,5,SRC_STOCK_3_PRICE,REPORT_LIMIT,1.0,1,1,1,1.0,0.8,0.4248619079589844,9
APA-RCA-v2,A5_downstream_masking,small,6,SRC_STOCK_2_PRICE,REPORT_LIMIT,11.0,0,0,0,0.09090909090909091,1.0,0.5052089691162109,9
VAE+APA-RCA,A5_downstream_masking,small,6,SRC_STOCK_2_PRICE,REPORT_LIMIT,1.0,1,1,1,1.0,0.8,0.4448890686035156,9
APA-RCA-v2,A5_downstream_masking,small,7,SRC_STOCK_3_PRICE,REPORT_LIMIT,1.0,1,1,1,1.0,0.8,0.47326087951660156,9
VAE+APA-RCA,A5_downstream_masking,small,7,SRC_STOCK_3_PRICE,REPORT_LIMIT,1.0,1,1,1,1.0,0.8,0.43082237243652344,9
APA-RCA-v2,A5_downstream_masking,small,8,SRC_STOCK_3_PRICE,REPORT_DASHBOARD,1.0,1,1,1,1.0,0.8,0.492095947265625,9
VAE+APA-RCA,A5_downstream_masking,small,8,SRC_STOCK_3_PRICE,REPORT_DASHBOARD,1.0,1,1,1,1.0,0.8,0.4417896270751953,9
APA-RCA-v2,A5_downstream_masking,small,9,SRC_STOCK_2_PRICE,REPORT_LIMIT,2.0,0,1,1,0.5,0.8,0.45800209045410156,9
VAE+APA-RCA,A5_downstream_masking,small,9,SRC_STOCK_2_PRICE,REPORT_LIMIT,1.0,1,1,1,1.0,0.8,0.4260540008544922,9
APA-RCA-v2,A5_downstream_masking,small,10,SRC_STOCK_3_PRICE,REPORT_LIMIT,1.0,1,1,1,1.0,0.8,0.46706199645996094,9
VAE+APA-RCA,A5_downstream_masking,small,10,SRC_STOCK_3_PRICE,REPORT_LIMIT,1.0,1,1,1,1.0,0.8,0.44798851013183594,9
APA-RCA-v2,A5_downstream_masking,small,11,SRC_STOCK_1_PRICE,REPORT_LIMIT,9.0,0,0,0,0.1111111111111111,1.0,0.47588348388671875,9
VAE+APA-RCA,A5_downstream_masking,small,11,SRC_STOCK_1_PRICE,REPORT_LIMIT,1.0,1,1,1,1.0,0.8,0.4298686981201172,9
APA-RCA-v2,A5_downstream_masking,small,12,SRC_STOCK_2_PRICE,REPORT_LIMIT,1.0,1,1,1,1.0,0.8,0.48470497131347656,9
VAE+APA-RCA,A5_downstream_masking,small,12,SRC_STOCK_2_PRICE,REPORT_LIMIT,6.0,0,0,0,0.16666666666666666,1.0,0.4360675811767578,9
APA-RCA-v2,A5_downstream_masking,small,13,SRC_STOCK_3_PRICE,REPORT_LIMIT,10.0,0,0,0,0.1,1.0,0.44798851013183594,9
VAE+APA-RCA,A5_downstream_masking,small,13,SRC_STOCK_3_PRICE,REPORT_LIMIT,1.0,1,1,1,1.0,0.8,0.42700767517089844,9
APA-RCA-v2,A5_downstream_masking,small,14,SRC_STOCK_1_PRICE,REPORT_LIMIT,9.0,0,0,0,0.1111111111111111,1.0,0.4749298095703125,9
VAE+APA-RCA,A5_downstream_masking,small,14,SRC_STOCK_1_PRICE,REPORT_LIMIT,1.0,1,1,1,1.0,0.8,0.4239082336425781,9
APA-RCA-v2,A5_downstream_masking,small,15,SRC_STOCK_3_PRICE,REPORT_LIMIT,12.0,0,0,0,0.08333333333333333,1.0,0.46324729919433594,9
VAE+APA-RCA,A5_downstream_masking,small,15,SRC_STOCK_3_PRICE,REPORT_LIMIT,1.0,1,1,1,1.0,0.8,0.453948974609375,9
APA-RCA-v2,A5_downstream_masking,small,16,SRC_STOCK_2_PRICE,REPORT_LIMIT,1.0,1,1,1,1.0,0.8,0.48065185546875,9
VAE+APA-RCA,A5_downstream_masking,small,16,SRC_STOCK_2_PRICE,REPORT_LIMIT,2.0,0,1,1,0.5,0.8,0.42700767517089844,9
APA-RCA-v2,A5_downstream_masking,small,17,SRC_STOCK_3_PRICE,REPORT_LIMIT,14.0,0,0,0,0.07142857142857142,1.0,0.4706382751464844,9
VAE+APA-RCA,A5_downstream_masking,small,17,SRC_STOCK_3_PRICE,REPORT_LIMIT,1.0,1,1,1,1.0,0.8,0.4341602325439453,9
APA-RCA-v2,A5_downstream_masking,small,18,SRC_STOCK_3_PRICE,REPORT_LIMIT,1.0,1,1,1,1.0,0.8,0.4489421844482422,9
VAE+APA-RCA,A5_downstream_masking,small,18,SRC_STOCK_3_PRICE,REPORT_LIMIT,4.0,0,0,1,0.25,0.8,0.4401206970214844,9
APA-RCA-v2,A5_downstream_masking,small,19,SRC_STOCK_2_PRICE,REPORT_LIMIT,1.0,1,1,1,1.0,0.8,0.49376487731933594,9
VAE+APA-RCA,A5_downstream_masking,small,19,SRC_STOCK_2_PRICE,REPORT_LIMIT,1.0,1,1,1,1.0,0.8,0.43201446533203125,9
APA-RCA-v2,A5_downstream_masking,small,20,SRC_STOCK_3_PRICE,REPORT_LIMIT,1.0,1,1,1,1.0,0.8,0.4870891571044922,9
VAE+APA-RCA,A5_downstream_masking,small,20,SRC_STOCK_3_PRICE,REPORT_LIMIT,1.0,1,1,1,1.0,0.8,0.43201446533203125,9
APA-RCA-v2,A5_downstream_masking,small,21,SRC_STOCK_1_PRICE,REPORT_LIMIT,1.0,1,1,1,1.0,0.8,0.4601478576660156,9
VAE+APA-RCA,A5_downstream_masking,small,21,SRC_STOCK_1_PRICE,REPORT_LIMIT,1.0,1,1,1,1.0,0.8,0.43392181396484375,9
APA-RCA-v2,A5_downstream_masking,small,22,SRC_STOCK_3_PRICE,REPORT_LIMIT,1.0,1,1,1,1.0,0.8,0.4680156707763672,9
VAE+APA-RCA,A5_downstream_masking,small,22,SRC_STOCK_3_PRICE,REPORT_LIMIT,4.0,0,0,1,0.25,0.8,0.43201446533203125,9
APA-RCA-v2,A5_downstream_masking,small,23,SRC_STOCK_1_PRICE,REPORT_LIMIT,3.0,0,1,1,0.3333333333333333,0.8,0.45990943908691406,9
VAE+APA-RCA,A5_downstream_masking,small,23,SRC_STOCK_1_PRICE,REPORT_LIMIT,1.0,1,1,1,1.0,0.8,0.4470348358154297,9
APA-RCA-v2,A5_downstream_masking,small,24,SRC_STOCK_2_PRICE,REPORT_LIMIT,2.0,0,1,1,0.5,0.8,0.4837512969970703,9
VAE+APA-RCA,A5_downstream_masking,small,24,SRC_STOCK_2_PRICE,REPORT_LIMIT,1.0,1,1,1,1.0,0.8,0.43582916259765625,9
APA-RCA-v2,A5_downstream_masking,small,25,SRC_STOCK_2_PRICE,REPORT_LIMIT,2.0,0,1,1,0.5,0.8,0.4661083221435547,9
VAE+APA-RCA,A5_downstream_masking,small,25,SRC_STOCK_2_PRICE,REPORT_LIMIT,2.0,0,1,1,0.5,0.8,0.431060791015625,9
APA-RCA-v2,A5_downstream_masking,small,26,SRC_STOCK_3_PRICE,REPORT_DASHBOARD,1.0,1,1,1,1.0,0.8,0.47898292541503906,9
VAE+APA-RCA,A5_downstream_masking,small,26,SRC_STOCK_3_PRICE,REPORT_DASHBOARD,2.0,0,1,1,0.5,0.8,0.4239082336425781,9
APA-RCA-v2,A5_downstream_masking,small,27,SRC_STOCK_1_PRICE,REPORT_LIMIT,10.0,0,0,0,0.1,1.0,0.4596710205078125,9
VAE+APA-RCA,A5_downstream_masking,small,27,SRC_STOCK_1_PRICE,REPORT_LIMIT,1.0,1,1,1,1.0,0.8,0.4391670227050781,9
APA-RCA-v2,A5_downstream_masking,small,28,SRC_STOCK_2_PRICE,REPORT_LIMIT,2.0,0,1,1,0.5,0.8,0.45013427734375,9
VAE+APA-RCA,A5_downstream_masking,small,28,SRC_STOCK_2_PRICE,REPORT_LIMIT,1.0,1,1,1,1.0,0.8,0.4379749298095703,9
APA-RCA-v2,A5_downstream_masking,small,29,SRC_STOCK_3_PRICE,REPORT_LIMIT,1.0,1,1,1,1.0,0.8,0.4570484161376953,9
VAE+APA-RCA,A5_downstream_masking,small,29,SRC_STOCK_3_PRICE,REPORT_LIMIT,5.0,0,0,1,0.2,0.8,0.4260540008544922,9
APA-RCA-v2,A6_multi_source,small,0,SRC_STOCK_3_PRICE,REPORT_DASHBOARD,1.0,1,1,1,1.0,0.8,0.46515464782714844,9
VAE+APA-RCA,A6_multi_source,small,0,SRC_STOCK_3_PRICE,REPORT_DASHBOARD,1.0,1,1,1,1.0,0.8,0.4229545593261719,9
APA-RCA-v2,A6_multi_source,small,1,SRC_STOCK_1_PRICE,REPORT_DASHBOARD,2.0,0,1,1,0.5,0.8,0.4673004150390625,9
VAE+APA-RCA,A6_multi_source,small,1,SRC_STOCK_1_PRICE,REPORT_DASHBOARD,3.0,0,1,1,0.3333333333333333,0.8,0.42700767517089844,9
APA-RCA-v2,A6_multi_source,small,2,SRC_STOCK_2_PRICE,REPORT_DASHBOARD,1.0,1,1,1,1.0,0.8,0.47397613525390625,9
VAE+APA-RCA,A6_multi_source,small,2,SRC_STOCK_2_PRICE,REPORT_DASHBOARD,1.0,1,1,1,1.0,0.8,0.4329681396484375,9
APA-RCA-v2,A6_multi_source,small,3,SRC_STOCK_2_PRICE,REPORT_LIMIT,2.0,0,1,1,0.5,0.8,0.5280971527099609,9
VAE+APA-RCA,A6_multi_source,small,3,SRC_STOCK_2_PRICE,REPORT_LIMIT,2.0,0,1,1,0.5,0.8,0.4379749298095703,9
APA-RCA-v2,A6_multi_source,small,4,SRC_STOCK_1_PRICE,REPORT_DASHBOARD,1.0,1,1,1,1.0,0.8,0.4699230194091797,9
VAE+APA-RCA,A6_multi_source,small,4,SRC_STOCK_1_PRICE,REPORT_DASHBOARD,1.0,1,1,1,1.0,0.8,0.4200935363769531,9
APA-RCA-v2,A6_multi_source,small,5,SRC_STOCK_3_PRICE,REPORT_DASHBOARD,1.0,1,1,1,1.0,0.8,0.4706382751464844,9
VAE+APA-RCA,A6_multi_source,small,5,SRC_STOCK_3_PRICE,REPORT_DASHBOARD,3.0,0,1,1,0.3333333333333333,0.8,0.43392181396484375,9
APA-RCA-v2,A6_multi_source,small,6,SRC_STOCK_3_PRICE,REPORT_DASHBOARD,1.0,1,1,1,1.0,0.8,0.4971027374267578,9
VAE+APA-RCA,A6_multi_source,small,6,SRC_STOCK_3_PRICE,REPORT_DASHBOARD,3.0,0,1,1,0.3333333333333333,0.8,0.43702125549316406,9
APA-RCA-v2,A6_multi_source,small,7,SRC_STOCK_1_PRICE,REPORT_DASHBOARD,1.0,1,1,1,1.0,0.8,0.4639625549316406,9
VAE+APA-RCA,A6_multi_source,small,7,SRC_STOCK_1_PRICE,REPORT_DASHBOARD,2.0,0,1,1,0.5,0.8,0.4220008850097656,9
APA-RCA-v2,A6_multi_source,small,8,SRC_STOCK_3_PRICE,REPORT_REG_VAR,1.0,1,1,1,1.0,0.8,0.4940032958984375,9
VAE+APA-RCA,A6_multi_source,small,8,SRC_STOCK_3_PRICE,REPORT_REG_VAR,2.0,0,1,1,0.5,0.8,0.43702125549316406,9
APA-RCA-v2,A6_multi_source,small,9,SRC_STOCK_2_PRICE,REPORT_DASHBOARD,1.0,1,1,1,1.0,0.8,0.46896934509277344,9
VAE+APA-RCA,A6_multi_source,small,9,SRC_STOCK_2_PRICE,REPORT_DASHBOARD,1.0,1,1,1,1.0,0.8,0.4279613494873047,9
APA-RCA-v2,A6_multi_source,small,10,SRC_STOCK_2_PRICE,REPORT_DASHBOARD,2.0,0,1,1,0.5,0.8,0.5156993865966797,9
VAE+APA-RCA,A6_multi_source,small,10,SRC_STOCK_2_PRICE,REPORT_DASHBOARD,3.0,0,1,1,0.3333333333333333,0.8,0.4379749298095703,9
APA-RCA-v2,A6_multi_source,small,11,SRC_STOCK_2_PRICE,REPORT_LIMIT,2.0,0,1,1,0.5,0.8,0.5450248718261719,9
VAE+APA-RCA,A6_multi_source,small,11,SRC_STOCK_2_PRICE,REPORT_LIMIT,3.0,0,1,1,0.3333333333333333,0.8,0.4239082336425781,9
APA-RCA-v2,A6_multi_source,small,12,SRC_STOCK_1_PRICE,REPORT_DASHBOARD,1.0,1,1,1,1.0,0.8,0.4711151123046875,9
VAE+APA-RCA,A6_multi_source,small,12,SRC_STOCK_1_PRICE,REPORT_DASHBOARD,3.0,0,1,1,0.3333333333333333,0.8,0.4241466522216797,9
APA-RCA-v2,A6_multi_source,small,13,SRC_STOCK_1_PRICE,REPORT_LIMIT,1.0,1,1,1,1.0,0.8,0.4978179931640625,9
VAE+APA-RCA,A6_multi_source,small,13,SRC_STOCK_1_PRICE,REPORT_LIMIT,3.0,0,1,1,0.3333333333333333,0.8,0.43272972106933594,9
APA-RCA-v2,A6_multi_source,small,14,SRC_STOCK_3_PRICE,REPORT_DASHBOARD,1.0,1,1,1,1.0,0.8,0.4971027374267578,9
VAE+APA-RCA,A6_multi_source,small,14,SRC_STOCK_3_PRICE,REPORT_DASHBOARD,2.0,0,1,1,0.5,0.8,0.44083595275878906,9
APA-RCA-v2,A6_multi_source,small,15,SRC_STOCK_1_PRICE,REPORT_REG_VAR,1.0,1,1,1,1.0,0.8,0.49591064453125,9
VAE+APA-RCA,A6_multi_source,small,15,SRC_STOCK_1_PRICE,REPORT_REG_VAR,2.0,0,1,1,0.5,0.8,0.4420280456542969,9
APA-RCA-v2,A6_multi_source,small,16,SRC_STOCK_2_PRICE,REPORT_DASHBOARD,2.0,0,1,1,0.5,0.8,0.49495697021484375,9
VAE+APA-RCA,A6_multi_source,small,16,SRC_STOCK_2_PRICE,REPORT_DASHBOARD,3.0,0,1,1,0.3333333333333333,0.8,0.46706199645996094,9
APA-RCA-v2,A6_multi_source,small,17,SRC_STOCK_2_PRICE,REPORT_DASHBOARD,1.0,1,1,1,1.0,0.8,0.4849433898925781,9
VAE+APA-RCA,A6_multi_source,small,17,SRC_STOCK_2_PRICE,REPORT_DASHBOARD,2.0,0,1,1,0.5,0.8,0.4253387451171875,9
APA-RCA-v2,A6_multi_source,small,18,SRC_STOCK_3_PRICE,REPORT_DASHBOARD,2.0,0,1,1,0.5,0.8,0.5352497100830078,9
VAE+APA-RCA,A6_multi_source,small,18,SRC_STOCK_3_PRICE,REPORT_DASHBOARD,3.0,0,1,1,0.3333333333333333,0.8,0.44226646423339844,9
APA-RCA-v2,A6_multi_source,small,19,SRC_STOCK_1_PRICE,REPORT_DASHBOARD,2.0,0,1,1,0.5,0.8,0.48279762268066406,9
VAE+APA-RCA,A6_multi_source,small,19,SRC_STOCK_1_PRICE,REPORT_DASHBOARD,1.0,1,1,1,1.0,0.8,0.42700767517089844,9
APA-RCA-v2,A6_multi_source,small,20,SRC_STOCK_2_PRICE,REPORT_DASHBOARD,2.0,0,1,1,0.5,0.8,0.5528926849365234,9
VAE+APA-RCA,A6_multi_source,small,20,SRC_STOCK_2_PRICE,REPORT_DASHBOARD,3.0,0,1,1,0.3333333333333333,0.8,0.4620552062988281,9
APA-RCA-v2,A6_multi_source,small,21,SRC_STOCK_1_PRICE,REPORT_DASHBOARD,1.0,1,1,1,1.0,0.8,0.4971027374267578,9
VAE+APA-RCA,A6_multi_source,small,21,SRC_STOCK_1_PRICE,REPORT_DASHBOARD,1.0,1,1,1,1.0,0.8,0.4322528839111328,9
APA-RCA-v2,A6_multi_source,small,22,SRC_STOCK_3_PRICE,REPORT_DASHBOARD,1.0,1,1,1,1.0,0.8,0.47397613525390625,9
VAE+APA-RCA,A6_multi_source,small,22,SRC_STOCK_3_PRICE,REPORT_DASHBOARD,3.0,0,1,1,0.3333333333333333,0.8,0.4410743713378906,9
APA-RCA-v2,A6_multi_source,small,23,SRC_STOCK_1_PRICE,REPORT_LIMIT,1.0,1,1,1,1.0,0.8,0.47278404235839844,9
VAE+APA-RCA,A6_multi_source,small,23,SRC_STOCK_1_PRICE,REPORT_LIMIT,2.0,0,1,1,0.5,0.8,0.4241466522216797,9
APA-RCA-v2,A6_multi_source,small,24,SRC_STOCK_2_PRICE,REPORT_DASHBOARD,2.0,0,1,1,0.5,0.8,0.492095947265625,9
VAE+APA-RCA,A6_multi_source,small,24,SRC_STOCK_2_PRICE,REPORT_DASHBOARD,2.0,0,1,1,0.5,0.8,0.4258155822753906,9
APA-RCA-v2,A6_multi_source,small,25,SRC_STOCK_2_PRICE,REPORT_REG_VAR,2.0,0,1,1,0.5,0.8,0.4742145538330078,9
VAE+APA-RCA,A6_multi_source,small,25,SRC_STOCK_2_PRICE,REPORT_REG_VAR,1.0,1,1,1,1.0,0.8,0.4210472106933594,9
APA-RCA-v2,A6_multi_source,small,26,SRC_STOCK_3_PRICE,REPORT_DASHBOARD,2.0,0,1,1,0.5,0.8,0.5037784576416016,9
VAE+APA-RCA,A6_multi_source,small,26,SRC_STOCK_3_PRICE,REPORT_DASHBOARD,1.0,1,1,1,1.0,0.8,0.42819976806640625,9
APA-RCA-v2,A6_multi_source,small,27,SRC_STOCK_2_PRICE,REPORT_REG_VAR,1.0,1,1,1,1.0,0.8,0.4658699035644531,9
VAE+APA-RCA,A6_multi_source,small,27,SRC_STOCK_2_PRICE,REPORT_REG_VAR,2.0,0,1,1,0.5,0.8,0.4811286926269531,9
APA-RCA-v2,A6_multi_source,small,28,SRC_STOCK_3_PRICE,REPORT_DASHBOARD,1.0,1,1,1,1.0,0.8,0.47278404235839844,9
VAE+APA-RCA,A6_multi_source,small,28,SRC_STOCK_3_PRICE,REPORT_DASHBOARD,1.0,1,1,1,1.0,0.8,0.4220008850097656,9
APA-RCA-v2,A6_multi_source,small,29,SRC_STOCK_1_PRICE,REPORT_DASHBOARD,1.0,1,1,1,1.0,0.8,0.5218982696533203,9
VAE+APA-RCA,A6_multi_source,small,29,SRC_STOCK_1_PRICE,REPORT_DASHBOARD,2.0,0,1,1,0.5,0.8,0.4360675811767578,9
APA-RCA-v2,A7_coincidental,small,0,SRC_STOCK_3_PRICE,REPORT_LIMIT,1.0,1,1,1,1.0,0.8,0.5400180816650391,9
VAE+APA-RCA,A7_coincidental,small,0,SRC_STOCK_3_PRICE,REPORT_LIMIT,2.0,0,1,1,0.5,0.8,0.4470348358154297,9
APA-RCA-v2,A7_coincidental,small,1,SRC_STOCK_2_PRICE,REPORT_DASHBOARD,1.0,1,1,1,1.0,0.8,0.48995018005371094,9
VAE+APA-RCA,A7_coincidental,small,1,SRC_STOCK_2_PRICE,REPORT_DASHBOARD,2.0,0,1,1,0.5,0.8,0.4322528839111328,9
APA-RCA-v2,A7_coincidental,small,2,SRC_STOCK_3_PRICE,REPORT_LIMIT,1.0,1,1,1,1.0,0.8,0.5090236663818359,9
VAE+APA-RCA,A7_coincidental,small,2,SRC_STOCK_3_PRICE,REPORT_LIMIT,2.0,0,1,1,0.5,0.8,0.431060791015625,9
APA-RCA-v2,A7_coincidental,small,3,SRC_STOCK_3_PRICE,REPORT_LIMIT,1.0,1,1,1,1.0,0.8,0.4878044128417969,9
VAE+APA-RCA,A7_coincidental,small,3,SRC_STOCK_3_PRICE,REPORT_LIMIT,2.0,0,1,1,0.5,0.8,0.4329681396484375,9
APA-RCA-v2,A7_coincidental,small,4,SRC_STOCK_3_PRICE,REPORT_DASHBOARD,1.0,1,1,1,1.0,0.8,0.5118846893310547,9
VAE+APA-RCA,A7_coincidental,small,4,SRC_STOCK_3_PRICE,REPORT_DASHBOARD,2.0,0,1,1,0.5,0.8,0.4317760467529297,9
APA-RCA-v2,A7_coincidental,small,5,SRC_STOCK_3_PRICE,REPORT_LIMIT,1.0,1,1,1,1.0,0.8,0.48422813415527344,9
VAE+APA-RCA,A7_coincidental,small,5,SRC_STOCK_3_PRICE,REPORT_LIMIT,2.0,0,1,1,0.5,0.8,0.4229545593261719,9
APA-RCA-v2,A7_coincidental,small,6,SRC_STOCK_2_PRICE,REPORT_LIMIT,1.0,1,1,1,1.0,0.8,0.5030632019042969,9
VAE+APA-RCA,A7_coincidental,small,6,SRC_STOCK_2_PRICE,REPORT_LIMIT,2.0,0,1,1,0.5,0.8,0.4367828369140625,9
APA-RCA-v2,A7_coincidental,small,7,SRC_STOCK_3_PRICE,REPORT_DASHBOARD,1.0,1,1,1,1.0,0.8,0.48804283142089844,9
VAE+APA-RCA,A7_coincidental,small,7,SRC_STOCK_3_PRICE,REPORT_DASHBOARD,2.0,0,1,1,0.5,0.8,0.4227161407470703,9
APA-RCA-v2,A7_coincidental,small,8,SRC_STOCK_3_PRICE,REPORT_LIMIT,1.0,1,1,1,1.0,0.8,0.4677772521972656,9
VAE+APA-RCA,A7_coincidental,small,8,SRC_STOCK_3_PRICE,REPORT_LIMIT,2.0,0,1,1,0.5,0.8,0.43272972106933594,9
APA-RCA-v2,A7_coincidental,small,9,SRC_STOCK_2_PRICE,REPORT_DASHBOARD,1.0,1,1,1,1.0,0.8,0.46896934509277344,9
VAE+APA-RCA,A7_coincidental,small,9,SRC_STOCK_2_PRICE,REPORT_DASHBOARD,2.0,0,1,1,0.5,0.8,0.4260540008544922,9
APA-RCA-v2,A7_coincidental,small,10,SRC_STOCK_3_PRICE,REPORT_LIMIT,1.0,1,1,1,1.0,0.8,0.5109310150146484,9
VAE+APA-RCA,A7_coincidental,small,10,SRC_STOCK_3_PRICE,REPORT_LIMIT,2.0,0,1,1,0.5,0.8,0.42819976806640625,9
APA-RCA-v2,A7_coincidental,small,11,SRC_STOCK_1_PRICE,REPORT_LIMIT,1.0,1,1,1,1.0,0.8,0.4718303680419922,9
VAE+APA-RCA,A7_coincidental,small,11,SRC_STOCK_1_PRICE,REPORT_LIMIT,2.0,0,1,1,0.5,0.8,0.4589557647705078,9
APA-RCA-v2,A7_coincidental,small,12,SRC_STOCK_2_PRICE,REPORT_LIMIT,1.0,1,1,1,1.0,0.8,0.5009174346923828,9
VAE+APA-RCA,A7_coincidental,small,12,SRC_STOCK_2_PRICE,REPORT_LIMIT,2.0,0,1,1,0.5,0.8,0.42700767517089844,9
APA-RCA-v2,A7_coincidental,small,13,SRC_STOCK_3_PRICE,REPORT_LIMIT,1.0,1,1,1,1.0,0.8,0.46896934509277344,9
VAE+APA-RCA,A7_coincidental,small,13,SRC_STOCK_3_PRICE,REPORT_LIMIT,2.0,0,1,1,0.5,0.8,0.43082237243652344,9
APA-RCA-v2,A7_coincidental,small,14,SRC_STOCK_1_PRICE,REPORT_LIMIT,1.0,1,1,1,1.0,0.8,0.48995018005371094,9
VAE+APA-RCA,A7_coincidental,small,14,SRC_STOCK_1_PRICE,REPORT_LIMIT,2.0,0,1,1,0.5,0.8,0.4248619079589844,9
APA-RCA-v2,A7_coincidental,small,15,SRC_STOCK_3_PRICE,REPORT_DASHBOARD,1.0,1,1,1,1.0,0.8,0.5161762237548828,9
VAE+APA-RCA,A7_coincidental,small,15,SRC_STOCK_3_PRICE,REPORT_DASHBOARD,2.0,0,1,1,0.5,0.8,0.4458427429199219,9
APA-RCA-v2,A7_coincidental,small,16,SRC_STOCK_2_PRICE,REPORT_LIMIT,1.0,1,1,1,1.0,0.8,0.5269050598144531,9
VAE+APA-RCA,A7_coincidental,small,16,SRC_STOCK_2_PRICE,REPORT_LIMIT,2.0,0,1,1,0.5,0.8,0.4448890686035156,9
APA-RCA-v2,A7_coincidental,small,17,SRC_STOCK_3_PRICE,REPORT_LIMIT,1.0,1,1,1,1.0,0.8,0.4811286926269531,9
VAE+APA-RCA,A7_coincidental,small,17,SRC_STOCK_3_PRICE,REPORT_LIMIT,2.0,0,1,1,0.5,0.8,0.4410743713378906,9
APA-RCA-v2,A7_coincidental,small,18,SRC_STOCK_3_PRICE,REPORT_DASHBOARD,1.0,1,1,1,1.0,0.8,0.5238056182861328,9
VAE+APA-RCA,A7_coincidental,small,18,SRC_STOCK_3_PRICE,REPORT_DASHBOARD,2.0,0,1,1,0.5,0.8,0.4372596740722656,9
APA-RCA-v2,A7_coincidental,small,19,SRC_STOCK_2_PRICE,REPORT_DASHBOARD,1.0,1,1,1,1.0,0.8,0.4990100860595703,9
VAE+APA-RCA,A7_coincidental,small,19,SRC_STOCK_2_PRICE,REPORT_DASHBOARD,2.0,0,1,1,0.5,0.8,0.4398822784423828,9
APA-RCA-v2,A7_coincidental,small,20,SRC_STOCK_3_PRICE,REPORT_LIMIT,1.0,1,1,1,1.0,0.8,0.5257129669189453,9
VAE+APA-RCA,A7_coincidental,small,20,SRC_STOCK_3_PRICE,REPORT_LIMIT,2.0,0,1,1,0.5,0.8,0.4379749298095703,9
APA-RCA-v2,A7_coincidental,small,21,SRC_STOCK_1_PRICE,REPORT_DASHBOARD,1.0,1,1,1,1.0,0.8,0.675201416015625,9
VAE+APA-RCA,A7_coincidental,small,21,SRC_STOCK_1_PRICE,REPORT_DASHBOARD,2.0,0,1,1,0.5,0.8,0.492095947265625,9
APA-RCA-v2,A7_coincidental,small,22,SRC_STOCK_3_PRICE,REPORT_LIMIT,1.0,1,1,1,1.0,0.8,0.4820823669433594,9
VAE+APA-RCA,A7_coincidental,small,22,SRC_STOCK_3_PRICE,REPORT_LIMIT,2.0,0,1,1,0.5,0.8,0.4329681396484375,9
APA-RCA-v2,A7_coincidental,small,23,SRC_STOCK_1_PRICE,REPORT_DASHBOARD,1.0,1,1,1,1.0,0.8,0.5202293395996094,9
VAE+APA-RCA,A7_coincidental,small,23,SRC_STOCK_1_PRICE,REPORT_DASHBOARD,2.0,0,1,1,0.5,0.8,0.43392181396484375,9
APA-RCA-v2,A7_coincidental,small,24,SRC_STOCK_2_PRICE,REPORT_DASHBOARD,1.0,1,1,1,1.0,0.8,0.4649162292480469,9
VAE+APA-RCA,A7_coincidental,small,24,SRC_STOCK_2_PRICE,REPORT_DASHBOARD,2.0,0,1,1,0.5,0.8,0.4296302795410156,9
APA-RCA-v2,A7_coincidental,small,25,SRC_STOCK_2_PRICE,REPORT_REG_VAR,1.0,1,1,1,1.0,0.8,0.47206878662109375,9
VAE+APA-RCA,A7_coincidental,small,25,SRC_STOCK_2_PRICE,REPORT_REG_VAR,2.0,0,1,1,0.5,0.8,0.42700767517089844,9
APA-RCA-v2,A7_coincidental,small,26,SRC_STOCK_3_PRICE,REPORT_LIMIT,1.0,1,1,1,1.0,0.8,0.5109310150146484,9
VAE+APA-RCA,A7_coincidental,small,26,SRC_STOCK_3_PRICE,REPORT_LIMIT,2.0,0,1,1,0.5,0.8,0.4329681396484375,9
APA-RCA-v2,A7_coincidental,small,27,SRC_STOCK_1_PRICE,REPORT_LIMIT,1.0,1,1,1,1.0,0.8,0.4849433898925781,9
VAE+APA-RCA,A7_coincidental,small,27,SRC_STOCK_1_PRICE,REPORT_LIMIT,2.0,0,1,1,0.5,0.8,0.43201446533203125,9
APA-RCA-v2,A7_coincidental,small,28,SRC_STOCK_2_PRICE,REPORT_DASHBOARD,1.0,1,1,1,1.0,0.8,0.49567222595214844,9
VAE+APA-RCA,A7_coincidental,small,28,SRC_STOCK_2_PRICE,REPORT_DASHBOARD,2.0,0,1,1,0.5,0.8,0.431060791015625,9
APA-RCA-v2,A7_coincidental,small,29,SRC_STOCK_3_PRICE,REPORT_LIMIT,1.0,1,1,1,1.0,0.8,0.51116943359375,9
VAE+APA-RCA,A7_coincidental,small,29,SRC_STOCK_3_PRICE,REPORT_LIMIT,2.0,0,1,1,0.5,0.8,0.43082237243652344,9
APA-RCA-v2,A1_source_corruption,medium,0,SRC_STOCK_5_PRICE,REPORT_LIMIT,1.0,1,1,1,1.0,0.8,0.6771087646484375,9
VAE+APA-RCA,A1_source_corruption,medium,0,SRC_STOCK_5_PRICE,REPORT_LIMIT,1.0,1,1,1,1.0,0.8,0.6709098815917969,9
APA-RCA-v2,A1_source_corruption,medium,1,SRC_STOCK_3_PRICE,REPORT_DASHBOARD,1.0,1,1,1,1.0,0.8,0.6730556488037109,9
VAE+APA-RCA,A1_source_corruption,medium,1,SRC_STOCK_3_PRICE,REPORT_DASHBOARD,1.0,1,1,1,1.0,0.8,0.6620883941650391,9
APA-RCA-v2,A1_source_corruption,medium,2,SRC_STOCK_5_PRICE,REPORT_LIMIT,1.0,1,1,1,1.0,0.8,0.6978511810302734,9
VAE+APA-RCA,A1_source_corruption,medium,2,SRC_STOCK_5_PRICE,REPORT_LIMIT,1.0,1,1,1,1.0,0.8,0.7050037384033203,9
APA-RCA-v2,A1_source_corruption,medium,3,SRC_STOCK_5_PRICE,REPORT_LIMIT,1.0,1,1,1,1.0,0.8,0.6690025329589844,9
VAE+APA-RCA,A1_source_corruption,medium,3,SRC_STOCK_5_PRICE,REPORT_LIMIT,1.0,1,1,1,1.0,0.8,0.6690025329589844,9
APA-RCA-v2,A1_source_corruption,medium,4,SRC_STOCK_4_PRICE,REPORT_LIMIT,1.0,1,1,1,1.0,0.8,0.6740093231201172,9
VAE+APA-RCA,A1_source_corruption,medium,4,SRC_STOCK_4_PRICE,REPORT_LIMIT,1.0,1,1,1,1.0,0.8,1.1630058288574219,9
APA-RCA-v2,A1_source_corruption,medium,5,SRC_STOCK_4_PRICE,REPORT_DASHBOARD,1.0,1,1,1,1.0,0.8,0.6380081176757812,9
VAE+APA-RCA,A1_source_corruption,medium,5,SRC_STOCK_4_PRICE,REPORT_DASHBOARD,1.0,1,1,1,1.0,0.8,0.6601810455322266,9
APA-RCA-v2,A1_source_corruption,medium,6,SRC_STOCK_3_PRICE,REPORT_LIMIT,1.0,1,1,1,1.0,0.8,0.6642341613769531,9
VAE+APA-RCA,A1_source_corruption,medium,6,SRC_STOCK_3_PRICE,REPORT_LIMIT,1.0,1,1,1,1.0,0.8,0.7162094116210938,9
APA-RCA-v2,A1_source_corruption,medium,7,SRC_STOCK_5_PRICE,REPORT_LIMIT,1.0,1,1,1,1.0,0.8,0.6501674652099609,9
VAE+APA-RCA,A1_source_corruption,medium,7,SRC_STOCK_5_PRICE,REPORT_LIMIT,1.0,1,1,1,1.0,0.8,0.6721019744873047,9
APA-RCA-v2,A1_source_corruption,medium,8,SRC_STOCK_4_PRICE,REPORT_LIMIT,1.0,1,1,1,1.0,0.8,0.6558895111083984,9
VAE+APA-RCA,A1_source_corruption,medium,8,SRC_STOCK_4_PRICE,REPORT_LIMIT,1.0,1,1,1,1.0,0.8,0.6608963012695312,9
APA-RCA-v2,A1_source_corruption,medium,9,SRC_STOCK_3_PRICE,REPORT_LIMIT,1.0,1,1,1,1.0,0.8,0.6520748138427734,9
VAE+APA-RCA,A1_source_corruption,medium,9,SRC_STOCK_3_PRICE,REPORT_LIMIT,1.0,1,1,1,1.0,0.8,0.66375732421875,9
APA-RCA-v2,A1_source_corruption,medium,10,SRC_STOCK_4_PRICE,REPORT_LIMIT,1.0,1,1,1,1.0,0.8,0.6930828094482422,9
VAE+APA-RCA,A1_source_corruption,medium,10,SRC_STOCK_4_PRICE,REPORT_LIMIT,1.0,1,1,1,1.0,0.8,0.675201416015625,9
APA-RCA-v2,A1_source_corruption,medium,11,SRC_STOCK_1_PRICE,REPORT_LIMIT,1.0,1,1,1,1.0,0.8,0.6608963012695312,9
VAE+APA-RCA,A1_source_corruption,medium,11,SRC_STOCK_1_PRICE,REPORT_LIMIT,1.0,1,1,1,1.0,0.8,0.659942626953125,9
APA-RCA-v2,A1_source_corruption,medium,12,SRC_STOCK_4_PRICE,REPORT_LIMIT,1.0,1,1,1,1.0,0.8,0.6699562072753906,9
VAE+APA-RCA,A1_source_corruption,medium,12,SRC_STOCK_4_PRICE,REPORT_LIMIT,1.0,1,1,1,1.0,0.8,0.6630420684814453,9
APA-RCA-v2,A1_source_corruption,medium,13,SRC_STOCK_5_PRICE,REPORT_LIMIT,1.0,1,1,1,1.0,0.8,0.7061958312988281,9
VAE+APA-RCA,A1_source_corruption,medium,13,SRC_STOCK_5_PRICE,REPORT_LIMIT,1.0,1,1,1,1.0,0.8,0.7407665252685547,9
APA-RCA-v2,A1_source_corruption,medium,14,SRC_STOCK_1_PRICE,REPORT_LIMIT,1.0,1,1,1,1.0,0.8,0.7092952728271484,9
VAE+APA-RCA,A1_source_corruption,medium,14,SRC_STOCK_1_PRICE,REPORT_LIMIT,2.0,0,1,1,0.5,0.8,0.6589889526367188,9
APA-RCA-v2,A1_source_corruption,medium,15,SRC_STOCK_5_PRICE,REPORT_LIMIT,1.0,1,1,1,1.0,0.8,0.6840229034423828,9
VAE+APA-RCA,A1_source_corruption,medium,15,SRC_STOCK_5_PRICE,REPORT_LIMIT,1.0,1,1,1,1.0,0.8,0.6849765777587891,9
APA-RCA-v2,A1_source_corruption,medium,16,SRC_STOCK_3_PRICE,REPORT_LIMIT,1.0,1,1,1,1.0,0.8,0.6780624389648438,9
VAE+APA-RCA,A1_source_corruption,medium,16,SRC_STOCK_3_PRICE,REPORT_LIMIT,1.0,1,1,1,1.0,0.8,1.1248588562011719,9
APA-RCA-v2,A1_source_corruption,medium,17,SRC_STOCK_4_PRICE,REPORT_LIMIT,1.0,1,1,1,1.0,0.8,0.6780624389648438,9
VAE+APA-RCA,A1_source_corruption,medium,17,SRC_STOCK_4_PRICE,REPORT_LIMIT,1.0,1,1,1,1.0,0.8,0.6647109985351562,9
APA-RCA-v2,A1_source_corruption,medium,18,SRC_STOCK_5_PRICE,REPORT_LIMIT,1.0,1,1,1,1.0,0.8,0.6568431854248047,9
VAE+APA-RCA,A1_source_corruption,medium,18,SRC_STOCK_5_PRICE,REPORT_LIMIT,1.0,1,1,1,1.0,0.8,0.6649494171142578,9
APA-RCA-v2,A1_source_corruption,medium,19,SRC_STOCK_3_PRICE,REPORT_LIMIT,1.0,1,1,1,1.0,0.8,0.7390975952148438,9
VAE+APA-RCA,A1_source_corruption,medium,19,SRC_STOCK_3_PRICE,REPORT_LIMIT,1.0,1,1,1,1.0,0.8,0.6711483001708984,9
APA-RCA-v2,A1_source_corruption,medium,20,SRC_STOCK_5_PRICE,REPORT_LIMIT,1.0,1,1,1,1.0,0.8,0.6749629974365234,9
VAE+APA-RCA,A1_source_corruption,medium,20,SRC_STOCK_5_PRICE,REPORT_LIMIT,1.0,1,1,1,1.0,0.8,0.6949901580810547,9
APA-RCA-v2,A1_source_corruption,medium,21,SRC_STOCK_2_PRICE,REPORT_LIMIT,1.0,1,1,1,1.0,0.8,0.6442070007324219,9
VAE+APA-RCA,A1_source_corruption,medium,21,SRC_STOCK_2_PRICE,REPORT_LIMIT,1.0,1,1,1,1.0,0.8,0.6749629974365234,9
APA-RCA-v2,A1_source_corruption,medium,22,SRC_STOCK_4_PRICE,REPORT_DASHBOARD,1.0,1,1,1,1.0,0.8,0.7081031799316406,9
VAE+APA-RCA,A1_source_corruption,medium,22,SRC_STOCK_4_PRICE,REPORT_DASHBOARD,1.0,1,1,1,1.0,0.8,0.6687641143798828,9
APA-RCA-v2,A1_source_corruption,medium,23,SRC_STOCK_1_PRICE,REPORT_LIMIT,1.0,1,1,1,1.0,0.8,0.6628036499023438,9
VAE+APA-RCA,A1_source_corruption,medium,23,SRC_STOCK_1_PRICE,REPORT_LIMIT,1.0,1,1,1,1.0,0.8,0.6589889526367188,9
APA-RCA-v2,A1_source_corruption,medium,24,SRC_STOCK_2_PRICE,REPORT_LIMIT,1.0,1,1,1,1.0,0.8,0.6742477416992188,9
VAE+APA-RCA,A1_source_corruption,medium,24,SRC_STOCK_2_PRICE,REPORT_LIMIT,1.0,1,1,1,1.0,0.8,0.6971359252929688,9
APA-RCA-v2,A1_source_corruption,medium,25,SRC_STOCK_3_PRICE,REPORT_REG_VAR,1.0,1,1,1,1.0,0.8,0.6680488586425781,9
VAE+APA-RCA,A1_source_corruption,medium,25,SRC_STOCK_3_PRICE,REPORT_REG_VAR,1.0,1,1,1,1.0,0.8,0.659942626953125,9
APA-RCA-v2,A1_source_corruption,medium,26,SRC_STOCK_5_PRICE,REPORT_DASHBOARD,1.0,1,1,1,1.0,0.8,0.701904296875,9
VAE+APA-RCA,A1_source_corruption,medium,26,SRC_STOCK_5_PRICE,REPORT_DASHBOARD,1.0,1,1,1,1.0,0.8,0.6642341613769531,9
APA-RCA-v2,A1_source_corruption,medium,27,SRC_STOCK_1_PRICE,REPORT_LIMIT,1.0,1,1,1,1.0,0.8,0.6680488586425781,9
VAE+APA-RCA,A1_source_corruption,medium,27,SRC_STOCK_1_PRICE,REPORT_LIMIT,1.0,1,1,1,1.0,0.8,0.6668567657470703,9
APA-RCA-v2,A1_source_corruption,medium,28,SRC_STOCK_4_PRICE,REPORT_LIMIT,1.0,1,1,1,1.0,0.8,0.6918907165527344,9
VAE+APA-RCA,A1_source_corruption,medium,28,SRC_STOCK_4_PRICE,REPORT_LIMIT,1.0,1,1,1,1.0,0.8,1.0840892791748047,9
APA-RCA-v2,A1_source_corruption,medium,29,SRC_STOCK_5_PRICE,REPORT_LIMIT,1.0,1,1,1,1.0,0.8,0.6749629974365234,9
VAE+APA-RCA,A1_source_corruption,medium,29,SRC_STOCK_5_PRICE,REPORT_LIMIT,1.0,1,1,1,1.0,0.8,0.6680488586425781,9
APA-RCA-v2,A2_etl_logic_error,medium,0,ETL_FX_STOCK_5_PRICE,REPORT_LIMIT,1.0,1,1,1,1.0,0.8,0.6799697875976562,9
VAE+APA-RCA,A2_etl_logic_error,medium,0,ETL_FX_STOCK_5_PRICE,REPORT_LIMIT,13.0,0,0,0,0.07692307692307693,1.0,0.6690025329589844,9
APA-RCA-v2,A2_etl_logic_error,medium,1,ETL_FX_STOCK_3_PRICE,REPORT_LIMIT,1.0,1,1,1,1.0,0.8,0.7021427154541016,9
VAE+APA-RCA,A2_etl_logic_error,medium,1,ETL_FX_STOCK_3_PRICE,REPORT_LIMIT,13.0,0,0,0,0.07692307692307693,1.0,0.6749629974365234,9
APA-RCA-v2,A2_etl_logic_error,medium,2,ETL_FX_STOCK_5_PRICE,REPORT_LIMIT,1.0,1,1,1,1.0,0.8,0.6849765777587891,9
VAE+APA-RCA,A2_etl_logic_error,medium,2,ETL_FX_STOCK_5_PRICE,REPORT_LIMIT,13.0,0,0,0,0.07692307692307693,1.0,0.6809234619140625,9
APA-RCA-v2,A2_etl_logic_error,medium,3,ETL_FX_STOCK_5_PRICE,REPORT_LIMIT,2.0,0,1,1,0.5,0.8,0.6549358367919922,9
VAE+APA-RCA,A2_etl_logic_error,medium,3,ETL_FX_STOCK_5_PRICE,REPORT_LIMIT,15.0,0,0,0,0.06666666666666667,1.0,0.6968975067138672,9
APA-RCA-v2,A2_etl_logic_error,medium,4,ETL_FX_STOCK_4_PRICE,REPORT_LIMIT,3.0,0,1,1,0.3333333333333333,0.8,0.6887912750244141,9
VAE+APA-RCA,A2_etl_logic_error,medium,4,ETL_FX_STOCK_4_PRICE,REPORT_LIMIT,15.0,0,0,0,0.06666666666666667,1.0,0.6818771362304688,9
APA-RCA-v2,A2_etl_logic_error,medium,5,ETL_FX_STOCK_4_PRICE,REPORT_LIMIT,2.0,0,1,1,0.5,0.8,0.7278919219970703,9
VAE+APA-RCA,A2_etl_logic_error,medium,5,ETL_FX_STOCK_4_PRICE,REPORT_LIMIT,14.0,0,0,0,0.07142857142857142,1.0,0.7240772247314453,9
APA-RCA-v2,A2_etl_logic_error,medium,6,ETL_FX_STOCK_3_PRICE,REPORT_LIMIT,3.0,0,1,1,0.3333333333333333,0.8,0.6821155548095703,9
VAE+APA-RCA,A2_etl_logic_error,medium,6,ETL_FX_STOCK_3_PRICE,REPORT_LIMIT,13.0,0,0,0,0.07692307692307693,1.0,0.6680488586425781,9
APA-RCA-v2,A2_etl_logic_error,medium,7,ETL_FX_STOCK_5_PRICE,REPORT_LIMIT,2.0,0,1,1,0.5,0.8,0.6616115570068359,9
VAE+APA-RCA,A2_etl_logic_error,medium,7,ETL_FX_STOCK_5_PRICE,REPORT_LIMIT,12.0,0,0,0,0.08333333333333333,1.0,0.6620883941650391,9
APA-RCA-v2,A2_etl_logic_error,medium,8,ETL_FX_STOCK_4_PRICE,REPORT_LIMIT,3.0,0,1,1,0.3333333333333333,0.8,0.7150173187255859,9
VAE+APA-RCA,A2_etl_logic_error,medium,8,ETL_FX_STOCK_4_PRICE,REPORT_LIMIT,14.0,0,0,0,0.07142857142857142,1.0,0.6499290466308594,9
APA-RCA-v2,A2_etl_logic_error,medium,9,ETL_FX_STOCK_3_PRICE,REPORT_LIMIT,3.0,0,1,1,0.3333333333333333,0.8,0.6990432739257812,9
VAE+APA-RCA,A2_etl_logic_error,medium,9,ETL_FX_STOCK_3_PRICE,REPORT_LIMIT,13.0,0,0,0,0.07692307692307693,1.0,0.6642341613769531,9
APA-RCA-v2,A2_etl_logic_error,medium,10,ETL_FX_STOCK_4_PRICE,REPORT_LIMIT,2.0,0,1,1,0.5,0.8,0.6866455078125,9
VAE+APA-RCA,A2_etl_logic_error,medium,10,ETL_FX_STOCK_4_PRICE,REPORT_LIMIT,15.0,0,0,0,0.06666666666666667,1.0,1.1489391326904297,9
APA-RCA-v2,A2_etl_logic_error,medium,11,ETL_FX_STOCK_1_PRICE,REPORT_LIMIT,1.0,1,1,1,1.0,0.8,0.6761550903320312,9
VAE+APA-RCA,A2_etl_logic_error,medium,11,ETL_FX_STOCK_1_PRICE,REPORT_LIMIT,15.0,0,0,0,0.06666666666666667,1.0,0.6709098815917969,9
APA-RCA-v2,A2_etl_logic_error,medium,12,ETL_FX_STOCK_4_PRICE,REPORT_LIMIT,2.0,0,1,1,0.5,0.8,0.6871223449707031,9
VAE+APA-RCA,A2_etl_logic_error,medium,12,ETL_FX_STOCK_4_PRICE,REPORT_LIMIT,14.0,0,0,0,0.07142857142857142,1.0,0.6811618804931641,9
APA-RCA-v2,A2_etl_logic_error,medium,13,ETL_FX_STOCK_5_PRICE,REPORT_LIMIT,2.0,0,1,1,0.5,0.8,0.6539821624755859,9
VAE+APA-RCA,A2_etl_logic_error,medium,13,ETL_FX_STOCK_5_PRICE,REPORT_LIMIT,16.0,0,0,0,0.0625,1.0,0.6580352783203125,9
APA-RCA-v2,A2_etl_logic_error,medium,14,ETL_FX_STOCK_1_PRICE,REPORT_LIMIT,2.0,0,1,1,0.5,0.8,0.6568431854248047,9
VAE+APA-RCA,A2_etl_logic_error,medium,14,ETL_FX_STOCK_1_PRICE,REPORT_LIMIT,15.0,0,0,0,0.06666666666666667,1.0,0.6856918334960938,9
APA-RCA-v2,A2_etl_logic_error,medium,15,ETL_FX_STOCK_5_PRICE,REPORT_LIMIT,3.0,0,1,1,0.3333333333333333,0.8,0.6799697875976562,9
VAE+APA-RCA,A2_etl_logic_error,medium,15,ETL_FX_STOCK_5_PRICE,REPORT_LIMIT,13.0,0,0,0,0.07692307692307693,1.0,0.9801387786865234,9
APA-RCA-v2,A2_etl_logic_error,medium,16,ETL_FX_STOCK_3_PRICE,REPORT_LIMIT,1.0,1,1,1,1.0,0.8,0.6501674652099609,9
VAE+APA-RCA,A2_etl_logic_error,medium,16,ETL_FX_STOCK_3_PRICE,REPORT_LIMIT,14.0,0,0,0,0.07142857142857142,1.0,0.6589889526367188,9
APA-RCA-v2,A2_etl_logic_error,medium,17,ETL_FX_STOCK_4_PRICE,REPORT_LIMIT,2.0,0,1,1,0.5,0.8,0.6482601165771484,9
VAE+APA-RCA,A2_etl_logic_error,medium,17,ETL_FX_STOCK_4_PRICE,REPORT_LIMIT,17.0,0,0,0,0.058823529411764705,1.0,0.6628036499023438,9
APA-RCA-v2,A2_etl_logic_error,medium,18,ETL_FX_STOCK_5_PRICE,REPORT_LIMIT,2.0,0,1,1,0.5,0.8,0.6537437438964844,9
VAE+APA-RCA,A2_etl_logic_error,medium,18,ETL_FX_STOCK_5_PRICE,REPORT_LIMIT,12.0,0,0,0,0.08333333333333333,1.0,0.6620883941650391,9
APA-RCA-v2,A2_etl_logic_error,medium,19,ETL_FX_STOCK_3_PRICE,REPORT_LIMIT,2.0,0,1,1,0.5,0.8,0.6771087646484375,9
VAE+APA-RCA,A2_etl_logic_error,medium,19,ETL_FX_STOCK_3_PRICE,REPORT_LIMIT,13.0,0,0,0,0.07692307692307693,1.0,0.6659030914306641,9
APA-RCA-v2,A2_etl_logic_error,medium,20,ETL_FX_STOCK_5_PRICE,REPORT_LIMIT,2.0,0,1,1,0.5,0.8,0.6589889526367188,9
VAE+APA-RCA,A2_etl_logic_error,medium,20,ETL_FX_STOCK_5_PRICE,REPORT_LIMIT,17.0,0,0,0,0.058823529411764705,1.0,0.6618499755859375,9
APA-RCA-v2,A2_etl_logic_error,medium,21,ETL_FX_STOCK_2_PRICE,REPORT_LIMIT,2.0,0,1,1,0.5,0.8,0.6704330444335938,9
VAE+APA-RCA,A2_etl_logic_error,medium,21,ETL_FX_STOCK_2_PRICE,REPORT_LIMIT,12.0,0,0,0,0.08333333333333333,1.0,0.6718635559082031,9
APA-RCA-v2,A2_etl_logic_error,medium,22,ETL_FX_STOCK_4_PRICE,REPORT_LIMIT,2.0,0,1,1,0.5,0.8,0.6639957427978516,9
VAE+APA-RCA,A2_etl_logic_error,medium,22,ETL_FX_STOCK_4_PRICE,REPORT_LIMIT,12.0,0,0,0,0.08333333333333333,1.0,0.6661415100097656,9
APA-RCA-v2,A2_etl_logic_error,medium,23,ETL_FX_STOCK_1_PRICE,REPORT_LIMIT,2.0,0,1,1,0.5,0.8,0.6871223449707031,9
VAE+APA-RCA,A2_etl_logic_error,medium,23,ETL_FX_STOCK_1_PRICE,REPORT_LIMIT,13.0,0,0,0,0.07692307692307693,1.0,0.6740093231201172,9
APA-RCA-v2,A2_etl_logic_error,medium,24,ETL_FX_STOCK_2_PRICE,REPORT_LIMIT,2.0,0,1,1,0.5,0.8,0.6909370422363281,9
VAE+APA-RCA,A2_etl_logic_error,medium,24,ETL_FX_STOCK_2_PRICE,REPORT_LIMIT,12.0,0,0,0,0.08333333333333333,1.0,0.6661415100097656,9
APA-RCA-v2,A2_etl_logic_error,medium,25,ETL_FX_STOCK_3_PRICE,REPORT_LIMIT,2.0,0,1,1,0.5,0.8,0.6988048553466797,9
VAE+APA-RCA,A2_etl_logic_error,medium,25,ETL_FX_STOCK_3_PRICE,REPORT_LIMIT,13.0,0,0,0,0.07692307692307693,1.0,0.6661415100097656,9
APA-RCA-v2,A2_etl_logic_error,medium,26,ETL_FX_STOCK_5_PRICE,REPORT_LIMIT,2.0,0,1,1,0.5,0.8,0.6489753723144531,9
VAE+APA-RCA,A2_etl_logic_error,medium,26,ETL_FX_STOCK_5_PRICE,REPORT_LIMIT,14.0,0,0,0,0.07142857142857142,1.0,0.6670951843261719,9
APA-RCA-v2,A2_etl_logic_error,medium,27,ETL_FX_STOCK_1_PRICE,REPORT_LIMIT,3.0,0,1,1,0.3333333333333333,0.8,0.6661415100097656,9
VAE+APA-RCA,A2_etl_logic_error,medium,27,ETL_FX_STOCK_1_PRICE,REPORT_LIMIT,12.0,0,0,0,0.08333333333333333,1.0,1.129150390625,9
APA-RCA-v2,A2_etl_logic_error,medium,28,ETL_FX_STOCK_4_PRICE,REPORT_LIMIT,2.0,0,1,1,0.5,0.8,0.6377696990966797,9
VAE+APA-RCA,A2_etl_logic_error,medium,28,ETL_FX_STOCK_4_PRICE,REPORT_LIMIT,13.0,0,0,0,0.07692307692307693,1.0,0.6661415100097656,9
APA-RCA-v2,A2_etl_logic_error,medium,29,ETL_FX_STOCK_5_PRICE,REPORT_LIMIT,2.0,0,1,1,0.5,0.8,0.659942626953125,9
VAE+APA-RCA,A2_etl_logic_error,medium,29,ETL_FX_STOCK_5_PRICE,REPORT_LIMIT,15.0,0,0,0,0.06666666666666667,1.0,0.6668567657470703,9
APA-RCA-v2,A3_feature_calc_error,medium,0,FEAT_VOL20_STOCK_5_PRICE,REPORT_LIMIT,1.0,1,1,1,1.0,0.8,0.6551742553710938,9
VAE+APA-RCA,A3_feature_calc_error,medium,0,FEAT_VOL20_STOCK_5_PRICE,REPORT_LIMIT,1.0,1,1,1,1.0,0.8,0.6670951843261719,9
APA-RCA-v2,A3_feature_calc_error,medium,1,FEAT_VOL20_STOCK_3_PRICE,REPORT_LIMIT,1.0,1,1,1,1.0,0.8,0.6971359252929688,9
VAE+APA-RCA,A3_feature_calc_error,medium,1,FEAT_VOL20_STOCK_3_PRICE,REPORT_LIMIT,1.0,1,1,1,1.0,0.8,0.682830810546875,9
APA-RCA-v2,A3_feature_calc_error,medium,2,FEAT_VOL20_STOCK_5_PRICE,REPORT_LIMIT,1.0,1,1,1,1.0,0.8,0.6430149078369141,9
VAE+APA-RCA,A3_feature_calc_error,medium,2,FEAT_VOL20_STOCK_5_PRICE,REPORT_LIMIT,1.0,1,1,1,1.0,0.8,0.6852149963378906,9
APA-RCA-v2,A3_feature_calc_error,medium,3,FEAT_VOL20_STOCK_5_PRICE,REPORT_LIMIT,2.0,0,1,1,0.5,0.8,0.6518363952636719,9
VAE+APA-RCA,A3_feature_calc_error,medium,3,FEAT_VOL20_STOCK_5_PRICE,REPORT_LIMIT,1.0,1,1,1,1.0,0.8,0.6670951843261719,9
APA-RCA-v2,A3_feature_calc_error,medium,4,FEAT_VOL20_STOCK_4_PRICE,REPORT_LIMIT,3.0,0,1,1,0.3333333333333333,0.8,0.682830810546875,9
VAE+APA-RCA,A3_feature_calc_error,medium,4,FEAT_VOL20_STOCK_4_PRICE,REPORT_LIMIT,1.0,1,1,1,1.0,0.8,0.6630420684814453,9
APA-RCA-v2,A3_feature_calc_error,medium,5,FEAT_VOL20_STOCK_4_PRICE,REPORT_LIMIT,2.0,0,1,1,0.5,0.8,0.6749629974365234,9
VAE+APA-RCA,A3_feature_calc_error,medium,5,FEAT_VOL20_STOCK_4_PRICE,REPORT_LIMIT,1.0,1,1,1,1.0,0.8,0.6639957427978516,9
APA-RCA-v2,A3_feature_calc_error,medium,6,FEAT_VOL20_STOCK_3_PRICE,REPORT_LIMIT,3.0,0,1,1,0.3333333333333333,0.8,0.6780624389648438,9
VAE+APA-RCA,A3_feature_calc_error,medium,6,FEAT_VOL20_STOCK_3_PRICE,REPORT_LIMIT,1.0,1,1,1,1.0,0.8,0.6690025329589844,9
APA-RCA-v2,A3_feature_calc_error,medium,7,FEAT_VOL20_STOCK_5_PRICE,REPORT_DASHBOARD,2.0,0,1,1,0.5,0.8,0.7259845733642578,9
VAE+APA-RCA,A3_feature_calc_error,medium,7,FEAT_VOL20_STOCK_5_PRICE,REPORT_DASHBOARD,1.0,1,1,1,1.0,0.8,0.6868839263916016,9
APA-RCA-v2,A3_feature_calc_error,medium,8,FEAT_VOL20_STOCK_4_PRICE,REPORT_LIMIT,2.0,0,1,1,0.5,0.8,0.6809234619140625,9
VAE+APA-RCA,A3_feature_calc_error,medium,8,FEAT_VOL20_STOCK_4_PRICE,REPORT_LIMIT,1.0,1,1,1,1.0,0.8,0.6718635559082031,9
APA-RCA-v2,A3_feature_calc_error,medium,9,FEAT_VOL20_STOCK_3_PRICE,REPORT_LIMIT,3.0,0,1,1,0.3333333333333333,0.8,0.7281303405761719,9
VAE+APA-RCA,A3_feature_calc_error,medium,9,FEAT_VOL20_STOCK_3_PRICE,REPORT_LIMIT,1.0,1,1,1,1.0,0.8,1.2218952178955078,9
APA-RCA-v2,A3_feature_calc_error,medium,10,FEAT_VOL20_STOCK_4_PRICE,REPORT_LIMIT,1.0,1,1,1,1.0,0.8,0.6549358367919922,9
VAE+APA-RCA,A3_feature_calc_error,medium,10,FEAT_VOL20_STOCK_4_PRICE,REPORT_LIMIT,3.0,0,1,1,0.3333333333333333,0.8,0.6852149963378906,9
APA-RCA-v2,A3_feature_calc_error,medium,11,FEAT_VOL20_STOCK_1_PRICE,REPORT_LIMIT,1.0,1,1,1,1.0,0.8,0.6768703460693359,9
VAE+APA-RCA,A3_feature_calc_error,medium,11,FEAT_VOL20_STOCK_1_PRICE,REPORT_LIMIT,1.0,1,1,1,1.0,0.8,0.6647109985351562,9
APA-RCA-v2,A3_feature_calc_error,medium,12,FEAT_VOL20_STOCK_4_PRICE,REPORT_LIMIT,2.0,0,1,1,0.5,0.8,0.698089599609375,9
VAE+APA-RCA,A3_feature_calc_error,medium,12,FEAT_VOL20_STOCK_4_PRICE,REPORT_LIMIT,1.0,1,1,1,1.0,0.8,0.6718635559082031,9
APA-RCA-v2,A3_feature_calc_error,medium,13,FEAT_VOL20_STOCK_5_PRICE,REPORT_LIMIT,2.0,0,1,1,0.5,0.8,0.6809234619140625,9
VAE+APA-RCA,A3_feature_calc_error,medium,13,FEAT_VOL20_STOCK_5_PRICE,REPORT_LIMIT,1.0,1,1,1,1.0,0.8,0.6699562072753906,9
APA-RCA-v2,A3_feature_calc_error,medium,14,FEAT_VOL20_STOCK_1_PRICE,REPORT_LIMIT,2.0,0,1,1,0.5,0.8,0.6899833679199219,9
VAE+APA-RCA,A3_feature_calc_error,medium,14,FEAT_VOL20_STOCK_1_PRICE,REPORT_LIMIT,2.0,0,1,1,0.5,0.8,0.6692409515380859,9
APA-RCA-v2,A3_feature_calc_error,medium,15,FEAT_VOL20_STOCK_5_PRICE,REPORT_LIMIT,2.0,0,1,1,0.5,0.8,0.6520748138427734,9
VAE+APA-RCA,A3_feature_calc_error,medium,15,FEAT_VOL20_STOCK_5_PRICE,REPORT_LIMIT,1.0,1,1,1,1.0,0.8,0.6721019744873047,9
APA-RCA-v2,A3_feature_calc_error,medium,16,FEAT_VOL20_STOCK_3_PRICE,REPORT_LIMIT,1.0,1,1,1,1.0,0.8,0.6582736968994141,9
VAE+APA-RCA,A3_feature_calc_error,medium,16,FEAT_VOL20_STOCK_3_PRICE,REPORT_LIMIT,1.0,1,1,1,1.0,0.8,0.6587505340576172,9
APA-RCA-v2,A3_feature_calc_error,medium,17,FEAT_VOL20_STOCK_4_PRICE,REPORT_LIMIT,2.0,0,1,1,0.5,0.8,0.6878376007080078,9
VAE+APA-RCA,A3_feature_calc_error,medium,17,FEAT_VOL20_STOCK_4_PRICE,REPORT_LIMIT,2.0,0,1,1,0.5,0.8,0.6678104400634766,9
APA-RCA-v2,A3_feature_calc_error,medium,18,FEAT_VOL20_STOCK_5_PRICE,REPORT_LIMIT,2.0,0,1,1,0.5,0.8,0.6778240203857422,9
VAE+APA-RCA,A3_feature_calc_error,medium,18,FEAT_VOL20_STOCK_5_PRICE,REPORT_LIMIT,1.0,1,1,1,1.0,0.8,0.6690025329589844,9
APA-RCA-v2,A3_feature_calc_error,medium,19,FEAT_VOL20_STOCK_3_PRICE,REPORT_LIMIT,2.0,0,1,1,0.5,0.8,0.7061958312988281,9
VAE+APA-RCA,A3_feature_calc_error,medium,19,FEAT_VOL20_STOCK_3_PRICE,REPORT_LIMIT,1.0,1,1,1,1.0,0.8,0.6568431854248047,9
APA-RCA-v2,A3_feature_calc_error,medium,20,FEAT_VOL20_STOCK_5_PRICE,REPORT_LIMIT,2.0,0,1,1,0.5,0.8,0.6928443908691406,9
VAE+APA-RCA,A3_feature_calc_error,medium,20,FEAT_VOL20_STOCK_5_PRICE,REPORT_LIMIT,9.0,0,0,0,0.1111111111111111,1.0,0.675201416015625,9
APA-RCA-v2,A3_feature_calc_error,medium,21,FEAT_VOL20_STOCK_2_PRICE,REPORT_LIMIT,5.0,0,0,1,0.2,0.8,0.6687641143798828,9
VAE+APA-RCA,A3_feature_calc_error,medium,21,FEAT_VOL20_STOCK_2_PRICE,REPORT_LIMIT,1.0,1,1,1,1.0,0.8,1.1382102966308594,9
APA-RCA-v2,A3_feature_calc_error,medium,22,FEAT_VOL20_STOCK_4_PRICE,REPORT_LIMIT,13.0,0,0,0,0.07692307692307693,1.0,0.6988048553466797,9
VAE+APA-RCA,A3_feature_calc_error,medium,22,FEAT_VOL20_STOCK_4_PRICE,REPORT_LIMIT,1.0,1,1,1,1.0,0.8,0.6699562072753906,9
APA-RCA-v2,A3_feature_calc_error,medium,23,FEAT_VOL20_STOCK_1_PRICE,REPORT_LIMIT,2.0,0,1,1,0.5,0.8,0.6630420684814453,9
VAE+APA-RCA,A3_feature_calc_error,medium,23,FEAT_VOL20_STOCK_1_PRICE,REPORT_LIMIT,1.0,1,1,1,1.0,0.8,0.6978511810302734,9
APA-RCA-v2,A3_feature_calc_error,medium,24,FEAT_VOL20_STOCK_2_PRICE,REPORT_LIMIT,8.0,0,0,0,0.125,1.0,0.6742477416992188,9
VAE+APA-RCA,A3_feature_calc_error,medium,24,FEAT_VOL20_STOCK_2_PRICE,REPORT_LIMIT,1.0,1,1,1,1.0,0.8,0.6771087646484375,9
APA-RCA-v2,A3_feature_calc_error,medium,25,FEAT_VOL20_STOCK_3_PRICE,REPORT_DASHBOARD,2.0,0,1,1,0.5,0.8,0.6499290466308594,9
VAE+APA-RCA,A3_feature_calc_error,medium,25,FEAT_VOL20_STOCK_3_PRICE,REPORT_DASHBOARD,1.0,1,1,1,1.0,0.8,0.6577968597412109,9
APA-RCA-v2,A3_feature_calc_error,medium,26,FEAT_VOL20_STOCK_5_PRICE,REPORT_LIMIT,2.0,0,1,1,0.5,0.8,0.6489753723144531,9
VAE+APA-RCA,A3_feature_calc_error,medium,26,FEAT_VOL20_STOCK_5_PRICE,REPORT_LIMIT,1.0,1,1,1,1.0,0.8,0.6670951843261719,9
APA-RCA-v2,A3_feature_calc_error,medium,27,FEAT_VOL20_STOCK_1_PRICE,REPORT_LIMIT,3.0,0,1,1,0.3333333333333333,0.8,0.6489753723144531,9
VAE+APA-RCA,A3_feature_calc_error,medium,27,FEAT_VOL20_STOCK_1_PRICE,REPORT_LIMIT,1.0,1,1,1,1.0,0.8,0.6687641143798828,9
APA-RCA-v2,A3_feature_calc_error,medium,28,FEAT_VOL20_STOCK_4_PRICE,REPORT_LIMIT,4.0,0,0,1,0.25,0.8,0.6861686706542969,9
VAE+APA-RCA,A3_feature_calc_error,medium,28,FEAT_VOL20_STOCK_4_PRICE,REPORT_LIMIT,1.0,1,1,1,1.0,0.8,0.6651878356933594,9
APA-RCA-v2,A3_feature_calc_error,medium,29,FEAT_VOL20_STOCK_5_PRICE,REPORT_LIMIT,38.0,0,0,0,0.02631578947368421,1.0,0.675201416015625,9
VAE+APA-RCA,A3_feature_calc_error,medium,29,FEAT_VOL20_STOCK_5_PRICE,REPORT_LIMIT,7.0,0,0,0,0.14285714285714285,1.0,0.6740093231201172,9
APA-RCA-v2,A4_aggregation_error,medium,0,FEAT_SECTOR_B,REPORT_LIMIT,45.0,0,0,0,0.022222222222222223,1.0,0.6821155548095703,9
VAE+APA-RCA,A4_aggregation_error,medium,0,FEAT_SECTOR_B,REPORT_LIMIT,45.0,0,0,0,0.022222222222222223,1.0,0.6642341613769531,9
APA-RCA-v2,A4_aggregation_error,medium,1,FEAT_SECTOR_A,REPORT_LIMIT,58.0,0,0,0,0.017241379310344827,1.0,0.7171630859375,9
VAE+APA-RCA,A4_aggregation_error,medium,1,FEAT_SECTOR_A,REPORT_LIMIT,45.0,0,0,0,0.022222222222222223,1.0,0.6740093231201172,9
APA-RCA-v2,A4_aggregation_error,medium,2,FEAT_SECTOR_B,REPORT_LIMIT,46.0,0,0,0,0.021739130434782608,1.0,0.7219314575195312,9
VAE+APA-RCA,A4_aggregation_error,medium,2,FEAT_SECTOR_B,REPORT_LIMIT,46.0,0,0,0,0.021739130434782608,1.0,0.6809234619140625,9
APA-RCA-v2,A4_aggregation_error,medium,3,FEAT_SECTOR_B,REPORT_LIMIT,51.0,0,0,0,0.0196078431372549,1.0,0.6620883941650391,9
VAE+APA-RCA,A4_aggregation_error,medium,3,FEAT_SECTOR_B,REPORT_LIMIT,46.0,0,0,0,0.021739130434782608,1.0,1.1348724365234375,9
APA-RCA-v2,A4_aggregation_error,medium,4,FEAT_SECTOR_B,REPORT_LIMIT,60.0,0,0,0,0.016666666666666666,1.0,0.6721019744873047,9
VAE+APA-RCA,A4_aggregation_error,medium,4,FEAT_SECTOR_B,REPORT_LIMIT,46.0,0,0,0,0.021739130434782608,1.0,0.6690025329589844,9
APA-RCA-v2,A4_aggregation_error,medium,5,FEAT_SECTOR_B,REPORT_LIMIT,59.0,0,0,0,0.01694915254237288,1.0,0.6740093231201172,9
VAE+APA-RCA,A4_aggregation_error,medium,5,FEAT_SECTOR_B,REPORT_LIMIT,46.0,0,0,0,0.021739130434782608,1.0,0.659942626953125,9
APA-RCA-v2,A4_aggregation_error,medium,6,FEAT_SECTOR_A,REPORT_LIMIT,50.0,0,0,0,0.02,1.0,0.7081031799316406,9
VAE+APA-RCA,A4_aggregation_error,medium,6,FEAT_SECTOR_A,REPORT_LIMIT,45.0,0,0,0,0.022222222222222223,1.0,0.6840229034423828,9
APA-RCA-v2,A4_aggregation_error,medium,7,FEAT_SECTOR_B,REPORT_LIMIT,59.0,0,0,0,0.01694915254237288,1.0,0.6742477416992188,9
VAE+APA-RCA,A4_aggregation_error,medium,7,FEAT_SECTOR_B,REPORT_LIMIT,46.0,0,0,0,0.021739130434782608,1.0,0.6661415100097656,9
APA-RCA-v2,A4_aggregation_error,medium,8,FEAT_SECTOR_B,REPORT_LIMIT,55.0,0,0,0,0.01818181818181818,1.0,0.7040500640869141,9
VAE+APA-RCA,A4_aggregation_error,medium,8,FEAT_SECTOR_B,REPORT_LIMIT,46.0,0,0,0,0.021739130434782608,1.0,0.7328987121582031,9
APA-RCA-v2,A4_aggregation_error,medium,9,FEAT_SECTOR_A,REPORT_LIMIT,49.0,0,0,0,0.02040816326530612,1.0,0.6701946258544922,9
VAE+APA-RCA,A4_aggregation_error,medium,9,FEAT_SECTOR_A,REPORT_LIMIT,45.0,0,0,0,0.022222222222222223,1.0,0.6678104400634766,9
APA-RCA-v2,A4_aggregation_error,medium,10,FEAT_SECTOR_B,REPORT_LIMIT,45.0,0,0,0,0.022222222222222223,1.0,0.6709098815917969,9
VAE+APA-RCA,A4_aggregation_error,medium,10,FEAT_SECTOR_B,REPORT_LIMIT,45.0,0,0,0,0.022222222222222223,1.0,0.675201416015625,9
APA-RCA-v2,A4_aggregation_error,medium,11,FEAT_SECTOR_A,REPORT_LIMIT,47.0,0,0,0,0.02127659574468085,1.0,0.675201416015625,9
VAE+APA-RCA,A4_aggregation_error,medium,11,FEAT_SECTOR_A,REPORT_LIMIT,46.0,0,0,0,0.021739130434782608,1.0,0.6940364837646484,9
APA-RCA-v2,A4_aggregation_error,medium,12,FEAT_SECTOR_B,REPORT_LIMIT,47.0,0,0,0,0.02127659574468085,1.0,0.6721019744873047,9
VAE+APA-RCA,A4_aggregation_error,medium,12,FEAT_SECTOR_B,REPORT_LIMIT,45.0,0,0,0,0.022222222222222223,1.0,0.6608963012695312,9
APA-RCA-v2,A4_aggregation_error,medium,13,FEAT_SECTOR_B,REPORT_LIMIT,47.0,0,0,0,0.02127659574468085,1.0,0.6821155548095703,9
VAE+APA-RCA,A4_aggregation_error,medium,13,FEAT_SECTOR_B,REPORT_LIMIT,46.0,0,0,0,0.021739130434782608,1.0,0.6630420684814453,9
APA-RCA-v2,A4_aggregation_error,medium,14,FEAT_SECTOR_A,REPORT_LIMIT,47.0,0,0,0,0.02127659574468085,1.0,0.6799697875976562,9
VAE+APA-RCA,A4_aggregation_error,medium,14,FEAT_SECTOR_A,REPORT_LIMIT,45.0,0,0,0,0.022222222222222223,1.0,0.6749629974365234,9
APA-RCA-v2,A4_aggregation_error,medium,15,FEAT_SECTOR_B,REPORT_LIMIT,48.0,0,0,0,0.020833333333333332,1.0,0.6511211395263672,9
VAE+APA-RCA,A4_aggregation_error,medium,15,FEAT_SECTOR_B,REPORT_LIMIT,45.0,0,0,0,0.022222222222222223,1.0,1.1098384857177734,9
APA-RCA-v2,A4_aggregation_error,medium,16,FEAT_SECTOR_B,REPORT_LIMIT,57.0,0,0,0,0.017543859649122806,1.0,0.6959438323974609,9
VAE+APA-RCA,A4_aggregation_error,medium,16,FEAT_SECTOR_B,REPORT_LIMIT,45.0,0,0,0,0.022222222222222223,1.0,0.6756782531738281,9
APA-RCA-v2,A4_aggregation_error,medium,17,FEAT_SECTOR_B,REPORT_LIMIT,48.0,0,0,0,0.020833333333333332,1.0,0.6902217864990234,9
VAE+APA-RCA,A4_aggregation_error,medium,17,FEAT_SECTOR_B,REPORT_LIMIT,46.0,0,0,0,0.021739130434782608,1.0,0.6670951843261719,9
APA-RCA-v2,A4_aggregation_error,medium,18,FEAT_SECTOR_B,REPORT_LIMIT,58.0,0,0,0,0.017241379310344827,1.0,0.6797313690185547,9
VAE+APA-RCA,A4_aggregation_error,medium,18,FEAT_SECTOR_B,REPORT_LIMIT,45.0,0,0,0,0.022222222222222223,1.0,0.6711483001708984,9
APA-RCA-v2,A4_aggregation_error,medium,19,FEAT_SECTOR_B,REPORT_LIMIT,59.0,0,0,0,0.01694915254237288,1.0,0.6699562072753906,9
VAE+APA-RCA,A4_aggregation_error,medium,19,FEAT_SECTOR_B,REPORT_LIMIT,46.0,0,0,0,0.021739130434782608,1.0,0.6690025329589844,9
APA-RCA-v2,A4_aggregation_error,medium,20,FEAT_SECTOR_B,REPORT_LIMIT,58.0,0,0,0,0.017241379310344827,1.0,0.6520748138427734,9
VAE+APA-RCA,A4_aggregation_error,medium,20,FEAT_SECTOR_B,REPORT_LIMIT,46.0,0,0,0,0.021739130434782608,1.0,0.6690025329589844,9
APA-RCA-v2,A4_aggregation_error,medium,21,FEAT_SECTOR_A,REPORT_LIMIT,47.0,0,0,0,0.02127659574468085,1.0,0.6620883941650391,9
VAE+APA-RCA,A4_aggregation_error,medium,21,FEAT_SECTOR_A,REPORT_LIMIT,45.0,0,0,0,0.022222222222222223,1.0,0.6673336029052734,9
APA-RCA-v2,A4_aggregation_error,medium,22,FEAT_SECTOR_B,REPORT_LIMIT,54.0,0,0,0,0.018518518518518517,1.0,0.6551742553710938,9
VAE+APA-RCA,A4_aggregation_error,medium,22,FEAT_SECTOR_B,REPORT_LIMIT,45.0,0,0,0,0.022222222222222223,1.0,0.6651878356933594,9
APA-RCA-v2,A4_aggregation_error,medium,23,FEAT_SECTOR_A,REPORT_LIMIT,61.0,0,0,0,0.01639344262295082,1.0,0.6558895111083984,9
VAE+APA-RCA,A4_aggregation_error,medium,23,FEAT_SECTOR_A,REPORT_LIMIT,46.0,0,0,0,0.021739130434782608,1.0,0.6709098815917969,9
APA-RCA-v2,A4_aggregation_error,medium,24,FEAT_SECTOR_A,REPORT_LIMIT,45.0,0,0,0,0.022222222222222223,1.0,0.6551742553710938,9
VAE+APA-RCA,A4_aggregation_error,medium,24,FEAT_SECTOR_A,REPORT_LIMIT,46.0,0,0,0,0.021739130434782608,1.0,0.6701946258544922,9
APA-RCA-v2,A4_aggregation_error,medium,25,FEAT_SECTOR_B,REPORT_LIMIT,57.0,0,0,0,0.017543859649122806,1.0,0.7441043853759766,9
VAE+APA-RCA,A4_aggregation_error,medium,25,FEAT_SECTOR_B,REPORT_LIMIT,45.0,0,0,0,0.022222222222222223,1.0,0.6759166717529297,9
APA-RCA-v2,A4_aggregation_error,medium,26,FEAT_SECTOR_B,REPORT_LIMIT,45.0,0,0,0,0.022222222222222223,1.0,0.6968975067138672,9
VAE+APA-RCA,A4_aggregation_error,medium,26,FEAT_SECTOR_B,REPORT_LIMIT,46.0,0,0,0,0.021739130434782608,1.0,0.6880760192871094,9
APA-RCA-v2,A4_aggregation_error,medium,27,FEAT_SECTOR_A,REPORT_LIMIT,48.0,0,0,0,0.020833333333333332,1.0,0.6721019744873047,9
VAE+APA-RCA,A4_aggregation_error,medium,27,FEAT_SECTOR_A,REPORT_LIMIT,45.0,0,0,0,0.022222222222222223,1.0,1.1730194091796875,9
APA-RCA-v2,A4_aggregation_error,medium,28,FEAT_SECTOR_B,REPORT_LIMIT,49.0,0,0,0,0.02040816326530612,1.0,0.6830692291259766,9
VAE+APA-RCA,A4_aggregation_error,medium,28,FEAT_SECTOR_B,REPORT_LIMIT,45.0,0,0,0,0.022222222222222223,1.0,0.6959438323974609,9
APA-RCA-v2,A4_aggregation_error,medium,29,FEAT_SECTOR_B,REPORT_LIMIT,45.0,0,0,0,0.022222222222222223,1.0,0.6842613220214844,9
VAE+APA-RCA,A4_aggregation_error,medium,29,FEAT_SECTOR_B,REPORT_LIMIT,46.0,0,0,0,0.021739130434782608,1.0,0.6792545318603516,9
APA-RCA-v2,A5_downstream_masking,medium,0,SRC_STOCK_5_PRICE,REPORT_LIMIT,1.0,1,1,1,1.0,0.8,0.6930828094482422,9
VAE+APA-RCA,A5_downstream_masking,medium,0,SRC_STOCK_5_PRICE,REPORT_LIMIT,1.0,1,1,1,1.0,0.8,0.6890296936035156,9
APA-RCA-v2,A5_downstream_masking,medium,1,SRC_STOCK_3_PRICE,REPORT_LIMIT,3.0,0,1,1,0.3333333333333333,0.8,0.6761550903320312,9
VAE+APA-RCA,A5_downstream_masking,medium,1,SRC_STOCK_3_PRICE,REPORT_LIMIT,1.0,1,1,1,1.0,0.8,0.6620883941650391,9
APA-RCA-v2,A5_downstream_masking,medium,2,SRC_STOCK_5_PRICE,REPORT_LIMIT,2.0,0,1,1,0.5,0.8,0.6480216979980469,9
VAE+APA-RCA,A5_downstream_masking,medium,2,SRC_STOCK_5_PRICE,REPORT_LIMIT,2.0,0,1,1,0.5,0.8,0.6639957427978516,9
APA-RCA-v2,A5_downstream_masking,medium,3,SRC_STOCK_5_PRICE,REPORT_LIMIT,4.0,0,0,1,0.25,0.8,0.6461143493652344,9
VAE+APA-RCA,A5_downstream_masking,medium,3,SRC_STOCK_5_PRICE,REPORT_LIMIT,1.0,1,1,1,1.0,0.8,0.6711483001708984,9
APA-RCA-v2,A5_downstream_masking,medium,4,SRC_STOCK_4_PRICE,REPORT_LIMIT,3.0,0,1,1,0.3333333333333333,0.8,0.6830692291259766,9
VAE+APA-RCA,A5_downstream_masking,medium,4,SRC_STOCK_4_PRICE,REPORT_LIMIT,1.0,1,1,1,1.0,0.8,0.6561279296875,9
APA-RCA-v2,A5_downstream_masking,medium,5,SRC_STOCK_4_PRICE,REPORT_LIMIT,2.0,0,1,1,0.5,0.8,0.6878376007080078,9
VAE+APA-RCA,A5_downstream_masking,medium,5,SRC_STOCK_4_PRICE,REPORT_LIMIT,1.0,1,1,1,1.0,0.8,0.6699562072753906,9
APA-RCA-v2,A5_downstream_masking,medium,6,SRC_STOCK_3_PRICE,REPORT_LIMIT,1.0,1,1,1,1.0,0.8,0.720977783203125,9
VAE+APA-RCA,A5_downstream_masking,medium,6,SRC_STOCK_3_PRICE,REPORT_LIMIT,1.0,1,1,1,1.0,0.8,0.6740093231201172,9
APA-RCA-v2,A5_downstream_masking,medium,7,SRC_STOCK_5_PRICE,REPORT_LIMIT,1.0,1,1,1,1.0,0.8,0.6842613220214844,9
VAE+APA-RCA,A5_downstream_masking,medium,7,SRC_STOCK_5_PRICE,REPORT_LIMIT,1.0,1,1,1,1.0,0.8,0.6451606750488281,9
APA-RCA-v2,A5_downstream_masking,medium,8,SRC_STOCK_4_PRICE,REPORT_LIMIT,1.0,1,1,1,1.0,0.8,0.6608963012695312,9
VAE+APA-RCA,A5_downstream_masking,medium,8,SRC_STOCK_4_PRICE,REPORT_LIMIT,1.0,1,1,1,1.0,0.8,0.6659030914306641,9
APA-RCA-v2,A5_downstream_masking,medium,9,SRC_STOCK_3_PRICE,REPORT_LIMIT,3.0,0,1,1,0.3333333333333333,0.8,0.6711483001708984,9
VAE+APA-RCA,A5_downstream_masking,medium,9,SRC_STOCK_3_PRICE,REPORT_LIMIT,1.0,1,1,1,1.0,0.8,1.1229515075683594,9
APA-RCA-v2,A5_downstream_masking,medium,10,SRC_STOCK_4_PRICE,REPORT_LIMIT,1.0,1,1,1,1.0,0.8,0.6680488586425781,9
VAE+APA-RCA,A5_downstream_masking,medium,10,SRC_STOCK_4_PRICE,REPORT_LIMIT,1.0,1,1,1,1.0,0.8,0.6809234619140625,9
APA-RCA-v2,A5_downstream_masking,medium,11,SRC_STOCK_1_PRICE,REPORT_LIMIT,4.0,0,0,1,0.25,0.8,0.6709098815917969,9
VAE+APA-RCA,A5_downstream_masking,medium,11,SRC_STOCK_1_PRICE,REPORT_LIMIT,1.0,1,1,1,1.0,0.8,0.6730556488037109,9
APA-RCA-v2,A5_downstream_masking,medium,12,SRC_STOCK_4_PRICE,REPORT_LIMIT,1.0,1,1,1,1.0,0.8,0.6520748138427734,9
VAE+APA-RCA,A5_downstream_masking,medium,12,SRC_STOCK_4_PRICE,REPORT_LIMIT,1.0,1,1,1,1.0,0.8,0.6740093231201172,9
APA-RCA-v2,A5_downstream_masking,medium,13,SRC_STOCK_5_PRICE,REPORT_LIMIT,3.0,0,1,1,0.3333333333333333,0.8,0.6561279296875,9
VAE+APA-RCA,A5_downstream_masking,medium,13,SRC_STOCK_5_PRICE,REPORT_LIMIT,1.0,1,1,1,1.0,0.8,0.659942626953125,9
APA-RCA-v2,A5_downstream_masking,medium,14,SRC_STOCK_1_PRICE,REPORT_LIMIT,15.0,0,0,0,0.06666666666666667,1.0,0.6818771362304688,9
VAE+APA-RCA,A5_downstream_masking,medium,14,SRC_STOCK_1_PRICE,REPORT_LIMIT,2.0,0,1,1,0.5,0.8,0.6718635559082031,9
APA-RCA-v2,A5_downstream_masking,medium,15,SRC_STOCK_5_PRICE,REPORT_LIMIT,1.0,1,1,1,1.0,0.8,0.6589889526367188,9
VAE+APA-RCA,A5_downstream_masking,medium,15,SRC_STOCK_5_PRICE,REPORT_LIMIT,9.0,0,0,0,0.1111111111111111,1.0,0.6690025329589844,9
APA-RCA-v2,A5_downstream_masking,medium,16,SRC_STOCK_3_PRICE,REPORT_LIMIT,1.0,1,1,1,1.0,0.8,0.6470680236816406,9
VAE+APA-RCA,A5_downstream_masking,medium,16,SRC_STOCK_3_PRICE,REPORT_LIMIT,1.0,1,1,1,1.0,0.8,0.6728172302246094,9
APA-RCA-v2,A5_downstream_masking,medium,17,SRC_STOCK_4_PRICE,REPORT_LIMIT,4.0,0,0,1,0.25,0.8,0.6620883941650391,9
VAE+APA-RCA,A5_downstream_masking,medium,17,SRC_STOCK_4_PRICE,REPORT_LIMIT,1.0,1,1,1,1.0,0.8,0.6630420684814453,9
APA-RCA-v2,A5_downstream_masking,medium,18,SRC_STOCK_5_PRICE,REPORT_LIMIT,1.0,1,1,1,1.0,0.8,0.6558895111083984,9
VAE+APA-RCA,A5_downstream_masking,medium,18,SRC_STOCK_5_PRICE,REPORT_LIMIT,6.0,0,0,0,0.16666666666666666,1.0,0.6761550903320312,9
APA-RCA-v2,A5_downstream_masking,medium,19,SRC_STOCK_3_PRICE,REPORT_LIMIT,6.0,0,0,0,0.16666666666666666,1.0,0.6530284881591797,9
VAE+APA-RCA,A5_downstream_masking,medium,19,SRC_STOCK_3_PRICE,REPORT_LIMIT,1.0,1,1,1,1.0,0.8,0.6463527679443359,9
APA-RCA-v2,A5_downstream_masking,medium,20,SRC_STOCK_5_PRICE,REPORT_LIMIT,1.0,1,1,1,1.0,0.8,0.6549358367919922,9
VAE+APA-RCA,A5_downstream_masking,medium,20,SRC_STOCK_5_PRICE,REPORT_LIMIT,1.0,1,1,1,1.0,0.8,0.6921291351318359,9
APA-RCA-v2,A5_downstream_masking,medium,21,SRC_STOCK_2_PRICE,REPORT_LIMIT,2.0,0,1,1,0.5,0.8,0.6508827209472656,9
VAE+APA-RCA,A5_downstream_masking,medium,21,SRC_STOCK_2_PRICE,REPORT_LIMIT,1.0,1,1,1,1.0,0.8,1.1169910430908203,9
APA-RCA-v2,A5_downstream_masking,medium,22,SRC_STOCK_4_PRICE,REPORT_LIMIT,4.0,0,0,1,0.25,0.8,0.6871223449707031,9
VAE+APA-RCA,A5_downstream_masking,medium,22,SRC_STOCK_4_PRICE,REPORT_LIMIT,1.0,1,1,1,1.0,0.8,0.6749629974365234,9
APA-RCA-v2,A5_downstream_masking,medium,23,SRC_STOCK_1_PRICE,REPORT_LIMIT,4.0,0,0,1,0.25,0.8,0.6918907165527344,9
VAE+APA-RCA,A5_downstream_masking,medium,23,SRC_STOCK_1_PRICE,REPORT_LIMIT,1.0,1,1,1,1.0,0.8,0.6670951843261719,9
APA-RCA-v2,A5_downstream_masking,medium,24,SRC_STOCK_2_PRICE,REPORT_LIMIT,8.0,0,0,0,0.125,1.0,0.6649494171142578,9
VAE+APA-RCA,A5_downstream_masking,medium,24,SRC_STOCK_2_PRICE,REPORT_LIMIT,1.0,1,1,1,1.0,0.8,0.6823539733886719,9
APA-RCA-v2,A5_downstream_masking,medium,25,SRC_STOCK_3_PRICE,REPORT_LIMIT,4.0,0,0,1,0.25,0.8,0.6730556488037109,9
VAE+APA-RCA,A5_downstream_masking,medium,25,SRC_STOCK_3_PRICE,REPORT_LIMIT,1.0,1,1,1,1.0,0.8,0.6620883941650391,9
APA-RCA-v2,A5_downstream_masking,medium,26,SRC_STOCK_5_PRICE,REPORT_DASHBOARD,3.0,0,1,1,0.3333333333333333,0.8,0.6649494171142578,9
VAE+APA-RCA,A5_downstream_masking,medium,26,SRC_STOCK_5_PRICE,REPORT_DASHBOARD,1.0,1,1,1,1.0,0.8,0.6673336029052734,9
APA-RCA-v2,A5_downstream_masking,medium,27,SRC_STOCK_1_PRICE,REPORT_LIMIT,8.0,0,0,0,0.125,1.0,0.6570816040039062,9
VAE+APA-RCA,A5_downstream_masking,medium,27,SRC_STOCK_1_PRICE,REPORT_LIMIT,1.0,1,1,1,1.0,0.8,0.6327629089355469,9
APA-RCA-v2,A5_downstream_masking,medium,28,SRC_STOCK_4_PRICE,REPORT_LIMIT,4.0,0,0,1,0.25,0.8,0.6878376007080078,9
VAE+APA-RCA,A5_downstream_masking,medium,28,SRC_STOCK_4_PRICE,REPORT_LIMIT,1.0,1,1,1,1.0,0.8,0.6639957427978516,9
APA-RCA-v2,A5_downstream_masking,medium,29,SRC_STOCK_5_PRICE,REPORT_LIMIT,1.0,1,1,1,1.0,0.8,0.6721019744873047,9
VAE+APA-RCA,A5_downstream_masking,medium,29,SRC_STOCK_5_PRICE,REPORT_LIMIT,2.0,0,1,1,0.5,0.8,0.6768703460693359,9
APA-RCA-v2,A6_multi_source,medium,0,SRC_STOCK_4_PRICE,REPORT_LIMIT,2.0,0,1,1,0.5,0.8,0.6771087646484375,9
VAE+APA-RCA,A6_multi_source,medium,0,SRC_STOCK_4_PRICE,REPORT_LIMIT,2.0,0,1,1,0.5,0.8,0.6670951843261719,9
APA-RCA-v2,A6_multi_source,medium,1,SRC_STOCK_3_PRICE,REPORT_REG_VAR,1.0,1,1,1,1.0,0.8,0.7281303405761719,9
VAE+APA-RCA,A6_multi_source,medium,1,SRC_STOCK_3_PRICE,REPORT_REG_VAR,1.0,1,1,1,1.0,0.8,0.6420612335205078,9
APA-RCA-v2,A6_multi_source,medium,2,SRC_STOCK_2_PRICE,REPORT_LIMIT,2.0,0,1,1,0.5,0.8,0.6690025329589844,9
VAE+APA-RCA,A6_multi_source,medium,2,SRC_STOCK_2_PRICE,REPORT_LIMIT,3.0,0,1,1,0.3333333333333333,0.8,0.6778240203857422,9
APA-RCA-v2,A6_multi_source,medium,3,SRC_STOCK_1_PRICE,REPORT_LIMIT,1.0,1,1,1,1.0,0.8,0.6840229034423828,9
VAE+APA-RCA,A6_multi_source,medium,3,SRC_STOCK_1_PRICE,REPORT_LIMIT,2.0,0,1,1,0.5,0.8,1.135110855102539,9
APA-RCA-v2,A6_multi_source,medium,4,SRC_STOCK_3_PRICE,REPORT_DASHBOARD,2.0,0,1,1,0.5,0.8,0.7050037384033203,9
VAE+APA-RCA,A6_multi_source,medium,4,SRC_STOCK_3_PRICE,REPORT_DASHBOARD,3.0,0,1,1,0.3333333333333333,0.8,0.6730556488037109,9
APA-RCA-v2,A6_multi_source,medium,5,SRC_STOCK_4_PRICE,REPORT_LIMIT,1.0,1,1,1,1.0,0.8,0.6539821624755859,9
VAE+APA-RCA,A6_multi_source,medium,5,SRC_STOCK_4_PRICE,REPORT_LIMIT,2.0,0,1,1,0.5,0.8,0.6909370422363281,9
APA-RCA-v2,A6_multi_source,medium,6,SRC_STOCK_2_PRICE,REPORT_LIMIT,1.0,1,1,1,1.0,0.8,0.6651878356933594,9
VAE+APA-RCA,A6_multi_source,medium,6,SRC_STOCK_2_PRICE,REPORT_LIMIT,2.0,0,1,1,0.5,0.8,0.6680488586425781,9
APA-RCA-v2,A6_multi_source,medium,7,SRC_STOCK_3_PRICE,REPORT_REG_VAR,2.0,0,1,1,0.5,0.8,0.6611347198486328,9
VAE+APA-RCA,A6_multi_source,medium,7,SRC_STOCK_3_PRICE,REPORT_REG_VAR,2.0,0,1,1,0.5,0.8,0.6561279296875,9
APA-RCA-v2,A6_multi_source,medium,8,SRC_STOCK_2_PRICE,REPORT_LIMIT,2.0,0,1,1,0.5,0.8,0.6678104400634766,9
VAE+APA-RCA,A6_multi_source,medium,8,SRC_STOCK_2_PRICE,REPORT_LIMIT,3.0,0,1,1,0.3333333333333333,0.8,0.6701946258544922,9
APA-RCA-v2,A6_multi_source,medium,9,SRC_STOCK_4_PRICE,REPORT_LIMIT,1.0,1,1,1,1.0,0.8,0.6787776947021484,9
VAE+APA-RCA,A6_multi_source,medium,9,SRC_STOCK_4_PRICE,REPORT_LIMIT,2.0,0,1,1,0.5,0.8,0.6668567657470703,9
APA-RCA-v2,A6_multi_source,medium,10,SRC_STOCK_2_PRICE,REPORT_LIMIT,1.0,1,1,1,1.0,0.8,0.6539821624755859,9
VAE+APA-RCA,A6_multi_source,medium,10,SRC_STOCK_2_PRICE,REPORT_LIMIT,2.0,0,1,1,0.5,0.8,0.6549358367919922,9
APA-RCA-v2,A6_multi_source,medium,11,SRC_STOCK_1_PRICE,REPORT_LIMIT,1.0,1,1,1,1.0,0.8,0.6849765777587891,9
VAE+APA-RCA,A6_multi_source,medium,11,SRC_STOCK_1_PRICE,REPORT_LIMIT,1.0,1,1,1,1.0,0.8,0.6690025329589844,9
APA-RCA-v2,A6_multi_source,medium,12,SRC_STOCK_4_PRICE,REPORT_LIMIT,1.0,1,1,1,1.0,0.8,0.6651878356933594,9
VAE+APA-RCA,A6_multi_source,medium,12,SRC_STOCK_4_PRICE,REPORT_LIMIT,3.0,0,1,1,0.3333333333333333,0.8,0.6642341613769531,9
APA-RCA-v2,A6_multi_source,medium,13,SRC_STOCK_4_PRICE,REPORT_REG_VAR,1.0,1,1,1,1.0,0.8,0.6930828094482422,9
VAE+APA-RCA,A6_multi_source,medium,13,SRC_STOCK_4_PRICE,REPORT_REG_VAR,2.0,0,1,1,0.5,0.8,0.6618499755859375,9
APA-RCA-v2,A6_multi_source,medium,14,SRC_STOCK_5_PRICE,REPORT_REG_VAR,2.0,0,1,1,0.5,0.8,0.6771087646484375,9
VAE+APA-RCA,A6_multi_source,medium,14,SRC_STOCK_5_PRICE,REPORT_REG_VAR,2.0,0,1,1,0.5,0.8,0.6730556488037109,9
APA-RCA-v2,A6_multi_source,medium,15,SRC_STOCK_4_PRICE,REPORT_LIMIT,1.0,1,1,1,1.0,0.8,0.6649494171142578,9
VAE+APA-RCA,A6_multi_source,medium,15,SRC_STOCK_4_PRICE,REPORT_LIMIT,2.0,0,1,1,0.5,0.8,1.071929931640625,9
APA-RCA-v2,A6_multi_source,medium,16,SRC_STOCK_2_PRICE,REPORT_DASHBOARD,2.0,0,1,1,0.5,0.8,0.6821155548095703,9
VAE+APA-RCA,A6_multi_source,medium,16,SRC_STOCK_2_PRICE,REPORT_DASHBOARD,2.0,0,1,1,0.5,0.8,0.6589889526367188,9
APA-RCA-v2,A6_multi_source,medium,17,SRC_STOCK_4_PRICE,REPORT_LIMIT,2.0,0,1,1,0.5,0.8,0.7297992706298828,9
VAE+APA-RCA,A6_multi_source,medium,17,SRC_STOCK_4_PRICE,REPORT_LIMIT,3.0,0,1,1,0.3333333333333333,0.8,0.7271766662597656,9
APA-RCA-v2,A6_multi_source,medium,18,SRC_STOCK_3_PRICE,REPORT_LIMIT,1.0,1,1,1,1.0,0.8,0.6928443908691406,9
VAE+APA-RCA,A6_multi_source,medium,18,SRC_STOCK_3_PRICE,REPORT_LIMIT,2.0,0,1,1,0.5,0.8,0.6730556488037109,9
APA-RCA-v2,A6_multi_source,medium,19,SRC_STOCK_4_PRICE,REPORT_DASHBOARD,1.0,1,1,1,1.0,0.8,0.6608963012695312,9
VAE+APA-RCA,A6_multi_source,medium,19,SRC_STOCK_4_PRICE,REPORT_DASHBOARD,2.0,0,1,1,0.5,0.8,0.6573200225830078,9
APA-RCA-v2,A6_multi_source,medium,20,SRC_STOCK_3_PRICE,REPORT_LIMIT,2.0,0,1,1,0.5,0.8,0.6771087646484375,9
VAE+APA-RCA,A6_multi_source,medium,20,SRC_STOCK_3_PRICE,REPORT_LIMIT,2.0,0,1,1,0.5,0.8,0.6787776947021484,9
APA-RCA-v2,A6_multi_source,medium,21,SRC_STOCK_2_PRICE,REPORT_LIMIT,2.0,0,1,1,0.5,0.8,0.6639957427978516,9
VAE+APA-RCA,A6_multi_source,medium,21,SRC_STOCK_2_PRICE,REPORT_LIMIT,2.0,0,1,1,0.5,0.8,0.6611347198486328,9
APA-RCA-v2,A6_multi_source,medium,22,SRC_STOCK_4_PRICE,REPORT_LIMIT,2.0,0,1,1,0.5,0.8,0.7641315460205078,9
VAE+APA-RCA,A6_multi_source,medium,22,SRC_STOCK_4_PRICE,REPORT_LIMIT,2.0,0,1,1,0.5,0.8,0.7491111755371094,9
APA-RCA-v2,A6_multi_source,medium,23,SRC_STOCK_5_PRICE,REPORT_DASHBOARD,2.0,0,1,1,0.5,0.8,0.6921291351318359,9
VAE+APA-RCA,A6_multi_source,medium,23,SRC_STOCK_5_PRICE,REPORT_DASHBOARD,1.0,1,1,1,1.0,0.8,0.6699562072753906,9
APA-RCA-v2,A6_multi_source,medium,24,SRC_STOCK_2_PRICE,REPORT_REG_VAR,1.0,1,1,1,1.0,0.8,0.6482601165771484,9
VAE+APA-RCA,A6_multi_source,medium,24,SRC_STOCK_2_PRICE,REPORT_REG_VAR,2.0,0,1,1,0.5,0.8,0.6690025329589844,9
APA-RCA-v2,A6_multi_source,medium,25,SRC_STOCK_1_PRICE,REPORT_REG_VAR,2.0,0,1,1,0.5,0.8,0.6890296936035156,9
VAE+APA-RCA,A6_multi_source,medium,25,SRC_STOCK_1_PRICE,REPORT_REG_VAR,3.0,0,1,1,0.3333333333333333,0.8,0.6582736968994141,9
APA-RCA-v2,A6_multi_source,medium,26,SRC_STOCK_2_PRICE,REPORT_DASHBOARD,2.0,0,1,1,0.5,0.8,0.6580352783203125,9
VAE+APA-RCA,A6_multi_source,medium,26,SRC_STOCK_2_PRICE,REPORT_DASHBOARD,2.0,0,1,1,0.5,0.8,0.6630420684814453,9
APA-RCA-v2,A6_multi_source,medium,27,SRC_STOCK_2_PRICE,REPORT_LIMIT,2.0,0,1,1,0.5,0.8,0.6768703460693359,9
VAE+APA-RCA,A6_multi_source,medium,27,SRC_STOCK_2_PRICE,REPORT_LIMIT,2.0,0,1,1,0.5,0.8,1.1408329010009766,9
APA-RCA-v2,A6_multi_source,medium,28,SRC_STOCK_2_PRICE,REPORT_DASHBOARD,2.0,0,1,1,0.5,0.8,0.6718635559082031,9
VAE+APA-RCA,A6_multi_source,medium,28,SRC_STOCK_2_PRICE,REPORT_DASHBOARD,3.0,0,1,1,0.3333333333333333,0.8,0.6330013275146484,9
APA-RCA-v2,A6_multi_source,medium,29,SRC_STOCK_5_PRICE,REPORT_LIMIT,1.0,1,1,1,1.0,0.8,0.6918907165527344,9
VAE+APA-RCA,A6_multi_source,medium,29,SRC_STOCK_5_PRICE,REPORT_LIMIT,2.0,0,1,1,0.5,0.8,0.6148815155029297,9
APA-RCA-v2,A7_coincidental,medium,0,SRC_STOCK_5_PRICE,REPORT_LIMIT,1.0,1,1,1,1.0,0.8,0.6651878356933594,9
VAE+APA-RCA,A7_coincidental,medium,0,SRC_STOCK_5_PRICE,REPORT_LIMIT,2.0,0,1,1,0.5,0.8,0.6532669067382812,9
APA-RCA-v2,A7_coincidental,medium,1,SRC_STOCK_3_PRICE,REPORT_REG_VAR,1.0,1,1,1,1.0,0.8,0.6399154663085938,9
VAE+APA-RCA,A7_coincidental,medium,1,SRC_STOCK_3_PRICE,REPORT_REG_VAR,2.0,0,1,1,0.5,0.8,0.6520748138427734,9
APA-RCA-v2,A7_coincidental,medium,2,SRC_STOCK_5_PRICE,REPORT_LIMIT,1.0,1,1,1,1.0,0.8,0.6489753723144531,9
VAE+APA-RCA,A7_coincidental,medium,2,SRC_STOCK_5_PRICE,REPORT_LIMIT,2.0,0,1,1,0.5,0.8,0.621795654296875,9
APA-RCA-v2,A7_coincidental,medium,3,SRC_STOCK_5_PRICE,REPORT_LIMIT,1.0,1,1,1,1.0,0.8,0.6749629974365234,9
VAE+APA-RCA,A7_coincidental,medium,3,SRC_STOCK_5_PRICE,REPORT_LIMIT,2.0,0,1,1,0.5,0.8,0.6530284881591797,9
APA-RCA-v2,A7_coincidental,medium,4,SRC_STOCK_4_PRICE,REPORT_LIMIT,1.0,1,1,1,1.0,0.8,0.6630420684814453,9
VAE+APA-RCA,A7_coincidental,medium,4,SRC_STOCK_4_PRICE,REPORT_LIMIT,2.0,0,1,1,0.5,0.8,0.6160736083984375,9
APA-RCA-v2,A7_coincidental,medium,5,SRC_STOCK_4_PRICE,REPORT_LIMIT,1.0,1,1,1,1.0,0.8,0.6730556488037109,9
VAE+APA-RCA,A7_coincidental,medium,5,SRC_STOCK_4_PRICE,REPORT_LIMIT,2.0,0,1,1,0.5,0.8,0.6620883941650391,9
APA-RCA-v2,A7_coincidental,medium,6,SRC_STOCK_3_PRICE,REPORT_LIMIT,1.0,1,1,1,1.0,0.8,0.6558895111083984,9
VAE+APA-RCA,A7_coincidental,medium,6,SRC_STOCK_3_PRICE,REPORT_LIMIT,2.0,0,1,1,0.5,0.8,0.6210803985595703,9
APA-RCA-v2,A7_coincidental,medium,7,SRC_STOCK_5_PRICE,REPORT_REG_VAR,1.0,1,1,1,1.0,0.8,0.7102489471435547,9
VAE+APA-RCA,A7_coincidental,medium,7,SRC_STOCK_5_PRICE,REPORT_REG_VAR,2.0,0,1,1,0.5,0.8,0.6358623504638672,9
APA-RCA-v2,A7_coincidental,medium,8,SRC_STOCK_4_PRICE,REPORT_LIMIT,1.0,1,1,1,1.0,0.8,0.6809234619140625,9
VAE+APA-RCA,A7_coincidental,medium,8,SRC_STOCK_4_PRICE,REPORT_LIMIT,2.0,0,1,1,0.5,0.8,0.7011890411376953,9
APA-RCA-v2,A7_coincidental,medium,9,SRC_STOCK_3_PRICE,REPORT_LIMIT,1.0,1,1,1,1.0,0.8,0.6620883941650391,9
VAE+APA-RCA,A7_coincidental,medium,9,SRC_STOCK_3_PRICE,REPORT_LIMIT,2.0,0,1,1,0.5,0.8,1.0991096496582031,9
APA-RCA-v2,A7_coincidental,medium,10,SRC_STOCK_4_PRICE,REPORT_LIMIT,1.0,1,1,1,1.0,0.8,0.6570816040039062,9
VAE+APA-RCA,A7_coincidental,medium,10,SRC_STOCK_4_PRICE,REPORT_LIMIT,2.0,0,1,1,0.5,0.8,0.6699562072753906,9
APA-RCA-v2,A7_coincidental,medium,11,SRC_STOCK_1_PRICE,REPORT_LIMIT,1.0,1,1,1,1.0,0.8,0.6830692291259766,9
VAE+APA-RCA,A7_coincidental,medium,11,SRC_STOCK_1_PRICE,REPORT_LIMIT,2.0,0,1,1,0.5,0.8,0.6761550903320312,9
APA-RCA-v2,A7_coincidental,medium,12,SRC_STOCK_4_PRICE,REPORT_DASHBOARD,1.0,1,1,1,1.0,0.8,0.7250308990478516,9
VAE+APA-RCA,A7_coincidental,medium,12,SRC_STOCK_4_PRICE,REPORT_DASHBOARD,2.0,0,1,1,0.5,0.8,0.67138671875,9
APA-RCA-v2,A7_coincidental,medium,13,SRC_STOCK_5_PRICE,REPORT_DASHBOARD,1.0,1,1,1,1.0,0.8,0.6940364837646484,9
VAE+APA-RCA,A7_coincidental,medium,13,SRC_STOCK_5_PRICE,REPORT_DASHBOARD,2.0,0,1,1,0.5,0.8,0.6620883941650391,9
APA-RCA-v2,A7_coincidental,medium,14,SRC_STOCK_1_PRICE,REPORT_LIMIT,1.0,1,1,1,1.0,0.8,0.6809234619140625,9
VAE+APA-RCA,A7_coincidental,medium,14,SRC_STOCK_1_PRICE,REPORT_LIMIT,2.0,0,1,1,0.5,0.8,0.6949901580810547,9
APA-RCA-v2,A7_coincidental,medium,15,SRC_STOCK_5_PRICE,REPORT_LIMIT,1.0,1,1,1,1.0,0.8,0.6649494171142578,9
VAE+APA-RCA,A7_coincidental,medium,15,SRC_STOCK_5_PRICE,REPORT_LIMIT,2.0,0,1,1,0.5,0.8,0.6709098815917969,9
APA-RCA-v2,A7_coincidental,medium,16,SRC_STOCK_3_PRICE,REPORT_LIMIT,1.0,1,1,1,1.0,0.8,0.6949901580810547,9
VAE+APA-RCA,A7_coincidental,medium,16,SRC_STOCK_3_PRICE,REPORT_LIMIT,2.0,0,1,1,0.5,0.8,0.6620883941650391,9
APA-RCA-v2,A7_coincidental,medium,17,SRC_STOCK_4_PRICE,REPORT_LIMIT,1.0,1,1,1,1.0,0.8,0.7038116455078125,9
VAE+APA-RCA,A7_coincidental,medium,17,SRC_STOCK_4_PRICE,REPORT_LIMIT,2.0,0,1,1,0.5,0.8,0.6847381591796875,9
APA-RCA-v2,A7_coincidental,medium,18,SRC_STOCK_5_PRICE,REPORT_LIMIT,1.0,1,1,1,1.0,0.8,0.67901611328125,9
VAE+APA-RCA,A7_coincidental,medium,18,SRC_STOCK_5_PRICE,REPORT_LIMIT,2.0,0,1,1,0.5,0.8,0.6761550903320312,9
APA-RCA-v2,A7_coincidental,medium,19,SRC_STOCK_3_PRICE,REPORT_LIMIT,1.0,1,1,1,1.0,0.8,0.6911754608154297,9
VAE+APA-RCA,A7_coincidental,medium,19,SRC_STOCK_3_PRICE,REPORT_LIMIT,2.0,0,1,1,0.5,0.8,0.6489753723144531,9
APA-RCA-v2,A7_coincidental,medium,20,SRC_STOCK_5_PRICE,REPORT_LIMIT,1.0,1,1,1,1.0,0.8,0.6611347198486328,9
VAE+APA-RCA,A7_coincidental,medium,20,SRC_STOCK_5_PRICE,REPORT_LIMIT,2.0,0,1,1,0.5,0.8,0.6647109985351562,9
APA-RCA-v2,A7_coincidental,medium,21,SRC_STOCK_2_PRICE,REPORT_LIMIT,1.0,1,1,1,1.0,0.8,0.6530284881591797,9
VAE+APA-RCA,A7_coincidental,medium,21,SRC_STOCK_2_PRICE,REPORT_LIMIT,2.0,0,1,1,0.5,0.8,1.096963882446289,9
APA-RCA-v2,A7_coincidental,medium,22,SRC_STOCK_4_PRICE,REPORT_LIMIT,1.0,1,1,1,1.0,0.8,0.6568431854248047,9
VAE+APA-RCA,A7_coincidental,medium,22,SRC_STOCK_4_PRICE,REPORT_LIMIT,2.0,0,1,1,0.5,0.8,0.6659030914306641,9
APA-RCA-v2,A7_coincidental,medium,23,SRC_STOCK_1_PRICE,REPORT_LIMIT,1.0,1,1,1,1.0,0.8,0.6670951843261719,9
VAE+APA-RCA,A7_coincidental,medium,23,SRC_STOCK_1_PRICE,REPORT_LIMIT,2.0,0,1,1,0.5,0.8,0.6649494171142578,9
APA-RCA-v2,A7_coincidental,medium,24,SRC_STOCK_2_PRICE,REPORT_LIMIT,1.0,1,1,1,1.0,0.8,0.7131099700927734,9
VAE+APA-RCA,A7_coincidental,medium,24,SRC_STOCK_2_PRICE,REPORT_LIMIT,2.0,0,1,1,0.5,0.8,0.7700920104980469,9
APA-RCA-v2,A7_coincidental,medium,25,SRC_STOCK_3_PRICE,REPORT_REG_VAR,1.0,1,1,1,1.0,0.8,0.84686279296875,9
VAE+APA-RCA,A7_coincidental,medium,25,SRC_STOCK_3_PRICE,REPORT_REG_VAR,2.0,0,1,1,0.5,0.8,0.6761550903320312,9
APA-RCA-v2,A7_coincidental,medium,26,SRC_STOCK_5_PRICE,REPORT_REG_VAR,1.0,1,1,1,1.0,0.8,0.6699562072753906,9
VAE+APA-RCA,A7_coincidental,medium,26,SRC_STOCK_5_PRICE,REPORT_REG_VAR,2.0,0,1,1,0.5,0.8,0.6678104400634766,9
APA-RCA-v2,A7_coincidental,medium,27,SRC_STOCK_1_PRICE,REPORT_LIMIT,1.0,1,1,1,1.0,0.8,0.6899833679199219,9
VAE+APA-RCA,A7_coincidental,medium,27,SRC_STOCK_1_PRICE,REPORT_LIMIT,2.0,0,1,1,0.5,0.8,0.6730556488037109,9
APA-RCA-v2,A7_coincidental,medium,28,SRC_STOCK_4_PRICE,REPORT_LIMIT,1.0,1,1,1,1.0,0.8,0.6868839263916016,9
VAE+APA-RCA,A7_coincidental,medium,28,SRC_STOCK_4_PRICE,REPORT_LIMIT,2.0,0,1,1,0.5,0.8,0.7178783416748047,9
APA-RCA-v2,A7_coincidental,medium,29,SRC_STOCK_5_PRICE,REPORT_LIMIT,1.0,1,1,1,1.0,0.8,0.6742477416992188,9
VAE+APA-RCA,A7_coincidental,medium,29,SRC_STOCK_5_PRICE,REPORT_LIMIT,2.0,0,1,1,0.5,0.8,0.6649494171142578,9
APA-RCA-v2,A1_source_corruption,large,0,SRC_STOCK_7_PRICE,REPORT_LIMIT,1.0,1,1,1,1.0,0.8,1.0211467742919922,9
VAE+APA-RCA,A1_source_corruption,large,0,SRC_STOCK_7_PRICE,REPORT_LIMIT,1.0,1,1,1,1.0,0.8,1.3420581817626953,9
APA-RCA-v2,A1_source_corruption,large,1,SRC_STOCK_4_PRICE,REPORT_LIMIT,1.0,1,1,1,1.0,0.8,0.9839534759521484,9
VAE+APA-RCA,A1_source_corruption,large,1,SRC_STOCK_4_PRICE,REPORT_LIMIT,1.0,1,1,1,1.0,0.8,0.9660720825195312,9
APA-RCA-v2,A1_source_corruption,large,2,SRC_STOCK_7_PRICE,REPORT_REG_VAR,1.0,1,1,1,1.0,0.8,0.9570121765136719,9
VAE+APA-RCA,A1_source_corruption,large,2,SRC_STOCK_7_PRICE,REPORT_REG_VAR,1.0,1,1,1,1.0,0.8,0.9121894836425781,9
APA-RCA-v2,A1_source_corruption,large,3,SRC_STOCK_7_PRICE,REPORT_LIMIT,1.0,1,1,1,1.0,0.8,1.065969467163086,9
VAE+APA-RCA,A1_source_corruption,large,3,SRC_STOCK_7_PRICE,REPORT_LIMIT,1.0,1,1,1,1.0,0.8,1.4460086822509766,9
APA-RCA-v2,A1_source_corruption,large,4,SRC_STOCK_6_PRICE,REPORT_LIMIT,1.0,1,1,1,1.0,0.8,1.3687610626220703,9
VAE+APA-RCA,A1_source_corruption,large,4,SRC_STOCK_6_PRICE,REPORT_LIMIT,2.0,0,1,1,0.5,0.8,1.062154769897461,9
APA-RCA-v2,A1_source_corruption,large,5,SRC_STOCK_6_PRICE,REPORT_LIMIT,1.0,1,1,1,1.0,0.8,1.033782958984375,9
VAE+APA-RCA,A1_source_corruption,large,5,SRC_STOCK_6_PRICE,REPORT_LIMIT,1.0,1,1,1,1.0,0.8,0.9551048278808594,9
APA-RCA-v2,A1_source_corruption,large,6,SRC_STOCK_4_PRICE,REPORT_LIMIT,1.0,1,1,1,1.0,0.8,1.0721683502197266,9
VAE+APA-RCA,A1_source_corruption,large,6,SRC_STOCK_4_PRICE,REPORT_LIMIT,1.0,1,1,1,1.0,0.8,1.4312267303466797,9
APA-RCA-v2,A1_source_corruption,large,7,SRC_STOCK_8_PRICE,REPORT_LIMIT,1.0,1,1,1,1.0,0.8,0.988006591796875,9
VAE+APA-RCA,A1_source_corruption,large,7,SRC_STOCK_8_PRICE,REPORT_LIMIT,1.0,1,1,1,1.0,0.8,0.9431838989257812,9
APA-RCA-v2,A1_source_corruption,large,8,SRC_STOCK_6_PRICE,REPORT_REG_VAR,1.0,1,1,1,1.0,0.8,0.9672641754150391,9
VAE+APA-RCA,A1_source_corruption,large,8,SRC_STOCK_6_PRICE,REPORT_REG_VAR,1.0,1,1,1,1.0,0.8,0.9448528289794922,9
APA-RCA-v2,A1_source_corruption,large,9,SRC_STOCK_4_PRICE,REPORT_LIMIT,1.0,1,1,1,1.0,0.8,1.0058879852294922,9
VAE+APA-RCA,A1_source_corruption,large,9,SRC_STOCK_4_PRICE,REPORT_LIMIT,1.0,1,1,1,1.0,0.8,1.4300346374511719,9
APA-RCA-v2,A1_source_corruption,large,10,SRC_STOCK_7_PRICE,REPORT_LIMIT,1.0,1,1,1,1.0,0.8,0.9808540344238281,9
VAE+APA-RCA,A1_source_corruption,large,10,SRC_STOCK_7_PRICE,REPORT_LIMIT,1.0,1,1,1,1.0,0.8,0.9510517120361328,9
APA-RCA-v2,A1_source_corruption,large,11,SRC_STOCK_2_PRICE,REPORT_LIMIT,1.0,1,1,1,1.0,0.8,1.0082721710205078,9
VAE+APA-RCA,A1_source_corruption,large,11,SRC_STOCK_2_PRICE,REPORT_LIMIT,1.0,1,1,1,1.0,0.8,0.9360313415527344,9
APA-RCA-v2,A1_source_corruption,large,12,SRC_STOCK_5_PRICE,REPORT_LIMIT,1.0,1,1,1,1.0,0.8,0.9570121765136719,9
VAE+APA-RCA,A1_source_corruption,large,12,SRC_STOCK_5_PRICE,REPORT_LIMIT,1.0,1,1,1,1.0,0.8,1.3439655303955078,9
APA-RCA-v2,A1_source_corruption,large,13,SRC_STOCK_8_PRICE,REPORT_LIMIT,1.0,1,1,1,1.0,0.8,1.0178089141845703,9
VAE+APA-RCA,A1_source_corruption,large,13,SRC_STOCK_8_PRICE,REPORT_LIMIT,2.0,0,1,1,0.5,0.8,0.949859619140625,9
APA-RCA-v2,A1_source_corruption,large,14,SRC_STOCK_2_PRICE,REPORT_DASHBOARD,1.0,1,1,1,1.0,0.8,0.9708404541015625,9
VAE+APA-RCA,A1_source_corruption,large,14,SRC_STOCK_2_PRICE,REPORT_DASHBOARD,1.0,1,1,1,1.0,0.8,0.9360313415527344,9
APA-RCA-v2,A1_source_corruption,large,15,SRC_STOCK_8_PRICE,REPORT_LIMIT,1.0,1,1,1,1.0,0.8,1.0178089141845703,9
VAE+APA-RCA,A1_source_corruption,large,15,SRC_STOCK_8_PRICE,REPORT_LIMIT,1.0,1,1,1,1.0,0.8,1.4159679412841797,9
APA-RCA-v2,A1_source_corruption,large,16,SRC_STOCK_5_PRICE,REPORT_LIMIT,1.0,1,1,1,1.0,0.8,1.0082721710205078,9
VAE+APA-RCA,A1_source_corruption,large,16,SRC_STOCK_5_PRICE,REPORT_LIMIT,1.0,1,1,1,1.0,0.8,0.9388923645019531,9
APA-RCA-v2,A1_source_corruption,large,17,SRC_STOCK_6_PRICE,REPORT_DASHBOARD,1.0,1,1,1,1.0,0.8,1.0187625885009766,9
VAE+APA-RCA,A1_source_corruption,large,17,SRC_STOCK_6_PRICE,REPORT_DASHBOARD,1.0,1,1,1,1.0,0.8,0.9467601776123047,9
APA-RCA-v2,A1_source_corruption,large,18,SRC_STOCK_8_PRICE,REPORT_LIMIT,1.0,1,1,1,1.0,0.8,1.0039806365966797,9
VAE+APA-RCA,A1_source_corruption,large,18,SRC_STOCK_8_PRICE,REPORT_LIMIT,1.0,1,1,1,1.0,0.8,1.4278888702392578,9
APA-RCA-v2,A1_source_corruption,large,19,SRC_STOCK_5_PRICE,REPORT_DASHBOARD,1.0,1,1,1,1.0,0.8,1.1000633239746094,9
VAE+APA-RCA,A1_source_corruption,large,19,SRC_STOCK_5_PRICE,REPORT_DASHBOARD,1.0,1,1,1,1.0,0.8,1.0418891906738281,9
APA-RCA-v2,A1_source_corruption,large,20,SRC_STOCK_8_PRICE,REPORT_LIMIT,1.0,1,1,1,1.0,0.8,1.0609626770019531,9
VAE+APA-RCA,A1_source_corruption,large,20,SRC_STOCK_8_PRICE,REPORT_LIMIT,1.0,1,1,1,1.0,0.8,0.96893310546875,9
APA-RCA-v2,A1_source_corruption,large,21,SRC_STOCK_3_PRICE,REPORT_REG_VAR,1.0,1,1,1,1.0,0.8,1.0182857513427734,9
VAE+APA-RCA,A1_source_corruption,large,21,SRC_STOCK_3_PRICE,REPORT_REG_VAR,1.0,1,1,1,1.0,0.8,1.5079975128173828,9
APA-RCA-v2,A1_source_corruption,large,22,SRC_STOCK_7_PRICE,REPORT_LIMIT,1.0,1,1,1,1.0,0.8,1.049041748046875,9
VAE+APA-RCA,A1_source_corruption,large,22,SRC_STOCK_7_PRICE,REPORT_LIMIT,1.0,1,1,1,1.0,0.8,0.9572505950927734,9
APA-RCA-v2,A1_source_corruption,large,23,SRC_STOCK_1_PRICE,REPORT_LIMIT,1.0,1,1,1,1.0,0.8,0.9911060333251953,9
VAE+APA-RCA,A1_source_corruption,large,23,SRC_STOCK_1_PRICE,REPORT_LIMIT,1.0,1,1,1,1.0,0.8,0.9541511535644531,9
APA-RCA-v2,A1_source_corruption,large,24,SRC_STOCK_4_PRICE,REPORT_LIMIT,1.0,1,1,1,1.0,0.8,1.0209083557128906,9
VAE+APA-RCA,A1_source_corruption,large,24,SRC_STOCK_4_PRICE,REPORT_LIMIT,1.0,1,1,1,1.0,0.8,1.4257431030273438,9
APA-RCA-v2,A1_source_corruption,large,25,SRC_STOCK_5_PRICE,REPORT_LIMIT,1.0,1,1,1,1.0,0.8,1.0349750518798828,9
VAE+APA-RCA,A1_source_corruption,large,25,SRC_STOCK_5_PRICE,REPORT_LIMIT,1.0,1,1,1,1.0,0.8,0.9677410125732422,9
APA-RCA-v2,A1_source_corruption,large,26,SRC_STOCK_7_PRICE,REPORT_LIMIT,1.0,1,1,1,1.0,0.8,1.0051727294921875,9
VAE+APA-RCA,A1_source_corruption,large,26,SRC_STOCK_7_PRICE,REPORT_LIMIT,1.0,1,1,1,1.0,0.8,0.9489059448242188,9
APA-RCA-v2,A1_source_corruption,large,27,SRC_STOCK_1_PRICE,REPORT_LIMIT,1.0,1,1,1,1.0,0.8,0.9920597076416016,9
VAE+APA-RCA,A1_source_corruption,large,27,SRC_STOCK_1_PRICE,REPORT_LIMIT,1.0,1,1,1,1.0,0.8,1.4469623565673828,9
APA-RCA-v2,A1_source_corruption,large,28,SRC_STOCK_6_PRICE,REPORT_LIMIT,1.0,1,1,1,1.0,0.8,0.9872913360595703,9
VAE+APA-RCA,A1_source_corruption,large,28,SRC_STOCK_6_PRICE,REPORT_LIMIT,1.0,1,1,1,1.0,0.8,0.9691715240478516,9
APA-RCA-v2,A1_source_corruption,large,29,SRC_STOCK_8_PRICE,REPORT_LIMIT,1.0,1,1,1,1.0,0.8,0.9968280792236328,9
VAE+APA-RCA,A1_source_corruption,large,29,SRC_STOCK_8_PRICE,REPORT_LIMIT,1.0,1,1,1,1.0,0.8,0.96893310546875,9
APA-RCA-v2,A2_etl_logic_error,large,0,ETL_FX_STOCK_7_PRICE,REPORT_LIMIT,2.0,0,1,1,0.5,0.8,1.0251998901367188,9
VAE+APA-RCA,A2_etl_logic_error,large,0,ETL_FX_STOCK_7_PRICE,REPORT_LIMIT,19.0,0,0,0,0.05263157894736842,1.0,1.405954360961914,9
APA-RCA-v2,A2_etl_logic_error,large,1,ETL_FX_STOCK_4_PRICE,REPORT_LIMIT,2.0,0,1,1,0.5,0.8,1.0061264038085938,9
VAE+APA-RCA,A2_etl_logic_error,large,1,ETL_FX_STOCK_4_PRICE,REPORT_LIMIT,21.0,0,0,0,0.047619047619047616,1.0,0.9431838989257812,9
APA-RCA-v2,A2_etl_logic_error,large,2,ETL_FX_STOCK_7_PRICE,REPORT_LIMIT,2.0,0,1,1,0.5,0.8,1.0101795196533203,9
VAE+APA-RCA,A2_etl_logic_error,large,2,ETL_FX_STOCK_7_PRICE,REPORT_LIMIT,19.0,0,0,0,0.05263157894736842,1.0,0.9343624114990234,9
APA-RCA-v2,A2_etl_logic_error,large,3,ETL_FX_STOCK_7_PRICE,REPORT_LIMIT,2.0,0,1,1,0.5,0.8,0.9799003601074219,9
VAE+APA-RCA,A2_etl_logic_error,large,3,ETL_FX_STOCK_7_PRICE,REPORT_LIMIT,21.0,0,0,0,0.047619047619047616,1.0,1.3971328735351562,9
APA-RCA-v2,A2_etl_logic_error,large,4,ETL_FX_STOCK_6_PRICE,REPORT_LIMIT,3.0,0,1,1,0.3333333333333333,0.8,0.9961128234863281,9
VAE+APA-RCA,A2_etl_logic_error,large,4,ETL_FX_STOCK_6_PRICE,REPORT_LIMIT,22.0,0,0,0,0.045454545454545456,1.0,0.9748935699462891,9
APA-RCA-v2,A2_etl_logic_error,large,5,ETL_FX_STOCK_6_PRICE,REPORT_LIMIT,1.0,1,1,1,1.0,0.8,1.0027885437011719,9
VAE+APA-RCA,A2_etl_logic_error,large,5,ETL_FX_STOCK_6_PRICE,REPORT_LIMIT,20.0,0,0,0,0.05,1.0,1.004934310913086,9
APA-RCA-v2,A2_etl_logic_error,large,6,ETL_FX_STOCK_4_PRICE,REPORT_LIMIT,2.0,0,1,1,0.5,0.8,0.9729862213134766,9
VAE+APA-RCA,A2_etl_logic_error,large,6,ETL_FX_STOCK_4_PRICE,REPORT_LIMIT,25.0,0,0,0,0.04,1.0,1.402139663696289,9
APA-RCA-v2,A2_etl_logic_error,large,7,ETL_FX_STOCK_8_PRICE,REPORT_LIMIT,2.0,0,1,1,0.5,0.8,0.9679794311523438,9
VAE+APA-RCA,A2_etl_logic_error,large,7,ETL_FX_STOCK_8_PRICE,REPORT_LIMIT,21.0,0,0,0,0.047619047619047616,1.0,0.9589195251464844,9
APA-RCA-v2,A2_etl_logic_error,large,8,ETL_FX_STOCK_6_PRICE,REPORT_LIMIT,2.0,0,1,1,0.5,0.8,0.9760856628417969,9
VAE+APA-RCA,A2_etl_logic_error,large,8,ETL_FX_STOCK_6_PRICE,REPORT_LIMIT,18.0,0,0,0,0.05555555555555555,1.0,0.9291172027587891,9
APA-RCA-v2,A2_etl_logic_error,large,9,ETL_FX_STOCK_4_PRICE,REPORT_LIMIT,1.0,1,1,1,1.0,0.8,0.988006591796875,9
VAE+APA-RCA,A2_etl_logic_error,large,9,ETL_FX_STOCK_4_PRICE,REPORT_LIMIT,22.0,0,0,0,0.045454545454545456,1.0,0.9279251098632812,9
APA-RCA-v2,A2_etl_logic_error,large,10,ETL_FX_STOCK_7_PRICE,REPORT_LIMIT,3.0,0,1,1,0.3333333333333333,0.8,0.9610652923583984,9
VAE+APA-RCA,A2_etl_logic_error,large,10,ETL_FX_STOCK_7_PRICE,REPORT_LIMIT,19.0,0,0,0,0.05263157894736842,1.0,0.9331703186035156,9
APA-RCA-v2,A2_etl_logic_error,large,11,ETL_FX_STOCK_2_PRICE,REPORT_LIMIT,2.0,0,1,1,0.5,0.8,0.9610652923583984,9
VAE+APA-RCA,A2_etl_logic_error,large,11,ETL_FX_STOCK_2_PRICE,REPORT_LIMIT,20.0,0,0,0,0.05,1.0,0.9369850158691406,9
APA-RCA-v2,A2_etl_logic_error,large,12,ETL_FX_STOCK_5_PRICE,REPORT_LIMIT,2.0,0,1,1,0.5,0.8,0.9708404541015625,9
VAE+APA-RCA,A2_etl_logic_error,large,12,ETL_FX_STOCK_5_PRICE,REPORT_LIMIT,19.0,0,0,0,0.05263157894736842,1.0,0.9169578552246094,9
APA-RCA-v2,A2_etl_logic_error,large,13,ETL_FX_STOCK_8_PRICE,REPORT_LIMIT,1.0,1,1,1,1.0,0.8,0.9901523590087891,9
VAE+APA-RCA,A2_etl_logic_error,large,13,ETL_FX_STOCK_8_PRICE,REPORT_LIMIT,20.0,0,0,0,0.05,1.0,0.9260177612304688,9
APA-RCA-v2,A2_etl_logic_error,large,14,ETL_FX_STOCK_2_PRICE,REPORT_LIMIT,3.0,0,1,1,0.3333333333333333,0.8,1.0318756103515625,9
VAE+APA-RCA,A2_etl_logic_error,large,14,ETL_FX_STOCK_2_PRICE,REPORT_LIMIT,20.0,0,0,0,0.05,1.0,0.9799003601074219,9
APA-RCA-v2,A2_etl_logic_error,large,15,ETL_FX_STOCK_8_PRICE,REPORT_LIMIT,3.0,0,1,1,0.3333333333333333,0.8,1.0118484497070312,9
VAE+APA-RCA,A2_etl_logic_error,large,15,ETL_FX_STOCK_8_PRICE,REPORT_LIMIT,22.0,0,0,0,0.045454545454545456,1.0,0.9319782257080078,9
APA-RCA-v2,A2_etl_logic_error,large,16,ETL_FX_STOCK_5_PRICE,REPORT_LIMIT,2.0,0,1,1,0.5,0.8,0.9570121765136719,9
VAE+APA-RCA,A2_etl_logic_error,large,16,ETL_FX_STOCK_5_PRICE,REPORT_LIMIT,21.0,0,0,0,0.047619047619047616,1.0,0.9360313415527344,9
APA-RCA-v2,A2_etl_logic_error,large,17,ETL_FX_STOCK_6_PRICE,REPORT_LIMIT,1.0,1,1,1,1.0,0.8,0.9720325469970703,9
VAE+APA-RCA,A2_etl_logic_error,large,17,ETL_FX_STOCK_6_PRICE,REPORT_LIMIT,22.0,0,0,0,0.045454545454545456,1.0,0.9210109710693359,9
APA-RCA-v2,A2_etl_logic_error,large,18,ETL_FX_STOCK_8_PRICE,REPORT_LIMIT,2.0,0,1,1,0.5,0.8,1.0051727294921875,9
VAE+APA-RCA,A2_etl_logic_error,large,18,ETL_FX_STOCK_8_PRICE,REPORT_LIMIT,20.0,0,0,0,0.05,1.0,0.9520053863525391,9
APA-RCA-v2,A2_etl_logic_error,large,19,ETL_FX_STOCK_5_PRICE,REPORT_LIMIT,2.0,0,1,1,0.5,0.8,1.020193099975586,9
VAE+APA-RCA,A2_etl_logic_error,large,19,ETL_FX_STOCK_5_PRICE,REPORT_LIMIT,22.0,0,0,0,0.045454545454545456,1.0,0.9348392486572266,9
APA-RCA-v2,A2_etl_logic_error,large,20,ETL_FX_STOCK_8_PRICE,REPORT_LIMIT,1.0,1,1,1,1.0,0.8,0.9980201721191406,9
VAE+APA-RCA,A2_etl_logic_error,large,20,ETL_FX_STOCK_8_PRICE,REPORT_LIMIT,19.0,0,0,0,0.05263157894736842,1.0,0.9319782257080078,9
APA-RCA-v2,A2_etl_logic_error,large,21,ETL_FX_STOCK_3_PRICE,REPORT_LIMIT,2.0,0,1,1,0.5,0.8,1.085042953491211,9
VAE+APA-RCA,A2_etl_logic_error,large,21,ETL_FX_STOCK_3_PRICE,REPORT_LIMIT,21.0,0,0,0,0.047619047619047616,1.0,1.004934310913086,9
APA-RCA-v2,A2_etl_logic_error,large,22,ETL_FX_STOCK_7_PRICE,REPORT_LIMIT,2.0,0,1,1,0.5,0.8,0.9820461273193359,9
VAE+APA-RCA,A2_etl_logic_error,large,22,ETL_FX_STOCK_7_PRICE,REPORT_LIMIT,21.0,0,0,0,0.047619047619047616,1.0,0.9520053863525391,9
APA-RCA-v2,A2_etl_logic_error,large,23,ETL_FX_STOCK_1_PRICE,REPORT_LIMIT,2.0,0,1,1,0.5,0.8,0.9760856628417969,9
VAE+APA-RCA,A2_etl_logic_error,large,23,ETL_FX_STOCK_1_PRICE,REPORT_LIMIT,20.0,0,0,0,0.05,1.0,0.9369850158691406,9
APA-RCA-v2,A2_etl_logic_error,large,24,ETL_FX_STOCK_4_PRICE,REPORT_LIMIT,2.0,0,1,1,0.5,0.8,0.9970664978027344,9
VAE+APA-RCA,A2_etl_logic_error,large,24,ETL_FX_STOCK_4_PRICE,REPORT_LIMIT,23.0,0,0,0,0.043478260869565216,1.0,0.9338855743408203,9
APA-RCA-v2,A2_etl_logic_error,large,25,ETL_FX_STOCK_5_PRICE,REPORT_LIMIT,1.0,1,1,1,1.0,0.8,1.0020732879638672,9
VAE+APA-RCA,A2_etl_logic_error,large,25,ETL_FX_STOCK_5_PRICE,REPORT_LIMIT,22.0,0,0,0,0.045454545454545456,1.0,0.9562969207763672,9
APA-RCA-v2,A2_etl_logic_error,large,26,ETL_FX_STOCK_7_PRICE,REPORT_LIMIT,3.0,0,1,1,0.3333333333333333,0.8,1.0058879852294922,9
VAE+APA-RCA,A2_etl_logic_error,large,26,ETL_FX_STOCK_7_PRICE,REPORT_LIMIT,23.0,0,0,0,0.043478260869565216,1.0,0.9400844573974609,9
APA-RCA-v2,A2_etl_logic_error,large,27,ETL_FX_STOCK_1_PRICE,REPORT_LIMIT,2.0,0,1,1,0.5,0.8,0.9858608245849609,9
VAE+APA-RCA,A2_etl_logic_error,large,27,ETL_FX_STOCK_1_PRICE,REPORT_LIMIT,18.0,0,0,0,0.05555555555555555,1.0,0.9379386901855469,9
APA-RCA-v2,A2_etl_logic_error,large,28,ETL_FX_STOCK_6_PRICE,REPORT_LIMIT,2.0,0,1,1,0.5,0.8,0.9791851043701172,9
VAE+APA-RCA,A2_etl_logic_error,large,28,ETL_FX_STOCK_6_PRICE,REPORT_LIMIT,20.0,0,0,0,0.05,1.0,0.9379386901855469,9
APA-RCA-v2,A2_etl_logic_error,large,29,ETL_FX_STOCK_8_PRICE,REPORT_LIMIT,2.0,0,1,1,0.5,0.8,0.9639263153076172,9
VAE+APA-RCA,A2_etl_logic_error,large,29,ETL_FX_STOCK_8_PRICE,REPORT_LIMIT,20.0,0,0,0,0.05,1.0,0.9381771087646484,9
APA-RCA-v2,A3_feature_calc_error,large,0,FEAT_VOL20_STOCK_7_PRICE,REPORT_LIMIT,3.0,0,1,1,0.3333333333333333,0.8,0.9951591491699219,9
VAE+APA-RCA,A3_feature_calc_error,large,0,FEAT_VOL20_STOCK_7_PRICE,REPORT_LIMIT,1.0,1,1,1,1.0,0.8,0.9331703186035156,9
APA-RCA-v2,A3_feature_calc_error,large,1,FEAT_VOL20_STOCK_4_PRICE,REPORT_LIMIT,2.0,0,1,1,0.5,0.8,1.0323524475097656,9
VAE+APA-RCA,A3_feature_calc_error,large,1,FEAT_VOL20_STOCK_4_PRICE,REPORT_LIMIT,1.0,1,1,1,1.0,0.8,0.9567737579345703,9
APA-RCA-v2,A3_feature_calc_error,large,2,FEAT_VOL20_STOCK_7_PRICE,REPORT_DASHBOARD,2.0,0,1,1,0.5,0.8,0.9622573852539062,9
VAE+APA-RCA,A3_feature_calc_error,large,2,FEAT_VOL20_STOCK_7_PRICE,REPORT_DASHBOARD,1.0,1,1,1,1.0,0.8,0.9243488311767578,9
APA-RCA-v2,A3_feature_calc_error,large,3,FEAT_VOL20_STOCK_7_PRICE,REPORT_LIMIT,32.0,0,0,0,0.03125,1.0,1.3222694396972656,9
VAE+APA-RCA,A3_feature_calc_error,large,3,FEAT_VOL20_STOCK_7_PRICE,REPORT_LIMIT,2.0,0,1,1,0.5,0.8,1.2331008911132812,9
APA-RCA-v2,A3_feature_calc_error,large,4,FEAT_VOL20_STOCK_6_PRICE,REPORT_LIMIT,3.0,0,1,1,0.3333333333333333,0.8,1.0027885437011719,9
VAE+APA-RCA,A3_feature_calc_error,large,4,FEAT_VOL20_STOCK_6_PRICE,REPORT_LIMIT,2.0,0,1,1,0.5,0.8,0.9438991546630859,9
APA-RCA-v2,A3_feature_calc_error,large,5,FEAT_VOL20_STOCK_6_PRICE,REPORT_LIMIT,1.0,1,1,1,1.0,0.8,1.2218952178955078,9
VAE+APA-RCA,A3_feature_calc_error,large,5,FEAT_VOL20_STOCK_6_PRICE,REPORT_LIMIT,1.0,1,1,1,1.0,0.8,1.0249614715576172,9
APA-RCA-v2,A3_feature_calc_error,large,6,FEAT_VOL20_STOCK_4_PRICE,REPORT_LIMIT,2.0,0,1,1,0.5,0.8,1.0302066802978516,9
VAE+APA-RCA,A3_feature_calc_error,large,6,FEAT_VOL20_STOCK_4_PRICE,REPORT_LIMIT,10.0,0,0,0,0.1,1.0,0.9400844573974609,9
APA-RCA-v2,A3_feature_calc_error,large,7,FEAT_VOL20_STOCK_8_PRICE,REPORT_LIMIT,2.0,0,1,1,0.5,0.8,0.9951591491699219,9
VAE+APA-RCA,A3_feature_calc_error,large,7,FEAT_VOL20_STOCK_8_PRICE,REPORT_LIMIT,2.0,0,1,1,0.5,0.8,0.9391307830810547,9
APA-RCA-v2,A3_feature_calc_error,large,8,FEAT_VOL20_STOCK_6_PRICE,REPORT_LIMIT,2.0,0,1,1,0.5,0.8,0.9629726409912109,9
VAE+APA-RCA,A3_feature_calc_error,large,8,FEAT_VOL20_STOCK_6_PRICE,REPORT_LIMIT,8.0,0,0,0,0.125,1.0,0.9260177612304688,9
APA-RCA-v2,A3_feature_calc_error,large,9,FEAT_VOL20_STOCK_4_PRICE,REPORT_LIMIT,2.0,0,1,1,0.5,0.8,0.965118408203125,9
VAE+APA-RCA,A3_feature_calc_error,large,9,FEAT_VOL20_STOCK_4_PRICE,REPORT_LIMIT,4.0,0,0,1,0.25,0.8,0.9341239929199219,9
APA-RCA-v2,A3_feature_calc_error,large,10,FEAT_VOL20_STOCK_7_PRICE,REPORT_DASHBOARD,2.0,0,1,1,0.5,0.8,0.9660720825195312,9
VAE+APA-RCA,A3_feature_calc_error,large,10,FEAT_VOL20_STOCK_7_PRICE,REPORT_DASHBOARD,1.0,1,1,1,1.0,0.8,0.9479522705078125,9
APA-RCA-v2,A3_feature_calc_error,large,11,FEAT_VOL20_STOCK_2_PRICE,REPORT_LIMIT,16.0,0,0,0,0.0625,1.0,1.0030269622802734,9
VAE+APA-RCA,A3_feature_calc_error,large,11,FEAT_VOL20_STOCK_2_PRICE,REPORT_LIMIT,1.0,1,1,1,1.0,0.8,0.9379386901855469,9
APA-RCA-v2,A3_feature_calc_error,large,12,FEAT_VOL20_STOCK_5_PRICE,REPORT_LIMIT,2.0,0,1,1,0.5,0.8,0.9839534759521484,9
VAE+APA-RCA,A3_feature_calc_error,large,12,FEAT_VOL20_STOCK_5_PRICE,REPORT_LIMIT,6.0,0,0,0,0.16666666666666666,1.0,0.9317398071289062,9
APA-RCA-v2,A3_feature_calc_error,large,13,FEAT_VOL20_STOCK_8_PRICE,REPORT_LIMIT,1.0,1,1,1,1.0,0.8,1.0249614715576172,9
VAE+APA-RCA,A3_feature_calc_error,large,13,FEAT_VOL20_STOCK_8_PRICE,REPORT_LIMIT,2.0,0,1,1,0.5,0.8,0.9388923645019531,9
APA-RCA-v2,A3_feature_calc_error,large,14,FEAT_VOL20_STOCK_2_PRICE,REPORT_DASHBOARD,3.0,0,1,1,0.3333333333333333,0.8,1.0008811950683594,9
VAE+APA-RCA,A3_feature_calc_error,large,14,FEAT_VOL20_STOCK_2_PRICE,REPORT_DASHBOARD,1.0,1,1,1,1.0,0.8,0.9369850158691406,9
APA-RCA-v2,A3_feature_calc_error,large,15,FEAT_VOL20_STOCK_8_PRICE,REPORT_LIMIT,3.0,0,1,1,0.3333333333333333,0.8,1.016855239868164,9
VAE+APA-RCA,A3_feature_calc_error,large,15,FEAT_VOL20_STOCK_8_PRICE,REPORT_LIMIT,12.0,0,0,0,0.08333333333333333,1.0,0.9410381317138672,9
APA-RCA-v2,A3_feature_calc_error,large,16,FEAT_VOL20_STOCK_5_PRICE,REPORT_LIMIT,12.0,0,0,0,0.08333333333333333,1.0,1.035928726196289,9
VAE+APA-RCA,A3_feature_calc_error,large,16,FEAT_VOL20_STOCK_5_PRICE,REPORT_LIMIT,2.0,0,1,1,0.5,0.8,0.9851455688476562,9
APA-RCA-v2,A3_feature_calc_error,large,17,FEAT_VOL20_STOCK_6_PRICE,REPORT_LIMIT,20.0,0,0,0,0.05,1.0,1.069784164428711,9
VAE+APA-RCA,A3_feature_calc_error,large,17,FEAT_VOL20_STOCK_6_PRICE,REPORT_LIMIT,1.0,1,1,1,1.0,0.8,0.9961128234863281,9
APA-RCA-v2,A3_feature_calc_error,large,18,FEAT_VOL20_STOCK_8_PRICE,REPORT_LIMIT,9.0,0,0,0,0.1111111111111111,1.0,1.0519027709960938,9
VAE+APA-RCA,A3_feature_calc_error,large,18,FEAT_VOL20_STOCK_8_PRICE,REPORT_LIMIT,1.0,1,1,1,1.0,0.8,0.9758472442626953,9
APA-RCA-v2,A3_feature_calc_error,large,19,FEAT_VOL20_STOCK_5_PRICE,REPORT_LIMIT,2.0,0,1,1,0.5,0.8,1.3480186462402344,9
VAE+APA-RCA,A3_feature_calc_error,large,19,FEAT_VOL20_STOCK_5_PRICE,REPORT_LIMIT,2.0,0,1,1,0.5,0.8,1.0139942169189453,9
APA-RCA-v2,A3_feature_calc_error,large,20,FEAT_VOL20_STOCK_8_PRICE,REPORT_LIMIT,10.0,0,0,0,0.1,1.0,1.0750293731689453,9
VAE+APA-RCA,A3_feature_calc_error,large,20,FEAT_VOL20_STOCK_8_PRICE,REPORT_LIMIT,1.0,1,1,1,1.0,0.8,1.0061264038085938,9
APA-RCA-v2,A3_feature_calc_error,large,21,FEAT_VOL20_STOCK_3_PRICE,REPORT_DASHBOARD,2.0,0,1,1,0.5,0.8,1.0347366333007812,9
VAE+APA-RCA,A3_feature_calc_error,large,21,FEAT_VOL20_STOCK_3_PRICE,REPORT_DASHBOARD,2.0,0,1,1,0.5,0.8,1.0380744934082031,9
APA-RCA-v2,A3_feature_calc_error,large,22,FEAT_VOL20_STOCK_7_PRICE,REPORT_LIMIT,2.0,0,1,1,0.5,0.8,0.9999275207519531,9
VAE+APA-RCA,A3_feature_calc_error,large,22,FEAT_VOL20_STOCK_7_PRICE,REPORT_LIMIT,2.0,0,1,1,0.5,0.8,0.9558200836181641,9
APA-RCA-v2,A3_feature_calc_error,large,23,FEAT_VOL20_STOCK_1_PRICE,REPORT_LIMIT,2.0,0,1,1,0.5,0.8,1.01470947265625,9
VAE+APA-RCA,A3_feature_calc_error,large,23,FEAT_VOL20_STOCK_1_PRICE,REPORT_LIMIT,1.0,1,1,1,1.0,0.8,0.9622573852539062,9
APA-RCA-v2,A3_feature_calc_error,large,24,FEAT_VOL20_STOCK_4_PRICE,REPORT_LIMIT,2.0,0,1,1,0.5,0.8,1.0590553283691406,9
VAE+APA-RCA,A3_feature_calc_error,large,24,FEAT_VOL20_STOCK_4_PRICE,REPORT_LIMIT,1.0,1,1,1,1.0,0.8,0.9758472442626953,9
APA-RCA-v2,A3_feature_calc_error,large,25,FEAT_VOL20_STOCK_5_PRICE,REPORT_LIMIT,1.0,1,1,1,1.0,0.8,1.026153564453125,9
VAE+APA-RCA,A3_feature_calc_error,large,25,FEAT_VOL20_STOCK_5_PRICE,REPORT_LIMIT,12.0,0,0,0,0.08333333333333333,1.0,0.9763240814208984,9
APA-RCA-v2,A3_feature_calc_error,large,26,FEAT_VOL20_STOCK_7_PRICE,REPORT_LIMIT,2.0,0,1,1,0.5,0.8,1.0521411895751953,9
VAE+APA-RCA,A3_feature_calc_error,large,26,FEAT_VOL20_STOCK_7_PRICE,REPORT_LIMIT,13.0,0,0,0,0.07692307692307693,1.0,0.9701251983642578,9
APA-RCA-v2,A3_feature_calc_error,large,27,FEAT_VOL20_STOCK_1_PRICE,REPORT_LIMIT,2.0,0,1,1,0.5,0.8,1.0280609130859375,9
VAE+APA-RCA,A3_feature_calc_error,large,27,FEAT_VOL20_STOCK_1_PRICE,REPORT_LIMIT,1.0,1,1,1,1.0,0.8,0.9570121765136719,9
APA-RCA-v2,A3_feature_calc_error,large,28,FEAT_VOL20_STOCK_6_PRICE,REPORT_LIMIT,2.0,0,1,1,0.5,0.8,1.0869503021240234,9
VAE+APA-RCA,A3_feature_calc_error,large,28,FEAT_VOL20_STOCK_6_PRICE,REPORT_LIMIT,1.0,1,1,1,1.0,0.8,0.9930133819580078,9
APA-RCA-v2,A3_feature_calc_error,large,29,FEAT_VOL20_STOCK_8_PRICE,REPORT_LIMIT,5.0,0,0,1,0.2,0.8,1.1200904846191406,9
VAE+APA-RCA,A3_feature_calc_error,large,29,FEAT_VOL20_STOCK_8_PRICE,REPORT_LIMIT,1.0,1,1,1,1.0,0.8,1.0290145874023438,9
APA-RCA-v2,A4_aggregation_error,large,0,FEAT_SECTOR_B,REPORT_LIMIT,87.0,0,0,0,0.011494252873563218,1.0,1.0182857513427734,9
VAE+APA-RCA,A4_aggregation_error,large,0,FEAT_SECTOR_B,REPORT_LIMIT,69.0,0,0,0,0.014492753623188406,1.0,0.9279251098632812,9
APA-RCA-v2,A4_aggregation_error,large,1,FEAT_SECTOR_A,REPORT_LIMIT,81.0,0,0,0,0.012345679012345678,1.0,0.9980201721191406,9
VAE+APA-RCA,A4_aggregation_error,large,1,FEAT_SECTOR_A,REPORT_LIMIT,70.0,0,0,0,0.014285714285714285,1.0,0.9479522705078125,9
APA-RCA-v2,A4_aggregation_error,large,2,FEAT_SECTOR_B,REPORT_LIMIT,71.0,0,0,0,0.014084507042253521,1.0,1.0538101196289062,9
VAE+APA-RCA,A4_aggregation_error,large,2,FEAT_SECTOR_B,REPORT_LIMIT,70.0,0,0,0,0.014285714285714285,1.0,0.946044921875,9
APA-RCA-v2,A4_aggregation_error,large,3,FEAT_SECTOR_B,REPORT_LIMIT,86.0,0,0,0,0.011627906976744186,1.0,1.0228157043457031,9
VAE+APA-RCA,A4_aggregation_error,large,3,FEAT_SECTOR_B,REPORT_LIMIT,70.0,0,0,0,0.014285714285714285,1.0,0.9789466857910156,9
APA-RCA-v2,A4_aggregation_error,large,4,FEAT_SECTOR_B,REPORT_LIMIT,86.0,0,0,0,0.011627906976744186,1.0,0.9882450103759766,9
VAE+APA-RCA,A4_aggregation_error,large,4,FEAT_SECTOR_B,REPORT_LIMIT,70.0,0,0,0,0.014285714285714285,1.0,0.9462833404541016,9
APA-RCA-v2,A4_aggregation_error,large,5,FEAT_SECTOR_B,REPORT_LIMIT,75.0,0,0,0,0.013333333333333334,1.0,1.0647773742675781,9
VAE+APA-RCA,A4_aggregation_error,large,5,FEAT_SECTOR_B,REPORT_LIMIT,70.0,0,0,0,0.014285714285714285,1.0,0.9241104125976562,9
APA-RCA-v2,A4_aggregation_error,large,6,FEAT_SECTOR_A,REPORT_LIMIT,87.0,0,0,0,0.011494252873563218,1.0,0.9610652923583984,9
VAE+APA-RCA,A4_aggregation_error,large,6,FEAT_SECTOR_A,REPORT_LIMIT,69.0,0,0,0,0.014492753623188406,1.0,0.8771419525146484,9
APA-RCA-v2,A4_aggregation_error,large,7,FEAT_SECTOR_B,REPORT_LIMIT,72.0,0,0,0,0.013888888888888888,1.0,0.9870529174804688,9
VAE+APA-RCA,A4_aggregation_error,large,7,FEAT_SECTOR_B,REPORT_LIMIT,70.0,0,0,0,0.014285714285714285,1.0,0.9238719940185547,9
APA-RCA-v2,A4_aggregation_error,large,8,FEAT_SECTOR_B,REPORT_LIMIT,69.0,0,0,0,0.014492753623188406,1.0,0.9522438049316406,9
VAE+APA-RCA,A4_aggregation_error,large,8,FEAT_SECTOR_B,REPORT_LIMIT,69.0,0,0,0,0.014492753623188406,1.0,0.9500980377197266,9
APA-RCA-v2,A4_aggregation_error,large,9,FEAT_SECTOR_A,REPORT_LIMIT,82.0,0,0,0,0.012195121951219513,1.0,1.149892807006836,9
VAE+APA-RCA,A4_aggregation_error,large,9,FEAT_SECTOR_A,REPORT_LIMIT,70.0,0,0,0,0.014285714285714285,1.0,0.9567737579345703,9
APA-RCA-v2,A4_aggregation_error,large,10,FEAT_SECTOR_B,REPORT_LIMIT,86.0,0,0,0,0.011627906976744186,1.0,1.0390281677246094,9
VAE+APA-RCA,A4_aggregation_error,large,10,FEAT_SECTOR_B,REPORT_LIMIT,70.0,0,0,0,0.014285714285714285,1.0,0.9469985961914062,9
APA-RCA-v2,A4_aggregation_error,large,11,FEAT_SECTOR_A,REPORT_LIMIT,74.0,0,0,0,0.013513513513513514,1.0,0.9782314300537109,9
VAE+APA-RCA,A4_aggregation_error,large,11,FEAT_SECTOR_A,REPORT_LIMIT,70.0,0,0,0,0.014285714285714285,1.0,0.9369850158691406,9
APA-RCA-v2,A4_aggregation_error,large,12,FEAT_SECTOR_B,REPORT_LIMIT,71.0,0,0,0,0.014084507042253521,1.0,0.9660720825195312,9
VAE+APA-RCA,A4_aggregation_error,large,12,FEAT_SECTOR_B,REPORT_LIMIT,70.0,0,0,0,0.014285714285714285,1.0,0.9572505950927734,9
APA-RCA-v2,A4_aggregation_error,large,13,FEAT_SECTOR_B,REPORT_LIMIT,71.0,0,0,0,0.014084507042253521,1.0,1.0077953338623047,9
VAE+APA-RCA,A4_aggregation_error,large,13,FEAT_SECTOR_B,REPORT_LIMIT,69.0,0,0,0,0.014492753623188406,1.0,0.9491443634033203,9
APA-RCA-v2,A4_aggregation_error,large,14,FEAT_SECTOR_A,REPORT_LIMIT,71.0,0,0,0,0.014084507042253521,1.0,98.62399101257324,9
VAE+APA-RCA,A4_aggregation_error,large,14,FEAT_SECTOR_A,REPORT_LIMIT,70.0,0,0,0,0.014285714285714285,1.0,0.8871555328369141,9
APA-RCA-v2,A4_aggregation_error,large,15,FEAT_SECTOR_B,REPORT_LIMIT,71.0,0,0,0,0.014084507042253521,1.0,0.96893310546875,9
VAE+APA-RCA,A4_aggregation_error,large,15,FEAT_SECTOR_B,REPORT_LIMIT,70.0,0,0,0,0.014285714285714285,1.0,0.9300708770751953,9
APA-RCA-v2,A4_aggregation_error,large,16,FEAT_SECTOR_B,REPORT_LIMIT,81.0,0,0,0,0.012345679012345678,1.0,0.9448528289794922,9
VAE+APA-RCA,A4_aggregation_error,large,16,FEAT_SECTOR_B,REPORT_LIMIT,70.0,0,0,0,0.014285714285714285,1.0,0.9300708770751953,9
APA-RCA-v2,A4_aggregation_error,large,17,FEAT_SECTOR_B,REPORT_LIMIT,71.0,0,0,0,0.014084507042253521,1.0,1.5790462493896484,9
VAE+APA-RCA,A4_aggregation_error,large,17,FEAT_SECTOR_B,REPORT_LIMIT,69.0,0,0,0,0.014492753623188406,1.0,0.9322166442871094,9
APA-RCA-v2,A4_aggregation_error,large,18,FEAT_SECTOR_B,REPORT_LIMIT,70.0,0,0,0,0.014285714285714285,1.0,0.9708404541015625,9
VAE+APA-RCA,A4_aggregation_error,large,18,FEAT_SECTOR_B,REPORT_LIMIT,70.0,0,0,0,0.014285714285714285,1.0,0.926971435546875,9
APA-RCA-v2,A4_aggregation_error,large,19,FEAT_SECTOR_B,REPORT_LIMIT,81.0,0,0,0,0.012345679012345678,1.0,0.9939670562744141,9
VAE+APA-RCA,A4_aggregation_error,large,19,FEAT_SECTOR_B,REPORT_LIMIT,70.0,0,0,0,0.014285714285714285,1.0,0.9338855743408203,9
APA-RCA-v2,A4_aggregation_error,large,20,FEAT_SECTOR_B,REPORT_LIMIT,71.0,0,0,0,0.014084507042253521,1.0,1.409769058227539,9
VAE+APA-RCA,A4_aggregation_error,large,20,FEAT_SECTOR_B,REPORT_LIMIT,69.0,0,0,0,0.014492753623188406,1.0,0.9200572967529297,9
APA-RCA-v2,A4_aggregation_error,large,21,FEAT_SECTOR_A,REPORT_LIMIT,73.0,0,0,0,0.0136986301369863,1.0,1.0180473327636719,9
VAE+APA-RCA,A4_aggregation_error,large,21,FEAT_SECTOR_A,REPORT_LIMIT,69.0,0,0,0,0.014492753623188406,1.0,0.9489059448242188,9
APA-RCA-v2,A4_aggregation_error,large,22,FEAT_SECTOR_B,REPORT_LIMIT,80.0,0,0,0,0.0125,1.0,1.0747909545898438,9
VAE+APA-RCA,A4_aggregation_error,large,22,FEAT_SECTOR_B,REPORT_LIMIT,69.0,0,0,0,0.014492753623188406,1.0,1.0919570922851562,9
APA-RCA-v2,A4_aggregation_error,large,23,FEAT_SECTOR_A,REPORT_LIMIT,78.0,0,0,0,0.01282051282051282,1.0,1.7197132110595703,9
VAE+APA-RCA,A4_aggregation_error,large,23,FEAT_SECTOR_A,REPORT_LIMIT,69.0,0,0,0,0.014492753623188406,1.0,0.9341239929199219,9
APA-RCA-v2,A4_aggregation_error,large,24,FEAT_SECTOR_A,REPORT_LIMIT,87.0,0,0,0,0.011494252873563218,1.0,1.0509490966796875,9
VAE+APA-RCA,A4_aggregation_error,large,24,FEAT_SECTOR_A,REPORT_LIMIT,70.0,0,0,0,0.014285714285714285,1.0,0.9741783142089844,9
APA-RCA-v2,A4_aggregation_error,large,25,FEAT_SECTOR_B,REPORT_LIMIT,71.0,0,0,0,0.014084507042253521,1.0,1.0600090026855469,9
VAE+APA-RCA,A4_aggregation_error,large,25,FEAT_SECTOR_B,REPORT_LIMIT,69.0,0,0,0,0.014492753623188406,1.0,0.9768009185791016,9
APA-RCA-v2,A4_aggregation_error,large,26,FEAT_SECTOR_B,REPORT_LIMIT,77.0,0,0,0,0.012987012987012988,1.0,1.5711784362792969,9
VAE+APA-RCA,A4_aggregation_error,large,26,FEAT_SECTOR_B,REPORT_LIMIT,69.0,0,0,0,0.014492753623188406,1.0,0.9779930114746094,9
APA-RCA-v2,A4_aggregation_error,large,27,FEAT_SECTOR_A,REPORT_LIMIT,71.0,0,0,0,0.014084507042253521,1.0,1.1057853698730469,9
VAE+APA-RCA,A4_aggregation_error,large,27,FEAT_SECTOR_A,REPORT_LIMIT,69.0,0,0,0,0.014492753623188406,1.0,0.9889602661132812,9
APA-RCA-v2,A4_aggregation_error,large,28,FEAT_SECTOR_B,REPORT_LIMIT,83.0,0,0,0,0.012048192771084338,1.0,1.1219978332519531,9
VAE+APA-RCA,A4_aggregation_error,large,28,FEAT_SECTOR_B,REPORT_LIMIT,70.0,0,0,0,0.014285714285714285,1.0,1.0368824005126953,9
APA-RCA-v2,A4_aggregation_error,large,29,FEAT_SECTOR_B,REPORT_LIMIT,85.0,0,0,0,0.011764705882352941,1.0,1.8630027770996094,9
VAE+APA-RCA,A4_aggregation_error,large,29,FEAT_SECTOR_B,REPORT_LIMIT,70.0,0,0,0,0.014285714285714285,1.0,1.0728836059570312,9
APA-RCA-v2,A5_downstream_masking,large,0,SRC_STOCK_7_PRICE,REPORT_LIMIT,4.0,0,0,1,0.25,0.8,1.1363029479980469,9
VAE+APA-RCA,A5_downstream_masking,large,0,SRC_STOCK_7_PRICE,REPORT_LIMIT,1.0,1,1,1,1.0,0.8,1.0271072387695312,9
APA-RCA-v2,A5_downstream_masking,large,1,SRC_STOCK_4_PRICE,REPORT_LIMIT,2.0,0,1,1,0.5,0.8,1.1179447174072266,9
VAE+APA-RCA,A5_downstream_masking,large,1,SRC_STOCK_4_PRICE,REPORT_LIMIT,1.0,1,1,1,1.0,0.8,1.0581016540527344,9
APA-RCA-v2,A5_downstream_masking,large,2,SRC_STOCK_7_PRICE,REPORT_LIMIT,3.0,0,1,1,0.3333333333333333,0.8,1.6477108001708984,9
VAE+APA-RCA,A5_downstream_masking,large,2,SRC_STOCK_7_PRICE,REPORT_LIMIT,1.0,1,1,1,1.0,0.8,0.9949207305908203,9
APA-RCA-v2,A5_downstream_masking,large,3,SRC_STOCK_7_PRICE,REPORT_LIMIT,2.0,0,1,1,0.5,0.8,1.1169910430908203,9
VAE+APA-RCA,A5_downstream_masking,large,3,SRC_STOCK_7_PRICE,REPORT_LIMIT,3.0,0,1,1,0.3333333333333333,0.8,1.0187625885009766,9
APA-RCA-v2,A5_downstream_masking,large,4,SRC_STOCK_6_PRICE,REPORT_LIMIT,3.0,0,1,1,0.3333333333333333,0.8,1.1191368103027344,9
VAE+APA-RCA,A5_downstream_masking,large,4,SRC_STOCK_6_PRICE,REPORT_LIMIT,2.0,0,1,1,0.5,0.8,1.0380744934082031,9
APA-RCA-v2,A5_downstream_masking,large,5,SRC_STOCK_6_PRICE,REPORT_LIMIT,1.0,1,1,1,1.0,0.8,2.073049545288086,9
VAE+APA-RCA,A5_downstream_masking,large,5,SRC_STOCK_6_PRICE,REPORT_LIMIT,1.0,1,1,1,1.0,0.8,1.0581016540527344,9
APA-RCA-v2,A5_downstream_masking,large,6,SRC_STOCK_4_PRICE,REPORT_LIMIT,4.0,0,0,1,0.25,0.8,1.1398792266845703,9
VAE+APA-RCA,A5_downstream_masking,large,6,SRC_STOCK_4_PRICE,REPORT_LIMIT,2.0,0,1,1,0.5,0.8,1.010894775390625,9
APA-RCA-v2,A5_downstream_masking,large,7,SRC_STOCK_8_PRICE,REPORT_LIMIT,7.0,0,0,0,0.14285714285714285,1.0,1.0161399841308594,9
VAE+APA-RCA,A5_downstream_masking,large,7,SRC_STOCK_8_PRICE,REPORT_LIMIT,12.0,0,0,0,0.08333333333333333,1.0,0.9632110595703125,9
APA-RCA-v2,A5_downstream_masking,large,8,SRC_STOCK_6_PRICE,REPORT_LIMIT,2.0,0,1,1,0.5,0.8,1.5017986297607422,9
VAE+APA-RCA,A5_downstream_masking,large,8,SRC_STOCK_6_PRICE,REPORT_LIMIT,1.0,1,1,1,1.0,0.8,0.9520053863525391,9
APA-RCA-v2,A5_downstream_masking,large,9,SRC_STOCK_4_PRICE,REPORT_LIMIT,1.0,1,1,1,1.0,0.8,0.9870529174804688,9
VAE+APA-RCA,A5_downstream_masking,large,9,SRC_STOCK_4_PRICE,REPORT_LIMIT,1.0,1,1,1,1.0,0.8,0.9400844573974609,9
APA-RCA-v2,A5_downstream_masking,large,10,SRC_STOCK_7_PRICE,REPORT_LIMIT,4.0,0,0,1,0.25,0.8,1.0008811950683594,9
VAE+APA-RCA,A5_downstream_masking,large,10,SRC_STOCK_7_PRICE,REPORT_LIMIT,1.0,1,1,1,1.0,0.8,0.9510517120361328,9
APA-RCA-v2,A5_downstream_masking,large,11,SRC_STOCK_2_PRICE,REPORT_LIMIT,6.0,0,0,0,0.16666666666666666,1.0,1.3928413391113281,9
VAE+APA-RCA,A5_downstream_masking,large,11,SRC_STOCK_2_PRICE,REPORT_LIMIT,1.0,1,1,1,1.0,0.8,0.9391307830810547,9
APA-RCA-v2,A5_downstream_masking,large,12,SRC_STOCK_5_PRICE,REPORT_LIMIT,3.0,0,1,1,0.3333333333333333,0.8,1.2311935424804688,9
VAE+APA-RCA,A5_downstream_masking,large,12,SRC_STOCK_5_PRICE,REPORT_LIMIT,1.0,1,1,1,1.0,0.8,1.119852066040039,9
APA-RCA-v2,A5_downstream_masking,large,13,SRC_STOCK_8_PRICE,REPORT_LIMIT,1.0,1,1,1,1.0,0.8,1.0159015655517578,9
VAE+APA-RCA,A5_downstream_masking,large,13,SRC_STOCK_8_PRICE,REPORT_LIMIT,13.0,0,0,0,0.07692307692307693,1.0,0.9589195251464844,9
APA-RCA-v2,A5_downstream_masking,large,14,SRC_STOCK_2_PRICE,REPORT_LIMIT,12.0,0,0,0,0.08333333333333333,1.0,1.4739036560058594,9
VAE+APA-RCA,A5_downstream_masking,large,14,SRC_STOCK_2_PRICE,REPORT_LIMIT,1.0,1,1,1,1.0,0.8,0.9396076202392578,9
APA-RCA-v2,A5_downstream_masking,large,15,SRC_STOCK_8_PRICE,REPORT_LIMIT,2.0,0,1,1,0.5,0.8,0.9951591491699219,9
VAE+APA-RCA,A5_downstream_masking,large,15,SRC_STOCK_8_PRICE,REPORT_LIMIT,2.0,0,1,1,0.5,0.8,0.9410381317138672,9
APA-RCA-v2,A5_downstream_masking,large,16,SRC_STOCK_5_PRICE,REPORT_LIMIT,2.0,0,1,1,0.5,0.8,0.9720325469970703,9
VAE+APA-RCA,A5_downstream_masking,large,16,SRC_STOCK_5_PRICE,REPORT_LIMIT,2.0,0,1,1,0.5,0.8,0.9407997131347656,9
APA-RCA-v2,A5_downstream_masking,large,17,SRC_STOCK_6_PRICE,REPORT_LIMIT,3.0,0,1,1,0.3333333333333333,0.8,1.4679431915283203,9
VAE+APA-RCA,A5_downstream_masking,large,17,SRC_STOCK_6_PRICE,REPORT_LIMIT,1.0,1,1,1,1.0,0.8,0.9381771087646484,9
APA-RCA-v2,A5_downstream_masking,large,18,SRC_STOCK_8_PRICE,REPORT_LIMIT,2.0,0,1,1,0.5,0.8,0.965118408203125,9
VAE+APA-RCA,A5_downstream_masking,large,18,SRC_STOCK_8_PRICE,REPORT_LIMIT,1.0,1,1,1,1.0,0.8,0.9319782257080078,9
APA-RCA-v2,A5_downstream_masking,large,19,SRC_STOCK_5_PRICE,REPORT_LIMIT,1.0,1,1,1,1.0,0.8,1.3697147369384766,9
VAE+APA-RCA,A5_downstream_masking,large,19,SRC_STOCK_5_PRICE,REPORT_LIMIT,2.0,0,1,1,0.5,0.8,1.8680095672607422,9
APA-RCA-v2,A5_downstream_masking,large,20,SRC_STOCK_8_PRICE,REPORT_LIMIT,9.0,0,0,0,0.1111111111111111,1.0,2.1390914916992188,9
VAE+APA-RCA,A5_downstream_masking,large,20,SRC_STOCK_8_PRICE,REPORT_LIMIT,1.0,1,1,1,1.0,0.8,1.3010501861572266,9
APA-RCA-v2,A5_downstream_masking,large,21,SRC_STOCK_3_PRICE,REPORT_LIMIT,3.0,0,1,1,0.3333333333333333,0.8,1.0843276977539062,9
VAE+APA-RCA,A5_downstream_masking,large,21,SRC_STOCK_3_PRICE,REPORT_LIMIT,2.0,0,1,1,0.5,0.8,1.0058879852294922,9
APA-RCA-v2,A5_downstream_masking,large,22,SRC_STOCK_7_PRICE,REPORT_LIMIT,5.0,0,0,1,0.2,0.8,1.0480880737304688,9
VAE+APA-RCA,A5_downstream_masking,large,22,SRC_STOCK_7_PRICE,REPORT_LIMIT,2.0,0,1,1,0.5,0.8,0.9849071502685547,9
APA-RCA-v2,A5_downstream_masking,large,23,SRC_STOCK_1_PRICE,REPORT_LIMIT,25.0,0,0,0,0.04,1.0,2.001047134399414,9
VAE+APA-RCA,A5_downstream_masking,large,23,SRC_STOCK_1_PRICE,REPORT_LIMIT,1.0,1,1,1,1.0,0.8,1.497030258178711,9
APA-RCA-v2,A5_downstream_masking,large,24,SRC_STOCK_4_PRICE,REPORT_LIMIT,1.0,1,1,1,1.0,0.8,1.2972354888916016,9
VAE+APA-RCA,A5_downstream_masking,large,24,SRC_STOCK_4_PRICE,REPORT_LIMIT,1.0,1,1,1,1.0,0.8,1.0166168212890625,9
APA-RCA-v2,A5_downstream_masking,large,25,SRC_STOCK_5_PRICE,REPORT_LIMIT,6.0,0,0,0,0.16666666666666666,1.0,1.1169910430908203,9
VAE+APA-RCA,A5_downstream_masking,large,25,SRC_STOCK_5_PRICE,REPORT_LIMIT,1.0,1,1,1,1.0,0.8,0.9820461273193359,9
APA-RCA-v2,A5_downstream_masking,large,26,SRC_STOCK_7_PRICE,REPORT_LIMIT,1.0,1,1,1,1.0,0.8,1.5981197357177734,9
VAE+APA-RCA,A5_downstream_masking,large,26,SRC_STOCK_7_PRICE,REPORT_LIMIT,13.0,0,0,0,0.07692307692307693,1.0,0.9489059448242188,9
APA-RCA-v2,A5_downstream_masking,large,27,SRC_STOCK_1_PRICE,REPORT_LIMIT,9.0,0,0,0,0.1111111111111111,1.0,1.0797977447509766,9
VAE+APA-RCA,A5_downstream_masking,large,27,SRC_STOCK_1_PRICE,REPORT_LIMIT,1.0,1,1,1,1.0,0.8,0.9489059448242188,9
APA-RCA-v2,A5_downstream_masking,large,28,SRC_STOCK_6_PRICE,REPORT_LIMIT,10.0,0,0,0,0.1,1.0,1.02996826171875,9
VAE+APA-RCA,A5_downstream_masking,large,28,SRC_STOCK_6_PRICE,REPORT_LIMIT,2.0,0,1,1,0.5,0.8,0.9551048278808594,9
APA-RCA-v2,A5_downstream_masking,large,29,SRC_STOCK_8_PRICE,REPORT_LIMIT,2.0,0,1,1,0.5,0.8,1.531839370727539,9
VAE+APA-RCA,A5_downstream_masking,large,29,SRC_STOCK_8_PRICE,REPORT_LIMIT,1.0,1,1,1,1.0,0.8,0.9789466857910156,9
APA-RCA-v2,A6_multi_source,large,0,SRC_STOCK_5_PRICE,REPORT_LIMIT,2.0,0,1,1,0.5,0.8,1.0502338409423828,9
VAE+APA-RCA,A6_multi_source,large,0,SRC_STOCK_5_PRICE,REPORT_LIMIT,2.0,0,1,1,0.5,0.8,0.9739398956298828,9
APA-RCA-v2,A6_multi_source,large,1,SRC_STOCK_4_PRICE,REPORT_LIMIT,2.0,0,1,1,0.5,0.8,1.0340213775634766,9
VAE+APA-RCA,A6_multi_source,large,1,SRC_STOCK_4_PRICE,REPORT_LIMIT,3.0,0,1,1,0.3333333333333333,0.8,0.965118408203125,9
APA-RCA-v2,A6_multi_source,large,2,SRC_STOCK_2_PRICE,REPORT_REG_VAR,1.0,1,1,1,1.0,0.8,1.4910697937011719,9
VAE+APA-RCA,A6_multi_source,large,2,SRC_STOCK_2_PRICE,REPORT_REG_VAR,2.0,0,1,1,0.5,0.8,0.9701251983642578,9
APA-RCA-v2,A6_multi_source,large,3,SRC_STOCK_1_PRICE,REPORT_REG_VAR,2.0,0,1,1,0.5,0.8,1.0113716125488281,9
VAE+APA-RCA,A6_multi_source,large,3,SRC_STOCK_1_PRICE,REPORT_REG_VAR,3.0,0,1,1,0.3333333333333333,0.8,0.9500980377197266,9
APA-RCA-v2,A6_multi_source,large,4,SRC_STOCK_5_PRICE,REPORT_LIMIT,1.0,1,1,1,1.0,0.8,1.0576248168945312,9
VAE+APA-RCA,A6_multi_source,large,4,SRC_STOCK_5_PRICE,REPORT_LIMIT,2.0,0,1,1,0.5,0.8,0.9799003601074219,9
APA-RCA-v2,A6_multi_source,large,5,SRC_STOCK_6_PRICE,REPORT_LIMIT,2.0,0,1,1,0.5,0.8,1.4462471008300781,9
VAE+APA-RCA,A6_multi_source,large,5,SRC_STOCK_6_PRICE,REPORT_LIMIT,3.0,0,1,1,0.3333333333333333,0.8,0.9388923645019531,9
APA-RCA-v2,A6_multi_source,large,6,SRC_STOCK_3_PRICE,REPORT_REG_VAR,2.0,0,1,1,0.5,0.8,0.9889602661132812,9
VAE+APA-RCA,A6_multi_source,large,6,SRC_STOCK_3_PRICE,REPORT_REG_VAR,2.0,0,1,1,0.5,0.8,0.92315673828125,9
APA-RCA-v2,A6_multi_source,large,7,SRC_STOCK_6_PRICE,REPORT_DASHBOARD,1.0,1,1,1,1.0,0.8,1.0099411010742188,9
VAE+APA-RCA,A6_multi_source,large,7,SRC_STOCK_6_PRICE,REPORT_DASHBOARD,2.0,0,1,1,0.5,0.8,0.9567737579345703,9
APA-RCA-v2,A6_multi_source,large,8,SRC_STOCK_3_PRICE,REPORT_REG_VAR,2.0,0,1,1,0.5,0.8,1.6360282897949219,9
VAE+APA-RCA,A6_multi_source,large,8,SRC_STOCK_3_PRICE,REPORT_REG_VAR,2.0,0,1,1,0.5,0.8,89.96391296386719,9
APA-RCA-v2,A6_multi_source,large,9,SRC_STOCK_7_PRICE,REPORT_LIMIT,2.0,0,1,1,0.5,0.8,0.9729862213134766,9
VAE+APA-RCA,A6_multi_source,large,9,SRC_STOCK_7_PRICE,REPORT_LIMIT,2.0,0,1,1,0.5,0.8,0.9572505950927734,9
APA-RCA-v2,A6_multi_source,large,10,SRC_STOCK_3_PRICE,REPORT_REG_VAR,1.0,1,1,1,1.0,0.8,0.9949207305908203,9
VAE+APA-RCA,A6_multi_source,large,10,SRC_STOCK_3_PRICE,REPORT_REG_VAR,2.0,0,1,1,0.5,0.8,0.9400844573974609,9
APA-RCA-v2,A6_multi_source,large,11,SRC_STOCK_1_PRICE,REPORT_LIMIT,1.0,1,1,1,1.0,0.8,1.035928726196289,9
VAE+APA-RCA,A6_multi_source,large,11,SRC_STOCK_1_PRICE,REPORT_LIMIT,2.0,0,1,1,0.5,0.8,1.7893314361572266,9
APA-RCA-v2,A6_multi_source,large,12,SRC_STOCK_2_PRICE,REPORT_LIMIT,1.0,1,1,1,1.0,0.8,1.2352466583251953,9
VAE+APA-RCA,A6_multi_source,large,12,SRC_STOCK_2_PRICE,REPORT_LIMIT,3.0,0,1,1,0.3333333333333333,0.8,1.1420249938964844,9
APA-RCA-v2,A6_multi_source,large,13,SRC_STOCK_7_PRICE,REPORT_LIMIT,1.0,1,1,1,1.0,0.8,1.0533332824707031,9
VAE+APA-RCA,A6_multi_source,large,13,SRC_STOCK_7_PRICE,REPORT_LIMIT,2.0,0,1,1,0.5,0.8,0.9682178497314453,9
APA-RCA-v2,A6_multi_source,large,14,SRC_STOCK_8_PRICE,REPORT_DASHBOARD,1.0,1,1,1,1.0,0.8,0.9911060333251953,9
VAE+APA-RCA,A6_multi_source,large,14,SRC_STOCK_8_PRICE,REPORT_DASHBOARD,2.0,0,1,1,0.5,0.8,1.4317035675048828,9
APA-RCA-v2,A6_multi_source,large,15,SRC_STOCK_5_PRICE,REPORT_LIMIT,1.0,1,1,1,1.0,0.8,1.0590553283691406,9
VAE+APA-RCA,A6_multi_source,large,15,SRC_STOCK_5_PRICE,REPORT_LIMIT,3.0,0,1,1,0.3333333333333333,0.8,0.96893310546875,9
APA-RCA-v2,A6_multi_source,large,16,SRC_STOCK_4_PRICE,REPORT_LIMIT,1.0,1,1,1,1.0,0.8,1.0046958923339844,9
VAE+APA-RCA,A6_multi_source,large,16,SRC_STOCK_4_PRICE,REPORT_LIMIT,3.0,0,1,1,0.3333333333333333,0.8,0.9529590606689453,9
APA-RCA-v2,A6_multi_source,large,17,SRC_STOCK_6_PRICE,REPORT_REG_VAR,1.0,1,1,1,1.0,0.8,1.0519027709960938,9
VAE+APA-RCA,A6_multi_source,large,17,SRC_STOCK_6_PRICE,REPORT_REG_VAR,3.0,0,1,1,0.3333333333333333,0.8,1.5769004821777344,9
APA-RCA-v2,A6_multi_source,large,18,SRC_STOCK_6_PRICE,REPORT_LIMIT,1.0,1,1,1,1.0,0.8,0.9829998016357422,9
VAE+APA-RCA,A6_multi_source,large,18,SRC_STOCK_6_PRICE,REPORT_LIMIT,2.0,0,1,1,0.5,0.8,0.9453296661376953,9
APA-RCA-v2,A6_multi_source,large,19,SRC_STOCK_3_PRICE,REPORT_DASHBOARD,2.0,0,1,1,0.5,0.8,1.0218620300292969,9
VAE+APA-RCA,A6_multi_source,large,19,SRC_STOCK_3_PRICE,REPORT_DASHBOARD,2.0,0,1,1,0.5,0.8,0.965118408203125,9
APA-RCA-v2,A6_multi_source,large,20,SRC_STOCK_6_PRICE,REPORT_REG_VAR,2.0,0,1,1,0.5,0.8,0.9989738464355469,9
VAE+APA-RCA,A6_multi_source,large,20,SRC_STOCK_6_PRICE,REPORT_REG_VAR,2.0,0,1,1,0.5,0.8,1.4760494232177734,9
APA-RCA-v2,A6_multi_source,large,21,SRC_STOCK_4_PRICE,REPORT_DASHBOARD,1.0,1,1,1,1.0,0.8,0.9698867797851562,9
VAE+APA-RCA,A6_multi_source,large,21,SRC_STOCK_4_PRICE,REPORT_DASHBOARD,1.0,1,1,1,1.0,0.8,0.9369850158691406,9
APA-RCA-v2,A6_multi_source,large,22,SRC_STOCK_6_PRICE,REPORT_REG_VAR,2.0,0,1,1,0.5,0.8,0.9901523590087891,9
VAE+APA-RCA,A6_multi_source,large,22,SRC_STOCK_6_PRICE,REPORT_REG_VAR,3.0,0,1,1,0.3333333333333333,0.8,0.9531974792480469,9
APA-RCA-v2,A6_multi_source,large,23,SRC_STOCK_4_PRICE,REPORT_REG_VAR,2.0,0,1,1,0.5,0.8,0.9610652923583984,9
VAE+APA-RCA,A6_multi_source,large,23,SRC_STOCK_4_PRICE,REPORT_REG_VAR,2.0,0,1,1,0.5,0.8,1.4081001281738281,9
APA-RCA-v2,A6_multi_source,large,24,SRC_STOCK_3_PRICE,REPORT_REG_VAR,1.0,1,1,1,1.0,0.8,0.9930133819580078,9
VAE+APA-RCA,A6_multi_source,large,24,SRC_STOCK_3_PRICE,REPORT_REG_VAR,3.0,0,1,1,0.3333333333333333,0.8,0.9300708770751953,9
APA-RCA-v2,A6_multi_source,large,25,SRC_STOCK_2_PRICE,REPORT_LIMIT,2.0,0,1,1,0.5,0.8,1.0929107666015625,9
VAE+APA-RCA,A6_multi_source,large,25,SRC_STOCK_2_PRICE,REPORT_LIMIT,3.0,0,1,1,0.3333333333333333,0.8,1.0018348693847656,9
APA-RCA-v2,A6_multi_source,large,26,SRC_STOCK_4_PRICE,REPORT_DASHBOARD,1.0,1,1,1,1.0,0.8,0.9682178497314453,9
VAE+APA-RCA,A6_multi_source,large,26,SRC_STOCK_4_PRICE,REPORT_DASHBOARD,2.0,0,1,1,0.5,0.8,1.4238357543945312,9
APA-RCA-v2,A6_multi_source,large,27,SRC_STOCK_2_PRICE,REPORT_LIMIT,2.0,0,1,1,0.5,0.8,0.9677410125732422,9
VAE+APA-RCA,A6_multi_source,large,27,SRC_STOCK_2_PRICE,REPORT_LIMIT,3.0,0,1,1,0.3333333333333333,0.8,0.9310245513916016,9
APA-RCA-v2,A6_multi_source,large,28,SRC_STOCK_4_PRICE,REPORT_LIMIT,1.0,1,1,1,1.0,0.8,0.9799003601074219,9
VAE+APA-RCA,A6_multi_source,large,28,SRC_STOCK_4_PRICE,REPORT_LIMIT,3.0,0,1,1,0.3333333333333333,0.8,0.9379386901855469,9
APA-RCA-v2,A6_multi_source,large,29,SRC_STOCK_5_PRICE,REPORT_REG_VAR,2.0,0,1,1,0.5,0.8,0.946044921875,9
VAE+APA-RCA,A6_multi_source,large,29,SRC_STOCK_5_PRICE,REPORT_REG_VAR,1.0,1,1,1,1.0,0.8,1.383066177368164,9
APA-RCA-v2,A7_coincidental,large,0,SRC_STOCK_7_PRICE,REPORT_LIMIT,1.0,1,1,1,1.0,0.8,0.9708404541015625,9
VAE+APA-RCA,A7_coincidental,large,0,SRC_STOCK_7_PRICE,REPORT_LIMIT,2.0,0,1,1,0.5,0.8,0.9410381317138672,9
APA-RCA-v2,A7_coincidental,large,1,SRC_STOCK_4_PRICE,REPORT_LIMIT,1.0,1,1,1,1.0,0.8,0.9760856628417969,9
VAE+APA-RCA,A7_coincidental,large,1,SRC_STOCK_4_PRICE,REPORT_LIMIT,2.0,0,1,1,0.5,0.8,0.9489059448242188,9
APA-RCA-v2,A7_coincidental,large,2,SRC_STOCK_7_PRICE,REPORT_REG_VAR,1.0,1,1,1,1.0,0.8,0.9579658508300781,9
VAE+APA-RCA,A7_coincidental,large,2,SRC_STOCK_7_PRICE,REPORT_REG_VAR,2.0,0,1,1,0.5,0.8,1.3630390167236328,9
APA-RCA-v2,A7_coincidental,large,3,SRC_STOCK_7_PRICE,REPORT_LIMIT,1.0,1,1,1,1.0,0.8,0.9920597076416016,9
VAE+APA-RCA,A7_coincidental,large,3,SRC_STOCK_7_PRICE,REPORT_LIMIT,2.0,0,1,1,0.5,0.8,0.9291172027587891,9
APA-RCA-v2,A7_coincidental,large,4,SRC_STOCK_6_PRICE,REPORT_LIMIT,1.0,1,1,1,1.0,0.8,1.0178089141845703,9
VAE+APA-RCA,A7_coincidental,large,4,SRC_STOCK_6_PRICE,REPORT_LIMIT,3.0,0,1,1,0.3333333333333333,0.8,0.9601116180419922,9
APA-RCA-v2,A7_coincidental,large,5,SRC_STOCK_6_PRICE,REPORT_LIMIT,1.0,1,1,1,1.0,0.8,0.9660720825195312,9
VAE+APA-RCA,A7_coincidental,large,5,SRC_STOCK_6_PRICE,REPORT_LIMIT,2.0,0,1,1,0.5,0.8,1.3930797576904297,9
APA-RCA-v2,A7_coincidental,large,6,SRC_STOCK_4_PRICE,REPORT_LIMIT,1.0,1,1,1,1.0,0.8,0.9961128234863281,9
VAE+APA-RCA,A7_coincidental,large,6,SRC_STOCK_4_PRICE,REPORT_LIMIT,2.0,0,1,1,0.5,0.8,0.9419918060302734,9
APA-RCA-v2,A7_coincidental,large,7,SRC_STOCK_8_PRICE,REPORT_REG_VAR,1.0,1,1,1,1.0,0.8,0.9667873382568359,9
VAE+APA-RCA,A7_coincidental,large,7,SRC_STOCK_8_PRICE,REPORT_REG_VAR,2.0,0,1,1,0.5,0.8,0.9520053863525391,9
APA-RCA-v2,A7_coincidental,large,8,SRC_STOCK_6_PRICE,REPORT_LIMIT,1.0,1,1,1,1.0,0.8,0.9639263153076172,9
VAE+APA-RCA,A7_coincidental,large,8,SRC_STOCK_6_PRICE,REPORT_LIMIT,2.0,0,1,1,0.5,0.8,1.4138221740722656,9
APA-RCA-v2,A7_coincidental,large,9,SRC_STOCK_4_PRICE,REPORT_LIMIT,1.0,1,1,1,1.0,0.8,0.9620189666748047,9
VAE+APA-RCA,A7_coincidental,large,9,SRC_STOCK_4_PRICE,REPORT_LIMIT,2.0,0,1,1,0.5,0.8,0.9360313415527344,9
APA-RCA-v2,A7_coincidental,large,10,SRC_STOCK_7_PRICE,REPORT_DASHBOARD,1.0,1,1,1,1.0,0.8,0.9949207305908203,9
VAE+APA-RCA,A7_coincidental,large,10,SRC_STOCK_7_PRICE,REPORT_DASHBOARD,2.0,0,1,1,0.5,0.8,0.95367431640625,9
APA-RCA-v2,A7_coincidental,large,11,SRC_STOCK_2_PRICE,REPORT_LIMIT,1.0,1,1,1,1.0,0.8,1.135110855102539,9
VAE+APA-RCA,A7_coincidental,large,11,SRC_STOCK_2_PRICE,REPORT_LIMIT,2.0,0,1,1,0.5,0.8,1.5439987182617188,9
APA-RCA-v2,A7_coincidental,large,12,SRC_STOCK_5_PRICE,REPORT_LIMIT,1.0,1,1,1,1.0,0.8,1.0728836059570312,9
VAE+APA-RCA,A7_coincidental,large,12,SRC_STOCK_5_PRICE,REPORT_LIMIT,2.0,0,1,1,0.5,0.8,1.0709762573242188,9
APA-RCA-v2,A7_coincidental,large,13,SRC_STOCK_8_PRICE,REPORT_LIMIT,1.0,1,1,1,1.0,0.8,1.024007797241211,9
VAE+APA-RCA,A7_coincidental,large,13,SRC_STOCK_8_PRICE,REPORT_LIMIT,3.0,0,1,1,0.3333333333333333,0.8,0.9639263153076172,9
APA-RCA-v2,A7_coincidental,large,14,SRC_STOCK_2_PRICE,REPORT_DASHBOARD,1.0,1,1,1,1.0,0.8,0.9691715240478516,9
VAE+APA-RCA,A7_coincidental,large,14,SRC_STOCK_2_PRICE,REPORT_DASHBOARD,2.0,0,1,1,0.5,0.8,1.416921615600586,9
APA-RCA-v2,A7_coincidental,large,15,SRC_STOCK_8_PRICE,REPORT_LIMIT,1.0,1,1,1,1.0,0.8,1.0569095611572266,9
VAE+APA-RCA,A7_coincidental,large,15,SRC_STOCK_8_PRICE,REPORT_LIMIT,2.0,0,1,1,0.5,0.8,0.9458065032958984,9
APA-RCA-v2,A7_coincidental,large,16,SRC_STOCK_5_PRICE,REPORT_LIMIT,1.0,1,1,1,1.0,0.8,1.0592937469482422,9
VAE+APA-RCA,A7_coincidental,large,16,SRC_STOCK_5_PRICE,REPORT_LIMIT,2.0,0,1,1,0.5,0.8,1.0852813720703125,9
APA-RCA-v2,A7_coincidental,large,17,SRC_STOCK_6_PRICE,REPORT_DASHBOARD,1.0,1,1,1,1.0,0.8,1.0080337524414062,9
VAE+APA-RCA,A7_coincidental,large,17,SRC_STOCK_6_PRICE,REPORT_DASHBOARD,2.0,0,1,1,0.5,0.8,1.4767646789550781,9
APA-RCA-v2,A7_coincidental,large,18,SRC_STOCK_8_PRICE,REPORT_LIMIT,1.0,1,1,1,1.0,0.8,0.9710788726806641,9
VAE+APA-RCA,A7_coincidental,large,18,SRC_STOCK_8_PRICE,REPORT_LIMIT,2.0,0,1,1,0.5,0.8,0.9360313415527344,9
APA-RCA-v2,A7_coincidental,large,19,SRC_STOCK_5_PRICE,REPORT_DASHBOARD,1.0,1,1,1,1.0,0.8,1.107931137084961,9
VAE+APA-RCA,A7_coincidental,large,19,SRC_STOCK_5_PRICE,REPORT_DASHBOARD,2.0,0,1,1,0.5,0.8,2.161741256713867,9
APA-RCA-v2,A7_coincidental,large,20,SRC_STOCK_8_PRICE,REPORT_LIMIT,1.0,1,1,1,1.0,0.8,1.1038780212402344,9
VAE+APA-RCA,A7_coincidental,large,20,SRC_STOCK_8_PRICE,REPORT_LIMIT,2.0,0,1,1,0.5,0.8,1.5769004821777344,9
APA-RCA-v2,A7_coincidental,large,21,SRC_STOCK_3_PRICE,REPORT_REG_VAR,1.0,1,1,1,1.0,0.8,1.276254653930664,9
VAE+APA-RCA,A7_coincidental,large,21,SRC_STOCK_3_PRICE,REPORT_REG_VAR,3.0,0,1,1,0.3333333333333333,0.8,1.0728836059570312,9
APA-RCA-v2,A7_coincidental,large,22,SRC_STOCK_7_PRICE,REPORT_LIMIT,1.0,1,1,1,1.0,0.8,1.0929107666015625,9
VAE+APA-RCA,A7_coincidental,large,22,SRC_STOCK_7_PRICE,REPORT_LIMIT,2.0,0,1,1,0.5,0.8,1.0859966278076172,9
APA-RCA-v2,A7_coincidental,large,23,SRC_STOCK_1_PRICE,REPORT_LIMIT,1.0,1,1,1,1.0,0.8,1.058816909790039,9
VAE+APA-RCA,A7_coincidental,large,23,SRC_STOCK_1_PRICE,REPORT_LIMIT,2.0,0,1,1,0.5,0.8,1.5048980712890625,9
APA-RCA-v2,A7_coincidental,large,24,SRC_STOCK_4_PRICE,REPORT_LIMIT,1.0,1,1,1,1.0,0.8,1.035928726196289,9
VAE+APA-RCA,A7_coincidental,large,24,SRC_STOCK_4_PRICE,REPORT_LIMIT,2.0,0,1,1,0.5,0.8,0.9582042694091797,9
APA-RCA-v2,A7_coincidental,large,25,SRC_STOCK_5_PRICE,REPORT_LIMIT,1.0,1,1,1,1.0,0.8,1.0540485382080078,9
VAE+APA-RCA,A7_coincidental,large,25,SRC_STOCK_5_PRICE,REPORT_LIMIT,2.0,0,1,1,0.5,0.8,0.98419189453125,9
APA-RCA-v2,A7_coincidental,large,26,SRC_STOCK_7_PRICE,REPORT_LIMIT,1.0,1,1,1,1.0,0.8,0.9720325469970703,9
VAE+APA-RCA,A7_coincidental,large,26,SRC_STOCK_7_PRICE,REPORT_LIMIT,2.0,0,1,1,0.5,0.8,1.413106918334961,9
APA-RCA-v2,A7_coincidental,large,27,SRC_STOCK_1_PRICE,REPORT_LIMIT,1.0,1,1,1,1.0,0.8,0.9632110595703125,9
VAE+APA-RCA,A7_coincidental,large,27,SRC_STOCK_1_PRICE,REPORT_LIMIT,2.0,0,1,1,0.5,0.8,0.9379386901855469,9
APA-RCA-v2,A7_coincidental,large,28,SRC_STOCK_6_PRICE,REPORT_LIMIT,1.0,1,1,1,1.0,0.8,1.1377334594726562,9
VAE+APA-RCA,A7_coincidental,large,28,SRC_STOCK_6_PRICE,REPORT_LIMIT,2.0,0,1,1,0.5,0.8,0.9708404541015625,9
APA-RCA-v2,A7_coincidental,large,29,SRC_STOCK_8_PRICE,REPORT_REG_VAR,1.0,1,1,1,1.0,0.8,1.0089874267578125,9
VAE+APA-RCA,A7_coincidental,large,29,SRC_STOCK_8_PRICE,REPORT_REG_VAR,2.0,0,1,1,0.5,0.8,0.9417533874511719,9
APA-RCA-v2+GNN,A1_source_corruption,small,0,SRC_STOCK_3_PRICE,,1.0,1,1,1,1.0,0.8,0.0,0
APA-RCA-v2+GNN,A1_source_corruption,small,5,SRC_STOCK_3_PRICE,,1.0,1,1,1,1.0,0.8,0.0,0
APA-RCA-v2+GNN,A1_source_corruption,small,10,SRC_STOCK_3_PRICE,,1.0,1,1,1,1.0,0.8,0.0,0
APA-RCA-v2+GNN,A1_source_corruption,small,15,SRC_STOCK_3_PRICE,,1.0,1,1,1,1.0,0.8,0.0,0
APA-RCA-v2+GNN,A1_source_corruption,small,20,SRC_STOCK_3_PRICE,,1.0,1,1,1,1.0,0.8,0.0,0
APA-RCA-v2+GNN,A1_source_corruption,small,25,SRC_STOCK_2_PRICE,,1.0,1,1,1,1.0,0.8,0.0,0
APA-RCA-v2+GNN,A2_etl_logic_error,small,0,ETL_FX_STOCK_3_PRICE,,3.0,0,1,1,0.3333333333333333,0.8,0.0,0
APA-RCA-v2+GNN,A2_etl_logic_error,small,5,ETL_FX_STOCK_3_PRICE,,4.0,0,0,1,0.25,0.8,0.0,0
APA-RCA-v2+GNN,A2_etl_logic_error,small,10,ETL_FX_STOCK_3_PRICE,,6.0,0,0,0,0.16666666666666666,1.0,0.0,0
APA-RCA-v2+GNN,A2_etl_logic_error,small,15,ETL_FX_STOCK_3_PRICE,,5.0,0,0,1,0.2,0.8,0.0,0
APA-RCA-v2+GNN,A2_etl_logic_error,small,20,ETL_FX_STOCK_3_PRICE,,6.0,0,0,0,0.16666666666666666,1.0,0.0,0
APA-RCA-v2+GNN,A2_etl_logic_error,small,25,ETL_FX_STOCK_2_PRICE,,4.0,0,0,1,0.25,0.8,0.0,0
APA-RCA-v2+GNN,A3_feature_calc_error,small,0,FEAT_VOL20_STOCK_3_PRICE,,2.0,0,1,1,0.5,0.8,0.0,0
APA-RCA-v2+GNN,A3_feature_calc_error,small,5,FEAT_VOL20_STOCK_3_PRICE,,,0,0,0,0.0,1.0,0.0,0
APA-RCA-v2+GNN,A3_feature_calc_error,small,10,FEAT_VOL20_STOCK_3_PRICE,,3.0,0,1,1,0.3333333333333333,0.8,0.0,0
APA-RCA-v2+GNN,A3_feature_calc_error,small,15,FEAT_VOL20_STOCK_3_PRICE,,,0,0,0,0.0,1.0,0.0,0
APA-RCA-v2+GNN,A3_feature_calc_error,small,20,FEAT_VOL20_STOCK_3_PRICE,,2.0,0,1,1,0.5,0.8,0.0,0
APA-RCA-v2+GNN,A3_feature_calc_error,small,25,FEAT_VOL20_STOCK_2_PRICE,,2.0,0,1,1,0.5,0.8,0.0,0
APA-RCA-v2+GNN,A4_aggregation_error,small,0,FEAT_SECTOR_B,,,0,0,0,0.0,1.0,0.0,0
APA-RCA-v2+GNN,A4_aggregation_error,small,5,FEAT_SECTOR_B,,,0,0,0,0.0,1.0,0.0,0
APA-RCA-v2+GNN,A4_aggregation_error,small,10,FEAT_SECTOR_B,,,0,0,0,0.0,1.0,0.0,0
APA-RCA-v2+GNN,A4_aggregation_error,small,15,FEAT_SECTOR_B,,,0,0,0,0.0,1.0,0.0,0
APA-RCA-v2+GNN,A4_aggregation_error,small,20,FEAT_SECTOR_B,,,0,0,0,0.0,1.0,0.0,0
APA-RCA-v2+GNN,A4_aggregation_error,small,25,FEAT_SECTOR_B,,,0,0,0,0.0,1.0,0.0,0
APA-RCA-v2+GNN,A5_downstream_masking,small,0,SRC_STOCK_3_PRICE,,2.0,0,1,1,0.5,0.8,0.0,0
APA-RCA-v2+GNN,A5_downstream_masking,small,5,SRC_STOCK_3_PRICE,,4.0,0,0,1,0.25,0.8,0.0,0
APA-RCA-v2+GNN,A5_downstream_masking,small,10,SRC_STOCK_3_PRICE,,1.0,1,1,1,1.0,0.8,0.0,0
APA-RCA-v2+GNN,A5_downstream_masking,small,15,SRC_STOCK_3_PRICE,,,0,0,0,0.0,1.0,0.0,0
APA-RCA-v2+GNN,A5_downstream_masking,small,20,SRC_STOCK_3_PRICE,,1.0,1,1,1,1.0,0.8,0.0,0
APA-RCA-v2+GNN,A5_downstream_masking,small,25,SRC_STOCK_2_PRICE,,3.0,0,1,1,0.3333333333333333,0.8,0.0,0
APA-RCA-v2+GNN,A6_multi_source,small,0,SRC_STOCK_3_PRICE,,1.0,1,1,1,1.0,0.8,0.0,0
APA-RCA-v2+GNN,A6_multi_source,small,5,SRC_STOCK_3_PRICE,,1.0,1,1,1,1.0,0.8,0.0,0
APA-RCA-v2+GNN,A6_multi_source,small,10,SRC_STOCK_2_PRICE,,2.0,0,1,1,0.5,0.8,0.0,0
APA-RCA-v2+GNN,A6_multi_source,small,15,SRC_STOCK_1_PRICE,,1.0,1,1,1,1.0,0.8,0.0,0
APA-RCA-v2+GNN,A6_multi_source,small,20,SRC_STOCK_2_PRICE,,2.0,0,1,1,0.5,0.8,0.0,0
APA-RCA-v2+GNN,A6_multi_source,small,25,SRC_STOCK_2_PRICE,,2.0,0,1,1,0.5,0.8,0.0,0
APA-RCA-v2+GNN,A7_coincidental,small,0,SRC_STOCK_3_PRICE,,1.0,1,1,1,1.0,0.8,0.0,0
APA-RCA-v2+GNN,A7_coincidental,small,5,SRC_STOCK_3_PRICE,,1.0,1,1,1,1.0,0.8,0.0,0
APA-RCA-v2+GNN,A7_coincidental,small,10,SRC_STOCK_3_PRICE,,1.0,1,1,1,1.0,0.8,0.0,0
APA-RCA-v2+GNN,A7_coincidental,small,15,SRC_STOCK_3_PRICE,,1.0,1,1,1,1.0,0.8,0.0,0
APA-RCA-v2+GNN,A7_coincidental,small,20,SRC_STOCK_3_PRICE,,1.0,1,1,1,1.0,0.8,0.0,0
APA-RCA-v2+GNN,A7_coincidental,small,25,SRC_STOCK_2_PRICE,,1.0,1,1,1,1.0,0.8,0.0,0
APA-RCA-v2+GNN,A1_source_corruption,medium,0,SRC_STOCK_5_PRICE,,1.0,1,1,1,1.0,0.8,0.0,0
APA-RCA-v2+GNN,A1_source_corruption,medium,5,SRC_STOCK_4_PRICE,,1.0,1,1,1,1.0,0.8,0.0,0
APA-RCA-v2+GNN,A1_source_corruption,medium,10,SRC_STOCK_4_PRICE,,1.0,1,1,1,1.0,0.8,0.0,0
APA-RCA-v2+GNN,A1_source_corruption,medium,15,SRC_STOCK_5_PRICE,,1.0,1,1,1,1.0,0.8,0.0,0
APA-RCA-v2+GNN,A1_source_corruption,medium,20,SRC_STOCK_5_PRICE,,1.0,1,1,1,1.0,0.8,0.0,0
APA-RCA-v2+GNN,A1_source_corruption,medium,25,SRC_STOCK_3_PRICE,,1.0,1,1,1,1.0,0.8,0.0,0
APA-RCA-v2+GNN,A2_etl_logic_error,medium,0,ETL_FX_STOCK_5_PRICE,,8.0,0,0,0,0.125,1.0,0.0,0
APA-RCA-v2+GNN,A2_etl_logic_error,medium,5,ETL_FX_STOCK_4_PRICE,,3.0,0,1,1,0.3333333333333333,0.8,0.0,0
APA-RCA-v2+GNN,A2_etl_logic_error,medium,10,ETL_FX_STOCK_4_PRICE,,4.0,0,0,1,0.25,0.8,0.0,0
APA-RCA-v2+GNN,A2_etl_logic_error,medium,15,ETL_FX_STOCK_5_PRICE,,8.0,0,0,0,0.125,1.0,0.0,0
APA-RCA-v2+GNN,A2_etl_logic_error,medium,20,ETL_FX_STOCK_5_PRICE,,3.0,0,1,1,0.3333333333333333,0.8,0.0,0
APA-RCA-v2+GNN,A2_etl_logic_error,medium,25,ETL_FX_STOCK_3_PRICE,,2.0,0,1,1,0.5,0.8,0.0,0
APA-RCA-v2+GNN,A3_feature_calc_error,medium,0,FEAT_VOL20_STOCK_5_PRICE,,2.0,0,1,1,0.5,0.8,0.0,0
APA-RCA-v2+GNN,A3_feature_calc_error,medium,5,FEAT_VOL20_STOCK_4_PRICE,,2.0,0,1,1,0.5,0.8,0.0,0
APA-RCA-v2+GNN,A3_feature_calc_error,medium,10,FEAT_VOL20_STOCK_4_PRICE,,2.0,0,1,1,0.5,0.8,0.0,0
APA-RCA-v2+GNN,A3_feature_calc_error,medium,15,FEAT_VOL20_STOCK_5_PRICE,,2.0,0,1,1,0.5,0.8,0.0,0
APA-RCA-v2+GNN,A3_feature_calc_error,medium,20,FEAT_VOL20_STOCK_5_PRICE,,4.0,0,0,1,0.25,0.8,0.0,0
APA-RCA-v2+GNN,A3_feature_calc_error,medium,25,FEAT_VOL20_STOCK_3_PRICE,,2.0,0,1,1,0.5,0.8,0.0,0
APA-RCA-v2+GNN,A4_aggregation_error,medium,0,FEAT_SECTOR_B,,,0,0,0,0.0,1.0,0.0,0
APA-RCA-v2+GNN,A4_aggregation_error,medium,5,FEAT_SECTOR_B,,,0,0,0,0.0,1.0,0.0,0
APA-RCA-v2+GNN,A4_aggregation_error,medium,10,FEAT_SECTOR_B,,,0,0,0,0.0,1.0,0.0,0
APA-RCA-v2+GNN,A4_aggregation_error,medium,15,FEAT_SECTOR_B,,,0,0,0,0.0,1.0,0.0,0
APA-RCA-v2+GNN,A4_aggregation_error,medium,20,FEAT_SECTOR_B,,,0,0,0,0.0,1.0,0.0,0
APA-RCA-v2+GNN,A4_aggregation_error,medium,25,FEAT_SECTOR_B,,,0,0,0,0.0,1.0,0.0,0
APA-RCA-v2+GNN,A5_downstream_masking,medium,0,SRC_STOCK_5_PRICE,,1.0,1,1,1,1.0,0.8,0.0,0
APA-RCA-v2+GNN,A5_downstream_masking,medium,5,SRC_STOCK_4_PRICE,,3.0,0,1,1,0.3333333333333333,0.8,0.0,0
APA-RCA-v2+GNN,A5_downstream_masking,medium,10,SRC_STOCK_4_PRICE,,1.0,1,1,1,1.0,0.8,0.0,0
APA-RCA-v2+GNN,A5_downstream_masking,medium,15,SRC_STOCK_5_PRICE,,1.0,1,1,1,1.0,0.8,0.0,0
APA-RCA-v2+GNN,A5_downstream_masking,medium,20,SRC_STOCK_5_PRICE,,1.0,1,1,1,1.0,0.8,0.0,0
APA-RCA-v2+GNN,A5_downstream_masking,medium,25,SRC_STOCK_3_PRICE,,4.0,0,0,1,0.25,0.8,0.0,0
APA-RCA-v2+GNN,A6_multi_source,medium,0,SRC_STOCK_4_PRICE,,2.0,0,1,1,0.5,0.8,0.0,0
APA-RCA-v2+GNN,A6_multi_source,medium,5,SRC_STOCK_4_PRICE,,1.0,1,1,1,1.0,0.8,0.0,0
APA-RCA-v2+GNN,A6_multi_source,medium,10,SRC_STOCK_2_PRICE,,1.0,1,1,1,1.0,0.8,0.0,0
APA-RCA-v2+GNN,A6_multi_source,medium,15,SRC_STOCK_4_PRICE,,1.0,1,1,1,1.0,0.8,0.0,0
APA-RCA-v2+GNN,A6_multi_source,medium,20,SRC_STOCK_3_PRICE,,2.0,0,1,1,0.5,0.8,0.0,0
APA-RCA-v2+GNN,A6_multi_source,medium,25,SRC_STOCK_1_PRICE,,2.0,0,1,1,0.5,0.8,0.0,0
APA-RCA-v2+GNN,A7_coincidental,medium,0,SRC_STOCK_5_PRICE,,1.0,1,1,1,1.0,0.8,0.0,0
APA-RCA-v2+GNN,A7_coincidental,medium,5,SRC_STOCK_4_PRICE,,1.0,1,1,1,1.0,0.8,0.0,0
APA-RCA-v2+GNN,A7_coincidental,medium,10,SRC_STOCK_4_PRICE,,1.0,1,1,1,1.0,0.8,0.0,0
APA-RCA-v2+GNN,A7_coincidental,medium,15,SRC_STOCK_5_PRICE,,1.0,1,1,1,1.0,0.8,0.0,0
APA-RCA-v2+GNN,A7_coincidental,medium,20,SRC_STOCK_5_PRICE,,1.0,1,1,1,1.0,0.8,0.0,0
APA-RCA-v2+GNN,A7_coincidental,medium,25,SRC_STOCK_3_PRICE,,1.0,1,1,1,1.0,0.8,0.0,0
APA-RCA-v2+GNN,A1_source_corruption,large,0,SRC_STOCK_7_PRICE,,1.0,1,1,1,1.0,0.8,0.0,0
APA-RCA-v2+GNN,A1_source_corruption,large,5,SRC_STOCK_6_PRICE,,1.0,1,1,1,1.0,0.8,0.0,0
APA-RCA-v2+GNN,A1_source_corruption,large,10,SRC_STOCK_7_PRICE,,1.0,1,1,1,1.0,0.8,0.0,0
APA-RCA-v2+GNN,A1_source_corruption,large,15,SRC_STOCK_8_PRICE,,1.0,1,1,1,1.0,0.8,0.0,0
APA-RCA-v2+GNN,A1_source_corruption,large,20,SRC_STOCK_8_PRICE,,1.0,1,1,1,1.0,0.8,0.0,0
APA-RCA-v2+GNN,A1_source_corruption,large,25,SRC_STOCK_5_PRICE,,1.0,1,1,1,1.0,0.8,0.0,0
APA-RCA-v2+GNN,A2_etl_logic_error,large,0,ETL_FX_STOCK_7_PRICE,,4.0,0,0,1,0.25,0.8,0.0,0
APA-RCA-v2+GNN,A2_etl_logic_error,large,5,ETL_FX_STOCK_6_PRICE,,3.0,0,1,1,0.3333333333333333,0.8,0.0,0
APA-RCA-v2+GNN,A2_etl_logic_error,large,10,ETL_FX_STOCK_7_PRICE,,4.0,0,0,1,0.25,0.8,0.0,0
APA-RCA-v2+GNN,A2_etl_logic_error,large,15,ETL_FX_STOCK_8_PRICE,,4.0,0,0,1,0.25,0.8,0.0,0
APA-RCA-v2+GNN,A2_etl_logic_error,large,20,ETL_FX_STOCK_8_PRICE,,1.0,1,1,1,1.0,0.8,0.0,0
APA-RCA-v2+GNN,A2_etl_logic_error,large,25,ETL_FX_STOCK_5_PRICE,,9.0,0,0,0,0.1111111111111111,1.0,0.0,0
APA-RCA-v2+GNN,A3_feature_calc_error,large,0,FEAT_VOL20_STOCK_7_PRICE,,2.0,0,1,1,0.5,0.8,0.0,0
APA-RCA-v2+GNN,A3_feature_calc_error,large,5,FEAT_VOL20_STOCK_6_PRICE,,1.0,1,1,1,1.0,0.8,0.0,0
APA-RCA-v2+GNN,A3_feature_calc_error,large,10,FEAT_VOL20_STOCK_7_PRICE,,1.0,1,1,1,1.0,0.8,0.0,0
APA-RCA-v2+GNN,A3_feature_calc_error,large,15,FEAT_VOL20_STOCK_8_PRICE,,2.0,0,1,1,0.5,0.8,0.0,0
APA-RCA-v2+GNN,A3_feature_calc_error,large,20,FEAT_VOL20_STOCK_8_PRICE,,5.0,0,0,1,0.2,0.8,0.0,0
APA-RCA-v2+GNN,A3_feature_calc_error,large,25,FEAT_VOL20_STOCK_5_PRICE,,2.0,0,1,1,0.5,0.8,0.0,0
APA-RCA-v2+GNN,A4_aggregation_error,large,0,FEAT_SECTOR_B,,,0,0,0,0.0,1.0,0.0,0
APA-RCA-v2+GNN,A4_aggregation_error,large,5,FEAT_SECTOR_B,,,0,0,0,0.0,1.0,0.0,0
APA-RCA-v2+GNN,A4_aggregation_error,large,10,FEAT_SECTOR_B,,,0,0,0,0.0,1.0,0.0,0
APA-RCA-v2+GNN,A4_aggregation_error,large,15,FEAT_SECTOR_B,,,0,0,0,0.0,1.0,0.0,0
APA-RCA-v2+GNN,A4_aggregation_error,large,20,FEAT_SECTOR_B,,,0,0,0,0.0,1.0,0.0,0
APA-RCA-v2+GNN,A4_aggregation_error,large,25,FEAT_SECTOR_B,,,0,0,0,0.0,1.0,0.0,0
APA-RCA-v2+GNN,A5_downstream_masking,large,0,SRC_STOCK_7_PRICE,,6.0,0,0,0,0.16666666666666666,1.0,0.0,0
APA-RCA-v2+GNN,A5_downstream_masking,large,5,SRC_STOCK_6_PRICE,,2.0,0,1,1,0.5,0.8,0.0,0
APA-RCA-v2+GNN,A5_downstream_masking,large,10,SRC_STOCK_7_PRICE,,5.0,0,0,1,0.2,0.8,0.0,0
APA-RCA-v2+GNN,A5_downstream_masking,large,15,SRC_STOCK_8_PRICE,,3.0,0,1,1,0.3333333333333333,0.8,0.0,0
APA-RCA-v2+GNN,A5_downstream_masking,large,20,SRC_STOCK_8_PRICE,,6.0,0,0,0,0.16666666666666666,1.0,0.0,0
APA-RCA-v2+GNN,A5_downstream_masking,large,25,SRC_STOCK_5_PRICE,,2.0,0,1,1,0.5,0.8,0.0,0
APA-RCA-v2+GNN,A6_multi_source,large,0,SRC_STOCK_5_PRICE,,2.0,0,1,1,0.5,0.8,0.0,0
APA-RCA-v2+GNN,A6_multi_source,large,5,SRC_STOCK_6_PRICE,,2.0,0,1,1,0.5,0.8,0.0,0
APA-RCA-v2+GNN,A6_multi_source,large,10,SRC_STOCK_3_PRICE,,1.0,1,1,1,1.0,0.8,0.0,0
APA-RCA-v2+GNN,A6_multi_source,large,15,SRC_STOCK_5_PRICE,,1.0,1,1,1,1.0,0.8,0.0,0
APA-RCA-v2+GNN,A6_multi_source,large,20,SRC_STOCK_6_PRICE,,2.0,0,1,1,0.5,0.8,0.0,0
APA-RCA-v2+GNN,A6_multi_source,large,25,SRC_STOCK_2_PRICE,,2.0,0,1,1,0.5,0.8,0.0,0
APA-RCA-v2+GNN,A7_coincidental,large,0,SRC_STOCK_7_PRICE,,1.0,1,1,1,1.0,0.8,0.0,0
APA-RCA-v2+GNN,A7_coincidental,large,5,SRC_STOCK_6_PRICE,,1.0,1,1,1,1.0,0.8,0.0,0
APA-RCA-v2+GNN,A7_coincidental,large,10,SRC_STOCK_7_PRICE,,1.0,1,1,1,1.0,0.8,0.0,0
APA-RCA-v2+GNN,A7_coincidental,large,15,SRC_STOCK_8_PRICE,,1.0,1,1,1,1.0,0.8,0.0,0
APA-RCA-v2+GNN,A7_coincidental,large,20,SRC_STOCK_8_PRICE,,1.0,1,1,1,1.0,0.8,0.0,0
APA-RCA-v2+GNN,A7_coincidental,large,25,SRC_STOCK_5_PRICE,,1.0,1,1,1,1.0,0.8,0.0,0
VAE+APA-RCA+GNN,A1_source_corruption,small,0,SRC_STOCK_3_PRICE,,1.0,1,1,1,1.0,0.8,0.0,0
VAE+APA-RCA+GNN,A1_source_corruption,small,5,SRC_STOCK_3_PRICE,,1.0,1,1,1,1.0,0.8,0.0,0
VAE+APA-RCA+GNN,A1_source_corruption,small,10,SRC_STOCK_3_PRICE,,1.0,1,1,1,1.0,0.8,0.0,0
VAE+APA-RCA+GNN,A1_source_corruption,small,15,SRC_STOCK_3_PRICE,,1.0,1,1,1,1.0,0.8,0.0,0
VAE+APA-RCA+GNN,A1_source_corruption,small,20,SRC_STOCK_3_PRICE,,1.0,1,1,1,1.0,0.8,0.0,0
VAE+APA-RCA+GNN,A1_source_corruption,small,25,SRC_STOCK_2_PRICE,,1.0,1,1,1,1.0,0.8,0.0,0
VAE+APA-RCA+GNN,A2_etl_logic_error,small,0,ETL_FX_STOCK_3_PRICE,,6.0,0,0,0,0.16666666666666666,1.0,0.0,0
VAE+APA-RCA+GNN,A2_etl_logic_error,small,5,ETL_FX_STOCK_3_PRICE,,,0,0,0,0.0,1.0,0.0,0
VAE+APA-RCA+GNN,A2_etl_logic_error,small,10,ETL_FX_STOCK_3_PRICE,,7.0,0,0,0,0.14285714285714285,1.0,0.0,0
VAE+APA-RCA+GNN,A2_etl_logic_error,small,15,ETL_FX_STOCK_3_PRICE,,7.0,0,0,0,0.14285714285714285,1.0,0.0,0
VAE+APA-RCA+GNN,A2_etl_logic_error,small,20,ETL_FX_STOCK_3_PRICE,,9.0,0,0,0,0.1111111111111111,1.0,0.0,0
VAE+APA-RCA+GNN,A2_etl_logic_error,small,25,ETL_FX_STOCK_2_PRICE,,4.0,0,0,1,0.25,0.8,0.0,0
VAE+APA-RCA+GNN,A3_feature_calc_error,small,0,FEAT_VOL20_STOCK_3_PRICE,,1.0,1,1,1,1.0,0.8,0.0,0
VAE+APA-RCA+GNN,A3_feature_calc_error,small,5,FEAT_VOL20_STOCK_3_PRICE,,1.0,1,1,1,1.0,0.8,0.0,0
VAE+APA-RCA+GNN,A3_feature_calc_error,small,10,FEAT_VOL20_STOCK_3_PRICE,,1.0,1,1,1,1.0,0.8,0.0,0
VAE+APA-RCA+GNN,A3_feature_calc_error,small,15,FEAT_VOL20_STOCK_3_PRICE,,1.0,1,1,1,1.0,0.8,0.0,0
VAE+APA-RCA+GNN,A3_feature_calc_error,small,20,FEAT_VOL20_STOCK_3_PRICE,,1.0,1,1,1,1.0,0.8,0.0,0
VAE+APA-RCA+GNN,A3_feature_calc_error,small,25,FEAT_VOL20_STOCK_2_PRICE,,1.0,1,1,1,1.0,0.8,0.0,0
VAE+APA-RCA+GNN,A4_aggregation_error,small,0,FEAT_SECTOR_B,,,0,0,0,0.0,1.0,0.0,0
VAE+APA-RCA+GNN,A4_aggregation_error,small,5,FEAT_SECTOR_B,,,0,0,0,0.0,1.0,0.0,0
VAE+APA-RCA+GNN,A4_aggregation_error,small,10,FEAT_SECTOR_B,,,0,0,0,0.0,1.0,0.0,0
VAE+APA-RCA+GNN,A4_aggregation_error,small,15,FEAT_SECTOR_B,,,0,0,0,0.0,1.0,0.0,0
VAE+APA-RCA+GNN,A4_aggregation_error,small,20,FEAT_SECTOR_B,,,0,0,0,0.0,1.0,0.0,0
VAE+APA-RCA+GNN,A4_aggregation_error,small,25,FEAT_SECTOR_B,,,0,0,0,0.0,1.0,0.0,0
VAE+APA-RCA+GNN,A5_downstream_masking,small,0,SRC_STOCK_3_PRICE,,1.0,1,1,1,1.0,0.8,0.0,0
VAE+APA-RCA+GNN,A5_downstream_masking,small,5,SRC_STOCK_3_PRICE,,1.0,1,1,1,1.0,0.8,0.0,0
VAE+APA-RCA+GNN,A5_downstream_masking,small,10,SRC_STOCK_3_PRICE,,1.0,1,1,1,1.0,0.8,0.0,0
VAE+APA-RCA+GNN,A5_downstream_masking,small,15,SRC_STOCK_3_PRICE,,1.0,1,1,1,1.0,0.8,0.0,0
VAE+APA-RCA+GNN,A5_downstream_masking,small,20,SRC_STOCK_3_PRICE,,1.0,1,1,1,1.0,0.8,0.0,0
VAE+APA-RCA+GNN,A5_downstream_masking,small,25,SRC_STOCK_2_PRICE,,2.0,0,1,1,0.5,0.8,0.0,0
VAE+APA-RCA+GNN,A6_multi_source,small,0,SRC_STOCK_3_PRICE,,1.0,1,1,1,1.0,0.8,0.0,0
VAE+APA-RCA+GNN,A6_multi_source,small,5,SRC_STOCK_3_PRICE,,3.0,0,1,1,0.3333333333333333,0.8,0.0,0
VAE+APA-RCA+GNN,A6_multi_source,small,10,SRC_STOCK_2_PRICE,,3.0,0,1,1,0.3333333333333333,0.8,0.0,0
VAE+APA-RCA+GNN,A6_multi_source,small,15,SRC_STOCK_1_PRICE,,2.0,0,1,1,0.5,0.8,0.0,0
VAE+APA-RCA+GNN,A6_multi_source,small,20,SRC_STOCK_2_PRICE,,3.0,0,1,1,0.3333333333333333,0.8,0.0,0
VAE+APA-RCA+GNN,A6_multi_source,small,25,SRC_STOCK_2_PRICE,,1.0,1,1,1,1.0,0.8,0.0,0
VAE+APA-RCA+GNN,A7_coincidental,small,0,SRC_STOCK_3_PRICE,,1.0,1,1,1,1.0,0.8,0.0,0
VAE+APA-RCA+GNN,A7_coincidental,small,5,SRC_STOCK_3_PRICE,,1.0,1,1,1,1.0,0.8,0.0,0
VAE+APA-RCA+GNN,A7_coincidental,small,10,SRC_STOCK_3_PRICE,,1.0,1,1,1,1.0,0.8,0.0,0
VAE+APA-RCA+GNN,A7_coincidental,small,15,SRC_STOCK_3_PRICE,,1.0,1,1,1,1.0,0.8,0.0,0
VAE+APA-RCA+GNN,A7_coincidental,small,20,SRC_STOCK_3_PRICE,,1.0,1,1,1,1.0,0.8,0.0,0
VAE+APA-RCA+GNN,A7_coincidental,small,25,SRC_STOCK_2_PRICE,,1.0,1,1,1,1.0,0.8,0.0,0
VAE+APA-RCA+GNN,A1_source_corruption,medium,0,SRC_STOCK_5_PRICE,,1.0,1,1,1,1.0,0.8,0.0,0
VAE+APA-RCA+GNN,A1_source_corruption,medium,5,SRC_STOCK_4_PRICE,,1.0,1,1,1,1.0,0.8,0.0,0
VAE+APA-RCA+GNN,A1_source_corruption,medium,10,SRC_STOCK_4_PRICE,,1.0,1,1,1,1.0,0.8,0.0,0
VAE+APA-RCA+GNN,A1_source_corruption,medium,15,SRC_STOCK_5_PRICE,,1.0,1,1,1,1.0,0.8,0.0,0
VAE+APA-RCA+GNN,A1_source_corruption,medium,20,SRC_STOCK_5_PRICE,,1.0,1,1,1,1.0,0.8,0.0,0
VAE+APA-RCA+GNN,A1_source_corruption,medium,25,SRC_STOCK_3_PRICE,,1.0,1,1,1,1.0,0.8,0.0,0
VAE+APA-RCA+GNN,A2_etl_logic_error,medium,0,ETL_FX_STOCK_5_PRICE,,,0,0,0,0.0,1.0,0.0,0
VAE+APA-RCA+GNN,A2_etl_logic_error,medium,5,ETL_FX_STOCK_4_PRICE,,,0,0,0,0.0,1.0,0.0,0
VAE+APA-RCA+GNN,A2_etl_logic_error,medium,10,ETL_FX_STOCK_4_PRICE,,,0,0,0,0.0,1.0,0.0,0
VAE+APA-RCA+GNN,A2_etl_logic_error,medium,15,ETL_FX_STOCK_5_PRICE,,,0,0,0,0.0,1.0,0.0,0
VAE+APA-RCA+GNN,A2_etl_logic_error,medium,20,ETL_FX_STOCK_5_PRICE,,,0,0,0,0.0,1.0,0.0,0
VAE+APA-RCA+GNN,A2_etl_logic_error,medium,25,ETL_FX_STOCK_3_PRICE,,,0,0,0,0.0,1.0,0.0,0
VAE+APA-RCA+GNN,A3_feature_calc_error,medium,0,FEAT_VOL20_STOCK_5_PRICE,,1.0,1,1,1,1.0,0.8,0.0,0
VAE+APA-RCA+GNN,A3_feature_calc_error,medium,5,FEAT_VOL20_STOCK_4_PRICE,,1.0,1,1,1,1.0,0.8,0.0,0
VAE+APA-RCA+GNN,A3_feature_calc_error,medium,10,FEAT_VOL20_STOCK_4_PRICE,,1.0,1,1,1,1.0,0.8,0.0,0
VAE+APA-RCA+GNN,A3_feature_calc_error,medium,15,FEAT_VOL20_STOCK_5_PRICE,,1.0,1,1,1,1.0,0.8,0.0,0
VAE+APA-RCA+GNN,A3_feature_calc_error,medium,20,FEAT_VOL20_STOCK_5_PRICE,,1.0,1,1,1,1.0,0.8,0.0,0
VAE+APA-RCA+GNN,A3_feature_calc_error,medium,25,FEAT_VOL20_STOCK_3_PRICE,,1.0,1,1,1,1.0,0.8,0.0,0
VAE+APA-RCA+GNN,A4_aggregation_error,medium,0,FEAT_SECTOR_B,,,0,0,0,0.0,1.0,0.0,0
VAE+APA-RCA+GNN,A4_aggregation_error,medium,5,FEAT_SECTOR_B,,,0,0,0,0.0,1.0,0.0,0
VAE+APA-RCA+GNN,A4_aggregation_error,medium,10,FEAT_SECTOR_B,,,0,0,0,0.0,1.0,0.0,0
VAE+APA-RCA+GNN,A4_aggregation_error,medium,15,FEAT_SECTOR_B,,,0,0,0,0.0,1.0,0.0,0
VAE+APA-RCA+GNN,A4_aggregation_error,medium,20,FEAT_SECTOR_B,,,0,0,0,0.0,1.0,0.0,0
VAE+APA-RCA+GNN,A4_aggregation_error,medium,25,FEAT_SECTOR_B,,,0,0,0,0.0,1.0,0.0,0
VAE+APA-RCA+GNN,A5_downstream_masking,medium,0,SRC_STOCK_5_PRICE,,1.0,1,1,1,1.0,0.8,0.0,0
VAE+APA-RCA+GNN,A5_downstream_masking,medium,5,SRC_STOCK_4_PRICE,,1.0,1,1,1,1.0,0.8,0.0,0
VAE+APA-RCA+GNN,A5_downstream_masking,medium,10,SRC_STOCK_4_PRICE,,1.0,1,1,1,1.0,0.8,0.0,0
VAE+APA-RCA+GNN,A5_downstream_masking,medium,15,SRC_STOCK_5_PRICE,,4.0,0,0,1,0.25,0.8,0.0,0
VAE+APA-RCA+GNN,A5_downstream_masking,medium,20,SRC_STOCK_5_PRICE,,1.0,1,1,1,1.0,0.8,0.0,0
VAE+APA-RCA+GNN,A5_downstream_masking,medium,25,SRC_STOCK_3_PRICE,,1.0,1,1,1,1.0,0.8,0.0,0
VAE+APA-RCA+GNN,A6_multi_source,medium,0,SRC_STOCK_4_PRICE,,2.0,0,1,1,0.5,0.8,0.0,0
VAE+APA-RCA+GNN,A6_multi_source,medium,5,SRC_STOCK_4_PRICE,,2.0,0,1,1,0.5,0.8,0.0,0
VAE+APA-RCA+GNN,A6_multi_source,medium,10,SRC_STOCK_2_PRICE,,2.0,0,1,1,0.5,0.8,0.0,0
VAE+APA-RCA+GNN,A6_multi_source,medium,15,SRC_STOCK_4_PRICE,,2.0,0,1,1,0.5,0.8,0.0,0
VAE+APA-RCA+GNN,A6_multi_source,medium,20,SRC_STOCK_3_PRICE,,2.0,0,1,1,0.5,0.8,0.0,0
VAE+APA-RCA+GNN,A6_multi_source,medium,25,SRC_STOCK_1_PRICE,,3.0,0,1,1,0.3333333333333333,0.8,0.0,0
VAE+APA-RCA+GNN,A7_coincidental,medium,0,SRC_STOCK_5_PRICE,,1.0,1,1,1,1.0,0.8,0.0,0
VAE+APA-RCA+GNN,A7_coincidental,medium,5,SRC_STOCK_4_PRICE,,1.0,1,1,1,1.0,0.8,0.0,0
VAE+APA-RCA+GNN,A7_coincidental,medium,10,SRC_STOCK_4_PRICE,,1.0,1,1,1,1.0,0.8,0.0,0
VAE+APA-RCA+GNN,A7_coincidental,medium,15,SRC_STOCK_5_PRICE,,1.0,1,1,1,1.0,0.8,0.0,0
VAE+APA-RCA+GNN,A7_coincidental,medium,20,SRC_STOCK_5_PRICE,,1.0,1,1,1,1.0,0.8,0.0,0
VAE+APA-RCA+GNN,A7_coincidental,medium,25,SRC_STOCK_3_PRICE,,1.0,1,1,1,1.0,0.8,0.0,0
VAE+APA-RCA+GNN,A1_source_corruption,large,0,SRC_STOCK_7_PRICE,,1.0,1,1,1,1.0,0.8,0.0,0
VAE+APA-RCA+GNN,A1_source_corruption,large,5,SRC_STOCK_6_PRICE,,1.0,1,1,1,1.0,0.8,0.0,0
VAE+APA-RCA+GNN,A1_source_corruption,large,10,SRC_STOCK_7_PRICE,,1.0,1,1,1,1.0,0.8,0.0,0
VAE+APA-RCA+GNN,A1_source_corruption,large,15,SRC_STOCK_8_PRICE,,1.0,1,1,1,1.0,0.8,0.0,0
VAE+APA-RCA+GNN,A1_source_corruption,large,20,SRC_STOCK_8_PRICE,,1.0,1,1,1,1.0,0.8,0.0,0
VAE+APA-RCA+GNN,A1_source_corruption,large,25,SRC_STOCK_5_PRICE,,1.0,1,1,1,1.0,0.8,0.0,0
VAE+APA-RCA+GNN,A2_etl_logic_error,large,0,ETL_FX_STOCK_7_PRICE,,,0,0,0,0.0,1.0,0.0,0
VAE+APA-RCA+GNN,A2_etl_logic_error,large,5,ETL_FX_STOCK_6_PRICE,,,0,0,0,0.0,1.0,0.0,0
VAE+APA-RCA+GNN,A2_etl_logic_error,large,10,ETL_FX_STOCK_7_PRICE,,,0,0,0,0.0,1.0,0.0,0
VAE+APA-RCA+GNN,A2_etl_logic_error,large,15,ETL_FX_STOCK_8_PRICE,,,0,0,0,0.0,1.0,0.0,0
VAE+APA-RCA+GNN,A2_etl_logic_error,large,20,ETL_FX_STOCK_8_PRICE,,,0,0,0,0.0,1.0,0.0,0
VAE+APA-RCA+GNN,A2_etl_logic_error,large,25,ETL_FX_STOCK_5_PRICE,,,0,0,0,0.0,1.0,0.0,0
VAE+APA-RCA+GNN,A3_feature_calc_error,large,0,FEAT_VOL20_STOCK_7_PRICE,,1.0,1,1,1,1.0,0.8,0.0,0
VAE+APA-RCA+GNN,A3_feature_calc_error,large,5,FEAT_VOL20_STOCK_6_PRICE,,1.0,1,1,1,1.0,0.8,0.0,0
VAE+APA-RCA+GNN,A3_feature_calc_error,large,10,FEAT_VOL20_STOCK_7_PRICE,,1.0,1,1,1,1.0,0.8,0.0,0
VAE+APA-RCA+GNN,A3_feature_calc_error,large,15,FEAT_VOL20_STOCK_8_PRICE,,,0,0,0,0.0,1.0,0.0,0
VAE+APA-RCA+GNN,A3_feature_calc_error,large,20,FEAT_VOL20_STOCK_8_PRICE,,1.0,1,1,1,1.0,0.8,0.0,0
VAE+APA-RCA+GNN,A3_feature_calc_error,large,25,FEAT_VOL20_STOCK_5_PRICE,,,0,0,0,0.0,1.0,0.0,0
VAE+APA-RCA+GNN,A4_aggregation_error,large,0,FEAT_SECTOR_B,,,0,0,0,0.0,1.0,0.0,0
VAE+APA-RCA+GNN,A4_aggregation_error,large,5,FEAT_SECTOR_B,,,0,0,0,0.0,1.0,0.0,0
VAE+APA-RCA+GNN,A4_aggregation_error,large,10,FEAT_SECTOR_B,,,0,0,0,0.0,1.0,0.0,0
VAE+APA-RCA+GNN,A4_aggregation_error,large,15,FEAT_SECTOR_B,,,0,0,0,0.0,1.0,0.0,0
VAE+APA-RCA+GNN,A4_aggregation_error,large,20,FEAT_SECTOR_B,,,0,0,0,0.0,1.0,0.0,0
VAE+APA-RCA+GNN,A4_aggregation_error,large,25,FEAT_SECTOR_B,,,0,0,0,0.0,1.0,0.0,0
VAE+APA-RCA+GNN,A5_downstream_masking,large,0,SRC_STOCK_7_PRICE,,1.0,1,1,1,1.0,0.8,0.0,0
VAE+APA-RCA+GNN,A5_downstream_masking,large,5,SRC_STOCK_6_PRICE,,1.0,1,1,1,1.0,0.8,0.0,0
VAE+APA-RCA+GNN,A5_downstream_masking,large,10,SRC_STOCK_7_PRICE,,1.0,1,1,1,1.0,0.8,0.0,0
VAE+APA-RCA+GNN,A5_downstream_masking,large,15,SRC_STOCK_8_PRICE,,2.0,0,1,1,0.5,0.8,0.0,0
VAE+APA-RCA+GNN,A5_downstream_masking,large,20,SRC_STOCK_8_PRICE,,1.0,1,1,1,1.0,0.8,0.0,0
VAE+APA-RCA+GNN,A5_downstream_masking,large,25,SRC_STOCK_5_PRICE,,1.0,1,1,1,1.0,0.8,0.0,0
VAE+APA-RCA+GNN,A6_multi_source,large,0,SRC_STOCK_5_PRICE,,2.0,0,1,1,0.5,0.8,0.0,0
VAE+APA-RCA+GNN,A6_multi_source,large,5,SRC_STOCK_6_PRICE,,3.0,0,1,1,0.3333333333333333,0.8,0.0,0
VAE+APA-RCA+GNN,A6_multi_source,large,10,SRC_STOCK_3_PRICE,,2.0,0,1,1,0.5,0.8,0.0,0
VAE+APA-RCA+GNN,A6_multi_source,large,15,SRC_STOCK_5_PRICE,,3.0,0,1,1,0.3333333333333333,0.8,0.0,0
VAE+APA-RCA+GNN,A6_multi_source,large,20,SRC_STOCK_6_PRICE,,2.0,0,1,1,0.5,0.8,0.0,0
VAE+APA-RCA+GNN,A6_multi_source,large,25,SRC_STOCK_2_PRICE,,3.0,0,1,1,0.3333333333333333,0.8,0.0,0
VAE+APA-RCA+GNN,A7_coincidental,large,0,SRC_STOCK_7_PRICE,,1.0,1,1,1,1.0,0.8,0.0,0
VAE+APA-RCA+GNN,A7_coincidental,large,5,SRC_STOCK_6_PRICE,,1.0,1,1,1,1.0,0.8,0.0,0
VAE+APA-RCA+GNN,A7_coincidental,large,10,SRC_STOCK_7_PRICE,,1.0,1,1,1,1.0,0.8,0.0,0
VAE+APA-RCA+GNN,A7_coincidental,large,15,SRC_STOCK_8_PRICE,,1.0,1,1,1,1.0,0.8,0.0,0
VAE+APA-RCA+GNN,A7_coincidental,large,20,SRC_STOCK_8_PRICE,,1.0,1,1,1,1.0,0.8,0.0,0
VAE+APA-RCA+GNN,A7_coincidental,large,25,SRC_STOCK_5_PRICE,,1.0,1,1,1,1.0,0.8,0.0,0
APA-RCA-v2+GNN,A1_source_corruption,small,1,SRC_STOCK_2_PRICE,,1.0,1,1,1,1.0,0.8,0.0,0
APA-RCA-v2+GNN,A1_source_corruption,small,6,SRC_STOCK_2_PRICE,,1.0,1,1,1,1.0,0.8,0.0,0
APA-RCA-v2+GNN,A1_source_corruption,small,11,SRC_STOCK_1_PRICE,,1.0,1,1,1,1.0,0.8,0.0,0
APA-RCA-v2+GNN,A1_source_corruption,small,16,SRC_STOCK_2_PRICE,,1.0,1,1,1,1.0,0.8,0.0,0
APA-RCA-v2+GNN,A1_source_corruption,small,21,SRC_STOCK_1_PRICE,,1.0,1,1,1,1.0,0.8,0.0,0
APA-RCA-v2+GNN,A1_source_corruption,small,26,SRC_STOCK_3_PRICE,,1.0,1,1,1,1.0,0.8,0.0,0
APA-RCA-v2+GNN,A2_etl_logic_error,small,1,ETL_FX_STOCK_2_PRICE,,6.0,0,0,0,0.16666666666666666,1.0,0.0,0
APA-RCA-v2+GNN,A2_etl_logic_error,small,6,ETL_FX_STOCK_2_PRICE,,5.0,0,0,1,0.2,0.8,0.0,0
APA-RCA-v2+GNN,A2_etl_logic_error,small,11,ETL_FX_STOCK_1_PRICE,,3.0,0,1,1,0.3333333333333333,0.8,0.0,0
APA-RCA-v2+GNN,A2_etl_logic_error,small,16,ETL_FX_STOCK_2_PRICE,,5.0,0,0,1,0.2,0.8,0.0,0
APA-RCA-v2+GNN,A2_etl_logic_error,small,21,ETL_FX_STOCK_1_PRICE,,6.0,0,0,0,0.16666666666666666,1.0,0.0,0
APA-RCA-v2+GNN,A2_etl_logic_error,small,26,ETL_FX_STOCK_3_PRICE,,8.0,0,0,0,0.125,1.0,0.0,0
APA-RCA-v2+GNN,A3_feature_calc_error,small,1,FEAT_VOL20_STOCK_2_PRICE,,,0,0,0,0.0,1.0,0.0,0
APA-RCA-v2+GNN,A3_feature_calc_error,small,6,FEAT_VOL20_STOCK_2_PRICE,,2.0,0,1,1,0.5,0.8,0.0,0
APA-RCA-v2+GNN,A3_feature_calc_error,small,11,FEAT_VOL20_STOCK_1_PRICE,,2.0,0,1,1,0.5,0.8,0.0,0
APA-RCA-v2+GNN,A3_feature_calc_error,small,16,FEAT_VOL20_STOCK_2_PRICE,,3.0,0,1,1,0.3333333333333333,0.8,0.0,0
APA-RCA-v2+GNN,A3_feature_calc_error,small,21,FEAT_VOL20_STOCK_1_PRICE,,3.0,0,1,1,0.3333333333333333,0.8,0.0,0
APA-RCA-v2+GNN,A3_feature_calc_error,small,26,FEAT_VOL20_STOCK_3_PRICE,,2.0,0,1,1,0.5,0.8,0.0,0
APA-RCA-v2+GNN,A4_aggregation_error,small,1,FEAT_SECTOR_A,,,0,0,0,0.0,1.0,0.0,0
APA-RCA-v2+GNN,A4_aggregation_error,small,6,FEAT_SECTOR_A,,,0,0,0,0.0,1.0,0.0,0
APA-RCA-v2+GNN,A4_aggregation_error,small,11,FEAT_SECTOR_A,,,0,0,0,0.0,1.0,0.0,0
APA-RCA-v2+GNN,A4_aggregation_error,small,16,FEAT_SECTOR_B,,,0,0,0,0.0,1.0,0.0,0
APA-RCA-v2+GNN,A4_aggregation_error,small,21,FEAT_SECTOR_A,,,0,0,0,0.0,1.0,0.0,0
APA-RCA-v2+GNN,A4_aggregation_error,small,26,FEAT_SECTOR_B,,,0,0,0,0.0,1.0,0.0,0
APA-RCA-v2+GNN,A5_downstream_masking,small,1,SRC_STOCK_2_PRICE,,1.0,1,1,1,1.0,0.8,0.0,0
APA-RCA-v2+GNN,A5_downstream_masking,small,6,SRC_STOCK_2_PRICE,,,0,0,0,0.0,1.0,0.0,0
APA-RCA-v2+GNN,A5_downstream_masking,small,11,SRC_STOCK_1_PRICE,,4.0,0,0,1,0.25,0.8,0.0,0
APA-RCA-v2+GNN,A5_downstream_masking,small,16,SRC_STOCK_2_PRICE,,1.0,1,1,1,1.0,0.8,0.0,0
APA-RCA-v2+GNN,A5_downstream_masking,small,21,SRC_STOCK_1_PRICE,,1.0,1,1,1,1.0,0.8,0.0,0
APA-RCA-v2+GNN,A5_downstream_masking,small,26,SRC_STOCK_3_PRICE,,1.0,1,1,1,1.0,0.8,0.0,0
APA-RCA-v2+GNN,A6_multi_source,small,1,SRC_STOCK_1_PRICE,,2.0,0,1,1,0.5,0.8,0.0,0
APA-RCA-v2+GNN,A6_multi_source,small,6,SRC_STOCK_3_PRICE,,1.0,1,1,1,1.0,0.8,0.0,0
APA-RCA-v2+GNN,A6_multi_source,small,11,SRC_STOCK_2_PRICE,,2.0,0,1,1,0.5,0.8,0.0,0
APA-RCA-v2+GNN,A6_multi_source,small,16,SRC_STOCK_2_PRICE,,2.0,0,1,1,0.5,0.8,0.0,0
APA-RCA-v2+GNN,A6_multi_source,small,21,SRC_STOCK_1_PRICE,,1.0,1,1,1,1.0,0.8,0.0,0
APA-RCA-v2+GNN,A6_multi_source,small,26,SRC_STOCK_3_PRICE,,2.0,0,1,1,0.5,0.8,0.0,0
APA-RCA-v2+GNN,A7_coincidental,small,1,SRC_STOCK_2_PRICE,,1.0,1,1,1,1.0,0.8,0.0,0
APA-RCA-v2+GNN,A7_coincidental,small,6,SRC_STOCK_2_PRICE,,1.0,1,1,1,1.0,0.8,0.0,0
APA-RCA-v2+GNN,A7_coincidental,small,11,SRC_STOCK_1_PRICE,,1.0,1,1,1,1.0,0.8,0.0,0
APA-RCA-v2+GNN,A7_coincidental,small,16,SRC_STOCK_2_PRICE,,1.0,1,1,1,1.0,0.8,0.0,0
APA-RCA-v2+GNN,A7_coincidental,small,21,SRC_STOCK_1_PRICE,,1.0,1,1,1,1.0,0.8,0.0,0
APA-RCA-v2+GNN,A7_coincidental,small,26,SRC_STOCK_3_PRICE,,1.0,1,1,1,1.0,0.8,0.0,0
APA-RCA-v2+GNN,A1_source_corruption,medium,1,SRC_STOCK_3_PRICE,,1.0,1,1,1,1.0,0.8,0.0,0
APA-RCA-v2+GNN,A1_source_corruption,medium,6,SRC_STOCK_3_PRICE,,1.0,1,1,1,1.0,0.8,0.0,0
APA-RCA-v2+GNN,A1_source_corruption,medium,11,SRC_STOCK_1_PRICE,,1.0,1,1,1,1.0,0.8,0.0,0
APA-RCA-v2+GNN,A1_source_corruption,medium,16,SRC_STOCK_3_PRICE,,1.0,1,1,1,1.0,0.8,0.0,0
APA-RCA-v2+GNN,A1_source_corruption,medium,21,SRC_STOCK_2_PRICE,,1.0,1,1,1,1.0,0.8,0.0,0
APA-RCA-v2+GNN,A1_source_corruption,medium,26,SRC_STOCK_5_PRICE,,1.0,1,1,1,1.0,0.8,0.0,0
APA-RCA-v2+GNN,A2_etl_logic_error,medium,1,ETL_FX_STOCK_3_PRICE,,5.0,0,0,1,0.2,0.8,0.0,0
APA-RCA-v2+GNN,A2_etl_logic_error,medium,6,ETL_FX_STOCK_3_PRICE,,8.0,0,0,0,0.125,1.0,0.0,0
APA-RCA-v2+GNN,A2_etl_logic_error,medium,11,ETL_FX_STOCK_1_PRICE,,7.0,0,0,0,0.14285714285714285,1.0,0.0,0
APA-RCA-v2+GNN,A2_etl_logic_error,medium,16,ETL_FX_STOCK_3_PRICE,,5.0,0,0,1,0.2,0.8,0.0,0
APA-RCA-v2+GNN,A2_etl_logic_error,medium,21,ETL_FX_STOCK_2_PRICE,,4.0,0,0,1,0.25,0.8,0.0,0
APA-RCA-v2+GNN,A2_etl_logic_error,medium,26,ETL_FX_STOCK_5_PRICE,,3.0,0,1,1,0.3333333333333333,0.8,0.0,0
APA-RCA-v2+GNN,A3_feature_calc_error,medium,1,FEAT_VOL20_STOCK_3_PRICE,,4.0,0,0,1,0.25,0.8,0.0,0
APA-RCA-v2+GNN,A3_feature_calc_error,medium,6,FEAT_VOL20_STOCK_3_PRICE,,2.0,0,1,1,0.5,0.8,0.0,0
APA-RCA-v2+GNN,A3_feature_calc_error,medium,11,FEAT_VOL20_STOCK_1_PRICE,,3.0,0,1,1,0.3333333333333333,0.8,0.0,0
APA-RCA-v2+GNN,A3_feature_calc_error,medium,16,FEAT_VOL20_STOCK_3_PRICE,,3.0,0,1,1,0.3333333333333333,0.8,0.0,0
APA-RCA-v2+GNN,A3_feature_calc_error,medium,21,FEAT_VOL20_STOCK_2_PRICE,,2.0,0,1,1,0.5,0.8,0.0,0
APA-RCA-v2+GNN,A3_feature_calc_error,medium,26,FEAT_VOL20_STOCK_5_PRICE,,2.0,0,1,1,0.5,0.8,0.0,0
APA-RCA-v2+GNN,A4_aggregation_error,medium,1,FEAT_SECTOR_A,,,0,0,0,0.0,1.0,0.0,0
APA-RCA-v2+GNN,A4_aggregation_error,medium,6,FEAT_SECTOR_A,,,0,0,0,0.0,1.0,0.0,0
APA-RCA-v2+GNN,A4_aggregation_error,medium,11,FEAT_SECTOR_A,,,0,0,0,0.0,1.0,0.0,0
APA-RCA-v2+GNN,A4_aggregation_error,medium,16,FEAT_SECTOR_B,,,0,0,0,0.0,1.0,0.0,0
APA-RCA-v2+GNN,A4_aggregation_error,medium,21,FEAT_SECTOR_A,,,0,0,0,0.0,1.0,0.0,0
APA-RCA-v2+GNN,A4_aggregation_error,medium,26,FEAT_SECTOR_B,,,0,0,0,0.0,1.0,0.0,0
APA-RCA-v2+GNN,A5_downstream_masking,medium,1,SRC_STOCK_3_PRICE,,3.0,0,1,1,0.3333333333333333,0.8,0.0,0
APA-RCA-v2+GNN,A5_downstream_masking,medium,6,SRC_STOCK_3_PRICE,,1.0,1,1,1,1.0,0.8,0.0,0
APA-RCA-v2+GNN,A5_downstream_masking,medium,11,SRC_STOCK_1_PRICE,,1.0,1,1,1,1.0,0.8,0.0,0
APA-RCA-v2+GNN,A5_downstream_masking,medium,16,SRC_STOCK_3_PRICE,,2.0,0,1,1,0.5,0.8,0.0,0
APA-RCA-v2+GNN,A5_downstream_masking,medium,21,SRC_STOCK_2_PRICE,,3.0,0,1,1,0.3333333333333333,0.8,0.0,0
APA-RCA-v2+GNN,A5_downstream_masking,medium,26,SRC_STOCK_5_PRICE,,5.0,0,0,1,0.2,0.8,0.0,0
APA-RCA-v2+GNN,A6_multi_source,medium,1,SRC_STOCK_3_PRICE,,1.0,1,1,1,1.0,0.8,0.0,0
APA-RCA-v2+GNN,A6_multi_source,medium,6,SRC_STOCK_2_PRICE,,1.0,1,1,1,1.0,0.8,0.0,0
APA-RCA-v2+GNN,A6_multi_source,medium,11,SRC_STOCK_1_PRICE,,1.0,1,1,1,1.0,0.8,0.0,0
APA-RCA-v2+GNN,A6_multi_source,medium,16,SRC_STOCK_2_PRICE,,2.0,0,1,1,0.5,0.8,0.0,0
APA-RCA-v2+GNN,A6_multi_source,medium,21,SRC_STOCK_2_PRICE,,2.0,0,1,1,0.5,0.8,0.0,0
APA-RCA-v2+GNN,A6_multi_source,medium,26,SRC_STOCK_2_PRICE,,2.0,0,1,1,0.5,0.8,0.0,0
APA-RCA-v2+GNN,A7_coincidental,medium,1,SRC_STOCK_3_PRICE,,1.0,1,1,1,1.0,0.8,0.0,0
APA-RCA-v2+GNN,A7_coincidental,medium,6,SRC_STOCK_3_PRICE,,1.0,1,1,1,1.0,0.8,0.0,0
APA-RCA-v2+GNN,A7_coincidental,medium,11,SRC_STOCK_1_PRICE,,1.0,1,1,1,1.0,0.8,0.0,0
APA-RCA-v2+GNN,A7_coincidental,medium,16,SRC_STOCK_3_PRICE,,1.0,1,1,1,1.0,0.8,0.0,0
APA-RCA-v2+GNN,A7_coincidental,medium,21,SRC_STOCK_2_PRICE,,1.0,1,1,1,1.0,0.8,0.0,0
APA-RCA-v2+GNN,A7_coincidental,medium,26,SRC_STOCK_5_PRICE,,1.0,1,1,1,1.0,0.8,0.0,0
APA-RCA-v2+GNN,A1_source_corruption,large,1,SRC_STOCK_4_PRICE,,1.0,1,1,1,1.0,0.8,0.0,0
APA-RCA-v2+GNN,A1_source_corruption,large,6,SRC_STOCK_4_PRICE,,1.0,1,1,1,1.0,0.8,0.0,0
APA-RCA-v2+GNN,A1_source_corruption,large,11,SRC_STOCK_2_PRICE,,1.0,1,1,1,1.0,0.8,0.0,0
APA-RCA-v2+GNN,A1_source_corruption,large,16,SRC_STOCK_5_PRICE,,1.0,1,1,1,1.0,0.8,0.0,0
APA-RCA-v2+GNN,A1_source_corruption,large,21,SRC_STOCK_3_PRICE,,1.0,1,1,1,1.0,0.8,0.0,0
APA-RCA-v2+GNN,A1_source_corruption,large,26,SRC_STOCK_7_PRICE,,1.0,1,1,1,1.0,0.8,0.0,0
APA-RCA-v2+GNN,A2_etl_logic_error,large,1,ETL_FX_STOCK_4_PRICE,,3.0,0,1,1,0.3333333333333333,0.8,0.0,0
APA-RCA-v2+GNN,A2_etl_logic_error,large,6,ETL_FX_STOCK_4_PRICE,,6.0,0,0,0,0.16666666666666666,1.0,0.0,0
APA-RCA-v2+GNN,A2_etl_logic_error,large,11,ETL_FX_STOCK_2_PRICE,,2.0,0,1,1,0.5,0.8,0.0,0
APA-RCA-v2+GNN,A2_etl_logic_error,large,16,ETL_FX_STOCK_5_PRICE,,3.0,0,1,1,0.3333333333333333,0.8,0.0,0
APA-RCA-v2+GNN,A2_etl_logic_error,large,21,ETL_FX_STOCK_3_PRICE,,3.0,0,1,1,0.3333333333333333,0.8,0.0,0
APA-RCA-v2+GNN,A2_etl_logic_error,large,26,ETL_FX_STOCK_7_PRICE,,8.0,0,0,0,0.125,1.0,0.0,0
APA-RCA-v2+GNN,A3_feature_calc_error,large,1,FEAT_VOL20_STOCK_4_PRICE,,1.0,1,1,1,1.0,0.8,0.0,0
APA-RCA-v2+GNN,A3_feature_calc_error,large,6,FEAT_VOL20_STOCK_4_PRICE,,3.0,0,1,1,0.3333333333333333,0.8,0.0,0
APA-RCA-v2+GNN,A3_feature_calc_error,large,11,FEAT_VOL20_STOCK_2_PRICE,,,0,0,0,0.0,1.0,0.0,0
APA-RCA-v2+GNN,A3_feature_calc_error,large,16,FEAT_VOL20_STOCK_5_PRICE,,,0,0,0,0.0,1.0,0.0,0
APA-RCA-v2+GNN,A3_feature_calc_error,large,21,FEAT_VOL20_STOCK_3_PRICE,,3.0,0,1,1,0.3333333333333333,0.8,0.0,0
APA-RCA-v2+GNN,A3_feature_calc_error,large,26,FEAT_VOL20_STOCK_7_PRICE,,2.0,0,1,1,0.5,0.8,0.0,0
APA-RCA-v2+GNN,A4_aggregation_error,large,1,FEAT_SECTOR_A,,,0,0,0,0.0,1.0,0.0,0
APA-RCA-v2+GNN,A4_aggregation_error,large,6,FEAT_SECTOR_A,,,0,0,0,0.0,1.0,0.0,0
APA-RCA-v2+GNN,A4_aggregation_error,large,11,FEAT_SECTOR_A,,,0,0,0,0.0,1.0,0.0,0
APA-RCA-v2+GNN,A4_aggregation_error,large,16,FEAT_SECTOR_B,,,0,0,0,0.0,1.0,0.0,0
APA-RCA-v2+GNN,A4_aggregation_error,large,21,FEAT_SECTOR_A,,,0,0,0,0.0,1.0,0.0,0
APA-RCA-v2+GNN,A4_aggregation_error,large,26,FEAT_SECTOR_B,,,0,0,0,0.0,1.0,0.0,0
APA-RCA-v2+GNN,A5_downstream_masking,large,1,SRC_STOCK_4_PRICE,,1.0,1,1,1,1.0,0.8,0.0,0
APA-RCA-v2+GNN,A5_downstream_masking,large,6,SRC_STOCK_4_PRICE,,2.0,0,1,1,0.5,0.8,0.0,0
APA-RCA-v2+GNN,A5_downstream_masking,large,11,SRC_STOCK_2_PRICE,,3.0,0,1,1,0.3333333333333333,0.8,0.0,0
APA-RCA-v2+GNN,A5_downstream_masking,large,16,SRC_STOCK_5_PRICE,,3.0,0,1,1,0.3333333333333333,0.8,0.0,0
APA-RCA-v2+GNN,A5_downstream_masking,large,21,SRC_STOCK_3_PRICE,,4.0,0,0,1,0.25,0.8,0.0,0
APA-RCA-v2+GNN,A5_downstream_masking,large,26,SRC_STOCK_7_PRICE,,1.0,1,1,1,1.0,0.8,0.0,0
APA-RCA-v2+GNN,A6_multi_source,large,1,SRC_STOCK_4_PRICE,,2.0,0,1,1,0.5,0.8,0.0,0
APA-RCA-v2+GNN,A6_multi_source,large,6,SRC_STOCK_3_PRICE,,2.0,0,1,1,0.5,0.8,0.0,0
APA-RCA-v2+GNN,A6_multi_source,large,11,SRC_STOCK_1_PRICE,,1.0,1,1,1,1.0,0.8,0.0,0
APA-RCA-v2+GNN,A6_multi_source,large,16,SRC_STOCK_4_PRICE,,1.0,1,1,1,1.0,0.8,0.0,0
APA-RCA-v2+GNN,A6_multi_source,large,21,SRC_STOCK_4_PRICE,,1.0,1,1,1,1.0,0.8,0.0,0
APA-RCA-v2+GNN,A6_multi_source,large,26,SRC_STOCK_4_PRICE,,1.0,1,1,1,1.0,0.8,0.0,0
APA-RCA-v2+GNN,A7_coincidental,large,1,SRC_STOCK_4_PRICE,,1.0,1,1,1,1.0,0.8,0.0,0
APA-RCA-v2+GNN,A7_coincidental,large,6,SRC_STOCK_4_PRICE,,1.0,1,1,1,1.0,0.8,0.0,0
APA-RCA-v2+GNN,A7_coincidental,large,11,SRC_STOCK_2_PRICE,,1.0,1,1,1,1.0,0.8,0.0,0
APA-RCA-v2+GNN,A7_coincidental,large,16,SRC_STOCK_5_PRICE,,1.0,1,1,1,1.0,0.8,0.0,0
APA-RCA-v2+GNN,A7_coincidental,large,21,SRC_STOCK_3_PRICE,,1.0,1,1,1,1.0,0.8,0.0,0
APA-RCA-v2+GNN,A7_coincidental,large,26,SRC_STOCK_7_PRICE,,1.0,1,1,1,1.0,0.8,0.0,0
VAE+APA-RCA+GNN,A1_source_corruption,small,1,SRC_STOCK_2_PRICE,,1.0,1,1,1,1.0,0.8,0.0,0
VAE+APA-RCA+GNN,A1_source_corruption,small,6,SRC_STOCK_2_PRICE,,1.0,1,1,1,1.0,0.8,0.0,0
VAE+APA-RCA+GNN,A1_source_corruption,small,11,SRC_STOCK_1_PRICE,,1.0,1,1,1,1.0,0.8,0.0,0
VAE+APA-RCA+GNN,A1_source_corruption,small,16,SRC_STOCK_2_PRICE,,1.0,1,1,1,1.0,0.8,0.0,0
VAE+APA-RCA+GNN,A1_source_corruption,small,21,SRC_STOCK_1_PRICE,,1.0,1,1,1,1.0,0.8,0.0,0
VAE+APA-RCA+GNN,A1_source_corruption,small,26,SRC_STOCK_3_PRICE,,1.0,1,1,1,1.0,0.8,0.0,0
VAE+APA-RCA+GNN,A2_etl_logic_error,small,1,ETL_FX_STOCK_2_PRICE,,5.0,0,0,1,0.2,0.8,0.0,0
VAE+APA-RCA+GNN,A2_etl_logic_error,small,6,ETL_FX_STOCK_2_PRICE,,10.0,0,0,0,0.1,1.0,0.0,0
VAE+APA-RCA+GNN,A2_etl_logic_error,small,11,ETL_FX_STOCK_1_PRICE,,8.0,0,0,0,0.125,1.0,0.0,0
VAE+APA-RCA+GNN,A2_etl_logic_error,small,16,ETL_FX_STOCK_2_PRICE,,7.0,0,0,0,0.14285714285714285,1.0,0.0,0
VAE+APA-RCA+GNN,A2_etl_logic_error,small,21,ETL_FX_STOCK_1_PRICE,,8.0,0,0,0,0.125,1.0,0.0,0
VAE+APA-RCA+GNN,A2_etl_logic_error,small,26,ETL_FX_STOCK_3_PRICE,,5.0,0,0,1,0.2,0.8,0.0,0
VAE+APA-RCA+GNN,A3_feature_calc_error,small,1,FEAT_VOL20_STOCK_2_PRICE,,1.0,1,1,1,1.0,0.8,0.0,0
VAE+APA-RCA+GNN,A3_feature_calc_error,small,6,FEAT_VOL20_STOCK_2_PRICE,,1.0,1,1,1,1.0,0.8,0.0,0
VAE+APA-RCA+GNN,A3_feature_calc_error,small,11,FEAT_VOL20_STOCK_1_PRICE,,1.0,1,1,1,1.0,0.8,0.0,0
VAE+APA-RCA+GNN,A3_feature_calc_error,small,16,FEAT_VOL20_STOCK_2_PRICE,,1.0,1,1,1,1.0,0.8,0.0,0
VAE+APA-RCA+GNN,A3_feature_calc_error,small,21,FEAT_VOL20_STOCK_1_PRICE,,1.0,1,1,1,1.0,0.8,0.0,0
VAE+APA-RCA+GNN,A3_feature_calc_error,small,26,FEAT_VOL20_STOCK_3_PRICE,,1.0,1,1,1,1.0,0.8,0.0,0
VAE+APA-RCA+GNN,A4_aggregation_error,small,1,FEAT_SECTOR_A,,,0,0,0,0.0,1.0,0.0,0
VAE+APA-RCA+GNN,A4_aggregation_error,small,6,FEAT_SECTOR_A,,,0,0,0,0.0,1.0,0.0,0
VAE+APA-RCA+GNN,A4_aggregation_error,small,11,FEAT_SECTOR_A,,,0,0,0,0.0,1.0,0.0,0
VAE+APA-RCA+GNN,A4_aggregation_error,small,16,FEAT_SECTOR_B,,,0,0,0,0.0,1.0,0.0,0
VAE+APA-RCA+GNN,A4_aggregation_error,small,21,FEAT_SECTOR_A,,,0,0,0,0.0,1.0,0.0,0
VAE+APA-RCA+GNN,A4_aggregation_error,small,26,FEAT_SECTOR_B,,,0,0,0,0.0,1.0,0.0,0
VAE+APA-RCA+GNN,A5_downstream_masking,small,1,SRC_STOCK_2_PRICE,,1.0,1,1,1,1.0,0.8,0.0,0
VAE+APA-RCA+GNN,A5_downstream_masking,small,6,SRC_STOCK_2_PRICE,,1.0,1,1,1,1.0,0.8,0.0,0
VAE+APA-RCA+GNN,A5_downstream_masking,small,11,SRC_STOCK_1_PRICE,,1.0,1,1,1,1.0,0.8,0.0,0
VAE+APA-RCA+GNN,A5_downstream_masking,small,16,SRC_STOCK_2_PRICE,,2.0,0,1,1,0.5,0.8,0.0,0
VAE+APA-RCA+GNN,A5_downstream_masking,small,21,SRC_STOCK_1_PRICE,,1.0,1,1,1,1.0,0.8,0.0,0
VAE+APA-RCA+GNN,A5_downstream_masking,small,26,SRC_STOCK_3_PRICE,,2.0,0,1,1,0.5,0.8,0.0,0
VAE+APA-RCA+GNN,A6_multi_source,small,1,SRC_STOCK_1_PRICE,,3.0,0,1,1,0.3333333333333333,0.8,0.0,0
VAE+APA-RCA+GNN,A6_multi_source,small,6,SRC_STOCK_3_PRICE,,3.0,0,1,1,0.3333333333333333,0.8,0.0,0
VAE+APA-RCA+GNN,A6_multi_source,small,11,SRC_STOCK_2_PRICE,,3.0,0,1,1,0.3333333333333333,0.8,0.0,0
VAE+APA-RCA+GNN,A6_multi_source,small,16,SRC_STOCK_2_PRICE,,3.0,0,1,1,0.3333333333333333,0.8,0.0,0
VAE+APA-RCA+GNN,A6_multi_source,small,21,SRC_STOCK_1_PRICE,,1.0,1,1,1,1.0,0.8,0.0,0
VAE+APA-RCA+GNN,A6_multi_source,small,26,SRC_STOCK_3_PRICE,,1.0,1,1,1,1.0,0.8,0.0,0
VAE+APA-RCA+GNN,A7_coincidental,small,1,SRC_STOCK_2_PRICE,,1.0,1,1,1,1.0,0.8,0.0,0
VAE+APA-RCA+GNN,A7_coincidental,small,6,SRC_STOCK_2_PRICE,,1.0,1,1,1,1.0,0.8,0.0,0
VAE+APA-RCA+GNN,A7_coincidental,small,11,SRC_STOCK_1_PRICE,,2.0,0,1,1,0.5,0.8,0.0,0
VAE+APA-RCA+GNN,A7_coincidental,small,16,SRC_STOCK_2_PRICE,,1.0,1,1,1,1.0,0.8,0.0,0
VAE+APA-RCA+GNN,A7_coincidental,small,21,SRC_STOCK_1_PRICE,,1.0,1,1,1,1.0,0.8,0.0,0
VAE+APA-RCA+GNN,A7_coincidental,small,26,SRC_STOCK_3_PRICE,,1.0,1,1,1,1.0,0.8,0.0,0
VAE+APA-RCA+GNN,A1_source_corruption,medium,1,SRC_STOCK_3_PRICE,,1.0,1,1,1,1.0,0.8,0.0,0
VAE+APA-RCA+GNN,A1_source_corruption,medium,6,SRC_STOCK_3_PRICE,,1.0,1,1,1,1.0,0.8,0.0,0
VAE+APA-RCA+GNN,A1_source_corruption,medium,11,SRC_STOCK_1_PRICE,,1.0,1,1,1,1.0,0.8,0.0,0
VAE+APA-RCA+GNN,A1_source_corruption,medium,16,SRC_STOCK_3_PRICE,,1.0,1,1,1,1.0,0.8,0.0,0
VAE+APA-RCA+GNN,A1_source_corruption,medium,21,SRC_STOCK_2_PRICE,,1.0,1,1,1,1.0,0.8,0.0,0
VAE+APA-RCA+GNN,A1_source_corruption,medium,26,SRC_STOCK_5_PRICE,,1.0,1,1,1,1.0,0.8,0.0,0
VAE+APA-RCA+GNN,A2_etl_logic_error,medium,1,ETL_FX_STOCK_3_PRICE,,,0,0,0,0.0,1.0,0.0,0
VAE+APA-RCA+GNN,A2_etl_logic_error,medium,6,ETL_FX_STOCK_3_PRICE,,,0,0,0,0.0,1.0,0.0,0
VAE+APA-RCA+GNN,A2_etl_logic_error,medium,11,ETL_FX_STOCK_1_PRICE,,,0,0,0,0.0,1.0,0.0,0
VAE+APA-RCA+GNN,A2_etl_logic_error,medium,16,ETL_FX_STOCK_3_PRICE,,,0,0,0,0.0,1.0,0.0,0
VAE+APA-RCA+GNN,A2_etl_logic_error,medium,21,ETL_FX_STOCK_2_PRICE,,,0,0,0,0.0,1.0,0.0,0
VAE+APA-RCA+GNN,A2_etl_logic_error,medium,26,ETL_FX_STOCK_5_PRICE,,,0,0,0,0.0,1.0,0.0,0
VAE+APA-RCA+GNN,A3_feature_calc_error,medium,1,FEAT_VOL20_STOCK_3_PRICE,,1.0,1,1,1,1.0,0.8,0.0,0
VAE+APA-RCA+GNN,A3_feature_calc_error,medium,6,FEAT_VOL20_STOCK_3_PRICE,,1.0,1,1,1,1.0,0.8,0.0,0
VAE+APA-RCA+GNN,A3_feature_calc_error,medium,11,FEAT_VOL20_STOCK_1_PRICE,,1.0,1,1,1,1.0,0.8,0.0,0
VAE+APA-RCA+GNN,A3_feature_calc_error,medium,16,FEAT_VOL20_STOCK_3_PRICE,,1.0,1,1,1,1.0,0.8,0.0,0
VAE+APA-RCA+GNN,A3_feature_calc_error,medium,21,FEAT_VOL20_STOCK_2_PRICE,,1.0,1,1,1,1.0,0.8,0.0,0
VAE+APA-RCA+GNN,A3_feature_calc_error,medium,26,FEAT_VOL20_STOCK_5_PRICE,,1.0,1,1,1,1.0,0.8,0.0,0
VAE+APA-RCA+GNN,A4_aggregation_error,medium,1,FEAT_SECTOR_A,,,0,0,0,0.0,1.0,0.0,0
VAE+APA-RCA+GNN,A4_aggregation_error,medium,6,FEAT_SECTOR_A,,,0,0,0,0.0,1.0,0.0,0
VAE+APA-RCA+GNN,A4_aggregation_error,medium,11,FEAT_SECTOR_A,,,0,0,0,0.0,1.0,0.0,0
VAE+APA-RCA+GNN,A4_aggregation_error,medium,16,FEAT_SECTOR_B,,,0,0,0,0.0,1.0,0.0,0
VAE+APA-RCA+GNN,A4_aggregation_error,medium,21,FEAT_SECTOR_A,,,0,0,0,0.0,1.0,0.0,0
VAE+APA-RCA+GNN,A4_aggregation_error,medium,26,FEAT_SECTOR_B,,,0,0,0,0.0,1.0,0.0,0
VAE+APA-RCA+GNN,A5_downstream_masking,medium,1,SRC_STOCK_3_PRICE,,1.0,1,1,1,1.0,0.8,0.0,0
VAE+APA-RCA+GNN,A5_downstream_masking,medium,6,SRC_STOCK_3_PRICE,,1.0,1,1,1,1.0,0.8,0.0,0
VAE+APA-RCA+GNN,A5_downstream_masking,medium,11,SRC_STOCK_1_PRICE,,1.0,1,1,1,1.0,0.8,0.0,0
VAE+APA-RCA+GNN,A5_downstream_masking,medium,16,SRC_STOCK_3_PRICE,,1.0,1,1,1,1.0,0.8,0.0,0
VAE+APA-RCA+GNN,A5_downstream_masking,medium,21,SRC_STOCK_2_PRICE,,1.0,1,1,1,1.0,0.8,0.0,0
VAE+APA-RCA+GNN,A5_downstream_masking,medium,26,SRC_STOCK_5_PRICE,,1.0,1,1,1,1.0,0.8,0.0,0
VAE+APA-RCA+GNN,A6_multi_source,medium,1,SRC_STOCK_3_PRICE,,1.0,1,1,1,1.0,0.8,0.0,0
VAE+APA-RCA+GNN,A6_multi_source,medium,6,SRC_STOCK_2_PRICE,,2.0,0,1,1,0.5,0.8,0.0,0
VAE+APA-RCA+GNN,A6_multi_source,medium,11,SRC_STOCK_1_PRICE,,1.0,1,1,1,1.0,0.8,0.0,0
VAE+APA-RCA+GNN,A6_multi_source,medium,16,SRC_STOCK_2_PRICE,,2.0,0,1,1,0.5,0.8,0.0,0
VAE+APA-RCA+GNN,A6_multi_source,medium,21,SRC_STOCK_2_PRICE,,2.0,0,1,1,0.5,0.8,0.0,0
VAE+APA-RCA+GNN,A6_multi_source,medium,26,SRC_STOCK_2_PRICE,,2.0,0,1,1,0.5,0.8,0.0,0
VAE+APA-RCA+GNN,A7_coincidental,medium,1,SRC_STOCK_3_PRICE,,1.0,1,1,1,1.0,0.8,0.0,0
VAE+APA-RCA+GNN,A7_coincidental,medium,6,SRC_STOCK_3_PRICE,,1.0,1,1,1,1.0,0.8,0.0,0
VAE+APA-RCA+GNN,A7_coincidental,medium,11,SRC_STOCK_1_PRICE,,2.0,0,1,1,0.5,0.8,0.0,0
VAE+APA-RCA+GNN,A7_coincidental,medium,16,SRC_STOCK_3_PRICE,,1.0,1,1,1,1.0,0.8,0.0,0
VAE+APA-RCA+GNN,A7_coincidental,medium,21,SRC_STOCK_2_PRICE,,1.0,1,1,1,1.0,0.8,0.0,0
VAE+APA-RCA+GNN,A7_coincidental,medium,26,SRC_STOCK_5_PRICE,,1.0,1,1,1,1.0,0.8,0.0,0
VAE+APA-RCA+GNN,A1_source_corruption,large,1,SRC_STOCK_4_PRICE,,1.0,1,1,1,1.0,0.8,0.0,0
VAE+APA-RCA+GNN,A1_source_corruption,large,6,SRC_STOCK_4_PRICE,,1.0,1,1,1,1.0,0.8,0.0,0
VAE+APA-RCA+GNN,A1_source_corruption,large,11,SRC_STOCK_2_PRICE,,1.0,1,1,1,1.0,0.8,0.0,0
VAE+APA-RCA+GNN,A1_source_corruption,large,16,SRC_STOCK_5_PRICE,,1.0,1,1,1,1.0,0.8,0.0,0
VAE+APA-RCA+GNN,A1_source_corruption,large,21,SRC_STOCK_3_PRICE,,1.0,1,1,1,1.0,0.8,0.0,0
VAE+APA-RCA+GNN,A1_source_corruption,large,26,SRC_STOCK_7_PRICE,,1.0,1,1,1,1.0,0.8,0.0,0
VAE+APA-RCA+GNN,A2_etl_logic_error,large,1,ETL_FX_STOCK_4_PRICE,,,0,0,0,0.0,1.0,0.0,0
VAE+APA-RCA+GNN,A2_etl_logic_error,large,6,ETL_FX_STOCK_4_PRICE,,,0,0,0,0.0,1.0,0.0,0
VAE+APA-RCA+GNN,A2_etl_logic_error,large,11,ETL_FX_STOCK_2_PRICE,,,0,0,0,0.0,1.0,0.0,0
VAE+APA-RCA+GNN,A2_etl_logic_error,large,16,ETL_FX_STOCK_5_PRICE,,,0,0,0,0.0,1.0,0.0,0
VAE+APA-RCA+GNN,A2_etl_logic_error,large,21,ETL_FX_STOCK_3_PRICE,,,0,0,0,0.0,1.0,0.0,0
VAE+APA-RCA+GNN,A2_etl_logic_error,large,26,ETL_FX_STOCK_7_PRICE,,,0,0,0,0.0,1.0,0.0,0
VAE+APA-RCA+GNN,A3_feature_calc_error,large,1,FEAT_VOL20_STOCK_4_PRICE,,1.0,1,1,1,1.0,0.8,0.0,0
VAE+APA-RCA+GNN,A3_feature_calc_error,large,6,FEAT_VOL20_STOCK_4_PRICE,,1.0,1,1,1,1.0,0.8,0.0,0
VAE+APA-RCA+GNN,A3_feature_calc_error,large,11,FEAT_VOL20_STOCK_2_PRICE,,1.0,1,1,1,1.0,0.8,0.0,0
VAE+APA-RCA+GNN,A3_feature_calc_error,large,16,FEAT_VOL20_STOCK_5_PRICE,,1.0,1,1,1,1.0,0.8,0.0,0
VAE+APA-RCA+GNN,A3_feature_calc_error,large,21,FEAT_VOL20_STOCK_3_PRICE,,1.0,1,1,1,1.0,0.8,0.0,0
VAE+APA-RCA+GNN,A3_feature_calc_error,large,26,FEAT_VOL20_STOCK_7_PRICE,,,0,0,0,0.0,1.0,0.0,0
VAE+APA-RCA+GNN,A4_aggregation_error,large,1,FEAT_SECTOR_A,,,0,0,0,0.0,1.0,0.0,0
VAE+APA-RCA+GNN,A4_aggregation_error,large,6,FEAT_SECTOR_A,,,0,0,0,0.0,1.0,0.0,0
VAE+APA-RCA+GNN,A4_aggregation_error,large,11,FEAT_SECTOR_A,,,0,0,0,0.0,1.0,0.0,0
VAE+APA-RCA+GNN,A4_aggregation_error,large,16,FEAT_SECTOR_B,,,0,0,0,0.0,1.0,0.0,0
VAE+APA-RCA+GNN,A4_aggregation_error,large,21,FEAT_SECTOR_A,,,0,0,0,0.0,1.0,0.0,0
VAE+APA-RCA+GNN,A4_aggregation_error,large,26,FEAT_SECTOR_B,,,0,0,0,0.0,1.0,0.0,0
VAE+APA-RCA+GNN,A5_downstream_masking,large,1,SRC_STOCK_4_PRICE,,1.0,1,1,1,1.0,0.8,0.0,0
VAE+APA-RCA+GNN,A5_downstream_masking,large,6,SRC_STOCK_4_PRICE,,2.0,0,1,1,0.5,0.8,0.0,0
VAE+APA-RCA+GNN,A5_downstream_masking,large,11,SRC_STOCK_2_PRICE,,1.0,1,1,1,1.0,0.8,0.0,0
VAE+APA-RCA+GNN,A5_downstream_masking,large,16,SRC_STOCK_5_PRICE,,2.0,0,1,1,0.5,0.8,0.0,0
VAE+APA-RCA+GNN,A5_downstream_masking,large,21,SRC_STOCK_3_PRICE,,2.0,0,1,1,0.5,0.8,0.0,0
VAE+APA-RCA+GNN,A5_downstream_masking,large,26,SRC_STOCK_7_PRICE,,,0,0,0,0.0,1.0,0.0,0
VAE+APA-RCA+GNN,A6_multi_source,large,1,SRC_STOCK_4_PRICE,,3.0,0,1,1,0.3333333333333333,0.8,0.0,0
VAE+APA-RCA+GNN,A6_multi_source,large,6,SRC_STOCK_3_PRICE,,2.0,0,1,1,0.5,0.8,0.0,0
VAE+APA-RCA+GNN,A6_multi_source,large,11,SRC_STOCK_1_PRICE,,2.0,0,1,1,0.5,0.8,0.0,0
VAE+APA-RCA+GNN,A6_multi_source,large,16,SRC_STOCK_4_PRICE,,3.0,0,1,1,0.3333333333333333,0.8,0.0,0
VAE+APA-RCA+GNN,A6_multi_source,large,21,SRC_STOCK_4_PRICE,,1.0,1,1,1,1.0,0.8,0.0,0
VAE+APA-RCA+GNN,A6_multi_source,large,26,SRC_STOCK_4_PRICE,,2.0,0,1,1,0.5,0.8,0.0,0
VAE+APA-RCA+GNN,A7_coincidental,large,1,SRC_STOCK_4_PRICE,,1.0,1,1,1,1.0,0.8,0.0,0
VAE+APA-RCA+GNN,A7_coincidental,large,6,SRC_STOCK_4_PRICE,,1.0,1,1,1,1.0,0.8,0.0,0
VAE+APA-RCA+GNN,A7_coincidental,large,11,SRC_STOCK_2_PRICE,,2.0,0,1,1,0.5,0.8,0.0,0
VAE+APA-RCA+GNN,A7_coincidental,large,16,SRC_STOCK_5_PRICE,,1.0,1,1,1,1.0,0.8,0.0,0
VAE+APA-RCA+GNN,A7_coincidental,large,21,SRC_STOCK_3_PRICE,,2.0,0,1,1,0.5,0.8,0.0,0
VAE+APA-RCA+GNN,A7_coincidental,large,26,SRC_STOCK_7_PRICE,,1.0,1,1,1,1.0,0.8,0.0,0
APA-RCA-v2+GNN,A1_source_corruption,small,2,SRC_STOCK_3_PRICE,,1.0,1,1,1,1.0,0.8,0.0,0
APA-RCA-v2+GNN,A1_source_corruption,small,7,SRC_STOCK_3_PRICE,,1.0,1,1,1,1.0,0.8,0.0,0
APA-RCA-v2+GNN,A1_source_corruption,small,12,SRC_STOCK_2_PRICE,,1.0,1,1,1,1.0,0.8,0.0,0
APA-RCA-v2+GNN,A1_source_corruption,small,17,SRC_STOCK_3_PRICE,,1.0,1,1,1,1.0,0.8,0.0,0
APA-RCA-v2+GNN,A1_source_corruption,small,22,SRC_STOCK_3_PRICE,,1.0,1,1,1,1.0,0.8,0.0,0
APA-RCA-v2+GNN,A1_source_corruption,small,27,SRC_STOCK_1_PRICE,,1.0,1,1,1,1.0,0.8,0.0,0
APA-RCA-v2+GNN,A2_etl_logic_error,small,2,ETL_FX_STOCK_3_PRICE,,3.0,0,1,1,0.3333333333333333,0.8,0.0,0
APA-RCA-v2+GNN,A2_etl_logic_error,small,7,ETL_FX_STOCK_3_PRICE,,6.0,0,0,0,0.16666666666666666,1.0,0.0,0
APA-RCA-v2+GNN,A2_etl_logic_error,small,12,ETL_FX_STOCK_2_PRICE,,6.0,0,0,0,0.16666666666666666,1.0,0.0,0
APA-RCA-v2+GNN,A2_etl_logic_error,small,17,ETL_FX_STOCK_3_PRICE,,3.0,0,1,1,0.3333333333333333,0.8,0.0,0
APA-RCA-v2+GNN,A2_etl_logic_error,small,22,ETL_FX_STOCK_3_PRICE,,7.0,0,0,0,0.14285714285714285,1.0,0.0,0
APA-RCA-v2+GNN,A2_etl_logic_error,small,27,ETL_FX_STOCK_1_PRICE,,5.0,0,0,1,0.2,0.8,0.0,0
APA-RCA-v2+GNN,A3_feature_calc_error,small,2,FEAT_VOL20_STOCK_3_PRICE,,3.0,0,1,1,0.3333333333333333,0.8,0.0,0
APA-RCA-v2+GNN,A3_feature_calc_error,small,7,FEAT_VOL20_STOCK_3_PRICE,,,0,0,0,0.0,1.0,0.0,0
APA-RCA-v2+GNN,A3_feature_calc_error,small,12,FEAT_VOL20_STOCK_2_PRICE,,2.0,0,1,1,0.5,0.8,0.0,0
APA-RCA-v2+GNN,A3_feature_calc_error,small,17,FEAT_VOL20_STOCK_3_PRICE,,,0,0,0,0.0,1.0,0.0,0
APA-RCA-v2+GNN,A3_feature_calc_error,small,22,FEAT_VOL20_STOCK_3_PRICE,,3.0,0,1,1,0.3333333333333333,0.8,0.0,0
APA-RCA-v2+GNN,A3_feature_calc_error,small,27,FEAT_VOL20_STOCK_1_PRICE,,,0,0,0,0.0,1.0,0.0,0
APA-RCA-v2+GNN,A4_aggregation_error,small,2,FEAT_SECTOR_B,,,0,0,0,0.0,1.0,0.0,0
APA-RCA-v2+GNN,A4_aggregation_error,small,7,FEAT_SECTOR_B,,,0,0,0,0.0,1.0,0.0,0
APA-RCA-v2+GNN,A4_aggregation_error,small,12,FEAT_SECTOR_B,,,0,0,0,0.0,1.0,0.0,0
APA-RCA-v2+GNN,A4_aggregation_error,small,17,FEAT_SECTOR_B,,,0,0,0,0.0,1.0,0.0,0
APA-RCA-v2+GNN,A4_aggregation_error,small,22,FEAT_SECTOR_B,,,0,0,0,0.0,1.0,0.0,0
APA-RCA-v2+GNN,A4_aggregation_error,small,27,FEAT_SECTOR_A,,,0,0,0,0.0,1.0,0.0,0
APA-RCA-v2+GNN,A5_downstream_masking,small,2,SRC_STOCK_3_PRICE,,6.0,0,0,0,0.16666666666666666,1.0,0.0,0
APA-RCA-v2+GNN,A5_downstream_masking,small,7,SRC_STOCK_3_PRICE,,1.0,1,1,1,1.0,0.8,0.0,0
APA-RCA-v2+GNN,A5_downstream_masking,small,12,SRC_STOCK_2_PRICE,,1.0,1,1,1,1.0,0.8,0.0,0
APA-RCA-v2+GNN,A5_downstream_masking,small,17,SRC_STOCK_3_PRICE,,,0,0,0,0.0,1.0,0.0,0
APA-RCA-v2+GNN,A5_downstream_masking,small,22,SRC_STOCK_3_PRICE,,1.0,1,1,1,1.0,0.8,0.0,0
APA-RCA-v2+GNN,A5_downstream_masking,small,27,SRC_STOCK_1_PRICE,,6.0,0,0,0,0.16666666666666666,1.0,0.0,0
APA-RCA-v2+GNN,A6_multi_source,small,2,SRC_STOCK_2_PRICE,,1.0,1,1,1,1.0,0.8,0.0,0
APA-RCA-v2+GNN,A6_multi_source,small,7,SRC_STOCK_1_PRICE,,1.0,1,1,1,1.0,0.8,0.0,0
APA-RCA-v2+GNN,A6_multi_source,small,12,SRC_STOCK_1_PRICE,,1.0,1,1,1,1.0,0.8,0.0,0
APA-RCA-v2+GNN,A6_multi_source,small,17,SRC_STOCK_2_PRICE,,1.0,1,1,1,1.0,0.8,0.0,0
APA-RCA-v2+GNN,A6_multi_source,small,22,SRC_STOCK_3_PRICE,,1.0,1,1,1,1.0,0.8,0.0,0
APA-RCA-v2+GNN,A6_multi_source,small,27,SRC_STOCK_2_PRICE,,1.0,1,1,1,1.0,0.8,0.0,0
APA-RCA-v2+GNN,A7_coincidental,small,2,SRC_STOCK_3_PRICE,,1.0,1,1,1,1.0,0.8,0.0,0
APA-RCA-v2+GNN,A7_coincidental,small,7,SRC_STOCK_3_PRICE,,1.0,1,1,1,1.0,0.8,0.0,0
APA-RCA-v2+GNN,A7_coincidental,small,12,SRC_STOCK_2_PRICE,,1.0,1,1,1,1.0,0.8,0.0,0
APA-RCA-v2+GNN,A7_coincidental,small,17,SRC_STOCK_3_PRICE,,1.0,1,1,1,1.0,0.8,0.0,0
APA-RCA-v2+GNN,A7_coincidental,small,22,SRC_STOCK_3_PRICE,,1.0,1,1,1,1.0,0.8,0.0,0
APA-RCA-v2+GNN,A7_coincidental,small,27,SRC_STOCK_1_PRICE,,1.0,1,1,1,1.0,0.8,0.0,0
APA-RCA-v2+GNN,A1_source_corruption,medium,2,SRC_STOCK_5_PRICE,,1.0,1,1,1,1.0,0.8,0.0,0
APA-RCA-v2+GNN,A1_source_corruption,medium,7,SRC_STOCK_5_PRICE,,1.0,1,1,1,1.0,0.8,0.0,0
APA-RCA-v2+GNN,A1_source_corruption,medium,12,SRC_STOCK_4_PRICE,,1.0,1,1,1,1.0,0.8,0.0,0
APA-RCA-v2+GNN,A1_source_corruption,medium,17,SRC_STOCK_4_PRICE,,1.0,1,1,1,1.0,0.8,0.0,0
APA-RCA-v2+GNN,A1_source_corruption,medium,22,SRC_STOCK_4_PRICE,,1.0,1,1,1,1.0,0.8,0.0,0
APA-RCA-v2+GNN,A1_source_corruption,medium,27,SRC_STOCK_1_PRICE,,1.0,1,1,1,1.0,0.8,0.0,0
APA-RCA-v2+GNN,A2_etl_logic_error,medium,2,ETL_FX_STOCK_5_PRICE,,3.0,0,1,1,0.3333333333333333,0.8,0.0,0
APA-RCA-v2+GNN,A2_etl_logic_error,medium,7,ETL_FX_STOCK_5_PRICE,,2.0,0,1,1,0.5,0.8,0.0,0
APA-RCA-v2+GNN,A2_etl_logic_error,medium,12,ETL_FX_STOCK_4_PRICE,,5.0,0,0,1,0.2,0.8,0.0,0
APA-RCA-v2+GNN,A2_etl_logic_error,medium,17,ETL_FX_STOCK_4_PRICE,,3.0,0,1,1,0.3333333333333333,0.8,0.0,0
APA-RCA-v2+GNN,A2_etl_logic_error,medium,22,ETL_FX_STOCK_4_PRICE,,5.0,0,0,1,0.2,0.8,0.0,0
APA-RCA-v2+GNN,A2_etl_logic_error,medium,27,ETL_FX_STOCK_1_PRICE,,5.0,0,0,1,0.2,0.8,0.0,0
APA-RCA-v2+GNN,A3_feature_calc_error,medium,2,FEAT_VOL20_STOCK_5_PRICE,,2.0,0,1,1,0.5,0.8,0.0,0
APA-RCA-v2+GNN,A3_feature_calc_error,medium,7,FEAT_VOL20_STOCK_5_PRICE,,2.0,0,1,1,0.5,0.8,0.0,0
APA-RCA-v2+GNN,A3_feature_calc_error,medium,12,FEAT_VOL20_STOCK_4_PRICE,,2.0,0,1,1,0.5,0.8,0.0,0
APA-RCA-v2+GNN,A3_feature_calc_error,medium,17,FEAT_VOL20_STOCK_4_PRICE,,2.0,0,1,1,0.5,0.8,0.0,0
APA-RCA-v2+GNN,A3_feature_calc_error,medium,22,FEAT_VOL20_STOCK_4_PRICE,,,0,0,0,0.0,1.0,0.0,0
APA-RCA-v2+GNN,A3_feature_calc_error,medium,27,FEAT_VOL20_STOCK_1_PRICE,,2.0,0,1,1,0.5,0.8,0.0,0
APA-RCA-v2+GNN,A4_aggregation_error,medium,2,FEAT_SECTOR_B,,,0,0,0,0.0,1.0,0.0,0
APA-RCA-v2+GNN,A4_aggregation_error,medium,7,FEAT_SECTOR_B,,,0,0,0,0.0,1.0,0.0,0
APA-RCA-v2+GNN,A4_aggregation_error,medium,12,FEAT_SECTOR_B,,,0,0,0,0.0,1.0,0.0,0
APA-RCA-v2+GNN,A4_aggregation_error,medium,17,FEAT_SECTOR_B,,,0,0,0,0.0,1.0,0.0,0
APA-RCA-v2+GNN,A4_aggregation_error,medium,22,FEAT_SECTOR_B,,,0,0,0,0.0,1.0,0.0,0
APA-RCA-v2+GNN,A4_aggregation_error,medium,27,FEAT_SECTOR_A,,,0,0,0,0.0,1.0,0.0,0
APA-RCA-v2+GNN,A5_downstream_masking,medium,2,SRC_STOCK_5_PRICE,,1.0,1,1,1,1.0,0.8,0.0,0
APA-RCA-v2+GNN,A5_downstream_masking,medium,7,SRC_STOCK_5_PRICE,,1.0,1,1,1,1.0,0.8,0.0,0
APA-RCA-v2+GNN,A5_downstream_masking,medium,12,SRC_STOCK_4_PRICE,,1.0,1,1,1,1.0,0.8,0.0,0
APA-RCA-v2+GNN,A5_downstream_masking,medium,17,SRC_STOCK_4_PRICE,,4.0,0,0,1,0.25,0.8,0.0,0
APA-RCA-v2+GNN,A5_downstream_masking,medium,22,SRC_STOCK_4_PRICE,,3.0,0,1,1,0.3333333333333333,0.8,0.0,0
APA-RCA-v2+GNN,A5_downstream_masking,medium,27,SRC_STOCK_1_PRICE,,7.0,0,0,0,0.14285714285714285,1.0,0.0,0
APA-RCA-v2+GNN,A6_multi_source,medium,2,SRC_STOCK_2_PRICE,,2.0,0,1,1,0.5,0.8,0.0,0
APA-RCA-v2+GNN,A6_multi_source,medium,7,SRC_STOCK_3_PRICE,,2.0,0,1,1,0.5,0.8,0.0,0
APA-RCA-v2+GNN,A6_multi_source,medium,12,SRC_STOCK_4_PRICE,,1.0,1,1,1,1.0,0.8,0.0,0
APA-RCA-v2+GNN,A6_multi_source,medium,17,SRC_STOCK_4_PRICE,,2.0,0,1,1,0.5,0.8,0.0,0
APA-RCA-v2+GNN,A6_multi_source,medium,22,SRC_STOCK_4_PRICE,,2.0,0,1,1,0.5,0.8,0.0,0
APA-RCA-v2+GNN,A6_multi_source,medium,27,SRC_STOCK_2_PRICE,,2.0,0,1,1,0.5,0.8,0.0,0
APA-RCA-v2+GNN,A7_coincidental,medium,2,SRC_STOCK_5_PRICE,,1.0,1,1,1,1.0,0.8,0.0,0
APA-RCA-v2+GNN,A7_coincidental,medium,7,SRC_STOCK_5_PRICE,,1.0,1,1,1,1.0,0.8,0.0,0
APA-RCA-v2+GNN,A7_coincidental,medium,12,SRC_STOCK_4_PRICE,,1.0,1,1,1,1.0,0.8,0.0,0
APA-RCA-v2+GNN,A7_coincidental,medium,17,SRC_STOCK_4_PRICE,,1.0,1,1,1,1.0,0.8,0.0,0
APA-RCA-v2+GNN,A7_coincidental,medium,22,SRC_STOCK_4_PRICE,,1.0,1,1,1,1.0,0.8,0.0,0
APA-RCA-v2+GNN,A7_coincidental,medium,27,SRC_STOCK_1_PRICE,,1.0,1,1,1,1.0,0.8,0.0,0
APA-RCA-v2+GNN,A1_source_corruption,large,2,SRC_STOCK_7_PRICE,,1.0,1,1,1,1.0,0.8,0.0,0
APA-RCA-v2+GNN,A1_source_corruption,large,7,SRC_STOCK_8_PRICE,,1.0,1,1,1,1.0,0.8,0.0,0
APA-RCA-v2+GNN,A1_source_corruption,large,12,SRC_STOCK_5_PRICE,,1.0,1,1,1,1.0,0.8,0.0,0
APA-RCA-v2+GNN,A1_source_corruption,large,17,SRC_STOCK_6_PRICE,,1.0,1,1,1,1.0,0.8,0.0,0
APA-RCA-v2+GNN,A1_source_corruption,large,22,SRC_STOCK_7_PRICE,,1.0,1,1,1,1.0,0.8,0.0,0
APA-RCA-v2+GNN,A1_source_corruption,large,27,SRC_STOCK_1_PRICE,,1.0,1,1,1,1.0,0.8,0.0,0
APA-RCA-v2+GNN,A2_etl_logic_error,large,2,ETL_FX_STOCK_7_PRICE,,4.0,0,0,1,0.25,0.8,0.0,0
APA-RCA-v2+GNN,A2_etl_logic_error,large,7,ETL_FX_STOCK_8_PRICE,,5.0,0,0,1,0.2,0.8,0.0,0
APA-RCA-v2+GNN,A2_etl_logic_error,large,12,ETL_FX_STOCK_5_PRICE,,4.0,0,0,1,0.25,0.8,0.0,0
APA-RCA-v2+GNN,A2_etl_logic_error,large,17,ETL_FX_STOCK_6_PRICE,,6.0,0,0,0,0.16666666666666666,1.0,0.0,0
APA-RCA-v2+GNN,A2_etl_logic_error,large,22,ETL_FX_STOCK_7_PRICE,,4.0,0,0,1,0.25,0.8,0.0,0
APA-RCA-v2+GNN,A2_etl_logic_error,large,27,ETL_FX_STOCK_1_PRICE,,5.0,0,0,1,0.2,0.8,0.0,0
APA-RCA-v2+GNN,A3_feature_calc_error,large,2,FEAT_VOL20_STOCK_7_PRICE,,2.0,0,1,1,0.5,0.8,0.0,0
APA-RCA-v2+GNN,A3_feature_calc_error,large,7,FEAT_VOL20_STOCK_8_PRICE,,2.0,0,1,1,0.5,0.8,0.0,0
APA-RCA-v2+GNN,A3_feature_calc_error,large,12,FEAT_VOL20_STOCK_5_PRICE,,1.0,1,1,1,1.0,0.8,0.0,0
APA-RCA-v2+GNN,A3_feature_calc_error,large,17,FEAT_VOL20_STOCK_6_PRICE,,,0,0,0,0.0,1.0,0.0,0
APA-RCA-v2+GNN,A3_feature_calc_error,large,22,FEAT_VOL20_STOCK_7_PRICE,,2.0,0,1,1,0.5,0.8,0.0,0
APA-RCA-v2+GNN,A3_feature_calc_error,large,27,FEAT_VOL20_STOCK_1_PRICE,,2.0,0,1,1,0.5,0.8,0.0,0
APA-RCA-v2+GNN,A4_aggregation_error,large,2,FEAT_SECTOR_B,,,0,0,0,0.0,1.0,0.0,0
APA-RCA-v2+GNN,A4_aggregation_error,large,7,FEAT_SECTOR_B,,,0,0,0,0.0,1.0,0.0,0
APA-RCA-v2+GNN,A4_aggregation_error,large,12,FEAT_SECTOR_B,,,0,0,0,0.0,1.0,0.0,0
APA-RCA-v2+GNN,A4_aggregation_error,large,17,FEAT_SECTOR_B,,,0,0,0,0.0,1.0,0.0,0
APA-RCA-v2+GNN,A4_aggregation_error,large,22,FEAT_SECTOR_B,,,0,0,0,0.0,1.0,0.0,0
APA-RCA-v2+GNN,A4_aggregation_error,large,27,FEAT_SECTOR_A,,,0,0,0,0.0,1.0,0.0,0
APA-RCA-v2+GNN,A5_downstream_masking,large,2,SRC_STOCK_7_PRICE,,5.0,0,0,1,0.2,0.8,0.0,0
APA-RCA-v2+GNN,A5_downstream_masking,large,7,SRC_STOCK_8_PRICE,,4.0,0,0,1,0.25,0.8,0.0,0
APA-RCA-v2+GNN,A5_downstream_masking,large,12,SRC_STOCK_5_PRICE,,1.0,1,1,1,1.0,0.8,0.0,0
APA-RCA-v2+GNN,A5_downstream_masking,large,17,SRC_STOCK_6_PRICE,,3.0,0,1,1,0.3333333333333333,0.8,0.0,0
APA-RCA-v2+GNN,A5_downstream_masking,large,22,SRC_STOCK_7_PRICE,,5.0,0,0,1,0.2,0.8,0.0,0
APA-RCA-v2+GNN,A5_downstream_masking,large,27,SRC_STOCK_1_PRICE,,7.0,0,0,0,0.14285714285714285,1.0,0.0,0
APA-RCA-v2+GNN,A6_multi_source,large,2,SRC_STOCK_2_PRICE,,1.0,1,1,1,1.0,0.8,0.0,0
APA-RCA-v2+GNN,A6_multi_source,large,7,SRC_STOCK_6_PRICE,,1.0,1,1,1,1.0,0.8,0.0,0
APA-RCA-v2+GNN,A6_multi_source,large,12,SRC_STOCK_2_PRICE,,1.0,1,1,1,1.0,0.8,0.0,0
APA-RCA-v2+GNN,A6_multi_source,large,17,SRC_STOCK_6_PRICE,,1.0,1,1,1,1.0,0.8,0.0,0
APA-RCA-v2+GNN,A6_multi_source,large,22,SRC_STOCK_6_PRICE,,2.0,0,1,1,0.5,0.8,0.0,0
APA-RCA-v2+GNN,A6_multi_source,large,27,SRC_STOCK_2_PRICE,,2.0,0,1,1,0.5,0.8,0.0,0
APA-RCA-v2+GNN,A7_coincidental,large,2,SRC_STOCK_7_PRICE,,1.0,1,1,1,1.0,0.8,0.0,0
APA-RCA-v2+GNN,A7_coincidental,large,7,SRC_STOCK_8_PRICE,,1.0,1,1,1,1.0,0.8,0.0,0
APA-RCA-v2+GNN,A7_coincidental,large,12,SRC_STOCK_5_PRICE,,1.0,1,1,1,1.0,0.8,0.0,0
APA-RCA-v2+GNN,A7_coincidental,large,17,SRC_STOCK_6_PRICE,,1.0,1,1,1,1.0,0.8,0.0,0
APA-RCA-v2+GNN,A7_coincidental,large,22,SRC_STOCK_7_PRICE,,1.0,1,1,1,1.0,0.8,0.0,0
APA-RCA-v2+GNN,A7_coincidental,large,27,SRC_STOCK_1_PRICE,,1.0,1,1,1,1.0,0.8,0.0,0
VAE+APA-RCA+GNN,A1_source_corruption,small,2,SRC_STOCK_3_PRICE,,1.0,1,1,1,1.0,0.8,0.0,0
VAE+APA-RCA+GNN,A1_source_corruption,small,7,SRC_STOCK_3_PRICE,,1.0,1,1,1,1.0,0.8,0.0,0
VAE+APA-RCA+GNN,A1_source_corruption,small,12,SRC_STOCK_2_PRICE,,1.0,1,1,1,1.0,0.8,0.0,0
VAE+APA-RCA+GNN,A1_source_corruption,small,17,SRC_STOCK_3_PRICE,,1.0,1,1,1,1.0,0.8,0.0,0
VAE+APA-RCA+GNN,A1_source_corruption,small,22,SRC_STOCK_3_PRICE,,1.0,1,1,1,1.0,0.8,0.0,0
VAE+APA-RCA+GNN,A1_source_corruption,small,27,SRC_STOCK_1_PRICE,,1.0,1,1,1,1.0,0.8,0.0,0
VAE+APA-RCA+GNN,A2_etl_logic_error,small,2,ETL_FX_STOCK_3_PRICE,,9.0,0,0,0,0.1111111111111111,1.0,0.0,0
VAE+APA-RCA+GNN,A2_etl_logic_error,small,7,ETL_FX_STOCK_3_PRICE,,7.0,0,0,0,0.14285714285714285,1.0,0.0,0
VAE+APA-RCA+GNN,A2_etl_logic_error,small,12,ETL_FX_STOCK_2_PRICE,,7.0,0,0,0,0.14285714285714285,1.0,0.0,0
VAE+APA-RCA+GNN,A2_etl_logic_error,small,17,ETL_FX_STOCK_3_PRICE,,9.0,0,0,0,0.1111111111111111,1.0,0.0,0
VAE+APA-RCA+GNN,A2_etl_logic_error,small,22,ETL_FX_STOCK_3_PRICE,,8.0,0,0,0,0.125,1.0,0.0,0
VAE+APA-RCA+GNN,A2_etl_logic_error,small,27,ETL_FX_STOCK_1_PRICE,,8.0,0,0,0,0.125,1.0,0.0,0
VAE+APA-RCA+GNN,A3_feature_calc_error,small,2,FEAT_VOL20_STOCK_3_PRICE,,1.0,1,1,1,1.0,0.8,0.0,0
VAE+APA-RCA+GNN,A3_feature_calc_error,small,7,FEAT_VOL20_STOCK_3_PRICE,,1.0,1,1,1,1.0,0.8,0.0,0
VAE+APA-RCA+GNN,A3_feature_calc_error,small,12,FEAT_VOL20_STOCK_2_PRICE,,1.0,1,1,1,1.0,0.8,0.0,0
VAE+APA-RCA+GNN,A3_feature_calc_error,small,17,FEAT_VOL20_STOCK_3_PRICE,,1.0,1,1,1,1.0,0.8,0.0,0
VAE+APA-RCA+GNN,A3_feature_calc_error,small,22,FEAT_VOL20_STOCK_3_PRICE,,1.0,1,1,1,1.0,0.8,0.0,0
VAE+APA-RCA+GNN,A3_feature_calc_error,small,27,FEAT_VOL20_STOCK_1_PRICE,,1.0,1,1,1,1.0,0.8,0.0,0
VAE+APA-RCA+GNN,A4_aggregation_error,small,2,FEAT_SECTOR_B,,,0,0,0,0.0,1.0,0.0,0
VAE+APA-RCA+GNN,A4_aggregation_error,small,7,FEAT_SECTOR_B,,,0,0,0,0.0,1.0,0.0,0
VAE+APA-RCA+GNN,A4_aggregation_error,small,12,FEAT_SECTOR_B,,,0,0,0,0.0,1.0,0.0,0
VAE+APA-RCA+GNN,A4_aggregation_error,small,17,FEAT_SECTOR_B,,,0,0,0,0.0,1.0,0.0,0
VAE+APA-RCA+GNN,A4_aggregation_error,small,22,FEAT_SECTOR_B,,,0,0,0,0.0,1.0,0.0,0
VAE+APA-RCA+GNN,A4_aggregation_error,small,27,FEAT_SECTOR_A,,,0,0,0,0.0,1.0,0.0,0
VAE+APA-RCA+GNN,A5_downstream_masking,small,2,SRC_STOCK_3_PRICE,,1.0,1,1,1,1.0,0.8,0.0,0
VAE+APA-RCA+GNN,A5_downstream_masking,small,7,SRC_STOCK_3_PRICE,,1.0,1,1,1,1.0,0.8,0.0,0
VAE+APA-RCA+GNN,A5_downstream_masking,small,12,SRC_STOCK_2_PRICE,,3.0,0,1,1,0.3333333333333333,0.8,0.0,0
VAE+APA-RCA+GNN,A5_downstream_masking,small,17,SRC_STOCK_3_PRICE,,1.0,1,1,1,1.0,0.8,0.0,0
VAE+APA-RCA+GNN,A5_downstream_masking,small,22,SRC_STOCK_3_PRICE,,1.0,1,1,1,1.0,0.8,0.0,0
VAE+APA-RCA+GNN,A5_downstream_masking,small,27,SRC_STOCK_1_PRICE,,1.0,1,1,1,1.0,0.8,0.0,0
VAE+APA-RCA+GNN,A6_multi_source,small,2,SRC_STOCK_2_PRICE,,1.0,1,1,1,1.0,0.8,0.0,0
VAE+APA-RCA+GNN,A6_multi_source,small,7,SRC_STOCK_1_PRICE,,2.0,0,1,1,0.5,0.8,0.0,0
VAE+APA-RCA+GNN,A6_multi_source,small,12,SRC_STOCK_1_PRICE,,3.0,0,1,1,0.3333333333333333,0.8,0.0,0
VAE+APA-RCA+GNN,A6_multi_source,small,17,SRC_STOCK_2_PRICE,,2.0,0,1,1,0.5,0.8,0.0,0
VAE+APA-RCA+GNN,A6_multi_source,small,22,SRC_STOCK_3_PRICE,,3.0,0,1,1,0.3333333333333333,0.8,0.0,0
VAE+APA-RCA+GNN,A6_multi_source,small,27,SRC_STOCK_2_PRICE,,2.0,0,1,1,0.5,0.8,0.0,0
VAE+APA-RCA+GNN,A7_coincidental,small,2,SRC_STOCK_3_PRICE,,1.0,1,1,1,1.0,0.8,0.0,0
VAE+APA-RCA+GNN,A7_coincidental,small,7,SRC_STOCK_3_PRICE,,1.0,1,1,1,1.0,0.8,0.0,0
VAE+APA-RCA+GNN,A7_coincidental,small,12,SRC_STOCK_2_PRICE,,1.0,1,1,1,1.0,0.8,0.0,0
VAE+APA-RCA+GNN,A7_coincidental,small,17,SRC_STOCK_3_PRICE,,1.0,1,1,1,1.0,0.8,0.0,0
VAE+APA-RCA+GNN,A7_coincidental,small,22,SRC_STOCK_3_PRICE,,1.0,1,1,1,1.0,0.8,0.0,0
VAE+APA-RCA+GNN,A7_coincidental,small,27,SRC_STOCK_1_PRICE,,1.0,1,1,1,1.0,0.8,0.0,0
VAE+APA-RCA+GNN,A1_source_corruption,medium,2,SRC_STOCK_5_PRICE,,1.0,1,1,1,1.0,0.8,0.0,0
VAE+APA-RCA+GNN,A1_source_corruption,medium,7,SRC_STOCK_5_PRICE,,1.0,1,1,1,1.0,0.8,0.0,0
VAE+APA-RCA+GNN,A1_source_corruption,medium,12,SRC_STOCK_4_PRICE,,1.0,1,1,1,1.0,0.8,0.0,0
VAE+APA-RCA+GNN,A1_source_corruption,medium,17,SRC_STOCK_4_PRICE,,1.0,1,1,1,1.0,0.8,0.0,0
VAE+APA-RCA+GNN,A1_source_corruption,medium,22,SRC_STOCK_4_PRICE,,1.0,1,1,1,1.0,0.8,0.0,0
VAE+APA-RCA+GNN,A1_source_corruption,medium,27,SRC_STOCK_1_PRICE,,1.0,1,1,1,1.0,0.8,0.0,0
VAE+APA-RCA+GNN,A2_etl_logic_error,medium,2,ETL_FX_STOCK_5_PRICE,,,0,0,0,0.0,1.0,0.0,0
VAE+APA-RCA+GNN,A2_etl_logic_error,medium,7,ETL_FX_STOCK_5_PRICE,,,0,0,0,0.0,1.0,0.0,0
VAE+APA-RCA+GNN,A2_etl_logic_error,medium,12,ETL_FX_STOCK_4_PRICE,,,0,0,0,0.0,1.0,0.0,0
VAE+APA-RCA+GNN,A2_etl_logic_error,medium,17,ETL_FX_STOCK_4_PRICE,,,0,0,0,0.0,1.0,0.0,0
VAE+APA-RCA+GNN,A2_etl_logic_error,medium,22,ETL_FX_STOCK_4_PRICE,,,0,0,0,0.0,1.0,0.0,0
VAE+APA-RCA+GNN,A2_etl_logic_error,medium,27,ETL_FX_STOCK_1_PRICE,,,0,0,0,0.0,1.0,0.0,0
VAE+APA-RCA+GNN,A3_feature_calc_error,medium,2,FEAT_VOL20_STOCK_5_PRICE,,1.0,1,1,1,1.0,0.8,0.0,0
VAE+APA-RCA+GNN,A3_feature_calc_error,medium,7,FEAT_VOL20_STOCK_5_PRICE,,1.0,1,1,1,1.0,0.8,0.0,0
VAE+APA-RCA+GNN,A3_feature_calc_error,medium,12,FEAT_VOL20_STOCK_4_PRICE,,1.0,1,1,1,1.0,0.8,0.0,0
VAE+APA-RCA+GNN,A3_feature_calc_error,medium,17,FEAT_VOL20_STOCK_4_PRICE,,1.0,1,1,1,1.0,0.8,0.0,0
VAE+APA-RCA+GNN,A3_feature_calc_error,medium,22,FEAT_VOL20_STOCK_4_PRICE,,1.0,1,1,1,1.0,0.8,0.0,0
VAE+APA-RCA+GNN,A3_feature_calc_error,medium,27,FEAT_VOL20_STOCK_1_PRICE,,1.0,1,1,1,1.0,0.8,0.0,0
VAE+APA-RCA+GNN,A4_aggregation_error,medium,2,FEAT_SECTOR_B,,,0,0,0,0.0,1.0,0.0,0
VAE+APA-RCA+GNN,A4_aggregation_error,medium,7,FEAT_SECTOR_B,,,0,0,0,0.0,1.0,0.0,0
VAE+APA-RCA+GNN,A4_aggregation_error,medium,12,FEAT_SECTOR_B,,,0,0,0,0.0,1.0,0.0,0
VAE+APA-RCA+GNN,A4_aggregation_error,medium,17,FEAT_SECTOR_B,,,0,0,0,0.0,1.0,0.0,0
VAE+APA-RCA+GNN,A4_aggregation_error,medium,22,FEAT_SECTOR_B,,,0,0,0,0.0,1.0,0.0,0
VAE+APA-RCA+GNN,A4_aggregation_error,medium,27,FEAT_SECTOR_A,,,0,0,0,0.0,1.0,0.0,0
VAE+APA-RCA+GNN,A5_downstream_masking,medium,2,SRC_STOCK_5_PRICE,,2.0,0,1,1,0.5,0.8,0.0,0
VAE+APA-RCA+GNN,A5_downstream_masking,medium,7,SRC_STOCK_5_PRICE,,1.0,1,1,1,1.0,0.8,0.0,0
VAE+APA-RCA+GNN,A5_downstream_masking,medium,12,SRC_STOCK_4_PRICE,,1.0,1,1,1,1.0,0.8,0.0,0
VAE+APA-RCA+GNN,A5_downstream_masking,medium,17,SRC_STOCK_4_PRICE,,1.0,1,1,1,1.0,0.8,0.0,0
VAE+APA-RCA+GNN,A5_downstream_masking,medium,22,SRC_STOCK_4_PRICE,,1.0,1,1,1,1.0,0.8,0.0,0
VAE+APA-RCA+GNN,A5_downstream_masking,medium,27,SRC_STOCK_1_PRICE,,1.0,1,1,1,1.0,0.8,0.0,0
VAE+APA-RCA+GNN,A6_multi_source,medium,2,SRC_STOCK_2_PRICE,,3.0,0,1,1,0.3333333333333333,0.8,0.0,0
VAE+APA-RCA+GNN,A6_multi_source,medium,7,SRC_STOCK_3_PRICE,,2.0,0,1,1,0.5,0.8,0.0,0
VAE+APA-RCA+GNN,A6_multi_source,medium,12,SRC_STOCK_4_PRICE,,3.0,0,1,1,0.3333333333333333,0.8,0.0,0
VAE+APA-RCA+GNN,A6_multi_source,medium,17,SRC_STOCK_4_PRICE,,3.0,0,1,1,0.3333333333333333,0.8,0.0,0
VAE+APA-RCA+GNN,A6_multi_source,medium,22,SRC_STOCK_4_PRICE,,2.0,0,1,1,0.5,0.8,0.0,0
VAE+APA-RCA+GNN,A6_multi_source,medium,27,SRC_STOCK_2_PRICE,,2.0,0,1,1,0.5,0.8,0.0,0
VAE+APA-RCA+GNN,A7_coincidental,medium,2,SRC_STOCK_5_PRICE,,1.0,1,1,1,1.0,0.8,0.0,0
VAE+APA-RCA+GNN,A7_coincidental,medium,7,SRC_STOCK_5_PRICE,,1.0,1,1,1,1.0,0.8,0.0,0
VAE+APA-RCA+GNN,A7_coincidental,medium,12,SRC_STOCK_4_PRICE,,1.0,1,1,1,1.0,0.8,0.0,0
VAE+APA-RCA+GNN,A7_coincidental,medium,17,SRC_STOCK_4_PRICE,,1.0,1,1,1,1.0,0.8,0.0,0
VAE+APA-RCA+GNN,A7_coincidental,medium,22,SRC_STOCK_4_PRICE,,1.0,1,1,1,1.0,0.8,0.0,0
VAE+APA-RCA+GNN,A7_coincidental,medium,27,SRC_STOCK_1_PRICE,,1.0,1,1,1,1.0,0.8,0.0,0
VAE+APA-RCA+GNN,A1_source_corruption,large,2,SRC_STOCK_7_PRICE,,1.0,1,1,1,1.0,0.8,0.0,0
VAE+APA-RCA+GNN,A1_source_corruption,large,7,SRC_STOCK_8_PRICE,,1.0,1,1,1,1.0,0.8,0.0,0
VAE+APA-RCA+GNN,A1_source_corruption,large,12,SRC_STOCK_5_PRICE,,1.0,1,1,1,1.0,0.8,0.0,0
VAE+APA-RCA+GNN,A1_source_corruption,large,17,SRC_STOCK_6_PRICE,,1.0,1,1,1,1.0,0.8,0.0,0
VAE+APA-RCA+GNN,A1_source_corruption,large,22,SRC_STOCK_7_PRICE,,1.0,1,1,1,1.0,0.8,0.0,0
VAE+APA-RCA+GNN,A1_source_corruption,large,27,SRC_STOCK_1_PRICE,,1.0,1,1,1,1.0,0.8,0.0,0
VAE+APA-RCA+GNN,A2_etl_logic_error,large,2,ETL_FX_STOCK_7_PRICE,,,0,0,0,0.0,1.0,0.0,0
VAE+APA-RCA+GNN,A2_etl_logic_error,large,7,ETL_FX_STOCK_8_PRICE,,,0,0,0,0.0,1.0,0.0,0
VAE+APA-RCA+GNN,A2_etl_logic_error,large,12,ETL_FX_STOCK_5_PRICE,,,0,0,0,0.0,1.0,0.0,0
VAE+APA-RCA+GNN,A2_etl_logic_error,large,17,ETL_FX_STOCK_6_PRICE,,,0,0,0,0.0,1.0,0.0,0
VAE+APA-RCA+GNN,A2_etl_logic_error,large,22,ETL_FX_STOCK_7_PRICE,,,0,0,0,0.0,1.0,0.0,0
VAE+APA-RCA+GNN,A2_etl_logic_error,large,27,ETL_FX_STOCK_1_PRICE,,,0,0,0,0.0,1.0,0.0,0
VAE+APA-RCA+GNN,A3_feature_calc_error,large,2,FEAT_VOL20_STOCK_7_PRICE,,1.0,1,1,1,1.0,0.8,0.0,0
VAE+APA-RCA+GNN,A3_feature_calc_error,large,7,FEAT_VOL20_STOCK_8_PRICE,,1.0,1,1,1,1.0,0.8,0.0,0
VAE+APA-RCA+GNN,A3_feature_calc_error,large,12,FEAT_VOL20_STOCK_5_PRICE,,1.0,1,1,1,1.0,0.8,0.0,0
VAE+APA-RCA+GNN,A3_feature_calc_error,large,17,FEAT_VOL20_STOCK_6_PRICE,,1.0,1,1,1,1.0,0.8,0.0,0
VAE+APA-RCA+GNN,A3_feature_calc_error,large,22,FEAT_VOL20_STOCK_7_PRICE,,1.0,1,1,1,1.0,0.8,0.0,0
VAE+APA-RCA+GNN,A3_feature_calc_error,large,27,FEAT_VOL20_STOCK_1_PRICE,,1.0,1,1,1,1.0,0.8,0.0,0
VAE+APA-RCA+GNN,A4_aggregation_error,large,2,FEAT_SECTOR_B,,,0,0,0,0.0,1.0,0.0,0
VAE+APA-RCA+GNN,A4_aggregation_error,large,7,FEAT_SECTOR_B,,,0,0,0,0.0,1.0,0.0,0
VAE+APA-RCA+GNN,A4_aggregation_error,large,12,FEAT_SECTOR_B,,,0,0,0,0.0,1.0,0.0,0
VAE+APA-RCA+GNN,A4_aggregation_error,large,17,FEAT_SECTOR_B,,,0,0,0,0.0,1.0,0.0,0
VAE+APA-RCA+GNN,A4_aggregation_error,large,22,FEAT_SECTOR_B,,,0,0,0,0.0,1.0,0.0,0
VAE+APA-RCA+GNN,A4_aggregation_error,large,27,FEAT_SECTOR_A,,,0,0,0,0.0,1.0,0.0,0
VAE+APA-RCA+GNN,A5_downstream_masking,large,2,SRC_STOCK_7_PRICE,,1.0,1,1,1,1.0,0.8,0.0,0
VAE+APA-RCA+GNN,A5_downstream_masking,large,7,SRC_STOCK_8_PRICE,,,0,0,0,0.0,1.0,0.0,0
VAE+APA-RCA+GNN,A5_downstream_masking,large,12,SRC_STOCK_5_PRICE,,1.0,1,1,1,1.0,0.8,0.0,0
VAE+APA-RCA+GNN,A5_downstream_masking,large,17,SRC_STOCK_6_PRICE,,1.0,1,1,1,1.0,0.8,0.0,0
VAE+APA-RCA+GNN,A5_downstream_masking,large,22,SRC_STOCK_7_PRICE,,2.0,0,1,1,0.5,0.8,0.0,0
VAE+APA-RCA+GNN,A5_downstream_masking,large,27,SRC_STOCK_1_PRICE,,1.0,1,1,1,1.0,0.8,0.0,0
VAE+APA-RCA+GNN,A6_multi_source,large,2,SRC_STOCK_2_PRICE,,2.0,0,1,1,0.5,0.8,0.0,0
VAE+APA-RCA+GNN,A6_multi_source,large,7,SRC_STOCK_6_PRICE,,2.0,0,1,1,0.5,0.8,0.0,0
VAE+APA-RCA+GNN,A6_multi_source,large,12,SRC_STOCK_2_PRICE,,3.0,0,1,1,0.3333333333333333,0.8,0.0,0
VAE+APA-RCA+GNN,A6_multi_source,large,17,SRC_STOCK_6_PRICE,,3.0,0,1,1,0.3333333333333333,0.8,0.0,0
VAE+APA-RCA+GNN,A6_multi_source,large,22,SRC_STOCK_6_PRICE,,3.0,0,1,1,0.3333333333333333,0.8,0.0,0
VAE+APA-RCA+GNN,A6_multi_source,large,27,SRC_STOCK_2_PRICE,,3.0,0,1,1,0.3333333333333333,0.8,0.0,0
VAE+APA-RCA+GNN,A7_coincidental,large,2,SRC_STOCK_7_PRICE,,1.0,1,1,1,1.0,0.8,0.0,0
VAE+APA-RCA+GNN,A7_coincidental,large,7,SRC_STOCK_8_PRICE,,1.0,1,1,1,1.0,0.8,0.0,0
VAE+APA-RCA+GNN,A7_coincidental,large,12,SRC_STOCK_5_PRICE,,1.0,1,1,1,1.0,0.8,0.0,0
VAE+APA-RCA+GNN,A7_coincidental,large,17,SRC_STOCK_6_PRICE,,1.0,1,1,1,1.0,0.8,0.0,0
VAE+APA-RCA+GNN,A7_coincidental,large,22,SRC_STOCK_7_PRICE,,1.0,1,1,1,1.0,0.8,0.0,0
VAE+APA-RCA+GNN,A7_coincidental,large,27,SRC_STOCK_1_PRICE,,1.0,1,1,1,1.0,0.8,0.0,0
APA-RCA-v2+GNN,A1_source_corruption,small,3,SRC_STOCK_3_PRICE,,1.0,1,1,1,1.0,0.8,0.0,0
APA-RCA-v2+GNN,A1_source_corruption,small,8,SRC_STOCK_3_PRICE,,1.0,1,1,1,1.0,0.8,0.0,0
APA-RCA-v2+GNN,A1_source_corruption,small,13,SRC_STOCK_3_PRICE,,1.0,1,1,1,1.0,0.8,0.0,0
APA-RCA-v2+GNN,A1_source_corruption,small,18,SRC_STOCK_3_PRICE,,1.0,1,1,1,1.0,0.8,0.0,0
APA-RCA-v2+GNN,A1_source_corruption,small,23,SRC_STOCK_1_PRICE,,1.0,1,1,1,1.0,0.8,0.0,0
APA-RCA-v2+GNN,A1_source_corruption,small,28,SRC_STOCK_2_PRICE,,1.0,1,1,1,1.0,0.8,0.0,0
APA-RCA-v2+GNN,A2_etl_logic_error,small,3,ETL_FX_STOCK_3_PRICE,,5.0,0,0,1,0.2,0.8,0.0,0
APA-RCA-v2+GNN,A2_etl_logic_error,small,8,ETL_FX_STOCK_3_PRICE,,6.0,0,0,0,0.16666666666666666,1.0,0.0,0
APA-RCA-v2+GNN,A2_etl_logic_error,small,13,ETL_FX_STOCK_3_PRICE,,3.0,0,1,1,0.3333333333333333,0.8,0.0,0
APA-RCA-v2+GNN,A2_etl_logic_error,small,18,ETL_FX_STOCK_3_PRICE,,6.0,0,0,0,0.16666666666666666,1.0,0.0,0
APA-RCA-v2+GNN,A2_etl_logic_error,small,23,ETL_FX_STOCK_1_PRICE,,5.0,0,0,1,0.2,0.8,0.0,0
APA-RCA-v2+GNN,A2_etl_logic_error,small,28,ETL_FX_STOCK_2_PRICE,,4.0,0,0,1,0.25,0.8,0.0,0
APA-RCA-v2+GNN,A3_feature_calc_error,small,3,FEAT_VOL20_STOCK_3_PRICE,,,0,0,0,0.0,1.0,0.0,0
APA-RCA-v2+GNN,A3_feature_calc_error,small,8,FEAT_VOL20_STOCK_3_PRICE,,,0,0,0,0.0,1.0,0.0,0
APA-RCA-v2+GNN,A3_feature_calc_error,small,13,FEAT_VOL20_STOCK_3_PRICE,,2.0,0,1,1,0.5,0.8,0.0,0
APA-RCA-v2+GNN,A3_feature_calc_error,small,18,FEAT_VOL20_STOCK_3_PRICE,,3.0,0,1,1,0.3333333333333333,0.8,0.0,0
APA-RCA-v2+GNN,A3_feature_calc_error,small,23,FEAT_VOL20_STOCK_1_PRICE,,3.0,0,1,1,0.3333333333333333,0.8,0.0,0
APA-RCA-v2+GNN,A3_feature_calc_error,small,28,FEAT_VOL20_STOCK_2_PRICE,,,0,0,0,0.0,1.0,0.0,0
APA-RCA-v2+GNN,A4_aggregation_error,small,3,FEAT_SECTOR_B,,,0,0,0,0.0,1.0,0.0,0
APA-RCA-v2+GNN,A4_aggregation_error,small,8,FEAT_SECTOR_B,,,0,0,0,0.0,1.0,0.0,0
APA-RCA-v2+GNN,A4_aggregation_error,small,13,FEAT_SECTOR_B,,,0,0,0,0.0,1.0,0.0,0
APA-RCA-v2+GNN,A4_aggregation_error,small,18,FEAT_SECTOR_B,,,0,0,0,0.0,1.0,0.0,0
APA-RCA-v2+GNN,A4_aggregation_error,small,23,FEAT_SECTOR_A,,,0,0,0,0.0,1.0,0.0,0
APA-RCA-v2+GNN,A4_aggregation_error,small,28,FEAT_SECTOR_B,,,0,0,0,0.0,1.0,0.0,0
APA-RCA-v2+GNN,A5_downstream_masking,small,3,SRC_STOCK_3_PRICE,,1.0,1,1,1,1.0,0.8,0.0,0
APA-RCA-v2+GNN,A5_downstream_masking,small,8,SRC_STOCK_3_PRICE,,1.0,1,1,1,1.0,0.8,0.0,0
APA-RCA-v2+GNN,A5_downstream_masking,small,13,SRC_STOCK_3_PRICE,,6.0,0,0,0,0.16666666666666666,1.0,0.0,0
APA-RCA-v2+GNN,A5_downstream_masking,small,18,SRC_STOCK_3_PRICE,,1.0,1,1,1,1.0,0.8,0.0,0
APA-RCA-v2+GNN,A5_downstream_masking,small,23,SRC_STOCK_1_PRICE,,5.0,0,0,1,0.2,0.8,0.0,0
APA-RCA-v2+GNN,A5_downstream_masking,small,28,SRC_STOCK_2_PRICE,,2.0,0,1,1,0.5,0.8,0.0,0
APA-RCA-v2+GNN,A6_multi_source,small,3,SRC_STOCK_2_PRICE,,2.0,0,1,1,0.5,0.8,0.0,0
APA-RCA-v2+GNN,A6_multi_source,small,8,SRC_STOCK_3_PRICE,,1.0,1,1,1,1.0,0.8,0.0,0
APA-RCA-v2+GNN,A6_multi_source,small,13,SRC_STOCK_1_PRICE,,1.0,1,1,1,1.0,0.8,0.0,0
APA-RCA-v2+GNN,A6_multi_source,small,18,SRC_STOCK_3_PRICE,,2.0,0,1,1,0.5,0.8,0.0,0
APA-RCA-v2+GNN,A6_multi_source,small,23,SRC_STOCK_1_PRICE,,1.0,1,1,1,1.0,0.8,0.0,0
APA-RCA-v2+GNN,A6_multi_source,small,28,SRC_STOCK_3_PRICE,,1.0,1,1,1,1.0,0.8,0.0,0
APA-RCA-v2+GNN,A7_coincidental,small,3,SRC_STOCK_3_PRICE,,1.0,1,1,1,1.0,0.8,0.0,0
APA-RCA-v2+GNN,A7_coincidental,small,8,SRC_STOCK_3_PRICE,,1.0,1,1,1,1.0,0.8,0.0,0
APA-RCA-v2+GNN,A7_coincidental,small,13,SRC_STOCK_3_PRICE,,1.0,1,1,1,1.0,0.8,0.0,0
APA-RCA-v2+GNN,A7_coincidental,small,18,SRC_STOCK_3_PRICE,,1.0,1,1,1,1.0,0.8,0.0,0
APA-RCA-v2+GNN,A7_coincidental,small,23,SRC_STOCK_1_PRICE,,1.0,1,1,1,1.0,0.8,0.0,0
APA-RCA-v2+GNN,A7_coincidental,small,28,SRC_STOCK_2_PRICE,,1.0,1,1,1,1.0,0.8,0.0,0
APA-RCA-v2+GNN,A1_source_corruption,medium,3,SRC_STOCK_5_PRICE,,1.0,1,1,1,1.0,0.8,0.0,0
APA-RCA-v2+GNN,A1_source_corruption,medium,8,SRC_STOCK_4_PRICE,,1.0,1,1,1,1.0,0.8,0.0,0
APA-RCA-v2+GNN,A1_source_corruption,medium,13,SRC_STOCK_5_PRICE,,1.0,1,1,1,1.0,0.8,0.0,0
APA-RCA-v2+GNN,A1_source_corruption,medium,18,SRC_STOCK_5_PRICE,,1.0,1,1,1,1.0,0.8,0.0,0
APA-RCA-v2+GNN,A1_source_corruption,medium,23,SRC_STOCK_1_PRICE,,1.0,1,1,1,1.0,0.8,0.0,0
APA-RCA-v2+GNN,A1_source_corruption,medium,28,SRC_STOCK_4_PRICE,,1.0,1,1,1,1.0,0.8,0.0,0
APA-RCA-v2+GNN,A2_etl_logic_error,medium,3,ETL_FX_STOCK_5_PRICE,,3.0,0,1,1,0.3333333333333333,0.8,0.0,0
APA-RCA-v2+GNN,A2_etl_logic_error,medium,8,ETL_FX_STOCK_4_PRICE,,5.0,0,0,1,0.2,0.8,0.0,0
APA-RCA-v2+GNN,A2_etl_logic_error,medium,13,ETL_FX_STOCK_5_PRICE,,3.0,0,1,1,0.3333333333333333,0.8,0.0,0
APA-RCA-v2+GNN,A2_etl_logic_error,medium,18,ETL_FX_STOCK_5_PRICE,,5.0,0,0,1,0.2,0.8,0.0,0
APA-RCA-v2+GNN,A2_etl_logic_error,medium,23,ETL_FX_STOCK_1_PRICE,,8.0,0,0,0,0.125,1.0,0.0,0
APA-RCA-v2+GNN,A2_etl_logic_error,medium,28,ETL_FX_STOCK_4_PRICE,,2.0,0,1,1,0.5,0.8,0.0,0
APA-RCA-v2+GNN,A3_feature_calc_error,medium,3,FEAT_VOL20_STOCK_5_PRICE,,2.0,0,1,1,0.5,0.8,0.0,0
APA-RCA-v2+GNN,A3_feature_calc_error,medium,8,FEAT_VOL20_STOCK_4_PRICE,,2.0,0,1,1,0.5,0.8,0.0,0
APA-RCA-v2+GNN,A3_feature_calc_error,medium,13,FEAT_VOL20_STOCK_5_PRICE,,2.0,0,1,1,0.5,0.8,0.0,0
APA-RCA-v2+GNN,A3_feature_calc_error,medium,18,FEAT_VOL20_STOCK_5_PRICE,,3.0,0,1,1,0.3333333333333333,0.8,0.0,0
APA-RCA-v2+GNN,A3_feature_calc_error,medium,23,FEAT_VOL20_STOCK_1_PRICE,,2.0,0,1,1,0.5,0.8,0.0,0
APA-RCA-v2+GNN,A3_feature_calc_error,medium,28,FEAT_VOL20_STOCK_4_PRICE,,2.0,0,1,1,0.5,0.8,0.0,0
APA-RCA-v2+GNN,A4_aggregation_error,medium,3,FEAT_SECTOR_B,,,0,0,0,0.0,1.0,0.0,0
APA-RCA-v2+GNN,A4_aggregation_error,medium,8,FEAT_SECTOR_B,,,0,0,0,0.0,1.0,0.0,0
APA-RCA-v2+GNN,A4_aggregation_error,medium,13,FEAT_SECTOR_B,,,0,0,0,0.0,1.0,0.0,0
APA-RCA-v2+GNN,A4_aggregation_error,medium,18,FEAT_SECTOR_B,,,0,0,0,0.0,1.0,0.0,0
APA-RCA-v2+GNN,A4_aggregation_error,medium,23,FEAT_SECTOR_A,,,0,0,0,0.0,1.0,0.0,0
APA-RCA-v2+GNN,A4_aggregation_error,medium,28,FEAT_SECTOR_B,,,0,0,0,0.0,1.0,0.0,0
APA-RCA-v2+GNN,A5_downstream_masking,medium,3,SRC_STOCK_5_PRICE,,2.0,0,1,1,0.5,0.8,0.0,0
APA-RCA-v2+GNN,A5_downstream_masking,medium,8,SRC_STOCK_4_PRICE,,1.0,1,1,1,1.0,0.8,0.0,0
APA-RCA-v2+GNN,A5_downstream_masking,medium,13,SRC_STOCK_5_PRICE,,6.0,0,0,0,0.16666666666666666,1.0,0.0,0
APA-RCA-v2+GNN,A5_downstream_masking,medium,18,SRC_STOCK_5_PRICE,,1.0,1,1,1,1.0,0.8,0.0,0
APA-RCA-v2+GNN,A5_downstream_masking,medium,23,SRC_STOCK_1_PRICE,,5.0,0,0,1,0.2,0.8,0.0,0
APA-RCA-v2+GNN,A5_downstream_masking,medium,28,SRC_STOCK_4_PRICE,,3.0,0,1,1,0.3333333333333333,0.8,0.0,0
APA-RCA-v2+GNN,A6_multi_source,medium,3,SRC_STOCK_1_PRICE,,1.0,1,1,1,1.0,0.8,0.0,0
APA-RCA-v2+GNN,A6_multi_source,medium,8,SRC_STOCK_2_PRICE,,2.0,0,1,1,0.5,0.8,0.0,0
APA-RCA-v2+GNN,A6_multi_source,medium,13,SRC_STOCK_4_PRICE,,1.0,1,1,1,1.0,0.8,0.0,0
APA-RCA-v2+GNN,A6_multi_source,medium,18,SRC_STOCK_3_PRICE,,1.0,1,1,1,1.0,0.8,0.0,0
APA-RCA-v2+GNN,A6_multi_source,medium,23,SRC_STOCK_5_PRICE,,2.0,0,1,1,0.5,0.8,0.0,0
APA-RCA-v2+GNN,A6_multi_source,medium,28,SRC_STOCK_2_PRICE,,2.0,0,1,1,0.5,0.8,0.0,0
APA-RCA-v2+GNN,A7_coincidental,medium,3,SRC_STOCK_5_PRICE,,1.0,1,1,1,1.0,0.8,0.0,0
APA-RCA-v2+GNN,A7_coincidental,medium,8,SRC_STOCK_4_PRICE,,1.0,1,1,1,1.0,0.8,0.0,0
APA-RCA-v2+GNN,A7_coincidental,medium,13,SRC_STOCK_5_PRICE,,1.0,1,1,1,1.0,0.8,0.0,0
APA-RCA-v2+GNN,A7_coincidental,medium,18,SRC_STOCK_5_PRICE,,1.0,1,1,1,1.0,0.8,0.0,0
APA-RCA-v2+GNN,A7_coincidental,medium,23,SRC_STOCK_1_PRICE,,1.0,1,1,1,1.0,0.8,0.0,0
APA-RCA-v2+GNN,A7_coincidental,medium,28,SRC_STOCK_4_PRICE,,1.0,1,1,1,1.0,0.8,0.0,0
APA-RCA-v2+GNN,A1_source_corruption,large,3,SRC_STOCK_7_PRICE,,1.0,1,1,1,1.0,0.8,0.0,0
APA-RCA-v2+GNN,A1_source_corruption,large,8,SRC_STOCK_6_PRICE,,1.0,1,1,1,1.0,0.8,0.0,0
APA-RCA-v2+GNN,A1_source_corruption,large,13,SRC_STOCK_8_PRICE,,1.0,1,1,1,1.0,0.8,0.0,0
APA-RCA-v2+GNN,A1_source_corruption,large,18,SRC_STOCK_8_PRICE,,1.0,1,1,1,1.0,0.8,0.0,0
APA-RCA-v2+GNN,A1_source_corruption,large,23,SRC_STOCK_1_PRICE,,1.0,1,1,1,1.0,0.8,0.0,0
APA-RCA-v2+GNN,A1_source_corruption,large,28,SRC_STOCK_6_PRICE,,1.0,1,1,1,1.0,0.8,0.0,0
APA-RCA-v2+GNN,A2_etl_logic_error,large,3,ETL_FX_STOCK_7_PRICE,,7.0,0,0,0,0.14285714285714285,1.0,0.0,0
APA-RCA-v2+GNN,A2_etl_logic_error,large,8,ETL_FX_STOCK_6_PRICE,,3.0,0,1,1,0.3333333333333333,0.8,0.0,0
APA-RCA-v2+GNN,A2_etl_logic_error,large,13,ETL_FX_STOCK_8_PRICE,,6.0,0,0,0,0.16666666666666666,1.0,0.0,0
APA-RCA-v2+GNN,A2_etl_logic_error,large,18,ETL_FX_STOCK_8_PRICE,,7.0,0,0,0,0.14285714285714285,1.0,0.0,0
APA-RCA-v2+GNN,A2_etl_logic_error,large,23,ETL_FX_STOCK_1_PRICE,,3.0,0,1,1,0.3333333333333333,0.8,0.0,0
APA-RCA-v2+GNN,A2_etl_logic_error,large,28,ETL_FX_STOCK_6_PRICE,,4.0,0,0,1,0.25,0.8,0.0,0
APA-RCA-v2+GNN,A3_feature_calc_error,large,3,FEAT_VOL20_STOCK_7_PRICE,,,0,0,0,0.0,1.0,0.0,0
APA-RCA-v2+GNN,A3_feature_calc_error,large,8,FEAT_VOL20_STOCK_6_PRICE,,2.0,0,1,1,0.5,0.8,0.0,0
APA-RCA-v2+GNN,A3_feature_calc_error,large,13,FEAT_VOL20_STOCK_8_PRICE,,1.0,1,1,1,1.0,0.8,0.0,0
APA-RCA-v2+GNN,A3_feature_calc_error,large,18,FEAT_VOL20_STOCK_8_PRICE,,1.0,1,1,1,1.0,0.8,0.0,0
APA-RCA-v2+GNN,A3_feature_calc_error,large,23,FEAT_VOL20_STOCK_1_PRICE,,1.0,1,1,1,1.0,0.8,0.0,0
APA-RCA-v2+GNN,A3_feature_calc_error,large,28,FEAT_VOL20_STOCK_6_PRICE,,2.0,0,1,1,0.5,0.8,0.0,0
APA-RCA-v2+GNN,A4_aggregation_error,large,3,FEAT_SECTOR_B,,,0,0,0,0.0,1.0,0.0,0
APA-RCA-v2+GNN,A4_aggregation_error,large,8,FEAT_SECTOR_B,,,0,0,0,0.0,1.0,0.0,0
APA-RCA-v2+GNN,A4_aggregation_error,large,13,FEAT_SECTOR_B,,,0,0,0,0.0,1.0,0.0,0
APA-RCA-v2+GNN,A4_aggregation_error,large,18,FEAT_SECTOR_B,,,0,0,0,0.0,1.0,0.0,0
APA-RCA-v2+GNN,A4_aggregation_error,large,23,FEAT_SECTOR_A,,,0,0,0,0.0,1.0,0.0,0
APA-RCA-v2+GNN,A4_aggregation_error,large,28,FEAT_SECTOR_B,,,0,0,0,0.0,1.0,0.0,0
APA-RCA-v2+GNN,A5_downstream_masking,large,3,SRC_STOCK_7_PRICE,,1.0,1,1,1,1.0,0.8,0.0,0
APA-RCA-v2+GNN,A5_downstream_masking,large,8,SRC_STOCK_6_PRICE,,2.0,0,1,1,0.5,0.8,0.0,0
APA-RCA-v2+GNN,A5_downstream_masking,large,13,SRC_STOCK_8_PRICE,,1.0,1,1,1,1.0,0.8,0.0,0
APA-RCA-v2+GNN,A5_downstream_masking,large,18,SRC_STOCK_8_PRICE,,1.0,1,1,1,1.0,0.8,0.0,0
APA-RCA-v2+GNN,A5_downstream_masking,large,23,SRC_STOCK_1_PRICE,,,0,0,0,0.0,1.0,0.0,0
APA-RCA-v2+GNN,A5_downstream_masking,large,28,SRC_STOCK_6_PRICE,,7.0,0,0,0,0.14285714285714285,1.0,0.0,0
APA-RCA-v2+GNN,A6_multi_source,large,3,SRC_STOCK_1_PRICE,,2.0,0,1,1,0.5,0.8,0.0,0
APA-RCA-v2+GNN,A6_multi_source,large,8,SRC_STOCK_3_PRICE,,2.0,0,1,1,0.5,0.8,0.0,0
APA-RCA-v2+GNN,A6_multi_source,large,13,SRC_STOCK_7_PRICE,,1.0,1,1,1,1.0,0.8,0.0,0
APA-RCA-v2+GNN,A6_multi_source,large,18,SRC_STOCK_6_PRICE,,1.0,1,1,1,1.0,0.8,0.0,0
APA-RCA-v2+GNN,A6_multi_source,large,23,SRC_STOCK_4_PRICE,,2.0,0,1,1,0.5,0.8,0.0,0
APA-RCA-v2+GNN,A6_multi_source,large,28,SRC_STOCK_4_PRICE,,1.0,1,1,1,1.0,0.8,0.0,0
APA-RCA-v2+GNN,A7_coincidental,large,3,SRC_STOCK_7_PRICE,,1.0,1,1,1,1.0,0.8,0.0,0
APA-RCA-v2+GNN,A7_coincidental,large,8,SRC_STOCK_6_PRICE,,1.0,1,1,1,1.0,0.8,0.0,0
APA-RCA-v2+GNN,A7_coincidental,large,13,SRC_STOCK_8_PRICE,,1.0,1,1,1,1.0,0.8,0.0,0
APA-RCA-v2+GNN,A7_coincidental,large,18,SRC_STOCK_8_PRICE,,1.0,1,1,1,1.0,0.8,0.0,0
APA-RCA-v2+GNN,A7_coincidental,large,23,SRC_STOCK_1_PRICE,,1.0,1,1,1,1.0,0.8,0.0,0
APA-RCA-v2+GNN,A7_coincidental,large,28,SRC_STOCK_6_PRICE,,1.0,1,1,1,1.0,0.8,0.0,0
VAE+APA-RCA+GNN,A1_source_corruption,small,3,SRC_STOCK_3_PRICE,,1.0,1,1,1,1.0,0.8,0.0,0
VAE+APA-RCA+GNN,A1_source_corruption,small,8,SRC_STOCK_3_PRICE,,1.0,1,1,1,1.0,0.8,0.0,0
VAE+APA-RCA+GNN,A1_source_corruption,small,13,SRC_STOCK_3_PRICE,,1.0,1,1,1,1.0,0.8,0.0,0
VAE+APA-RCA+GNN,A1_source_corruption,small,18,SRC_STOCK_3_PRICE,,1.0,1,1,1,1.0,0.8,0.0,0
VAE+APA-RCA+GNN,A1_source_corruption,small,23,SRC_STOCK_1_PRICE,,1.0,1,1,1,1.0,0.8,0.0,0
VAE+APA-RCA+GNN,A1_source_corruption,small,28,SRC_STOCK_2_PRICE,,1.0,1,1,1,1.0,0.8,0.0,0
VAE+APA-RCA+GNN,A2_etl_logic_error,small,3,ETL_FX_STOCK_3_PRICE,,5.0,0,0,1,0.2,0.8,0.0,0
VAE+APA-RCA+GNN,A2_etl_logic_error,small,8,ETL_FX_STOCK_3_PRICE,,8.0,0,0,0,0.125,1.0,0.0,0
VAE+APA-RCA+GNN,A2_etl_logic_error,small,13,ETL_FX_STOCK_3_PRICE,,6.0,0,0,0,0.16666666666666666,1.0,0.0,0
VAE+APA-RCA+GNN,A2_etl_logic_error,small,18,ETL_FX_STOCK_3_PRICE,,9.0,0,0,0,0.1111111111111111,1.0,0.0,0
VAE+APA-RCA+GNN,A2_etl_logic_error,small,23,ETL_FX_STOCK_1_PRICE,,6.0,0,0,0,0.16666666666666666,1.0,0.0,0
VAE+APA-RCA+GNN,A2_etl_logic_error,small,28,ETL_FX_STOCK_2_PRICE,,6.0,0,0,0,0.16666666666666666,1.0,0.0,0
VAE+APA-RCA+GNN,A3_feature_calc_error,small,3,FEAT_VOL20_STOCK_3_PRICE,,1.0,1,1,1,1.0,0.8,0.0,0
VAE+APA-RCA+GNN,A3_feature_calc_error,small,8,FEAT_VOL20_STOCK_3_PRICE,,1.0,1,1,1,1.0,0.8,0.0,0
VAE+APA-RCA+GNN,A3_feature_calc_error,small,13,FEAT_VOL20_STOCK_3_PRICE,,1.0,1,1,1,1.0,0.8,0.0,0
VAE+APA-RCA+GNN,A3_feature_calc_error,small,18,FEAT_VOL20_STOCK_3_PRICE,,1.0,1,1,1,1.0,0.8,0.0,0
VAE+APA-RCA+GNN,A3_feature_calc_error,small,23,FEAT_VOL20_STOCK_1_PRICE,,1.0,1,1,1,1.0,0.8,0.0,0
VAE+APA-RCA+GNN,A3_feature_calc_error,small,28,FEAT_VOL20_STOCK_2_PRICE,,1.0,1,1,1,1.0,0.8,0.0,0
VAE+APA-RCA+GNN,A4_aggregation_error,small,3,FEAT_SECTOR_B,,,0,0,0,0.0,1.0,0.0,0
VAE+APA-RCA+GNN,A4_aggregation_error,small,8,FEAT_SECTOR_B,,,0,0,0,0.0,1.0,0.0,0
VAE+APA-RCA+GNN,A4_aggregation_error,small,13,FEAT_SECTOR_B,,,0,0,0,0.0,1.0,0.0,0
VAE+APA-RCA+GNN,A4_aggregation_error,small,18,FEAT_SECTOR_B,,,0,0,0,0.0,1.0,0.0,0
VAE+APA-RCA+GNN,A4_aggregation_error,small,23,FEAT_SECTOR_A,,,0,0,0,0.0,1.0,0.0,0
VAE+APA-RCA+GNN,A4_aggregation_error,small,28,FEAT_SECTOR_B,,,0,0,0,0.0,1.0,0.0,0
VAE+APA-RCA+GNN,A5_downstream_masking,small,3,SRC_STOCK_3_PRICE,,1.0,1,1,1,1.0,0.8,0.0,0
VAE+APA-RCA+GNN,A5_downstream_masking,small,8,SRC_STOCK_3_PRICE,,1.0,1,1,1,1.0,0.8,0.0,0
VAE+APA-RCA+GNN,A5_downstream_masking,small,13,SRC_STOCK_3_PRICE,,1.0,1,1,1,1.0,0.8,0.0,0
VAE+APA-RCA+GNN,A5_downstream_masking,small,18,SRC_STOCK_3_PRICE,,1.0,1,1,1,1.0,0.8,0.0,0
VAE+APA-RCA+GNN,A5_downstream_masking,small,23,SRC_STOCK_1_PRICE,,1.0,1,1,1,1.0,0.8,0.0,0
VAE+APA-RCA+GNN,A5_downstream_masking,small,28,SRC_STOCK_2_PRICE,,1.0,1,1,1,1.0,0.8,0.0,0
VAE+APA-RCA+GNN,A6_multi_source,small,3,SRC_STOCK_2_PRICE,,2.0,0,1,1,0.5,0.8,0.0,0
VAE+APA-RCA+GNN,A6_multi_source,small,8,SRC_STOCK_3_PRICE,,2.0,0,1,1,0.5,0.8,0.0,0
VAE+APA-RCA+GNN,A6_multi_source,small,13,SRC_STOCK_1_PRICE,,3.0,0,1,1,0.3333333333333333,0.8,0.0,0
VAE+APA-RCA+GNN,A6_multi_source,small,18,SRC_STOCK_3_PRICE,,3.0,0,1,1,0.3333333333333333,0.8,0.0,0
VAE+APA-RCA+GNN,A6_multi_source,small,23,SRC_STOCK_1_PRICE,,2.0,0,1,1,0.5,0.8,0.0,0
VAE+APA-RCA+GNN,A6_multi_source,small,28,SRC_STOCK_3_PRICE,,1.0,1,1,1,1.0,0.8,0.0,0
VAE+APA-RCA+GNN,A7_coincidental,small,3,SRC_STOCK_3_PRICE,,1.0,1,1,1,1.0,0.8,0.0,0
VAE+APA-RCA+GNN,A7_coincidental,small,8,SRC_STOCK_3_PRICE,,1.0,1,1,1,1.0,0.8,0.0,0
VAE+APA-RCA+GNN,A7_coincidental,small,13,SRC_STOCK_3_PRICE,,1.0,1,1,1,1.0,0.8,0.0,0
VAE+APA-RCA+GNN,A7_coincidental,small,18,SRC_STOCK_3_PRICE,,1.0,1,1,1,1.0,0.8,0.0,0
VAE+APA-RCA+GNN,A7_coincidental,small,23,SRC_STOCK_1_PRICE,,1.0,1,1,1,1.0,0.8,0.0,0
VAE+APA-RCA+GNN,A7_coincidental,small,28,SRC_STOCK_2_PRICE,,1.0,1,1,1,1.0,0.8,0.0,0
VAE+APA-RCA+GNN,A1_source_corruption,medium,3,SRC_STOCK_5_PRICE,,1.0,1,1,1,1.0,0.8,0.0,0
VAE+APA-RCA+GNN,A1_source_corruption,medium,8,SRC_STOCK_4_PRICE,,1.0,1,1,1,1.0,0.8,0.0,0
VAE+APA-RCA+GNN,A1_source_corruption,medium,13,SRC_STOCK_5_PRICE,,1.0,1,1,1,1.0,0.8,0.0,0
VAE+APA-RCA+GNN,A1_source_corruption,medium,18,SRC_STOCK_5_PRICE,,1.0,1,1,1,1.0,0.8,0.0,0
VAE+APA-RCA+GNN,A1_source_corruption,medium,23,SRC_STOCK_1_PRICE,,1.0,1,1,1,1.0,0.8,0.0,0
VAE+APA-RCA+GNN,A1_source_corruption,medium,28,SRC_STOCK_4_PRICE,,1.0,1,1,1,1.0,0.8,0.0,0
VAE+APA-RCA+GNN,A2_etl_logic_error,medium,3,ETL_FX_STOCK_5_PRICE,,,0,0,0,0.0,1.0,0.0,0
VAE+APA-RCA+GNN,A2_etl_logic_error,medium,8,ETL_FX_STOCK_4_PRICE,,,0,0,0,0.0,1.0,0.0,0
VAE+APA-RCA+GNN,A2_etl_logic_error,medium,13,ETL_FX_STOCK_5_PRICE,,,0,0,0,0.0,1.0,0.0,0
VAE+APA-RCA+GNN,A2_etl_logic_error,medium,18,ETL_FX_STOCK_5_PRICE,,,0,0,0,0.0,1.0,0.0,0
VAE+APA-RCA+GNN,A2_etl_logic_error,medium,23,ETL_FX_STOCK_1_PRICE,,,0,0,0,0.0,1.0,0.0,0
VAE+APA-RCA+GNN,A2_etl_logic_error,medium,28,ETL_FX_STOCK_4_PRICE,,,0,0,0,0.0,1.0,0.0,0
VAE+APA-RCA+GNN,A3_feature_calc_error,medium,3,FEAT_VOL20_STOCK_5_PRICE,,1.0,1,1,1,1.0,0.8,0.0,0
VAE+APA-RCA+GNN,A3_feature_calc_error,medium,8,FEAT_VOL20_STOCK_4_PRICE,,1.0,1,1,1,1.0,0.8,0.0,0
VAE+APA-RCA+GNN,A3_feature_calc_error,medium,13,FEAT_VOL20_STOCK_5_PRICE,,1.0,1,1,1,1.0,0.8,0.0,0
VAE+APA-RCA+GNN,A3_feature_calc_error,medium,18,FEAT_VOL20_STOCK_5_PRICE,,1.0,1,1,1,1.0,0.8,0.0,0
VAE+APA-RCA+GNN,A3_feature_calc_error,medium,23,FEAT_VOL20_STOCK_1_PRICE,,1.0,1,1,1,1.0,0.8,0.0,0
VAE+APA-RCA+GNN,A3_feature_calc_error,medium,28,FEAT_VOL20_STOCK_4_PRICE,,1.0,1,1,1,1.0,0.8,0.0,0
VAE+APA-RCA+GNN,A4_aggregation_error,medium,3,FEAT_SECTOR_B,,,0,0,0,0.0,1.0,0.0,0
VAE+APA-RCA+GNN,A4_aggregation_error,medium,8,FEAT_SECTOR_B,,,0,0,0,0.0,1.0,0.0,0
VAE+APA-RCA+GNN,A4_aggregation_error,medium,13,FEAT_SECTOR_B,,,0,0,0,0.0,1.0,0.0,0
VAE+APA-RCA+GNN,A4_aggregation_error,medium,18,FEAT_SECTOR_B,,,0,0,0,0.0,1.0,0.0,0
VAE+APA-RCA+GNN,A4_aggregation_error,medium,23,FEAT_SECTOR_A,,,0,0,0,0.0,1.0,0.0,0
VAE+APA-RCA+GNN,A4_aggregation_error,medium,28,FEAT_SECTOR_B,,,0,0,0,0.0,1.0,0.0,0
VAE+APA-RCA+GNN,A5_downstream_masking,medium,3,SRC_STOCK_5_PRICE,,1.0,1,1,1,1.0,0.8,0.0,0
VAE+APA-RCA+GNN,A5_downstream_masking,medium,8,SRC_STOCK_4_PRICE,,1.0,1,1,1,1.0,0.8,0.0,0
VAE+APA-RCA+GNN,A5_downstream_masking,medium,13,SRC_STOCK_5_PRICE,,1.0,1,1,1,1.0,0.8,0.0,0
VAE+APA-RCA+GNN,A5_downstream_masking,medium,18,SRC_STOCK_5_PRICE,,1.0,1,1,1,1.0,0.8,0.0,0
VAE+APA-RCA+GNN,A5_downstream_masking,medium,23,SRC_STOCK_1_PRICE,,1.0,1,1,1,1.0,0.8,0.0,0
VAE+APA-RCA+GNN,A5_downstream_masking,medium,28,SRC_STOCK_4_PRICE,,1.0,1,1,1,1.0,0.8,0.0,0
VAE+APA-RCA+GNN,A6_multi_source,medium,3,SRC_STOCK_1_PRICE,,2.0,0,1,1,0.5,0.8,0.0,0
VAE+APA-RCA+GNN,A6_multi_source,medium,8,SRC_STOCK_2_PRICE,,3.0,0,1,1,0.3333333333333333,0.8,0.0,0
VAE+APA-RCA+GNN,A6_multi_source,medium,13,SRC_STOCK_4_PRICE,,2.0,0,1,1,0.5,0.8,0.0,0
VAE+APA-RCA+GNN,A6_multi_source,medium,18,SRC_STOCK_3_PRICE,,2.0,0,1,1,0.5,0.8,0.0,0
VAE+APA-RCA+GNN,A6_multi_source,medium,23,SRC_STOCK_5_PRICE,,1.0,1,1,1,1.0,0.8,0.0,0
VAE+APA-RCA+GNN,A6_multi_source,medium,28,SRC_STOCK_2_PRICE,,3.0,0,1,1,0.3333333333333333,0.8,0.0,0
VAE+APA-RCA+GNN,A7_coincidental,medium,3,SRC_STOCK_5_PRICE,,1.0,1,1,1,1.0,0.8,0.0,0
VAE+APA-RCA+GNN,A7_coincidental,medium,8,SRC_STOCK_4_PRICE,,1.0,1,1,1,1.0,0.8,0.0,0
VAE+APA-RCA+GNN,A7_coincidental,medium,13,SRC_STOCK_5_PRICE,,1.0,1,1,1,1.0,0.8,0.0,0
VAE+APA-RCA+GNN,A7_coincidental,medium,18,SRC_STOCK_5_PRICE,,1.0,1,1,1,1.0,0.8,0.0,0
VAE+APA-RCA+GNN,A7_coincidental,medium,23,SRC_STOCK_1_PRICE,,1.0,1,1,1,1.0,0.8,0.0,0
VAE+APA-RCA+GNN,A7_coincidental,medium,28,SRC_STOCK_4_PRICE,,1.0,1,1,1,1.0,0.8,0.0,0
VAE+APA-RCA+GNN,A1_source_corruption,large,3,SRC_STOCK_7_PRICE,,1.0,1,1,1,1.0,0.8,0.0,0
VAE+APA-RCA+GNN,A1_source_corruption,large,8,SRC_STOCK_6_PRICE,,1.0,1,1,1,1.0,0.8,0.0,0
VAE+APA-RCA+GNN,A1_source_corruption,large,13,SRC_STOCK_8_PRICE,,2.0,0,1,1,0.5,0.8,0.0,0
VAE+APA-RCA+GNN,A1_source_corruption,large,18,SRC_STOCK_8_PRICE,,1.0,1,1,1,1.0,0.8,0.0,0
VAE+APA-RCA+GNN,A1_source_corruption,large,23,SRC_STOCK_1_PRICE,,1.0,1,1,1,1.0,0.8,0.0,0
VAE+APA-RCA+GNN,A1_source_corruption,large,28,SRC_STOCK_6_PRICE,,1.0,1,1,1,1.0,0.8,0.0,0
VAE+APA-RCA+GNN,A2_etl_logic_error,large,3,ETL_FX_STOCK_7_PRICE,,,0,0,0,0.0,1.0,0.0,0
VAE+APA-RCA+GNN,A2_etl_logic_error,large,8,ETL_FX_STOCK_6_PRICE,,,0,0,0,0.0,1.0,0.0,0
VAE+APA-RCA+GNN,A2_etl_logic_error,large,13,ETL_FX_STOCK_8_PRICE,,,0,0,0,0.0,1.0,0.0,0
VAE+APA-RCA+GNN,A2_etl_logic_error,large,18,ETL_FX_STOCK_8_PRICE,,,0,0,0,0.0,1.0,0.0,0
VAE+APA-RCA+GNN,A2_etl_logic_error,large,23,ETL_FX_STOCK_1_PRICE,,,0,0,0,0.0,1.0,0.0,0
VAE+APA-RCA+GNN,A2_etl_logic_error,large,28,ETL_FX_STOCK_6_PRICE,,,0,0,0,0.0,1.0,0.0,0
VAE+APA-RCA+GNN,A3_feature_calc_error,large,3,FEAT_VOL20_STOCK_7_PRICE,,1.0,1,1,1,1.0,0.8,0.0,0
VAE+APA-RCA+GNN,A3_feature_calc_error,large,8,FEAT_VOL20_STOCK_6_PRICE,,1.0,1,1,1,1.0,0.8,0.0,0
VAE+APA-RCA+GNN,A3_feature_calc_error,large,13,FEAT_VOL20_STOCK_8_PRICE,,2.0,0,1,1,0.5,0.8,0.0,0
VAE+APA-RCA+GNN,A3_feature_calc_error,large,18,FEAT_VOL20_STOCK_8_PRICE,,1.0,1,1,1,1.0,0.8,0.0,0
VAE+APA-RCA+GNN,A3_feature_calc_error,large,23,FEAT_VOL20_STOCK_1_PRICE,,1.0,1,1,1,1.0,0.8,0.0,0
VAE+APA-RCA+GNN,A3_feature_calc_error,large,28,FEAT_VOL20_STOCK_6_PRICE,,1.0,1,1,1,1.0,0.8,0.0,0
VAE+APA-RCA+GNN,A4_aggregation_error,large,3,FEAT_SECTOR_B,,,0,0,0,0.0,1.0,0.0,0
VAE+APA-RCA+GNN,A4_aggregation_error,large,8,FEAT_SECTOR_B,,,0,0,0,0.0,1.0,0.0,0
VAE+APA-RCA+GNN,A4_aggregation_error,large,13,FEAT_SECTOR_B,,,0,0,0,0.0,1.0,0.0,0
VAE+APA-RCA+GNN,A4_aggregation_error,large,18,FEAT_SECTOR_B,,,0,0,0,0.0,1.0,0.0,0
VAE+APA-RCA+GNN,A4_aggregation_error,large,23,FEAT_SECTOR_A,,,0,0,0,0.0,1.0,0.0,0
VAE+APA-RCA+GNN,A4_aggregation_error,large,28,FEAT_SECTOR_B,,,0,0,0,0.0,1.0,0.0,0
VAE+APA-RCA+GNN,A5_downstream_masking,large,3,SRC_STOCK_7_PRICE,,3.0,0,1,1,0.3333333333333333,0.8,0.0,0
VAE+APA-RCA+GNN,A5_downstream_masking,large,8,SRC_STOCK_6_PRICE,,1.0,1,1,1,1.0,0.8,0.0,0
VAE+APA-RCA+GNN,A5_downstream_masking,large,13,SRC_STOCK_8_PRICE,,,0,0,0,0.0,1.0,0.0,0
VAE+APA-RCA+GNN,A5_downstream_masking,large,18,SRC_STOCK_8_PRICE,,1.0,1,1,1,1.0,0.8,0.0,0
VAE+APA-RCA+GNN,A5_downstream_masking,large,23,SRC_STOCK_1_PRICE,,1.0,1,1,1,1.0,0.8,0.0,0
VAE+APA-RCA+GNN,A5_downstream_masking,large,28,SRC_STOCK_6_PRICE,,2.0,0,1,1,0.5,0.8,0.0,0
VAE+APA-RCA+GNN,A6_multi_source,large,3,SRC_STOCK_1_PRICE,,3.0,0,1,1,0.3333333333333333,0.8,0.0,0
VAE+APA-RCA+GNN,A6_multi_source,large,8,SRC_STOCK_3_PRICE,,2.0,0,1,1,0.5,0.8,0.0,0
VAE+APA-RCA+GNN,A6_multi_source,large,13,SRC_STOCK_7_PRICE,,2.0,0,1,1,0.5,0.8,0.0,0
VAE+APA-RCA+GNN,A6_multi_source,large,18,SRC_STOCK_6_PRICE,,2.0,0,1,1,0.5,0.8,0.0,0
VAE+APA-RCA+GNN,A6_multi_source,large,23,SRC_STOCK_4_PRICE,,2.0,0,1,1,0.5,0.8,0.0,0
VAE+APA-RCA+GNN,A6_multi_source,large,28,SRC_STOCK_4_PRICE,,3.0,0,1,1,0.3333333333333333,0.8,0.0,0
VAE+APA-RCA+GNN,A7_coincidental,large,3,SRC_STOCK_7_PRICE,,1.0,1,1,1,1.0,0.8,0.0,0
VAE+APA-RCA+GNN,A7_coincidental,large,8,SRC_STOCK_6_PRICE,,1.0,1,1,1,1.0,0.8,0.0,0
VAE+APA-RCA+GNN,A7_coincidental,large,13,SRC_STOCK_8_PRICE,,3.0,0,1,1,0.3333333333333333,0.8,0.0,0
VAE+APA-RCA+GNN,A7_coincidental,large,18,SRC_STOCK_8_PRICE,,1.0,1,1,1,1.0,0.8,0.0,0
VAE+APA-RCA+GNN,A7_coincidental,large,23,SRC_STOCK_1_PRICE,,1.0,1,1,1,1.0,0.8,0.0,0
VAE+APA-RCA+GNN,A7_coincidental,large,28,SRC_STOCK_6_PRICE,,1.0,1,1,1,1.0,0.8,0.0,0
APA-RCA-v2+GNN,A1_source_corruption,small,4,SRC_STOCK_3_PRICE,,1.0,1,1,1,1.0,0.8,0.0,0
APA-RCA-v2+GNN,A1_source_corruption,small,9,SRC_STOCK_2_PRICE,,1.0,1,1,1,1.0,0.8,0.0,0
APA-RCA-v2+GNN,A1_source_corruption,small,14,SRC_STOCK_1_PRICE,,1.0,1,1,1,1.0,0.8,0.0,0
APA-RCA-v2+GNN,A1_source_corruption,small,19,SRC_STOCK_2_PRICE,,1.0,1,1,1,1.0,0.8,0.0,0
APA-RCA-v2+GNN,A1_source_corruption,small,24,SRC_STOCK_2_PRICE,,1.0,1,1,1,1.0,0.8,0.0,0
APA-RCA-v2+GNN,A1_source_corruption,small,29,SRC_STOCK_3_PRICE,,1.0,1,1,1,1.0,0.8,0.0,0
APA-RCA-v2+GNN,A2_etl_logic_error,small,4,ETL_FX_STOCK_3_PRICE,,4.0,0,0,1,0.25,0.8,0.0,0
APA-RCA-v2+GNN,A2_etl_logic_error,small,9,ETL_FX_STOCK_2_PRICE,,2.0,0,1,1,0.5,0.8,0.0,0
APA-RCA-v2+GNN,A2_etl_logic_error,small,14,ETL_FX_STOCK_1_PRICE,,3.0,0,1,1,0.3333333333333333,0.8,0.0,0
APA-RCA-v2+GNN,A2_etl_logic_error,small,19,ETL_FX_STOCK_2_PRICE,,6.0,0,0,0,0.16666666666666666,1.0,0.0,0
APA-RCA-v2+GNN,A2_etl_logic_error,small,24,ETL_FX_STOCK_2_PRICE,,4.0,0,0,1,0.25,0.8,0.0,0
APA-RCA-v2+GNN,A2_etl_logic_error,small,29,ETL_FX_STOCK_3_PRICE,,6.0,0,0,0,0.16666666666666666,1.0,0.0,0
APA-RCA-v2+GNN,A3_feature_calc_error,small,4,FEAT_VOL20_STOCK_3_PRICE,,3.0,0,1,1,0.3333333333333333,0.8,0.0,0
APA-RCA-v2+GNN,A3_feature_calc_error,small,9,FEAT_VOL20_STOCK_2_PRICE,,,0,0,0,0.0,1.0,0.0,0
APA-RCA-v2+GNN,A3_feature_calc_error,small,14,FEAT_VOL20_STOCK_1_PRICE,,2.0,0,1,1,0.5,0.8,0.0,0
APA-RCA-v2+GNN,A3_feature_calc_error,small,19,FEAT_VOL20_STOCK_2_PRICE,,3.0,0,1,1,0.3333333333333333,0.8,0.0,0
APA-RCA-v2+GNN,A3_feature_calc_error,small,24,FEAT_VOL20_STOCK_2_PRICE,,,0,0,0,0.0,1.0,0.0,0
APA-RCA-v2+GNN,A3_feature_calc_error,small,29,FEAT_VOL20_STOCK_3_PRICE,,2.0,0,1,1,0.5,0.8,0.0,0
APA-RCA-v2+GNN,A4_aggregation_error,small,4,FEAT_SECTOR_B,,,0,0,0,0.0,1.0,0.0,0
APA-RCA-v2+GNN,A4_aggregation_error,small,9,FEAT_SECTOR_A,,,0,0,0,0.0,1.0,0.0,0
APA-RCA-v2+GNN,A4_aggregation_error,small,14,FEAT_SECTOR_A,,,0,0,0,0.0,1.0,0.0,0
APA-RCA-v2+GNN,A4_aggregation_error,small,19,FEAT_SECTOR_B,,,0,0,0,0.0,1.0,0.0,0
APA-RCA-v2+GNN,A4_aggregation_error,small,24,FEAT_SECTOR_A,,,0,0,0,0.0,1.0,0.0,0
APA-RCA-v2+GNN,A4_aggregation_error,small,29,FEAT_SECTOR_B,,,0,0,0,0.0,1.0,0.0,0
APA-RCA-v2+GNN,A5_downstream_masking,small,4,SRC_STOCK_3_PRICE,,4.0,0,0,1,0.25,0.8,0.0,0
APA-RCA-v2+GNN,A5_downstream_masking,small,9,SRC_STOCK_2_PRICE,,2.0,0,1,1,0.5,0.8,0.0,0
APA-RCA-v2+GNN,A5_downstream_masking,small,14,SRC_STOCK_1_PRICE,,4.0,0,0,1,0.25,0.8,0.0,0
APA-RCA-v2+GNN,A5_downstream_masking,small,19,SRC_STOCK_2_PRICE,,1.0,1,1,1,1.0,0.8,0.0,0
APA-RCA-v2+GNN,A5_downstream_masking,small,24,SRC_STOCK_2_PRICE,,2.0,0,1,1,0.5,0.8,0.0,0
APA-RCA-v2+GNN,A5_downstream_masking,small,29,SRC_STOCK_3_PRICE,,1.0,1,1,1,1.0,0.8,0.0,0
APA-RCA-v2+GNN,A6_multi_source,small,4,SRC_STOCK_1_PRICE,,1.0,1,1,1,1.0,0.8,0.0,0
APA-RCA-v2+GNN,A6_multi_source,small,9,SRC_STOCK_2_PRICE,,1.0,1,1,1,1.0,0.8,0.0,0
APA-RCA-v2+GNN,A6_multi_source,small,14,SRC_STOCK_3_PRICE,,1.0,1,1,1,1.0,0.8,0.0,0
APA-RCA-v2+GNN,A6_multi_source,small,19,SRC_STOCK_1_PRICE,,2.0,0,1,1,0.5,0.8,0.0,0
APA-RCA-v2+GNN,A6_multi_source,small,24,SRC_STOCK_2_PRICE,,2.0,0,1,1,0.5,0.8,0.0,0
APA-RCA-v2+GNN,A6_multi_source,small,29,SRC_STOCK_1_PRICE,,1.0,1,1,1,1.0,0.8,0.0,0
APA-RCA-v2+GNN,A7_coincidental,small,4,SRC_STOCK_3_PRICE,,1.0,1,1,1,1.0,0.8,0.0,0
APA-RCA-v2+GNN,A7_coincidental,small,9,SRC_STOCK_2_PRICE,,1.0,1,1,1,1.0,0.8,0.0,0
APA-RCA-v2+GNN,A7_coincidental,small,14,SRC_STOCK_1_PRICE,,1.0,1,1,1,1.0,0.8,0.0,0
APA-RCA-v2+GNN,A7_coincidental,small,19,SRC_STOCK_2_PRICE,,1.0,1,1,1,1.0,0.8,0.0,0
APA-RCA-v2+GNN,A7_coincidental,small,24,SRC_STOCK_2_PRICE,,1.0,1,1,1,1.0,0.8,0.0,0
APA-RCA-v2+GNN,A7_coincidental,small,29,SRC_STOCK_3_PRICE,,1.0,1,1,1,1.0,0.8,0.0,0
APA-RCA-v2+GNN,A1_source_corruption,medium,4,SRC_STOCK_4_PRICE,,1.0,1,1,1,1.0,0.8,0.0,0
APA-RCA-v2+GNN,A1_source_corruption,medium,9,SRC_STOCK_3_PRICE,,1.0,1,1,1,1.0,0.8,0.0,0
APA-RCA-v2+GNN,A1_source_corruption,medium,14,SRC_STOCK_1_PRICE,,1.0,1,1,1,1.0,0.8,0.0,0
APA-RCA-v2+GNN,A1_source_corruption,medium,19,SRC_STOCK_3_PRICE,,1.0,1,1,1,1.0,0.8,0.0,0
APA-RCA-v2+GNN,A1_source_corruption,medium,24,SRC_STOCK_2_PRICE,,1.0,1,1,1,1.0,0.8,0.0,0
APA-RCA-v2+GNN,A1_source_corruption,medium,29,SRC_STOCK_5_PRICE,,1.0,1,1,1,1.0,0.8,0.0,0
APA-RCA-v2+GNN,A2_etl_logic_error,medium,4,ETL_FX_STOCK_4_PRICE,,7.0,0,0,0,0.14285714285714285,1.0,0.0,0
APA-RCA-v2+GNN,A2_etl_logic_error,medium,9,ETL_FX_STOCK_3_PRICE,,4.0,0,0,1,0.25,0.8,0.0,0
APA-RCA-v2+GNN,A2_etl_logic_error,medium,14,ETL_FX_STOCK_1_PRICE,,4.0,0,0,1,0.25,0.8,0.0,0
APA-RCA-v2+GNN,A2_etl_logic_error,medium,19,ETL_FX_STOCK_3_PRICE,,5.0,0,0,1,0.2,0.8,0.0,0
APA-RCA-v2+GNN,A2_etl_logic_error,medium,24,ETL_FX_STOCK_2_PRICE,,5.0,0,0,1,0.2,0.8,0.0,0
APA-RCA-v2+GNN,A2_etl_logic_error,medium,29,ETL_FX_STOCK_5_PRICE,,6.0,0,0,0,0.16666666666666666,1.0,0.0,0
APA-RCA-v2+GNN,A3_feature_calc_error,medium,4,FEAT_VOL20_STOCK_4_PRICE,,2.0,0,1,1,0.5,0.8,0.0,0
APA-RCA-v2+GNN,A3_feature_calc_error,medium,9,FEAT_VOL20_STOCK_3_PRICE,,4.0,0,0,1,0.25,0.8,0.0,0
APA-RCA-v2+GNN,A3_feature_calc_error,medium,14,FEAT_VOL20_STOCK_1_PRICE,,2.0,0,1,1,0.5,0.8,0.0,0
APA-RCA-v2+GNN,A3_feature_calc_error,medium,19,FEAT_VOL20_STOCK_3_PRICE,,4.0,0,0,1,0.25,0.8,0.0,0
APA-RCA-v2+GNN,A3_feature_calc_error,medium,24,FEAT_VOL20_STOCK_2_PRICE,,3.0,0,1,1,0.3333333333333333,0.8,0.0,0
APA-RCA-v2+GNN,A3_feature_calc_error,medium,29,FEAT_VOL20_STOCK_5_PRICE,,,0,0,0,0.0,1.0,0.0,0
APA-RCA-v2+GNN,A4_aggregation_error,medium,4,FEAT_SECTOR_B,,,0,0,0,0.0,1.0,0.0,0
APA-RCA-v2+GNN,A4_aggregation_error,medium,9,FEAT_SECTOR_A,,,0,0,0,0.0,1.0,0.0,0
APA-RCA-v2+GNN,A4_aggregation_error,medium,14,FEAT_SECTOR_A,,,0,0,0,0.0,1.0,0.0,0
APA-RCA-v2+GNN,A4_aggregation_error,medium,19,FEAT_SECTOR_B,,,0,0,0,0.0,1.0,0.0,0
APA-RCA-v2+GNN,A4_aggregation_error,medium,24,FEAT_SECTOR_A,,,0,0,0,0.0,1.0,0.0,0
APA-RCA-v2+GNN,A4_aggregation_error,medium,29,FEAT_SECTOR_B,,,0,0,0,0.0,1.0,0.0,0
APA-RCA-v2+GNN,A5_downstream_masking,medium,4,SRC_STOCK_4_PRICE,,3.0,0,1,1,0.3333333333333333,0.8,0.0,0
APA-RCA-v2+GNN,A5_downstream_masking,medium,9,SRC_STOCK_3_PRICE,,3.0,0,1,1,0.3333333333333333,0.8,0.0,0
APA-RCA-v2+GNN,A5_downstream_masking,medium,14,SRC_STOCK_1_PRICE,,,0,0,0,0.0,1.0,0.0,0
APA-RCA-v2+GNN,A5_downstream_masking,medium,19,SRC_STOCK_3_PRICE,,2.0,0,1,1,0.5,0.8,0.0,0
APA-RCA-v2+GNN,A5_downstream_masking,medium,24,SRC_STOCK_2_PRICE,,4.0,0,0,1,0.25,0.8,0.0,0
APA-RCA-v2+GNN,A5_downstream_masking,medium,29,SRC_STOCK_5_PRICE,,1.0,1,1,1,1.0,0.8,0.0,0
APA-RCA-v2+GNN,A6_multi_source,medium,4,SRC_STOCK_3_PRICE,,2.0,0,1,1,0.5,0.8,0.0,0
APA-RCA-v2+GNN,A6_multi_source,medium,9,SRC_STOCK_4_PRICE,,1.0,1,1,1,1.0,0.8,0.0,0
APA-RCA-v2+GNN,A6_multi_source,medium,14,SRC_STOCK_5_PRICE,,2.0,0,1,1,0.5,0.8,0.0,0
APA-RCA-v2+GNN,A6_multi_source,medium,19,SRC_STOCK_4_PRICE,,1.0,1,1,1,1.0,0.8,0.0,0
APA-RCA-v2+GNN,A6_multi_source,medium,24,SRC_STOCK_2_PRICE,,1.0,1,1,1,1.0,0.8,0.0,0
APA-RCA-v2+GNN,A6_multi_source,medium,29,SRC_STOCK_5_PRICE,,1.0,1,1,1,1.0,0.8,0.0,0
APA-RCA-v2+GNN,A7_coincidental,medium,4,SRC_STOCK_4_PRICE,,1.0,1,1,1,1.0,0.8,0.0,0
APA-RCA-v2+GNN,A7_coincidental,medium,9,SRC_STOCK_3_PRICE,,1.0,1,1,1,1.0,0.8,0.0,0
APA-RCA-v2+GNN,A7_coincidental,medium,14,SRC_STOCK_1_PRICE,,1.0,1,1,1,1.0,0.8,0.0,0
APA-RCA-v2+GNN,A7_coincidental,medium,19,SRC_STOCK_3_PRICE,,1.0,1,1,1,1.0,0.8,0.0,0
APA-RCA-v2+GNN,A7_coincidental,medium,24,SRC_STOCK_2_PRICE,,1.0,1,1,1,1.0,0.8,0.0,0
APA-RCA-v2+GNN,A7_coincidental,medium,29,SRC_STOCK_5_PRICE,,1.0,1,1,1,1.0,0.8,0.0,0
APA-RCA-v2+GNN,A1_source_corruption,large,4,SRC_STOCK_6_PRICE,,1.0,1,1,1,1.0,0.8,0.0,0
APA-RCA-v2+GNN,A1_source_corruption,large,9,SRC_STOCK_4_PRICE,,1.0,1,1,1,1.0,0.8,0.0,0
APA-RCA-v2+GNN,A1_source_corruption,large,14,SRC_STOCK_2_PRICE,,1.0,1,1,1,1.0,0.8,0.0,0
APA-RCA-v2+GNN,A1_source_corruption,large,19,SRC_STOCK_5_PRICE,,1.0,1,1,1,1.0,0.8,0.0,0
APA-RCA-v2+GNN,A1_source_corruption,large,24,SRC_STOCK_4_PRICE,,1.0,1,1,1,1.0,0.8,0.0,0
APA-RCA-v2+GNN,A1_source_corruption,large,29,SRC_STOCK_8_PRICE,,1.0,1,1,1,1.0,0.8,0.0,0
APA-RCA-v2+GNN,A2_etl_logic_error,large,4,ETL_FX_STOCK_6_PRICE,,3.0,0,1,1,0.3333333333333333,0.8,0.0,0
APA-RCA-v2+GNN,A2_etl_logic_error,large,9,ETL_FX_STOCK_4_PRICE,,7.0,0,0,0,0.14285714285714285,1.0,0.0,0
APA-RCA-v2+GNN,A2_etl_logic_error,large,14,ETL_FX_STOCK_2_PRICE,,4.0,0,0,1,0.25,0.8,0.0,0
APA-RCA-v2+GNN,A2_etl_logic_error,large,19,ETL_FX_STOCK_5_PRICE,,5.0,0,0,1,0.2,0.8,0.0,0
APA-RCA-v2+GNN,A2_etl_logic_error,large,24,ETL_FX_STOCK_4_PRICE,,7.0,0,0,0,0.14285714285714285,1.0,0.0,0
APA-RCA-v2+GNN,A2_etl_logic_error,large,29,ETL_FX_STOCK_8_PRICE,,3.0,0,1,1,0.3333333333333333,0.8,0.0,0
APA-RCA-v2+GNN,A3_feature_calc_error,large,4,FEAT_VOL20_STOCK_6_PRICE,,2.0,0,1,1,0.5,0.8,0.0,0
APA-RCA-v2+GNN,A3_feature_calc_error,large,9,FEAT_VOL20_STOCK_4_PRICE,,2.0,0,1,1,0.5,0.8,0.0,0
APA-RCA-v2+GNN,A3_feature_calc_error,large,14,FEAT_VOL20_STOCK_2_PRICE,,3.0,0,1,1,0.3333333333333333,0.8,0.0,0
APA-RCA-v2+GNN,A3_feature_calc_error,large,19,FEAT_VOL20_STOCK_5_PRICE,,2.0,0,1,1,0.5,0.8,0.0,0
APA-RCA-v2+GNN,A3_feature_calc_error,large,24,FEAT_VOL20_STOCK_4_PRICE,,1.0,1,1,1,1.0,0.8,0.0,0
APA-RCA-v2+GNN,A3_feature_calc_error,large,29,FEAT_VOL20_STOCK_8_PRICE,,2.0,0,1,1,0.5,0.8,0.0,0
APA-RCA-v2+GNN,A4_aggregation_error,large,4,FEAT_SECTOR_B,,,0,0,0,0.0,1.0,0.0,0
APA-RCA-v2+GNN,A4_aggregation_error,large,9,FEAT_SECTOR_A,,,0,0,0,0.0,1.0,0.0,0
APA-RCA-v2+GNN,A4_aggregation_error,large,14,FEAT_SECTOR_A,,,0,0,0,0.0,1.0,0.0,0
APA-RCA-v2+GNN,A4_aggregation_error,large,19,FEAT_SECTOR_B,,,0,0,0,0.0,1.0,0.0,0
APA-RCA-v2+GNN,A4_aggregation_error,large,24,FEAT_SECTOR_A,,,0,0,0,0.0,1.0,0.0,0
APA-RCA-v2+GNN,A4_aggregation_error,large,29,FEAT_SECTOR_B,,,0,0,0,0.0,1.0,0.0,0
APA-RCA-v2+GNN,A5_downstream_masking,large,4,SRC_STOCK_6_PRICE,,3.0,0,1,1,0.3333333333333333,0.8,0.0,0
APA-RCA-v2+GNN,A5_downstream_masking,large,9,SRC_STOCK_4_PRICE,,1.0,1,1,1,1.0,0.8,0.0,0
APA-RCA-v2+GNN,A5_downstream_masking,large,14,SRC_STOCK_2_PRICE,,,0,0,0,0.0,1.0,0.0,0
APA-RCA-v2+GNN,A5_downstream_masking,large,19,SRC_STOCK_5_PRICE,,1.0,1,1,1,1.0,0.8,0.0,0
APA-RCA-v2+GNN,A5_downstream_masking,large,24,SRC_STOCK_4_PRICE,,1.0,1,1,1,1.0,0.8,0.0,0
APA-RCA-v2+GNN,A5_downstream_masking,large,29,SRC_STOCK_8_PRICE,,2.0,0,1,1,0.5,0.8,0.0,0
APA-RCA-v2+GNN,A6_multi_source,large,4,SRC_STOCK_5_PRICE,,1.0,1,1,1,1.0,0.8,0.0,0
APA-RCA-v2+GNN,A6_multi_source,large,9,SRC_STOCK_7_PRICE,,2.0,0,1,1,0.5,0.8,0.0,0
APA-RCA-v2+GNN,A6_multi_source,large,14,SRC_STOCK_8_PRICE,,1.0,1,1,1,1.0,0.8,0.0,0
APA-RCA-v2+GNN,A6_multi_source,large,19,SRC_STOCK_3_PRICE,,2.0,0,1,1,0.5,0.8,0.0,0
APA-RCA-v2+GNN,A6_multi_source,large,24,SRC_STOCK_3_PRICE,,1.0,1,1,1,1.0,0.8,0.0,0
APA-RCA-v2+GNN,A6_multi_source,large,29,SRC_STOCK_5_PRICE,,2.0,0,1,1,0.5,0.8,0.0,0
APA-RCA-v2+GNN,A7_coincidental,large,4,SRC_STOCK_6_PRICE,,1.0,1,1,1,1.0,0.8,0.0,0
APA-RCA-v2+GNN,A7_coincidental,large,9,SRC_STOCK_4_PRICE,,1.0,1,1,1,1.0,0.8,0.0,0
APA-RCA-v2+GNN,A7_coincidental,large,14,SRC_STOCK_2_PRICE,,1.0,1,1,1,1.0,0.8,0.0,0
APA-RCA-v2+GNN,A7_coincidental,large,19,SRC_STOCK_5_PRICE,,1.0,1,1,1,1.0,0.8,0.0,0
APA-RCA-v2+GNN,A7_coincidental,large,24,SRC_STOCK_4_PRICE,,1.0,1,1,1,1.0,0.8,0.0,0
APA-RCA-v2+GNN,A7_coincidental,large,29,SRC_STOCK_8_PRICE,,1.0,1,1,1,1.0,0.8,0.0,0
VAE+APA-RCA+GNN,A1_source_corruption,small,4,SRC_STOCK_3_PRICE,,1.0,1,1,1,1.0,0.8,0.0,0
VAE+APA-RCA+GNN,A1_source_corruption,small,9,SRC_STOCK_2_PRICE,,1.0,1,1,1,1.0,0.8,0.0,0
VAE+APA-RCA+GNN,A1_source_corruption,small,14,SRC_STOCK_1_PRICE,,1.0,1,1,1,1.0,0.8,0.0,0
VAE+APA-RCA+GNN,A1_source_corruption,small,19,SRC_STOCK_2_PRICE,,1.0,1,1,1,1.0,0.8,0.0,0
VAE+APA-RCA+GNN,A1_source_corruption,small,24,SRC_STOCK_2_PRICE,,1.0,1,1,1,1.0,0.8,0.0,0
VAE+APA-RCA+GNN,A1_source_corruption,small,29,SRC_STOCK_3_PRICE,,1.0,1,1,1,1.0,0.8,0.0,0
VAE+APA-RCA+GNN,A2_etl_logic_error,small,4,ETL_FX_STOCK_3_PRICE,,9.0,0,0,0,0.1111111111111111,1.0,0.0,0
VAE+APA-RCA+GNN,A2_etl_logic_error,small,9,ETL_FX_STOCK_2_PRICE,,5.0,0,0,1,0.2,0.8,0.0,0
VAE+APA-RCA+GNN,A2_etl_logic_error,small,14,ETL_FX_STOCK_1_PRICE,,9.0,0,0,0,0.1111111111111111,1.0,0.0,0
VAE+APA-RCA+GNN,A2_etl_logic_error,small,19,ETL_FX_STOCK_2_PRICE,,10.0,0,0,0,0.1,1.0,0.0,0
VAE+APA-RCA+GNN,A2_etl_logic_error,small,24,ETL_FX_STOCK_2_PRICE,,7.0,0,0,0,0.14285714285714285,1.0,0.0,0
VAE+APA-RCA+GNN,A2_etl_logic_error,small,29,ETL_FX_STOCK_3_PRICE,,9.0,0,0,0,0.1111111111111111,1.0,0.0,0
VAE+APA-RCA+GNN,A3_feature_calc_error,small,4,FEAT_VOL20_STOCK_3_PRICE,,1.0,1,1,1,1.0,0.8,0.0,0
VAE+APA-RCA+GNN,A3_feature_calc_error,small,9,FEAT_VOL20_STOCK_2_PRICE,,1.0,1,1,1,1.0,0.8,0.0,0
VAE+APA-RCA+GNN,A3_feature_calc_error,small,14,FEAT_VOL20_STOCK_1_PRICE,,1.0,1,1,1,1.0,0.8,0.0,0
VAE+APA-RCA+GNN,A3_feature_calc_error,small,19,FEAT_VOL20_STOCK_2_PRICE,,1.0,1,1,1,1.0,0.8,0.0,0
VAE+APA-RCA+GNN,A3_feature_calc_error,small,24,FEAT_VOL20_STOCK_2_PRICE,,1.0,1,1,1,1.0,0.8,0.0,0
VAE+APA-RCA+GNN,A3_feature_calc_error,small,29,FEAT_VOL20_STOCK_3_PRICE,,1.0,1,1,1,1.0,0.8,0.0,0
VAE+APA-RCA+GNN,A4_aggregation_error,small,4,FEAT_SECTOR_B,,,0,0,0,0.0,1.0,0.0,0
VAE+APA-RCA+GNN,A4_aggregation_error,small,9,FEAT_SECTOR_A,,,0,0,0,0.0,1.0,0.0,0
VAE+APA-RCA+GNN,A4_aggregation_error,small,14,FEAT_SECTOR_A,,,0,0,0,0.0,1.0,0.0,0
VAE+APA-RCA+GNN,A4_aggregation_error,small,19,FEAT_SECTOR_B,,,0,0,0,0.0,1.0,0.0,0
VAE+APA-RCA+GNN,A4_aggregation_error,small,24,FEAT_SECTOR_A,,,0,0,0,0.0,1.0,0.0,0
VAE+APA-RCA+GNN,A4_aggregation_error,small,29,FEAT_SECTOR_B,,,0,0,0,0.0,1.0,0.0,0
VAE+APA-RCA+GNN,A5_downstream_masking,small,4,SRC_STOCK_3_PRICE,,1.0,1,1,1,1.0,0.8,0.0,0
VAE+APA-RCA+GNN,A5_downstream_masking,small,9,SRC_STOCK_2_PRICE,,1.0,1,1,1,1.0,0.8,0.0,0
VAE+APA-RCA+GNN,A5_downstream_masking,small,14,SRC_STOCK_1_PRICE,,1.0,1,1,1,1.0,0.8,0.0,0
VAE+APA-RCA+GNN,A5_downstream_masking,small,19,SRC_STOCK_2_PRICE,,1.0,1,1,1,1.0,0.8,0.0,0
VAE+APA-RCA+GNN,A5_downstream_masking,small,24,SRC_STOCK_2_PRICE,,1.0,1,1,1,1.0,0.8,0.0,0
VAE+APA-RCA+GNN,A5_downstream_masking,small,29,SRC_STOCK_3_PRICE,,4.0,0,0,1,0.25,0.8,0.0,0
VAE+APA-RCA+GNN,A6_multi_source,small,4,SRC_STOCK_1_PRICE,,1.0,1,1,1,1.0,0.8,0.0,0
VAE+APA-RCA+GNN,A6_multi_source,small,9,SRC_STOCK_2_PRICE,,1.0,1,1,1,1.0,0.8,0.0,0
VAE+APA-RCA+GNN,A6_multi_source,small,14,SRC_STOCK_3_PRICE,,2.0,0,1,1,0.5,0.8,0.0,0
VAE+APA-RCA+GNN,A6_multi_source,small,19,SRC_STOCK_1_PRICE,,1.0,1,1,1,1.0,0.8,0.0,0
VAE+APA-RCA+GNN,A6_multi_source,small,24,SRC_STOCK_2_PRICE,,2.0,0,1,1,0.5,0.8,0.0,0
VAE+APA-RCA+GNN,A6_multi_source,small,29,SRC_STOCK_1_PRICE,,2.0,0,1,1,0.5,0.8,0.0,0
VAE+APA-RCA+GNN,A7_coincidental,small,4,SRC_STOCK_3_PRICE,,2.0,0,1,1,0.5,0.8,0.0,0
VAE+APA-RCA+GNN,A7_coincidental,small,9,SRC_STOCK_2_PRICE,,2.0,0,1,1,0.5,0.8,0.0,0
VAE+APA-RCA+GNN,A7_coincidental,small,14,SRC_STOCK_1_PRICE,,2.0,0,1,1,0.5,0.8,0.0,0
VAE+APA-RCA+GNN,A7_coincidental,small,19,SRC_STOCK_2_PRICE,,1.0,1,1,1,1.0,0.8,0.0,0
VAE+APA-RCA+GNN,A7_coincidental,small,24,SRC_STOCK_2_PRICE,,1.0,1,1,1,1.0,0.8,0.0,0
VAE+APA-RCA+GNN,A7_coincidental,small,29,SRC_STOCK_3_PRICE,,1.0,1,1,1,1.0,0.8,0.0,0
VAE+APA-RCA+GNN,A1_source_corruption,medium,4,SRC_STOCK_4_PRICE,,1.0,1,1,1,1.0,0.8,0.0,0
VAE+APA-RCA+GNN,A1_source_corruption,medium,9,SRC_STOCK_3_PRICE,,1.0,1,1,1,1.0,0.8,0.0,0
VAE+APA-RCA+GNN,A1_source_corruption,medium,14,SRC_STOCK_1_PRICE,,2.0,0,1,1,0.5,0.8,0.0,0
VAE+APA-RCA+GNN,A1_source_corruption,medium,19,SRC_STOCK_3_PRICE,,1.0,1,1,1,1.0,0.8,0.0,0
VAE+APA-RCA+GNN,A1_source_corruption,medium,24,SRC_STOCK_2_PRICE,,1.0,1,1,1,1.0,0.8,0.0,0
VAE+APA-RCA+GNN,A1_source_corruption,medium,29,SRC_STOCK_5_PRICE,,1.0,1,1,1,1.0,0.8,0.0,0
VAE+APA-RCA+GNN,A2_etl_logic_error,medium,4,ETL_FX_STOCK_4_PRICE,,,0,0,0,0.0,1.0,0.0,0
VAE+APA-RCA+GNN,A2_etl_logic_error,medium,9,ETL_FX_STOCK_3_PRICE,,,0,0,0,0.0,1.0,0.0,0
VAE+APA-RCA+GNN,A2_etl_logic_error,medium,14,ETL_FX_STOCK_1_PRICE,,,0,0,0,0.0,1.0,0.0,0
VAE+APA-RCA+GNN,A2_etl_logic_error,medium,19,ETL_FX_STOCK_3_PRICE,,,0,0,0,0.0,1.0,0.0,0
VAE+APA-RCA+GNN,A2_etl_logic_error,medium,24,ETL_FX_STOCK_2_PRICE,,,0,0,0,0.0,1.0,0.0,0
VAE+APA-RCA+GNN,A2_etl_logic_error,medium,29,ETL_FX_STOCK_5_PRICE,,,0,0,0,0.0,1.0,0.0,0
VAE+APA-RCA+GNN,A3_feature_calc_error,medium,4,FEAT_VOL20_STOCK_4_PRICE,,1.0,1,1,1,1.0,0.8,0.0,0
VAE+APA-RCA+GNN,A3_feature_calc_error,medium,9,FEAT_VOL20_STOCK_3_PRICE,,1.0,1,1,1,1.0,0.8,0.0,0
VAE+APA-RCA+GNN,A3_feature_calc_error,medium,14,FEAT_VOL20_STOCK_1_PRICE,,1.0,1,1,1,1.0,0.8,0.0,0
VAE+APA-RCA+GNN,A3_feature_calc_error,medium,19,FEAT_VOL20_STOCK_3_PRICE,,1.0,1,1,1,1.0,0.8,0.0,0
VAE+APA-RCA+GNN,A3_feature_calc_error,medium,24,FEAT_VOL20_STOCK_2_PRICE,,1.0,1,1,1,1.0,0.8,0.0,0
VAE+APA-RCA+GNN,A3_feature_calc_error,medium,29,FEAT_VOL20_STOCK_5_PRICE,,1.0,1,1,1,1.0,0.8,0.0,0
VAE+APA-RCA+GNN,A4_aggregation_error,medium,4,FEAT_SECTOR_B,,,0,0,0,0.0,1.0,0.0,0
VAE+APA-RCA+GNN,A4_aggregation_error,medium,9,FEAT_SECTOR_A,,,0,0,0,0.0,1.0,0.0,0
VAE+APA-RCA+GNN,A4_aggregation_error,medium,14,FEAT_SECTOR_A,,,0,0,0,0.0,1.0,0.0,0
VAE+APA-RCA+GNN,A4_aggregation_error,medium,19,FEAT_SECTOR_B,,,0,0,0,0.0,1.0,0.0,0
VAE+APA-RCA+GNN,A4_aggregation_error,medium,24,FEAT_SECTOR_A,,,0,0,0,0.0,1.0,0.0,0
VAE+APA-RCA+GNN,A4_aggregation_error,medium,29,FEAT_SECTOR_B,,,0,0,0,0.0,1.0,0.0,0
VAE+APA-RCA+GNN,A5_downstream_masking,medium,4,SRC_STOCK_4_PRICE,,1.0,1,1,1,1.0,0.8,0.0,0
VAE+APA-RCA+GNN,A5_downstream_masking,medium,9,SRC_STOCK_3_PRICE,,1.0,1,1,1,1.0,0.8,0.0,0
VAE+APA-RCA+GNN,A5_downstream_masking,medium,14,SRC_STOCK_1_PRICE,,2.0,0,1,1,0.5,0.8,0.0,0
VAE+APA-RCA+GNN,A5_downstream_masking,medium,19,SRC_STOCK_3_PRICE,,1.0,1,1,1,1.0,0.8,0.0,0
VAE+APA-RCA+GNN,A5_downstream_masking,medium,24,SRC_STOCK_2_PRICE,,1.0,1,1,1,1.0,0.8,0.0,0
VAE+APA-RCA+GNN,A5_downstream_masking,medium,29,SRC_STOCK_5_PRICE,,2.0,0,1,1,0.5,0.8,0.0,0
VAE+APA-RCA+GNN,A6_multi_source,medium,4,SRC_STOCK_3_PRICE,,3.0,0,1,1,0.3333333333333333,0.8,0.0,0
VAE+APA-RCA+GNN,A6_multi_source,medium,9,SRC_STOCK_4_PRICE,,2.0,0,1,1,0.5,0.8,0.0,0
VAE+APA-RCA+GNN,A6_multi_source,medium,14,SRC_STOCK_5_PRICE,,2.0,0,1,1,0.5,0.8,0.0,0
VAE+APA-RCA+GNN,A6_multi_source,medium,19,SRC_STOCK_4_PRICE,,2.0,0,1,1,0.5,0.8,0.0,0
VAE+APA-RCA+GNN,A6_multi_source,medium,24,SRC_STOCK_2_PRICE,,2.0,0,1,1,0.5,0.8,0.0,0
VAE+APA-RCA+GNN,A6_multi_source,medium,29,SRC_STOCK_5_PRICE,,2.0,0,1,1,0.5,0.8,0.0,0
VAE+APA-RCA+GNN,A7_coincidental,medium,4,SRC_STOCK_4_PRICE,,2.0,0,1,1,0.5,0.8,0.0,0
VAE+APA-RCA+GNN,A7_coincidental,medium,9,SRC_STOCK_3_PRICE,,2.0,0,1,1,0.5,0.8,0.0,0
VAE+APA-RCA+GNN,A7_coincidental,medium,14,SRC_STOCK_1_PRICE,,2.0,0,1,1,0.5,0.8,0.0,0
VAE+APA-RCA+GNN,A7_coincidental,medium,19,SRC_STOCK_3_PRICE,,1.0,1,1,1,1.0,0.8,0.0,0
VAE+APA-RCA+GNN,A7_coincidental,medium,24,SRC_STOCK_2_PRICE,,1.0,1,1,1,1.0,0.8,0.0,0
VAE+APA-RCA+GNN,A7_coincidental,medium,29,SRC_STOCK_5_PRICE,,1.0,1,1,1,1.0,0.8,0.0,0
VAE+APA-RCA+GNN,A1_source_corruption,large,4,SRC_STOCK_6_PRICE,,2.0,0,1,1,0.5,0.8,0.0,0
VAE+APA-RCA+GNN,A1_source_corruption,large,9,SRC_STOCK_4_PRICE,,1.0,1,1,1,1.0,0.8,0.0,0
VAE+APA-RCA+GNN,A1_source_corruption,large,14,SRC_STOCK_2_PRICE,,1.0,1,1,1,1.0,0.8,0.0,0
VAE+APA-RCA+GNN,A1_source_corruption,large,19,SRC_STOCK_5_PRICE,,1.0,1,1,1,1.0,0.8,0.0,0
VAE+APA-RCA+GNN,A1_source_corruption,large,24,SRC_STOCK_4_PRICE,,1.0,1,1,1,1.0,0.8,0.0,0
VAE+APA-RCA+GNN,A1_source_corruption,large,29,SRC_STOCK_8_PRICE,,1.0,1,1,1,1.0,0.8,0.0,0
VAE+APA-RCA+GNN,A2_etl_logic_error,large,4,ETL_FX_STOCK_6_PRICE,,,0,0,0,0.0,1.0,0.0,0
VAE+APA-RCA+GNN,A2_etl_logic_error,large,9,ETL_FX_STOCK_4_PRICE,,,0,0,0,0.0,1.0,0.0,0
VAE+APA-RCA+GNN,A2_etl_logic_error,large,14,ETL_FX_STOCK_2_PRICE,,,0,0,0,0.0,1.0,0.0,0
VAE+APA-RCA+GNN,A2_etl_logic_error,large,19,ETL_FX_STOCK_5_PRICE,,,0,0,0,0.0,1.0,0.0,0
VAE+APA-RCA+GNN,A2_etl_logic_error,large,24,ETL_FX_STOCK_4_PRICE,,,0,0,0,0.0,1.0,0.0,0
VAE+APA-RCA+GNN,A2_etl_logic_error,large,29,ETL_FX_STOCK_8_PRICE,,,0,0,0,0.0,1.0,0.0,0
VAE+APA-RCA+GNN,A3_feature_calc_error,large,4,FEAT_VOL20_STOCK_6_PRICE,,1.0,1,1,1,1.0,0.8,0.0,0
VAE+APA-RCA+GNN,A3_feature_calc_error,large,9,FEAT_VOL20_STOCK_4_PRICE,,1.0,1,1,1,1.0,0.8,0.0,0
VAE+APA-RCA+GNN,A3_feature_calc_error,large,14,FEAT_VOL20_STOCK_2_PRICE,,1.0,1,1,1,1.0,0.8,0.0,0
VAE+APA-RCA+GNN,A3_feature_calc_error,large,19,FEAT_VOL20_STOCK_5_PRICE,,1.0,1,1,1,1.0,0.8,0.0,0
VAE+APA-RCA+GNN,A3_feature_calc_error,large,24,FEAT_VOL20_STOCK_4_PRICE,,1.0,1,1,1,1.0,0.8,0.0,0
VAE+APA-RCA+GNN,A3_feature_calc_error,large,29,FEAT_VOL20_STOCK_8_PRICE,,1.0,1,1,1,1.0,0.8,0.0,0
VAE+APA-RCA+GNN,A4_aggregation_error,large,4,FEAT_SECTOR_B,,,0,0,0,0.0,1.0,0.0,0
VAE+APA-RCA+GNN,A4_aggregation_error,large,9,FEAT_SECTOR_A,,,0,0,0,0.0,1.0,0.0,0
VAE+APA-RCA+GNN,A4_aggregation_error,large,14,FEAT_SECTOR_A,,,0,0,0,0.0,1.0,0.0,0
VAE+APA-RCA+GNN,A4_aggregation_error,large,19,FEAT_SECTOR_B,,,0,0,0,0.0,1.0,0.0,0
VAE+APA-RCA+GNN,A4_aggregation_error,large,24,FEAT_SECTOR_A,,,0,0,0,0.0,1.0,0.0,0
VAE+APA-RCA+GNN,A4_aggregation_error,large,29,FEAT_SECTOR_B,,,0,0,0,0.0,1.0,0.0,0
VAE+APA-RCA+GNN,A5_downstream_masking,large,4,SRC_STOCK_6_PRICE,,2.0,0,1,1,0.5,0.8,0.0,0
VAE+APA-RCA+GNN,A5_downstream_masking,large,9,SRC_STOCK_4_PRICE,,1.0,1,1,1,1.0,0.8,0.0,0
VAE+APA-RCA+GNN,A5_downstream_masking,large,14,SRC_STOCK_2_PRICE,,1.0,1,1,1,1.0,0.8,0.0,0
VAE+APA-RCA+GNN,A5_downstream_masking,large,19,SRC_STOCK_5_PRICE,,2.0,0,1,1,0.5,0.8,0.0,0
VAE+APA-RCA+GNN,A5_downstream_masking,large,24,SRC_STOCK_4_PRICE,,1.0,1,1,1,1.0,0.8,0.0,0
VAE+APA-RCA+GNN,A5_downstream_masking,large,29,SRC_STOCK_8_PRICE,,1.0,1,1,1,1.0,0.8,0.0,0
VAE+APA-RCA+GNN,A6_multi_source,large,4,SRC_STOCK_5_PRICE,,2.0,0,1,1,0.5,0.8,0.0,0
VAE+APA-RCA+GNN,A6_multi_source,large,9,SRC_STOCK_7_PRICE,,2.0,0,1,1,0.5,0.8,0.0,0
VAE+APA-RCA+GNN,A6_multi_source,large,14,SRC_STOCK_8_PRICE,,2.0,0,1,1,0.5,0.8,0.0,0
VAE+APA-RCA+GNN,A6_multi_source,large,19,SRC_STOCK_3_PRICE,,2.0,0,1,1,0.5,0.8,0.0,0
VAE+APA-RCA+GNN,A6_multi_source,large,24,SRC_STOCK_3_PRICE,,3.0,0,1,1,0.3333333333333333,0.8,0.0,0
VAE+APA-RCA+GNN,A6_multi_source,large,29,SRC_STOCK_5_PRICE,,1.0,1,1,1,1.0,0.8,0.0,0
VAE+APA-RCA+GNN,A7_coincidental,large,4,SRC_STOCK_6_PRICE,,3.0,0,1,1,0.3333333333333333,0.8,0.0,0
VAE+APA-RCA+GNN,A7_coincidental,large,9,SRC_STOCK_4_PRICE,,2.0,0,1,1,0.5,0.8,0.0,0
VAE+APA-RCA+GNN,A7_coincidental,large,14,SRC_STOCK_2_PRICE,,2.0,0,1,1,0.5,0.8,0.0,0
VAE+APA-RCA+GNN,A7_coincidental,large,19,SRC_STOCK_5_PRICE,,1.0,1,1,1,1.0,0.8,0.0,0
VAE+APA-RCA+GNN,A7_coincidental,large,24,SRC_STOCK_4_PRICE,,1.0,1,1,1,1.0,0.8,0.0,0
VAE+APA-RCA+GNN,A7_coincidental,large,29,SRC_STOCK_8_PRICE,,2.0,0,1,1,0.5,0.8,0.0,0
APA-RCA-v2+GNN,A1_source_corruption,medium_real,0,SRC_STOCK_11_PRICE,REPORT_LIMIT,1.0,1,1,1,1.0,0.8,30.994176864624023,9
VAE+APA-RCA,A1_source_corruption,medium_real,0,SRC_STOCK_11_PRICE,REPORT_LIMIT,1.0,1,1,1,1.0,0.8,11.261940002441406,9
VAE+APA-RCA+GNN,A1_source_corruption,medium_real,0,SRC_STOCK_11_PRICE,REPORT_LIMIT,1.0,1,1,1,1.0,0.8,11.261940002441406,9
APA-RCA-v2+GNN,A1_source_corruption,medium_real,1,SRC_STOCK_6_PRICE,REPORT_LIMIT,1.0,1,1,1,1.0,0.8,2.397298812866211,9
VAE+APA-RCA,A1_source_corruption,medium_real,1,SRC_STOCK_6_PRICE,REPORT_LIMIT,1.0,1,1,1,1.0,0.8,3.8132667541503906,9
VAE+APA-RCA+GNN,A1_source_corruption,medium_real,1,SRC_STOCK_6_PRICE,REPORT_LIMIT,1.0,1,1,1,1.0,0.8,3.8132667541503906,9
APA-RCA-v2+GNN,A1_source_corruption,medium_real,2,SRC_STOCK_11_PRICE,REPORT_LIMIT,1.0,1,1,1,1.0,0.8,1.4629364013671875,9
VAE+APA-RCA,A1_source_corruption,medium_real,2,SRC_STOCK_11_PRICE,REPORT_LIMIT,1.0,1,1,1,1.0,0.8,1.3859272003173828,9
VAE+APA-RCA+GNN,A1_source_corruption,medium_real,2,SRC_STOCK_11_PRICE,REPORT_LIMIT,1.0,1,1,1,1.0,0.8,1.3859272003173828,9
APA-RCA-v2+GNN,A1_source_corruption,medium_real,3,SRC_STOCK_10_PRICE,REPORT_LIMIT,4.0,0,0,1,0.25,0.8,1.6870498657226562,9
VAE+APA-RCA,A1_source_corruption,medium_real,3,SRC_STOCK_10_PRICE,REPORT_LIMIT,1.0,1,1,1,1.0,0.8,4.312753677368164,9
VAE+APA-RCA+GNN,A1_source_corruption,medium_real,3,SRC_STOCK_10_PRICE,REPORT_LIMIT,1.0,1,1,1,1.0,0.8,4.312753677368164,9
APA-RCA-v2+GNN,A1_source_corruption,medium_real,4,SRC_STOCK_9_PRICE,REPORT_LIMIT,1.0,1,1,1,1.0,0.8,1.4510154724121094,9
VAE+APA-RCA,A1_source_corruption,medium_real,4,SRC_STOCK_9_PRICE,REPORT_LIMIT,1.0,1,1,1,1.0,0.8,1.4548301696777344,9
VAE+APA-RCA+GNN,A1_source_corruption,medium_real,4,SRC_STOCK_9_PRICE,REPORT_LIMIT,1.0,1,1,1,1.0,0.8,1.4548301696777344,9
APA-RCA-v2+GNN,A1_source_corruption,medium_real,5,SRC_STOCK_9_PRICE,REPORT_LIMIT,1.0,1,1,1,1.0,0.8,6.145000457763672,9
VAE+APA-RCA,A1_source_corruption,medium_real,5,SRC_STOCK_9_PRICE,REPORT_LIMIT,1.0,1,1,1,1.0,0.8,1.399993896484375,9
VAE+APA-RCA+GNN,A1_source_corruption,medium_real,5,SRC_STOCK_9_PRICE,REPORT_LIMIT,1.0,1,1,1,1.0,0.8,1.399993896484375,9
APA-RCA-v2+GNN,A1_source_corruption,medium_real,6,SRC_STOCK_6_PRICE,REPORT_LIMIT,1.0,1,1,1,1.0,0.8,1.4967918395996094,9
VAE+APA-RCA,A1_source_corruption,medium_real,6,SRC_STOCK_6_PRICE,REPORT_LIMIT,1.0,1,1,1,1.0,0.8,2.377033233642578,9
VAE+APA-RCA+GNN,A1_source_corruption,medium_real,6,SRC_STOCK_6_PRICE,REPORT_LIMIT,1.0,1,1,1,1.0,0.8,2.377033233642578,9
APA-RCA-v2+GNN,A1_source_corruption,medium_real,7,SRC_STOCK_12_PRICE,REPORT_LIMIT,1.0,1,1,1,1.0,0.8,2.8111934661865234,9
VAE+APA-RCA,A1_source_corruption,medium_real,7,SRC_STOCK_12_PRICE,REPORT_LIMIT,1.0,1,1,1,1.0,0.8,3.020763397216797,9
VAE+APA-RCA+GNN,A1_source_corruption,medium_real,7,SRC_STOCK_12_PRICE,REPORT_LIMIT,1.0,1,1,1,1.0,0.8,3.020763397216797,9
APA-RCA-v2+GNN,A1_source_corruption,medium_real,8,SRC_STOCK_9_PRICE,REPORT_LIMIT,1.0,1,1,1,1.0,0.8,5.230188369750977,9
VAE+APA-RCA,A1_source_corruption,medium_real,8,SRC_STOCK_9_PRICE,REPORT_LIMIT,1.0,1,1,1,1.0,0.8,2.262115478515625,9
VAE+APA-RCA+GNN,A1_source_corruption,medium_real,8,SRC_STOCK_9_PRICE,REPORT_LIMIT,1.0,1,1,1,1.0,0.8,2.262115478515625,9
APA-RCA-v2+GNN,A1_source_corruption,medium_real,9,SRC_STOCK_6_PRICE,REPORT_LIMIT,1.0,1,1,1,1.0,0.8,26.173830032348633,9
VAE+APA-RCA,A1_source_corruption,medium_real,9,SRC_STOCK_6_PRICE,REPORT_LIMIT,1.0,1,1,1,1.0,0.8,15.685796737670898,9
VAE+APA-RCA+GNN,A1_source_corruption,medium_real,9,SRC_STOCK_6_PRICE,REPORT_LIMIT,1.0,1,1,1,1.0,0.8,15.685796737670898,9
APA-RCA-v2+GNN,A1_source_corruption,medium_real,10,SRC_STOCK_10_PRICE,REPORT_LIMIT,1.0,1,1,1,1.0,0.8,13.856887817382812,9
VAE+APA-RCA,A1_source_corruption,medium_real,10,SRC_STOCK_10_PRICE,REPORT_LIMIT,1.0,1,1,1,1.0,0.8,4.27699089050293,9
VAE+APA-RCA+GNN,A1_source_corruption,medium_real,10,SRC_STOCK_10_PRICE,REPORT_LIMIT,1.0,1,1,1,1.0,0.8,4.27699089050293,9
APA-RCA-v2+GNN,A1_source_corruption,medium_real,11,SRC_STOCK_2_PRICE,REPORT_LIMIT,6.0,0,0,0,0.16666666666666666,1.0,1.9218921661376953,9
VAE+APA-RCA,A1_source_corruption,medium_real,11,SRC_STOCK_2_PRICE,REPORT_LIMIT,1.0,1,1,1,1.0,0.8,1.3539791107177734,9
VAE+APA-RCA+GNN,A1_source_corruption,medium_real,11,SRC_STOCK_2_PRICE,REPORT_LIMIT,1.0,1,1,1,1.0,0.8,1.3539791107177734,9
APA-RCA-v2+GNN,A1_source_corruption,medium_real,12,SRC_STOCK_8_PRICE,REPORT_LIMIT,1.0,1,1,1,1.0,0.8,2.337932586669922,9
VAE+APA-RCA,A1_source_corruption,medium_real,12,SRC_STOCK_8_PRICE,REPORT_LIMIT,1.0,1,1,1,1.0,0.8,1.9538402557373047,9
VAE+APA-RCA+GNN,A1_source_corruption,medium_real,12,SRC_STOCK_8_PRICE,REPORT_LIMIT,1.0,1,1,1,1.0,0.8,1.9538402557373047,9
APA-RCA-v2+GNN,A1_source_corruption,medium_real,13,SRC_STOCK_11_PRICE,REPORT_LIMIT,1.0,1,1,1,1.0,0.8,12.8021240234375,9
VAE+APA-RCA,A1_source_corruption,medium_real,13,SRC_STOCK_11_PRICE,REPORT_LIMIT,1.0,1,1,1,1.0,0.8,1.7957687377929688,9
VAE+APA-RCA+GNN,A1_source_corruption,medium_real,13,SRC_STOCK_11_PRICE,REPORT_LIMIT,1.0,1,1,1,1.0,0.8,1.7957687377929688,9
APA-RCA-v2+GNN,A1_source_corruption,medium_real,14,SRC_STOCK_2_PRICE,REPORT_LIMIT,1.0,1,1,1,1.0,0.8,4.559040069580078,9
VAE+APA-RCA,A1_source_corruption,medium_real,14,SRC_STOCK_2_PRICE,REPORT_LIMIT,1.0,1,1,1,1.0,0.8,1.4247894287109375,9
VAE+APA-RCA+GNN,A1_source_corruption,medium_real,14,SRC_STOCK_2_PRICE,REPORT_LIMIT,1.0,1,1,1,1.0,0.8,1.4247894287109375,9
APA-RCA-v2+GNN,A1_source_corruption,medium_real,15,SRC_STOCK_12_PRICE,REPORT_LIMIT,1.0,1,1,1,1.0,0.8,2.7239322662353516,9
VAE+APA-RCA,A1_source_corruption,medium_real,15,SRC_STOCK_12_PRICE,REPORT_LIMIT,1.0,1,1,1,1.0,0.8,4.345893859863281,9
VAE+APA-RCA+GNN,A1_source_corruption,medium_real,15,SRC_STOCK_12_PRICE,REPORT_LIMIT,1.0,1,1,1,1.0,0.8,4.345893859863281,9
APA-RCA-v2+GNN,A1_source_corruption,medium_real,16,SRC_STOCK_7_PRICE,REPORT_LIMIT,1.0,1,1,1,1.0,0.8,30.925750732421875,9
VAE+APA-RCA,A1_source_corruption,medium_real,16,SRC_STOCK_7_PRICE,REPORT_LIMIT,1.0,1,1,1,1.0,0.8,3.2777786254882812,9
VAE+APA-RCA+GNN,A1_source_corruption,medium_real,16,SRC_STOCK_7_PRICE,REPORT_LIMIT,1.0,1,1,1,1.0,0.8,3.2777786254882812,9
APA-RCA-v2+GNN,A1_source_corruption,medium_real,17,SRC_STOCK_9_PRICE,REPORT_LIMIT,1.0,1,1,1,1.0,0.8,10.005950927734375,9
VAE+APA-RCA,A1_source_corruption,medium_real,17,SRC_STOCK_9_PRICE,REPORT_LIMIT,1.0,1,1,1,1.0,0.8,5.1212310791015625,9
VAE+APA-RCA+GNN,A1_source_corruption,medium_real,17,SRC_STOCK_9_PRICE,REPORT_LIMIT,1.0,1,1,1,1.0,0.8,5.1212310791015625,9
APA-RCA-v2+GNN,A1_source_corruption,medium_real,18,SRC_STOCK_11_PRICE,REPORT_LIMIT,1.0,1,1,1,1.0,0.8,4.552125930786133,9
VAE+APA-RCA,A1_source_corruption,medium_real,18,SRC_STOCK_11_PRICE,REPORT_LIMIT,1.0,1,1,1,1.0,0.8,2.2687911987304688,9
VAE+APA-RCA+GNN,A1_source_corruption,medium_real,18,SRC_STOCK_11_PRICE,REPORT_LIMIT,1.0,1,1,1,1.0,0.8,2.2687911987304688,9
APA-RCA-v2+GNN,A1_source_corruption,medium_real,19,SRC_STOCK_8_PRICE,REPORT_LIMIT,1.0,1,1,1,1.0,0.8,1.9659996032714844,9
VAE+APA-RCA,A1_source_corruption,medium_real,19,SRC_STOCK_8_PRICE,REPORT_LIMIT,1.0,1,1,1,1.0,0.8,1.4348030090332031,9
VAE+APA-RCA+GNN,A1_source_corruption,medium_real,19,SRC_STOCK_8_PRICE,REPORT_LIMIT,1.0,1,1,1,1.0,0.8,1.4348030090332031,9
APA-RCA-v2+GNN,A1_source_corruption,medium_real,20,SRC_STOCK_11_PRICE,REPORT_LIMIT,1.0,1,1,1,1.0,0.8,2.004861831665039,9
VAE+APA-RCA,A1_source_corruption,medium_real,20,SRC_STOCK_11_PRICE,REPORT_LIMIT,1.0,1,1,1,1.0,0.8,1.390218734741211,9
VAE+APA-RCA+GNN,A1_source_corruption,medium_real,20,SRC_STOCK_11_PRICE,REPORT_LIMIT,1.0,1,1,1,1.0,0.8,1.390218734741211,9
APA-RCA-v2+GNN,A1_source_corruption,medium_real,21,SRC_STOCK_4_PRICE,REPORT_LIMIT,1.0,1,1,1,1.0,0.8,11.038780212402344,9
VAE+APA-RCA,A1_source_corruption,medium_real,21,SRC_STOCK_4_PRICE,REPORT_LIMIT,1.0,1,1,1,1.0,0.8,5.182981491088867,9
VAE+APA-RCA+GNN,A1_source_corruption,medium_real,21,SRC_STOCK_4_PRICE,REPORT_LIMIT,1.0,1,1,1,1.0,0.8,5.182981491088867,9
APA-RCA-v2+GNN,A1_source_corruption,medium_real,22,SRC_STOCK_10_PRICE,REPORT_LIMIT,2.0,0,1,1,0.5,0.8,2.9790401458740234,9
VAE+APA-RCA,A1_source_corruption,medium_real,22,SRC_STOCK_10_PRICE,REPORT_LIMIT,1.0,1,1,1,1.0,0.8,4.868984222412109,9
VAE+APA-RCA+GNN,A1_source_corruption,medium_real,22,SRC_STOCK_10_PRICE,REPORT_LIMIT,1.0,1,1,1,1.0,0.8,4.868984222412109,9
APA-RCA-v2+GNN,A1_source_corruption,medium_real,23,SRC_STOCK_1_PRICE,REPORT_LIMIT,1.0,1,1,1,1.0,0.8,3.943920135498047,9
VAE+APA-RCA,A1_source_corruption,medium_real,23,SRC_STOCK_1_PRICE,REPORT_LIMIT,1.0,1,1,1,1.0,0.8,1.4388561248779297,9
VAE+APA-RCA+GNN,A1_source_corruption,medium_real,23,SRC_STOCK_1_PRICE,REPORT_LIMIT,1.0,1,1,1,1.0,0.8,1.4388561248779297,9
APA-RCA-v2+GNN,A1_source_corruption,medium_real,24,SRC_STOCK_5_PRICE,REPORT_LIMIT,2.0,0,1,1,0.5,0.8,2.093791961669922,9
VAE+APA-RCA,A1_source_corruption,medium_real,24,SRC_STOCK_5_PRICE,REPORT_LIMIT,1.0,1,1,1,1.0,0.8,4.563808441162109,9
VAE+APA-RCA+GNN,A1_source_corruption,medium_real,24,SRC_STOCK_5_PRICE,REPORT_LIMIT,1.0,1,1,1,1.0,0.8,4.563808441162109,9
APA-RCA-v2+GNN,A1_source_corruption,medium_real,25,SRC_STOCK_7_PRICE,REPORT_LIMIT,5.0,0,0,1,0.2,0.8,10.334253311157227,9
VAE+APA-RCA,A1_source_corruption,medium_real,25,SRC_STOCK_7_PRICE,REPORT_LIMIT,1.0,1,1,1,1.0,0.8,2.7680397033691406,9
VAE+APA-RCA+GNN,A1_source_corruption,medium_real,25,SRC_STOCK_7_PRICE,REPORT_LIMIT,1.0,1,1,1,1.0,0.8,2.7680397033691406,9
APA-RCA-v2+GNN,A1_source_corruption,medium_real,26,SRC_STOCK_11_PRICE,REPORT_LIMIT,1.0,1,1,1,1.0,0.8,2.372264862060547,9
VAE+APA-RCA,A1_source_corruption,medium_real,26,SRC_STOCK_11_PRICE,REPORT_LIMIT,1.0,1,1,1,1.0,0.8,3.426074981689453,9
VAE+APA-RCA+GNN,A1_source_corruption,medium_real,26,SRC_STOCK_11_PRICE,REPORT_LIMIT,1.0,1,1,1,1.0,0.8,3.426074981689453,9
APA-RCA-v2+GNN,A1_source_corruption,medium_real,27,SRC_STOCK_1_PRICE,REPORT_LIMIT,1.0,1,1,1,1.0,0.8,1.8851757049560547,9
VAE+APA-RCA,A1_source_corruption,medium_real,27,SRC_STOCK_1_PRICE,REPORT_LIMIT,1.0,1,1,1,1.0,0.8,1.9419193267822266,9
VAE+APA-RCA+GNN,A1_source_corruption,medium_real,27,SRC_STOCK_1_PRICE,REPORT_LIMIT,1.0,1,1,1,1.0,0.8,1.9419193267822266,9
APA-RCA-v2+GNN,A1_source_corruption,medium_real,28,SRC_STOCK_8_PRICE,REPORT_LIMIT,1.0,1,1,1,1.0,0.8,25.68984031677246,9
VAE+APA-RCA,A1_source_corruption,medium_real,28,SRC_STOCK_8_PRICE,REPORT_LIMIT,1.0,1,1,1,1.0,0.8,12.969970703125,9
VAE+APA-RCA+GNN,A1_source_corruption,medium_real,28,SRC_STOCK_8_PRICE,REPORT_LIMIT,1.0,1,1,1,1.0,0.8,12.969970703125,9
APA-RCA-v2+GNN,A1_source_corruption,medium_real,29,SRC_STOCK_12_PRICE,REPORT_LIMIT,1.0,1,1,1,1.0,0.8,36.66400909423828,9
VAE+APA-RCA,A1_source_corruption,medium_real,29,SRC_STOCK_12_PRICE,REPORT_LIMIT,1.0,1,1,1,1.0,0.8,55.426836013793945,9
VAE+APA-RCA+GNN,A1_source_corruption,medium_real,29,SRC_STOCK_12_PRICE,REPORT_LIMIT,1.0,1,1,1,1.0,0.8,55.426836013793945,9
APA-RCA-v2+GNN,A2_etl_logic_error,medium_real,0,ETL_FX_STOCK_11_PRICE,REPORT_LIMIT,5.0,0,0,1,0.2,0.8,30.90667724609375,9
VAE+APA-RCA,A2_etl_logic_error,medium_real,0,ETL_FX_STOCK_11_PRICE,REPORT_LIMIT,25.0,0,0,0,0.04,1.0,4.30607795715332,9
VAE+APA-RCA+GNN,A2_etl_logic_error,medium_real,0,ETL_FX_STOCK_11_PRICE,REPORT_LIMIT,61.0,0,0,0,0.01639344262295082,1.0,4.30607795715332,9
APA-RCA-v2+GNN,A2_etl_logic_error,medium_real,1,ETL_FX_STOCK_6_PRICE,REPORT_LIMIT,5.0,0,0,1,0.2,0.8,68.33314895629883,9
VAE+APA-RCA,A2_etl_logic_error,medium_real,1,ETL_FX_STOCK_6_PRICE,REPORT_LIMIT,25.0,0,0,0,0.04,1.0,59.6013069152832,9
VAE+APA-RCA+GNN,A2_etl_logic_error,medium_real,1,ETL_FX_STOCK_6_PRICE,REPORT_LIMIT,61.0,0,0,0,0.01639344262295082,1.0,59.6013069152832,9
APA-RCA-v2+GNN,A2_etl_logic_error,medium_real,2,ETL_FX_STOCK_11_PRICE,REPORT_LIMIT,5.0,0,0,1,0.2,0.8,26.48305892944336,9
VAE+APA-RCA,A2_etl_logic_error,medium_real,2,ETL_FX_STOCK_11_PRICE,REPORT_LIMIT,25.0,0,0,0,0.04,1.0,10.608911514282227,9
VAE+APA-RCA+GNN,A2_etl_logic_error,medium_real,2,ETL_FX_STOCK_11_PRICE,REPORT_LIMIT,61.0,0,0,0,0.01639344262295082,1.0,10.608911514282227,9
APA-RCA-v2+GNN,A2_etl_logic_error,medium_real,3,ETL_FX_STOCK_10_PRICE,REPORT_LIMIT,4.0,0,0,1,0.25,0.8,1.5017986297607422,9
VAE+APA-RCA,A2_etl_logic_error,medium_real,3,ETL_FX_STOCK_10_PRICE,REPORT_LIMIT,13.0,0,0,0,0.07692307692307693,1.0,3.365039825439453,9
VAE+APA-RCA+GNN,A2_etl_logic_error,medium_real,3,ETL_FX_STOCK_10_PRICE,REPORT_LIMIT,49.0,0,0,0,0.02040816326530612,1.0,3.365039825439453,9
APA-RCA-v2+GNN,A2_etl_logic_error,medium_real,4,ETL_FX_STOCK_9_PRICE,REPORT_LIMIT,11.0,0,0,0,0.09090909090909091,1.0,6.369113922119141,9
VAE+APA-RCA,A2_etl_logic_error,medium_real,4,ETL_FX_STOCK_9_PRICE,REPORT_LIMIT,25.0,0,0,0,0.04,1.0,1.4410018920898438,9
VAE+APA-RCA+GNN,A2_etl_logic_error,medium_real,4,ETL_FX_STOCK_9_PRICE,REPORT_LIMIT,61.0,0,0,0,0.01639344262295082,1.0,1.4410018920898438,9
APA-RCA-v2+GNN,A2_etl_logic_error,medium_real,5,ETL_FX_STOCK_9_PRICE,REPORT_LIMIT,11.0,0,0,0,0.09090909090909091,1.0,1.5249252319335938,9
VAE+APA-RCA,A2_etl_logic_error,medium_real,5,ETL_FX_STOCK_9_PRICE,REPORT_LIMIT,25.0,0,0,0,0.04,1.0,1.3890266418457031,9
VAE+APA-RCA+GNN,A2_etl_logic_error,medium_real,5,ETL_FX_STOCK_9_PRICE,REPORT_LIMIT,61.0,0,0,0,0.01639344262295082,1.0,1.3890266418457031,9
APA-RCA-v2+GNN,A2_etl_logic_error,medium_real,6,ETL_FX_STOCK_6_PRICE,REPORT_LIMIT,5.0,0,0,1,0.2,0.8,1.631021499633789,9
VAE+APA-RCA,A2_etl_logic_error,medium_real,6,ETL_FX_STOCK_6_PRICE,REPORT_LIMIT,25.0,0,0,0,0.04,1.0,2.925872802734375,9
VAE+APA-RCA+GNN,A2_etl_logic_error,medium_real,6,ETL_FX_STOCK_6_PRICE,REPORT_LIMIT,61.0,0,0,0,0.01639344262295082,1.0,2.925872802734375,9
APA-RCA-v2+GNN,A2_etl_logic_error,medium_real,7,ETL_FX_STOCK_12_PRICE,REPORT_LIMIT,6.0,0,0,0,0.16666666666666666,1.0,1.5332698822021484,9
VAE+APA-RCA,A2_etl_logic_error,medium_real,7,ETL_FX_STOCK_12_PRICE,REPORT_LIMIT,25.0,0,0,0,0.04,1.0,1.4460086822509766,9
VAE+APA-RCA+GNN,A2_etl_logic_error,medium_real,7,ETL_FX_STOCK_12_PRICE,REPORT_LIMIT,61.0,0,0,0,0.01639344262295082,1.0,1.4460086822509766,9
APA-RCA-v2+GNN,A2_etl_logic_error,medium_real,8,ETL_FX_STOCK_9_PRICE,REPORT_LIMIT,11.0,0,0,0,0.09090909090909091,1.0,1.934051513671875,9
VAE+APA-RCA,A2_etl_logic_error,medium_real,8,ETL_FX_STOCK_9_PRICE,REPORT_LIMIT,25.0,0,0,0,0.04,1.0,1.3599395751953125,9
VAE+APA-RCA+GNN,A2_etl_logic_error,medium_real,8,ETL_FX_STOCK_9_PRICE,REPORT_LIMIT,61.0,0,0,0,0.01639344262295082,1.0,1.3599395751953125,9
APA-RCA-v2+GNN,A2_etl_logic_error,medium_real,9,ETL_FX_STOCK_6_PRICE,REPORT_LIMIT,5.0,0,0,1,0.2,0.8,1.3849735260009766,9
VAE+APA-RCA,A2_etl_logic_error,medium_real,9,ETL_FX_STOCK_6_PRICE,REPORT_LIMIT,25.0,0,0,0,0.04,1.0,3.5028457641601562,9
VAE+APA-RCA+GNN,A2_etl_logic_error,medium_real,9,ETL_FX_STOCK_6_PRICE,REPORT_LIMIT,61.0,0,0,0,0.01639344262295082,1.0,3.5028457641601562,9
APA-RCA-v2+GNN,A2_etl_logic_error,medium_real,10,ETL_FX_STOCK_10_PRICE,REPORT_LIMIT,4.0,0,0,1,0.25,0.8,1.6188621520996094,9
VAE+APA-RCA,A2_etl_logic_error,medium_real,10,ETL_FX_STOCK_10_PRICE,REPORT_LIMIT,13.0,0,0,0,0.07692307692307693,1.0,4.043102264404297,9
VAE+APA-RCA+GNN,A2_etl_logic_error,medium_real,10,ETL_FX_STOCK_10_PRICE,REPORT_LIMIT,49.0,0,0,0,0.02040816326530612,1.0,4.043102264404297,9
APA-RCA-v2+GNN,A2_etl_logic_error,medium_real,11,ETL_FX_STOCK_2_PRICE,REPORT_LIMIT,5.0,0,0,1,0.2,0.8,2.15911865234375,9
VAE+APA-RCA,A2_etl_logic_error,medium_real,11,ETL_FX_STOCK_2_PRICE,REPORT_LIMIT,25.0,0,0,0,0.04,1.0,1.3709068298339844,9
VAE+APA-RCA+GNN,A2_etl_logic_error,medium_real,11,ETL_FX_STOCK_2_PRICE,REPORT_LIMIT,61.0,0,0,0,0.01639344262295082,1.0,1.3709068298339844,9
APA-RCA-v2+GNN,A2_etl_logic_error,medium_real,12,ETL_FX_STOCK_8_PRICE,REPORT_LIMIT,5.0,0,0,1,0.2,0.8,1.4934539794921875,9
VAE+APA-RCA,A2_etl_logic_error,medium_real,12,ETL_FX_STOCK_8_PRICE,REPORT_LIMIT,21.0,0,0,0,0.047619047619047616,1.0,1.3823509216308594,9
VAE+APA-RCA+GNN,A2_etl_logic_error,medium_real,12,ETL_FX_STOCK_8_PRICE,REPORT_LIMIT,57.0,0,0,0,0.017543859649122806,1.0,1.3823509216308594,9
APA-RCA-v2+GNN,A2_etl_logic_error,medium_real,13,ETL_FX_STOCK_11_PRICE,REPORT_LIMIT,5.0,0,0,1,0.2,0.8,1.4660358428955078,9
VAE+APA-RCA,A2_etl_logic_error,medium_real,13,ETL_FX_STOCK_11_PRICE,REPORT_LIMIT,25.0,0,0,0,0.04,1.0,1.3930797576904297,9
VAE+APA-RCA+GNN,A2_etl_logic_error,medium_real,13,ETL_FX_STOCK_11_PRICE,REPORT_LIMIT,61.0,0,0,0,0.01639344262295082,1.0,1.3930797576904297,9
APA-RCA-v2+GNN,A2_etl_logic_error,medium_real,14,ETL_FX_STOCK_2_PRICE,REPORT_LIMIT,5.0,0,0,1,0.2,0.8,2.1300315856933594,9
VAE+APA-RCA,A2_etl_logic_error,medium_real,14,ETL_FX_STOCK_2_PRICE,REPORT_LIMIT,25.0,0,0,0,0.04,1.0,114.3789291381836,9
VAE+APA-RCA+GNN,A2_etl_logic_error,medium_real,14,ETL_FX_STOCK_2_PRICE,REPORT_LIMIT,61.0,0,0,0,0.01639344262295082,1.0,114.3789291381836,9
APA-RCA-v2+GNN,A2_etl_logic_error,medium_real,15,ETL_FX_STOCK_12_PRICE,REPORT_LIMIT,6.0,0,0,0,0.16666666666666666,1.0,3.7078857421875,9
VAE+APA-RCA,A2_etl_logic_error,medium_real,15,ETL_FX_STOCK_12_PRICE,REPORT_LIMIT,25.0,0,0,0,0.04,1.0,2.149820327758789,9
VAE+APA-RCA+GNN,A2_etl_logic_error,medium_real,15,ETL_FX_STOCK_12_PRICE,REPORT_LIMIT,61.0,0,0,0,0.01639344262295082,1.0,2.149820327758789,9
APA-RCA-v2+GNN,A2_etl_logic_error,medium_real,16,ETL_FX_STOCK_7_PRICE,REPORT_LIMIT,4.0,0,0,1,0.25,0.8,4.213809967041016,9
VAE+APA-RCA,A2_etl_logic_error,medium_real,16,ETL_FX_STOCK_7_PRICE,REPORT_LIMIT,25.0,0,0,0,0.04,1.0,2.464771270751953,9
VAE+APA-RCA+GNN,A2_etl_logic_error,medium_real,16,ETL_FX_STOCK_7_PRICE,REPORT_LIMIT,61.0,0,0,0,0.01639344262295082,1.0,2.464771270751953,9
APA-RCA-v2+GNN,A2_etl_logic_error,medium_real,17,ETL_FX_STOCK_9_PRICE,REPORT_LIMIT,11.0,0,0,0,0.09090909090909091,1.0,1.4910697937011719,9
VAE+APA-RCA,A2_etl_logic_error,medium_real,17,ETL_FX_STOCK_9_PRICE,REPORT_LIMIT,25.0,0,0,0,0.04,1.0,1.7609596252441406,9
VAE+APA-RCA+GNN,A2_etl_logic_error,medium_real,17,ETL_FX_STOCK_9_PRICE,REPORT_LIMIT,61.0,0,0,0,0.01639344262295082,1.0,1.7609596252441406,9
APA-RCA-v2+GNN,A2_etl_logic_error,medium_real,18,ETL_FX_STOCK_11_PRICE,REPORT_LIMIT,5.0,0,0,1,0.2,0.8,14.67585563659668,9
VAE+APA-RCA,A2_etl_logic_error,medium_real,18,ETL_FX_STOCK_11_PRICE,REPORT_LIMIT,25.0,0,0,0,0.04,1.0,4.745960235595703,9
VAE+APA-RCA+GNN,A2_etl_logic_error,medium_real,18,ETL_FX_STOCK_11_PRICE,REPORT_LIMIT,61.0,0,0,0,0.01639344262295082,1.0,4.745960235595703,9
APA-RCA-v2+GNN,A2_etl_logic_error,medium_real,19,ETL_FX_STOCK_8_PRICE,REPORT_LIMIT,5.0,0,0,1,0.2,0.8,10.03122329711914,9
VAE+APA-RCA,A2_etl_logic_error,medium_real,19,ETL_FX_STOCK_8_PRICE,REPORT_LIMIT,21.0,0,0,0,0.047619047619047616,1.0,3.9129257202148438,9
VAE+APA-RCA+GNN,A2_etl_logic_error,medium_real,19,ETL_FX_STOCK_8_PRICE,REPORT_LIMIT,57.0,0,0,0,0.017543859649122806,1.0,3.9129257202148438,9
APA-RCA-v2+GNN,A2_etl_logic_error,medium_real,20,ETL_FX_STOCK_11_PRICE,REPORT_LIMIT,5.0,0,0,1,0.2,0.8,10.241031646728516,9
VAE+APA-RCA,A2_etl_logic_error,medium_real,20,ETL_FX_STOCK_11_PRICE,REPORT_LIMIT,25.0,0,0,0,0.04,1.0,6.786108016967773,9
VAE+APA-RCA+GNN,A2_etl_logic_error,medium_real,20,ETL_FX_STOCK_11_PRICE,REPORT_LIMIT,61.0,0,0,0,0.01639344262295082,1.0,6.786108016967773,9
APA-RCA-v2+GNN,A2_etl_logic_error,medium_real,21,ETL_FX_STOCK_4_PRICE,REPORT_LIMIT,4.0,0,0,1,0.25,0.8,1.5947818756103516,9
VAE+APA-RCA,A2_etl_logic_error,medium_real,21,ETL_FX_STOCK_4_PRICE,REPORT_LIMIT,14.0,0,0,0,0.07142857142857142,1.0,1.4147758483886719,9
VAE+APA-RCA+GNN,A2_etl_logic_error,medium_real,21,ETL_FX_STOCK_4_PRICE,REPORT_LIMIT,50.0,0,0,0,0.02,1.0,1.4147758483886719,9
APA-RCA-v2+GNN,A2_etl_logic_error,medium_real,22,ETL_FX_STOCK_10_PRICE,REPORT_LIMIT,4.0,0,0,1,0.25,0.8,1.4379024505615234,9
VAE+APA-RCA,A2_etl_logic_error,medium_real,22,ETL_FX_STOCK_10_PRICE,REPORT_LIMIT,13.0,0,0,0,0.07692307692307693,1.0,1.867055892944336,9
VAE+APA-RCA+GNN,A2_etl_logic_error,medium_real,22,ETL_FX_STOCK_10_PRICE,REPORT_LIMIT,49.0,0,0,0,0.02040816326530612,1.0,1.867055892944336,9
APA-RCA-v2+GNN,A2_etl_logic_error,medium_real,23,ETL_FX_STOCK_1_PRICE,REPORT_LIMIT,5.0,0,0,1,0.2,0.8,1.4388561248779297,9
VAE+APA-RCA,A2_etl_logic_error,medium_real,23,ETL_FX_STOCK_1_PRICE,REPORT_LIMIT,25.0,0,0,0,0.04,1.0,2.0720958709716797,9
VAE+APA-RCA+GNN,A2_etl_logic_error,medium_real,23,ETL_FX_STOCK_1_PRICE,REPORT_LIMIT,61.0,0,0,0,0.01639344262295082,1.0,2.0720958709716797,9
APA-RCA-v2+GNN,A2_etl_logic_error,medium_real,24,ETL_FX_STOCK_5_PRICE,REPORT_LIMIT,6.0,0,0,0,0.16666666666666666,1.0,3.086090087890625,9
VAE+APA-RCA,A2_etl_logic_error,medium_real,24,ETL_FX_STOCK_5_PRICE,REPORT_LIMIT,25.0,0,0,0,0.04,1.0,1.4421939849853516,9
VAE+APA-RCA+GNN,A2_etl_logic_error,medium_real,24,ETL_FX_STOCK_5_PRICE,REPORT_LIMIT,61.0,0,0,0,0.01639344262295082,1.0,1.4421939849853516,9
APA-RCA-v2+GNN,A2_etl_logic_error,medium_real,25,ETL_FX_STOCK_7_PRICE,REPORT_LIMIT,4.0,0,0,1,0.25,0.8,7.667064666748047,9
VAE+APA-RCA,A2_etl_logic_error,medium_real,25,ETL_FX_STOCK_7_PRICE,REPORT_LIMIT,25.0,0,0,0,0.04,1.0,1.4340877532958984,9
VAE+APA-RCA+GNN,A2_etl_logic_error,medium_real,25,ETL_FX_STOCK_7_PRICE,REPORT_LIMIT,61.0,0,0,0,0.01639344262295082,1.0,1.4340877532958984,9
APA-RCA-v2+GNN,A2_etl_logic_error,medium_real,26,ETL_FX_STOCK_11_PRICE,REPORT_LIMIT,5.0,0,0,1,0.2,0.8,3.859996795654297,9
VAE+APA-RCA,A2_etl_logic_error,medium_real,26,ETL_FX_STOCK_11_PRICE,REPORT_LIMIT,25.0,0,0,0,0.04,1.0,3.663778305053711,9
VAE+APA-RCA+GNN,A2_etl_logic_error,medium_real,26,ETL_FX_STOCK_11_PRICE,REPORT_LIMIT,61.0,0,0,0,0.01639344262295082,1.0,3.663778305053711,9
APA-RCA-v2+GNN,A2_etl_logic_error,medium_real,27,ETL_FX_STOCK_1_PRICE,REPORT_LIMIT,5.0,0,0,1,0.2,0.8,19.402027130126953,9
VAE+APA-RCA,A2_etl_logic_error,medium_real,27,ETL_FX_STOCK_1_PRICE,REPORT_LIMIT,25.0,0,0,0,0.04,1.0,1.4231204986572266,9
VAE+APA-RCA+GNN,A2_etl_logic_error,medium_real,27,ETL_FX_STOCK_1_PRICE,REPORT_LIMIT,61.0,0,0,0,0.01639344262295082,1.0,1.4231204986572266,9
APA-RCA-v2+GNN,A2_etl_logic_error,medium_real,28,ETL_FX_STOCK_8_PRICE,REPORT_LIMIT,5.0,0,0,1,0.2,0.8,4.975080490112305,9
VAE+APA-RCA,A2_etl_logic_error,medium_real,28,ETL_FX_STOCK_8_PRICE,REPORT_LIMIT,24.0,0,0,0,0.041666666666666664,1.0,1.4798641204833984,9
VAE+APA-RCA+GNN,A2_etl_logic_error,medium_real,28,ETL_FX_STOCK_8_PRICE,REPORT_LIMIT,60.0,0,0,0,0.016666666666666666,1.0,1.4798641204833984,9
APA-RCA-v2+GNN,A2_etl_logic_error,medium_real,29,ETL_FX_STOCK_12_PRICE,REPORT_LIMIT,6.0,0,0,0,0.16666666666666666,1.0,1.918792724609375,9
VAE+APA-RCA,A2_etl_logic_error,medium_real,29,ETL_FX_STOCK_12_PRICE,REPORT_LIMIT,25.0,0,0,0,0.04,1.0,1.377105712890625,9
VAE+APA-RCA+GNN,A2_etl_logic_error,medium_real,29,ETL_FX_STOCK_12_PRICE,REPORT_LIMIT,61.0,0,0,0,0.01639344262295082,1.0,1.377105712890625,9
APA-RCA-v2+GNN,A3_feature_calc_error,medium_real,0,FEAT_VOL20_STOCK_11_PRICE,REPORT_LIMIT,3.0,0,1,1,0.3333333333333333,0.8,3.3431053161621094,9
VAE+APA-RCA,A3_feature_calc_error,medium_real,0,FEAT_VOL20_STOCK_11_PRICE,REPORT_LIMIT,1.0,1,1,1,1.0,0.8,2.3009777069091797,9
VAE+APA-RCA+GNN,A3_feature_calc_error,medium_real,0,FEAT_VOL20_STOCK_11_PRICE,REPORT_LIMIT,1.0,1,1,1,1.0,0.8,2.3009777069091797,9
APA-RCA-v2+GNN,A3_feature_calc_error,medium_real,1,FEAT_VOL20_STOCK_6_PRICE,REPORT_LIMIT,3.0,0,1,1,0.3333333333333333,0.8,1.6009807586669922,9
VAE+APA-RCA,A3_feature_calc_error,medium_real,1,FEAT_VOL20_STOCK_6_PRICE,REPORT_LIMIT,1.0,1,1,1,1.0,0.8,1.4138221740722656,9
VAE+APA-RCA+GNN,A3_feature_calc_error,medium_real,1,FEAT_VOL20_STOCK_6_PRICE,REPORT_LIMIT,1.0,1,1,1,1.0,0.8,1.4138221740722656,9
APA-RCA-v2+GNN,A3_feature_calc_error,medium_real,2,FEAT_VOL20_STOCK_11_PRICE,REPORT_LIMIT,3.0,0,1,1,0.3333333333333333,0.8,1.46484375,9
VAE+APA-RCA,A3_feature_calc_error,medium_real,2,FEAT_VOL20_STOCK_11_PRICE,REPORT_LIMIT,1.0,1,1,1,1.0,0.8,1.4159679412841797,9
VAE+APA-RCA+GNN,A3_feature_calc_error,medium_real,2,FEAT_VOL20_STOCK_11_PRICE,REPORT_LIMIT,1.0,1,1,1,1.0,0.8,1.4159679412841797,9
APA-RCA-v2+GNN,A3_feature_calc_error,medium_real,3,FEAT_VOL20_STOCK_10_PRICE,REPORT_LIMIT,3.0,0,1,1,0.3333333333333333,0.8,1.4348030090332031,9
VAE+APA-RCA,A3_feature_calc_error,medium_real,3,FEAT_VOL20_STOCK_10_PRICE,REPORT_LIMIT,1.0,1,1,1,1.0,0.8,1.3699531555175781,9
VAE+APA-RCA+GNN,A3_feature_calc_error,medium_real,3,FEAT_VOL20_STOCK_10_PRICE,REPORT_LIMIT,1.0,1,1,1,1.0,0.8,1.3699531555175781,9
APA-RCA-v2+GNN,A3_feature_calc_error,medium_real,4,FEAT_VOL20_STOCK_9_PRICE,REPORT_LIMIT,4.0,0,0,1,0.25,0.8,3.0279159545898438,9
VAE+APA-RCA,A3_feature_calc_error,medium_real,4,FEAT_VOL20_STOCK_9_PRICE,REPORT_LIMIT,1.0,1,1,1,1.0,0.8,3.6652088165283203,9
VAE+APA-RCA+GNN,A3_feature_calc_error,medium_real,4,FEAT_VOL20_STOCK_9_PRICE,REPORT_LIMIT,1.0,1,1,1,1.0,0.8,3.6652088165283203,9
APA-RCA-v2+GNN,A3_feature_calc_error,medium_real,5,FEAT_VOL20_STOCK_9_PRICE,REPORT_LIMIT,4.0,0,0,1,0.25,0.8,1.9650459289550781,9
VAE+APA-RCA,A3_feature_calc_error,medium_real,5,FEAT_VOL20_STOCK_9_PRICE,REPORT_LIMIT,1.0,1,1,1,1.0,0.8,2.746105194091797,9
VAE+APA-RCA+GNN,A3_feature_calc_error,medium_real,5,FEAT_VOL20_STOCK_9_PRICE,REPORT_LIMIT,1.0,1,1,1,1.0,0.8,2.746105194091797,9
APA-RCA-v2+GNN,A3_feature_calc_error,medium_real,6,FEAT_VOL20_STOCK_6_PRICE,REPORT_LIMIT,3.0,0,1,1,0.3333333333333333,0.8,1.4801025390625,9
VAE+APA-RCA,A3_feature_calc_error,medium_real,6,FEAT_VOL20_STOCK_6_PRICE,REPORT_LIMIT,1.0,1,1,1,1.0,0.8,1.3720989227294922,9
VAE+APA-RCA+GNN,A3_feature_calc_error,medium_real,6,FEAT_VOL20_STOCK_6_PRICE,REPORT_LIMIT,1.0,1,1,1,1.0,0.8,1.3720989227294922,9
APA-RCA-v2+GNN,A3_feature_calc_error,medium_real,7,FEAT_VOL20_STOCK_12_PRICE,REPORT_LIMIT,3.0,0,1,1,0.3333333333333333,0.8,1.519918441772461,9
VAE+APA-RCA,A3_feature_calc_error,medium_real,7,FEAT_VOL20_STOCK_12_PRICE,REPORT_LIMIT,1.0,1,1,1,1.0,0.8,1.4488697052001953,9
VAE+APA-RCA+GNN,A3_feature_calc_error,medium_real,7,FEAT_VOL20_STOCK_12_PRICE,REPORT_LIMIT,1.0,1,1,1,1.0,0.8,1.4488697052001953,9
APA-RCA-v2+GNN,A3_feature_calc_error,medium_real,8,FEAT_VOL20_STOCK_9_PRICE,REPORT_LIMIT,4.0,0,0,1,0.25,0.8,1.4379024505615234,9
VAE+APA-RCA,A3_feature_calc_error,medium_real,8,FEAT_VOL20_STOCK_9_PRICE,REPORT_LIMIT,1.0,1,1,1,1.0,0.8,1.3718605041503906,9
VAE+APA-RCA+GNN,A3_feature_calc_error,medium_real,8,FEAT_VOL20_STOCK_9_PRICE,REPORT_LIMIT,1.0,1,1,1,1.0,0.8,1.3718605041503906,9
APA-RCA-v2+GNN,A3_feature_calc_error,medium_real,9,FEAT_VOL20_STOCK_6_PRICE,REPORT_LIMIT,3.0,0,1,1,0.3333333333333333,0.8,1.4388561248779297,9
VAE+APA-RCA,A3_feature_calc_error,medium_real,9,FEAT_VOL20_STOCK_6_PRICE,REPORT_LIMIT,1.0,1,1,1,1.0,0.8,1.4340877532958984,9
VAE+APA-RCA+GNN,A3_feature_calc_error,medium_real,9,FEAT_VOL20_STOCK_6_PRICE,REPORT_LIMIT,1.0,1,1,1,1.0,0.8,1.4340877532958984,9
APA-RCA-v2+GNN,A3_feature_calc_error,medium_real,10,FEAT_VOL20_STOCK_10_PRICE,REPORT_LIMIT,3.0,0,1,1,0.3333333333333333,0.8,1.4293193817138672,9
VAE+APA-RCA,A3_feature_calc_error,medium_real,10,FEAT_VOL20_STOCK_10_PRICE,REPORT_LIMIT,1.0,1,1,1,1.0,0.8,2.0072460174560547,9
VAE+APA-RCA+GNN,A3_feature_calc_error,medium_real,10,FEAT_VOL20_STOCK_10_PRICE,REPORT_LIMIT,1.0,1,1,1,1.0,0.8,2.0072460174560547,9
APA-RCA-v2+GNN,A3_feature_calc_error,medium_real,11,FEAT_VOL20_STOCK_2_PRICE,REPORT_LIMIT,3.0,0,1,1,0.3333333333333333,0.8,2.0301342010498047,9
VAE+APA-RCA,A3_feature_calc_error,medium_real,11,FEAT_VOL20_STOCK_2_PRICE,REPORT_LIMIT,13.0,0,0,0,0.07692307692307693,1.0,1.435995101928711,9
VAE+APA-RCA+GNN,A3_feature_calc_error,medium_real,11,FEAT_VOL20_STOCK_2_PRICE,REPORT_LIMIT,1.0,1,1,1,1.0,0.8,1.435995101928711,9
APA-RCA-v2+GNN,A3_feature_calc_error,medium_real,12,FEAT_VOL20_STOCK_8_PRICE,REPORT_LIMIT,3.0,0,1,1,0.3333333333333333,0.8,4.116296768188477,9
VAE+APA-RCA,A3_feature_calc_error,medium_real,12,FEAT_VOL20_STOCK_8_PRICE,REPORT_LIMIT,1.0,1,1,1,1.0,0.8,1.8732547760009766,9
VAE+APA-RCA+GNN,A3_feature_calc_error,medium_real,12,FEAT_VOL20_STOCK_8_PRICE,REPORT_LIMIT,1.0,1,1,1,1.0,0.8,1.8732547760009766,9
APA-RCA-v2+GNN,A3_feature_calc_error,medium_real,13,FEAT_VOL20_STOCK_11_PRICE,REPORT_LIMIT,3.0,0,1,1,0.3333333333333333,0.8,23.240089416503906,9
VAE+APA-RCA,A3_feature_calc_error,medium_real,13,FEAT_VOL20_STOCK_11_PRICE,REPORT_LIMIT,1.0,1,1,1,1.0,0.8,13.133049011230469,9
VAE+APA-RCA+GNN,A3_feature_calc_error,medium_real,13,FEAT_VOL20_STOCK_11_PRICE,REPORT_LIMIT,1.0,1,1,1,1.0,0.8,13.133049011230469,9
APA-RCA-v2+GNN,A3_feature_calc_error,medium_real,14,FEAT_VOL20_STOCK_2_PRICE,REPORT_LIMIT,3.0,0,1,1,0.3333333333333333,0.8,22.6590633392334,9
VAE+APA-RCA,A3_feature_calc_error,medium_real,14,FEAT_VOL20_STOCK_2_PRICE,REPORT_LIMIT,13.0,0,0,0,0.07692307692307693,1.0,12.407064437866211,9
VAE+APA-RCA+GNN,A3_feature_calc_error,medium_real,14,FEAT_VOL20_STOCK_2_PRICE,REPORT_LIMIT,1.0,1,1,1,1.0,0.8,12.407064437866211,9
APA-RCA-v2+GNN,A3_feature_calc_error,medium_real,15,FEAT_VOL20_STOCK_12_PRICE,REPORT_LIMIT,3.0,0,1,1,0.3333333333333333,0.8,2.151012420654297,9
VAE+APA-RCA,A3_feature_calc_error,medium_real,15,FEAT_VOL20_STOCK_12_PRICE,REPORT_LIMIT,1.0,1,1,1,1.0,0.8,2.344846725463867,9
VAE+APA-RCA+GNN,A3_feature_calc_error,medium_real,15,FEAT_VOL20_STOCK_12_PRICE,REPORT_LIMIT,1.0,1,1,1,1.0,0.8,2.344846725463867,9
APA-RCA-v2+GNN,A3_feature_calc_error,medium_real,16,FEAT_VOL20_STOCK_7_PRICE,REPORT_LIMIT,3.0,0,1,1,0.3333333333333333,0.8,1.5180110931396484,9
VAE+APA-RCA,A3_feature_calc_error,medium_real,16,FEAT_VOL20_STOCK_7_PRICE,REPORT_LIMIT,1.0,1,1,1,1.0,0.8,5.742788314819336,9
VAE+APA-RCA+GNN,A3_feature_calc_error,medium_real,16,FEAT_VOL20_STOCK_7_PRICE,REPORT_LIMIT,1.0,1,1,1,1.0,0.8,5.742788314819336,9
APA-RCA-v2+GNN,A3_feature_calc_error,medium_real,17,FEAT_VOL20_STOCK_9_PRICE,REPORT_LIMIT,4.0,0,0,1,0.25,0.8,1.4510154724121094,9
VAE+APA-RCA,A3_feature_calc_error,medium_real,17,FEAT_VOL20_STOCK_9_PRICE,REPORT_LIMIT,1.0,1,1,1,1.0,0.8,1.5239715576171875,9
VAE+APA-RCA+GNN,A3_feature_calc_error,medium_real,17,FEAT_VOL20_STOCK_9_PRICE,REPORT_LIMIT,1.0,1,1,1,1.0,0.8,1.5239715576171875,9
APA-RCA-v2+GNN,A3_feature_calc_error,medium_real,18,FEAT_VOL20_STOCK_11_PRICE,REPORT_LIMIT,3.0,0,1,1,0.3333333333333333,0.8,1.447916030883789,9
VAE+APA-RCA,A3_feature_calc_error,medium_real,18,FEAT_VOL20_STOCK_11_PRICE,REPORT_LIMIT,1.0,1,1,1,1.0,0.8,2.2430419921875,9
VAE+APA-RCA+GNN,A3_feature_calc_error,medium_real,18,FEAT_VOL20_STOCK_11_PRICE,REPORT_LIMIT,1.0,1,1,1,1.0,0.8,2.2430419921875,9
APA-RCA-v2+GNN,A3_feature_calc_error,medium_real,19,FEAT_VOL20_STOCK_8_PRICE,REPORT_LIMIT,3.0,0,1,1,0.3333333333333333,0.8,2.1560192108154297,9
VAE+APA-RCA,A3_feature_calc_error,medium_real,19,FEAT_VOL20_STOCK_8_PRICE,REPORT_LIMIT,1.0,1,1,1,1.0,0.8,1.361846923828125,9
VAE+APA-RCA+GNN,A3_feature_calc_error,medium_real,19,FEAT_VOL20_STOCK_8_PRICE,REPORT_LIMIT,1.0,1,1,1,1.0,0.8,1.361846923828125,9
APA-RCA-v2+GNN,A3_feature_calc_error,medium_real,20,FEAT_VOL20_STOCK_11_PRICE,REPORT_LIMIT,3.0,0,1,1,0.3333333333333333,0.8,1.4629364013671875,9
VAE+APA-RCA,A3_feature_calc_error,medium_real,20,FEAT_VOL20_STOCK_11_PRICE,REPORT_LIMIT,1.0,1,1,1,1.0,0.8,1.416921615600586,9
VAE+APA-RCA+GNN,A3_feature_calc_error,medium_real,20,FEAT_VOL20_STOCK_11_PRICE,REPORT_LIMIT,1.0,1,1,1,1.0,0.8,1.416921615600586,9
APA-RCA-v2+GNN,A3_feature_calc_error,medium_real,21,FEAT_VOL20_STOCK_4_PRICE,REPORT_LIMIT,3.0,0,1,1,0.3333333333333333,0.8,1.6210079193115234,9
VAE+APA-RCA,A3_feature_calc_error,medium_real,21,FEAT_VOL20_STOCK_4_PRICE,REPORT_LIMIT,1.0,1,1,1,1.0,0.8,3.9300918579101562,9
VAE+APA-RCA+GNN,A3_feature_calc_error,medium_real,21,FEAT_VOL20_STOCK_4_PRICE,REPORT_LIMIT,1.0,1,1,1,1.0,0.8,3.9300918579101562,9
APA-RCA-v2+GNN,A3_feature_calc_error,medium_real,22,FEAT_VOL20_STOCK_10_PRICE,REPORT_LIMIT,3.0,0,1,1,0.3333333333333333,0.8,1.4910697937011719,9
VAE+APA-RCA,A3_feature_calc_error,medium_real,22,FEAT_VOL20_STOCK_10_PRICE,REPORT_LIMIT,1.0,1,1,1,1.0,0.8,1.4410018920898438,9
VAE+APA-RCA+GNN,A3_feature_calc_error,medium_real,22,FEAT_VOL20_STOCK_10_PRICE,REPORT_LIMIT,1.0,1,1,1,1.0,0.8,1.4410018920898438,9
APA-RCA-v2+GNN,A3_feature_calc_error,medium_real,23,FEAT_VOL20_STOCK_1_PRICE,REPORT_LIMIT,3.0,0,1,1,0.3333333333333333,0.8,2.775907516479492,9
VAE+APA-RCA,A3_feature_calc_error,medium_real,23,FEAT_VOL20_STOCK_1_PRICE,REPORT_LIMIT,1.0,1,1,1,1.0,0.8,1.409769058227539,9
VAE+APA-RCA+GNN,A3_feature_calc_error,medium_real,23,FEAT_VOL20_STOCK_1_PRICE,REPORT_LIMIT,1.0,1,1,1,1.0,0.8,1.409769058227539,9
APA-RCA-v2+GNN,A3_feature_calc_error,medium_real,24,FEAT_VOL20_STOCK_5_PRICE,REPORT_LIMIT,3.0,0,1,1,0.3333333333333333,0.8,6.12187385559082,9
VAE+APA-RCA,A3_feature_calc_error,medium_real,24,FEAT_VOL20_STOCK_5_PRICE,REPORT_LIMIT,1.0,1,1,1,1.0,0.8,2.7000904083251953,9
VAE+APA-RCA+GNN,A3_feature_calc_error,medium_real,24,FEAT_VOL20_STOCK_5_PRICE,REPORT_LIMIT,1.0,1,1,1,1.0,0.8,2.7000904083251953,9
APA-RCA-v2+GNN,A3_feature_calc_error,medium_real,25,FEAT_VOL20_STOCK_7_PRICE,REPORT_LIMIT,3.0,0,1,1,0.3333333333333333,0.8,1.5649795532226562,9
VAE+APA-RCA,A3_feature_calc_error,medium_real,25,FEAT_VOL20_STOCK_7_PRICE,REPORT_LIMIT,1.0,1,1,1,1.0,0.8,1.3689994812011719,9
VAE+APA-RCA+GNN,A3_feature_calc_error,medium_real,25,FEAT_VOL20_STOCK_7_PRICE,REPORT_LIMIT,1.0,1,1,1,1.0,0.8,1.3689994812011719,9
APA-RCA-v2+GNN,A3_feature_calc_error,medium_real,26,FEAT_VOL20_STOCK_11_PRICE,REPORT_LIMIT,3.0,0,1,1,0.3333333333333333,0.8,1.5401840209960938,9
VAE+APA-RCA,A3_feature_calc_error,medium_real,26,FEAT_VOL20_STOCK_11_PRICE,REPORT_LIMIT,1.0,1,1,1,1.0,0.8,1.4226436614990234,9
VAE+APA-RCA+GNN,A3_feature_calc_error,medium_real,26,FEAT_VOL20_STOCK_11_PRICE,REPORT_LIMIT,1.0,1,1,1,1.0,0.8,1.4226436614990234,9
APA-RCA-v2+GNN,A3_feature_calc_error,medium_real,27,FEAT_VOL20_STOCK_1_PRICE,REPORT_LIMIT,3.0,0,1,1,0.3333333333333333,0.8,1.7960071563720703,9
VAE+APA-RCA,A3_feature_calc_error,medium_real,27,FEAT_VOL20_STOCK_1_PRICE,REPORT_LIMIT,1.0,1,1,1,1.0,0.8,1.413106918334961,9
VAE+APA-RCA+GNN,A3_feature_calc_error,medium_real,27,FEAT_VOL20_STOCK_1_PRICE,REPORT_LIMIT,1.0,1,1,1,1.0,0.8,1.413106918334961,9
APA-RCA-v2+GNN,A3_feature_calc_error,medium_real,28,FEAT_VOL20_STOCK_8_PRICE,REPORT_LIMIT,3.0,0,1,1,0.3333333333333333,0.8,3.420114517211914,9
VAE+APA-RCA,A3_feature_calc_error,medium_real,28,FEAT_VOL20_STOCK_8_PRICE,REPORT_LIMIT,1.0,1,1,1,1.0,0.8,1.4600753784179688,9
VAE+APA-RCA+GNN,A3_feature_calc_error,medium_real,28,FEAT_VOL20_STOCK_8_PRICE,REPORT_LIMIT,1.0,1,1,1,1.0,0.8,1.4600753784179688,9
APA-RCA-v2+GNN,A3_feature_calc_error,medium_real,29,FEAT_VOL20_STOCK_12_PRICE,REPORT_LIMIT,3.0,0,1,1,0.3333333333333333,0.8,24.818897247314453,9
VAE+APA-RCA,A3_feature_calc_error,medium_real,29,FEAT_VOL20_STOCK_12_PRICE,REPORT_LIMIT,1.0,1,1,1,1.0,0.8,18.13507080078125,9
VAE+APA-RCA+GNN,A3_feature_calc_error,medium_real,29,FEAT_VOL20_STOCK_12_PRICE,REPORT_LIMIT,1.0,1,1,1,1.0,0.8,18.13507080078125,9
APA-RCA-v2+GNN,A4_aggregation_error,medium_real,0,FEAT_SECTOR_B,REPORT_LIMIT,105.0,0,0,0,0.009523809523809525,1.0,1.4312267303466797,9
VAE+APA-RCA,A4_aggregation_error,medium_real,0,FEAT_SECTOR_B,REPORT_LIMIT,102.0,0,0,0,0.00980392156862745,1.0,2.8319358825683594,9
VAE+APA-RCA+GNN,A4_aggregation_error,medium_real,0,FEAT_SECTOR_B,REPORT_LIMIT,4.0,0,0,1,0.25,0.8,2.8319358825683594,9
APA-RCA-v2+GNN,A4_aggregation_error,medium_real,1,FEAT_SECTOR_A,REPORT_LIMIT,120.0,0,0,0,0.008333333333333333,1.0,1.522064208984375,9
VAE+APA-RCA,A4_aggregation_error,medium_real,1,FEAT_SECTOR_A,REPORT_LIMIT,101.0,0,0,0,0.009900990099009901,1.0,1.3909339904785156,9
VAE+APA-RCA+GNN,A4_aggregation_error,medium_real,1,FEAT_SECTOR_A,REPORT_LIMIT,1.0,1,1,1,1.0,0.8,1.3909339904785156,9
APA-RCA-v2+GNN,A4_aggregation_error,medium_real,2,FEAT_SECTOR_B,REPORT_LIMIT,105.0,0,0,0,0.009523809523809525,1.0,1.4128684997558594,9
VAE+APA-RCA,A4_aggregation_error,medium_real,2,FEAT_SECTOR_B,REPORT_LIMIT,102.0,0,0,0,0.00980392156862745,1.0,7.112979888916016,9
VAE+APA-RCA+GNN,A4_aggregation_error,medium_real,2,FEAT_SECTOR_B,REPORT_LIMIT,22.0,0,0,0,0.045454545454545456,1.0,7.112979888916016,9
APA-RCA-v2+GNN,A4_aggregation_error,medium_real,3,FEAT_SECTOR_B,REPORT_LIMIT,117.0,0,0,0,0.008547008547008548,1.0,1.4481544494628906,9
VAE+APA-RCA,A4_aggregation_error,medium_real,3,FEAT_SECTOR_B,REPORT_LIMIT,102.0,0,0,0,0.00980392156862745,1.0,1.3701915740966797,9
VAE+APA-RCA+GNN,A4_aggregation_error,medium_real,3,FEAT_SECTOR_B,REPORT_LIMIT,4.0,0,0,1,0.25,0.8,1.3701915740966797,9
APA-RCA-v2+GNN,A4_aggregation_error,medium_real,4,FEAT_SECTOR_B,REPORT_LIMIT,117.0,0,0,0,0.008547008547008548,1.0,2.38800048828125,9
VAE+APA-RCA,A4_aggregation_error,medium_real,4,FEAT_SECTOR_B,REPORT_LIMIT,102.0,0,0,0,0.00980392156862745,1.0,4.377126693725586,9
VAE+APA-RCA+GNN,A4_aggregation_error,medium_real,4,FEAT_SECTOR_B,REPORT_LIMIT,4.0,0,0,1,0.25,0.8,4.377126693725586,9
APA-RCA-v2+GNN,A4_aggregation_error,medium_real,5,FEAT_SECTOR_B,REPORT_LIMIT,117.0,0,0,0,0.008547008547008548,1.0,2.046346664428711,9
VAE+APA-RCA,A4_aggregation_error,medium_real,5,FEAT_SECTOR_B,REPORT_LIMIT,102.0,0,0,0,0.00980392156862745,1.0,1.3689994812011719,9
VAE+APA-RCA+GNN,A4_aggregation_error,medium_real,5,FEAT_SECTOR_B,REPORT_LIMIT,22.0,0,0,0,0.045454545454545456,1.0,1.3689994812011719,9
APA-RCA-v2+GNN,A4_aggregation_error,medium_real,6,FEAT_SECTOR_A,REPORT_LIMIT,120.0,0,0,0,0.008333333333333333,1.0,1.5370845794677734,9
VAE+APA-RCA,A4_aggregation_error,medium_real,6,FEAT_SECTOR_A,REPORT_LIMIT,101.0,0,0,0,0.009900990099009901,1.0,1.9519329071044922,9
VAE+APA-RCA+GNN,A4_aggregation_error,medium_real,6,FEAT_SECTOR_A,REPORT_LIMIT,6.0,0,0,0,0.16666666666666666,1.0,1.9519329071044922,9
APA-RCA-v2+GNN,A4_aggregation_error,medium_real,7,FEAT_SECTOR_B,REPORT_LIMIT,105.0,0,0,0,0.009523809523809525,1.0,1.4488697052001953,9
VAE+APA-RCA,A4_aggregation_error,medium_real,7,FEAT_SECTOR_B,REPORT_LIMIT,102.0,0,0,0,0.00980392156862745,1.0,1.397848129272461,9
VAE+APA-RCA+GNN,A4_aggregation_error,medium_real,7,FEAT_SECTOR_B,REPORT_LIMIT,22.0,0,0,0,0.045454545454545456,1.0,1.397848129272461,9
APA-RCA-v2+GNN,A4_aggregation_error,medium_real,8,FEAT_SECTOR_B,REPORT_LIMIT,117.0,0,0,0,0.008547008547008548,1.0,2.536296844482422,9
VAE+APA-RCA,A4_aggregation_error,medium_real,8,FEAT_SECTOR_B,REPORT_LIMIT,102.0,0,0,0,0.00980392156862745,1.0,1.3990402221679688,9
VAE+APA-RCA+GNN,A4_aggregation_error,medium_real,8,FEAT_SECTOR_B,REPORT_LIMIT,4.0,0,0,1,0.25,0.8,1.3990402221679688,9
APA-RCA-v2+GNN,A4_aggregation_error,medium_real,9,FEAT_SECTOR_A,REPORT_LIMIT,120.0,0,0,0,0.008333333333333333,1.0,1.425027847290039,9
VAE+APA-RCA,A4_aggregation_error,medium_real,9,FEAT_SECTOR_A,REPORT_LIMIT,101.0,0,0,0,0.009900990099009901,1.0,1.4138221740722656,9
VAE+APA-RCA+GNN,A4_aggregation_error,medium_real,9,FEAT_SECTOR_A,REPORT_LIMIT,4.0,0,0,1,0.25,0.8,1.4138221740722656,9
APA-RCA-v2+GNN,A4_aggregation_error,medium_real,10,FEAT_SECTOR_B,REPORT_LIMIT,117.0,0,0,0,0.008547008547008548,1.0,1.5077590942382812,9
VAE+APA-RCA,A4_aggregation_error,medium_real,10,FEAT_SECTOR_B,REPORT_LIMIT,102.0,0,0,0,0.00980392156862745,1.0,1.413106918334961,9
VAE+APA-RCA+GNN,A4_aggregation_error,medium_real,10,FEAT_SECTOR_B,REPORT_LIMIT,4.0,0,0,1,0.25,0.8,1.413106918334961,9
APA-RCA-v2+GNN,A4_aggregation_error,medium_real,11,FEAT_SECTOR_A,REPORT_LIMIT,114.0,0,0,0,0.008771929824561403,1.0,5.950927734375,9
VAE+APA-RCA,A4_aggregation_error,medium_real,11,FEAT_SECTOR_A,REPORT_LIMIT,101.0,0,0,0,0.009900990099009901,1.0,99.16400909423828,9
VAE+APA-RCA+GNN,A4_aggregation_error,medium_real,11,FEAT_SECTOR_A,REPORT_LIMIT,1.0,1,1,1,1.0,0.8,99.16400909423828,9
APA-RCA-v2+GNN,A4_aggregation_error,medium_real,12,FEAT_SECTOR_B,REPORT_LIMIT,124.0,0,0,0,0.008064516129032258,1.0,2.9561519622802734,9
VAE+APA-RCA,A4_aggregation_error,medium_real,12,FEAT_SECTOR_B,REPORT_LIMIT,102.0,0,0,0,0.00980392156862745,1.0,1.7809867858886719,9
VAE+APA-RCA+GNN,A4_aggregation_error,medium_real,12,FEAT_SECTOR_B,REPORT_LIMIT,3.0,0,1,1,0.3333333333333333,0.8,1.7809867858886719,9
APA-RCA-v2+GNN,A4_aggregation_error,medium_real,13,FEAT_SECTOR_B,REPORT_LIMIT,105.0,0,0,0,0.009523809523809525,1.0,1.5299320220947266,9
VAE+APA-RCA,A4_aggregation_error,medium_real,13,FEAT_SECTOR_B,REPORT_LIMIT,102.0,0,0,0,0.00980392156862745,1.0,1.7430782318115234,9
VAE+APA-RCA+GNN,A4_aggregation_error,medium_real,13,FEAT_SECTOR_B,REPORT_LIMIT,4.0,0,0,1,0.25,0.8,1.7430782318115234,9
APA-RCA-v2+GNN,A4_aggregation_error,medium_real,14,FEAT_SECTOR_A,REPORT_LIMIT,114.0,0,0,0,0.008771929824561403,1.0,1.7900466918945312,9
VAE+APA-RCA,A4_aggregation_error,medium_real,14,FEAT_SECTOR_A,REPORT_LIMIT,101.0,0,0,0,0.009900990099009901,1.0,3.3516883850097656,9
VAE+APA-RCA+GNN,A4_aggregation_error,medium_real,14,FEAT_SECTOR_A,REPORT_LIMIT,1.0,1,1,1,1.0,0.8,3.3516883850097656,9
APA-RCA-v2+GNN,A4_aggregation_error,medium_real,15,FEAT_SECTOR_B,REPORT_LIMIT,105.0,0,0,0,0.009523809523809525,1.0,1.4348030090332031,9
VAE+APA-RCA,A4_aggregation_error,medium_real,15,FEAT_SECTOR_B,REPORT_LIMIT,102.0,0,0,0,0.00980392156862745,1.0,1.8529891967773438,9
VAE+APA-RCA+GNN,A4_aggregation_error,medium_real,15,FEAT_SECTOR_B,REPORT_LIMIT,3.0,0,1,1,0.3333333333333333,0.8,1.8529891967773438,9
APA-RCA-v2+GNN,A4_aggregation_error,medium_real,16,FEAT_SECTOR_B,REPORT_LIMIT,124.0,0,0,0,0.008064516129032258,1.0,1.4791488647460938,9
VAE+APA-RCA,A4_aggregation_error,medium_real,16,FEAT_SECTOR_B,REPORT_LIMIT,102.0,0,0,0,0.00980392156862745,1.0,1.3849735260009766,9
VAE+APA-RCA+GNN,A4_aggregation_error,medium_real,16,FEAT_SECTOR_B,REPORT_LIMIT,4.0,0,0,1,0.25,0.8,1.3849735260009766,9
APA-RCA-v2+GNN,A4_aggregation_error,medium_real,17,FEAT_SECTOR_B,REPORT_LIMIT,117.0,0,0,0,0.008547008547008548,1.0,2.246856689453125,9
VAE+APA-RCA,A4_aggregation_error,medium_real,17,FEAT_SECTOR_B,REPORT_LIMIT,102.0,0,0,0,0.00980392156862745,1.0,2.2590160369873047,9
VAE+APA-RCA+GNN,A4_aggregation_error,medium_real,17,FEAT_SECTOR_B,REPORT_LIMIT,22.0,0,0,0,0.045454545454545456,1.0,2.2590160369873047,9
APA-RCA-v2+GNN,A4_aggregation_error,medium_real,18,FEAT_SECTOR_B,REPORT_LIMIT,105.0,0,0,0,0.009523809523809525,1.0,2.7129650115966797,9
VAE+APA-RCA,A4_aggregation_error,medium_real,18,FEAT_SECTOR_B,REPORT_LIMIT,102.0,0,0,0,0.00980392156862745,1.0,1.4028549194335938,9
VAE+APA-RCA+GNN,A4_aggregation_error,medium_real,18,FEAT_SECTOR_B,REPORT_LIMIT,22.0,0,0,0,0.045454545454545456,1.0,1.4028549194335938,9
APA-RCA-v2+GNN,A4_aggregation_error,medium_real,19,FEAT_SECTOR_B,REPORT_LIMIT,124.0,0,0,0,0.008064516129032258,1.0,1.4736652374267578,9
VAE+APA-RCA,A4_aggregation_error,medium_real,19,FEAT_SECTOR_B,REPORT_LIMIT,102.0,0,0,0,0.00980392156862745,1.0,2.26593017578125,9
VAE+APA-RCA+GNN,A4_aggregation_error,medium_real,19,FEAT_SECTOR_B,REPORT_LIMIT,3.0,0,1,1,0.3333333333333333,0.8,2.26593017578125,9
APA-RCA-v2+GNN,A4_aggregation_error,medium_real,20,FEAT_SECTOR_B,REPORT_LIMIT,105.0,0,0,0,0.009523809523809525,1.0,2.2399425506591797,9
VAE+APA-RCA,A4_aggregation_error,medium_real,20,FEAT_SECTOR_B,REPORT_LIMIT,102.0,0,0,0,0.00980392156862745,1.0,2.1021366119384766,9
VAE+APA-RCA+GNN,A4_aggregation_error,medium_real,20,FEAT_SECTOR_B,REPORT_LIMIT,4.0,0,0,1,0.25,0.8,2.1021366119384766,9
APA-RCA-v2+GNN,A4_aggregation_error,medium_real,21,FEAT_SECTOR_A,REPORT_LIMIT,114.0,0,0,0,0.008771929824561403,1.0,12.27116584777832,9
VAE+APA-RCA,A4_aggregation_error,medium_real,21,FEAT_SECTOR_A,REPORT_LIMIT,101.0,0,0,0,0.009900990099009901,1.0,4.557132720947266,9
VAE+APA-RCA+GNN,A4_aggregation_error,medium_real,21,FEAT_SECTOR_A,REPORT_LIMIT,1.0,1,1,1,1.0,0.8,4.557132720947266,9
APA-RCA-v2+GNN,A4_aggregation_error,medium_real,22,FEAT_SECTOR_B,REPORT_LIMIT,117.0,0,0,0,0.008547008547008548,1.0,1.5358924865722656,9
VAE+APA-RCA,A4_aggregation_error,medium_real,22,FEAT_SECTOR_B,REPORT_LIMIT,102.0,0,0,0,0.00980392156862745,1.0,1.3651847839355469,9
VAE+APA-RCA+GNN,A4_aggregation_error,medium_real,22,FEAT_SECTOR_B,REPORT_LIMIT,4.0,0,0,1,0.25,0.8,1.3651847839355469,9
APA-RCA-v2+GNN,A4_aggregation_error,medium_real,23,FEAT_SECTOR_A,REPORT_LIMIT,114.0,0,0,0,0.008771929824561403,1.0,1.6980171203613281,9
VAE+APA-RCA,A4_aggregation_error,medium_real,23,FEAT_SECTOR_A,REPORT_LIMIT,101.0,0,0,0,0.009900990099009901,1.0,7.183074951171875,9
VAE+APA-RCA+GNN,A4_aggregation_error,medium_real,23,FEAT_SECTOR_A,REPORT_LIMIT,4.0,0,0,1,0.25,0.8,7.183074951171875,9
APA-RCA-v2+GNN,A4_aggregation_error,medium_real,24,FEAT_SECTOR_A,REPORT_LIMIT,120.0,0,0,0,0.008333333333333333,1.0,9.544134140014648,9
VAE+APA-RCA,A4_aggregation_error,medium_real,24,FEAT_SECTOR_A,REPORT_LIMIT,101.0,0,0,0,0.009900990099009901,1.0,3.821849822998047,9
VAE+APA-RCA+GNN,A4_aggregation_error,medium_real,24,FEAT_SECTOR_A,REPORT_LIMIT,1.0,1,1,1,1.0,0.8,3.821849822998047,9
APA-RCA-v2+GNN,A4_aggregation_error,medium_real,25,FEAT_SECTOR_B,REPORT_LIMIT,124.0,0,0,0,0.008064516129032258,1.0,3.377199172973633,9
VAE+APA-RCA,A4_aggregation_error,medium_real,25,FEAT_SECTOR_B,REPORT_LIMIT,102.0,0,0,0,0.00980392156862745,1.0,1.6438961029052734,9
VAE+APA-RCA+GNN,A4_aggregation_error,medium_real,25,FEAT_SECTOR_B,REPORT_LIMIT,4.0,0,0,1,0.25,0.8,1.6438961029052734,9
APA-RCA-v2+GNN,A4_aggregation_error,medium_real,26,FEAT_SECTOR_B,REPORT_LIMIT,105.0,0,0,0,0.009523809523809525,1.0,13.795137405395508,9
VAE+APA-RCA,A4_aggregation_error,medium_real,26,FEAT_SECTOR_B,REPORT_LIMIT,102.0,0,0,0,0.00980392156862745,1.0,3.844022750854492,9
VAE+APA-RCA+GNN,A4_aggregation_error,medium_real,26,FEAT_SECTOR_B,REPORT_LIMIT,4.0,0,0,1,0.25,0.8,3.844022750854492,9
APA-RCA-v2+GNN,A4_aggregation_error,medium_real,27,FEAT_SECTOR_A,REPORT_LIMIT,114.0,0,0,0,0.008771929824561403,1.0,1.4641284942626953,9
VAE+APA-RCA,A4_aggregation_error,medium_real,27,FEAT_SECTOR_A,REPORT_LIMIT,101.0,0,0,0,0.009900990099009901,1.0,3.7789344787597656,9
VAE+APA-RCA+GNN,A4_aggregation_error,medium_real,27,FEAT_SECTOR_A,REPORT_LIMIT,1.0,1,1,1,1.0,0.8,3.7789344787597656,9
APA-RCA-v2+GNN,A4_aggregation_error,medium_real,28,FEAT_SECTOR_B,REPORT_LIMIT,124.0,0,0,0,0.008064516129032258,1.0,4.377841949462891,9
VAE+APA-RCA,A4_aggregation_error,medium_real,28,FEAT_SECTOR_B,REPORT_LIMIT,102.0,0,0,0,0.00980392156862745,1.0,5.412817001342773,9
VAE+APA-RCA+GNN,A4_aggregation_error,medium_real,28,FEAT_SECTOR_B,REPORT_LIMIT,22.0,0,0,0,0.045454545454545456,1.0,5.412817001342773,9
APA-RCA-v2+GNN,A4_aggregation_error,medium_real,29,FEAT_SECTOR_B,REPORT_LIMIT,105.0,0,0,0,0.009523809523809525,1.0,1.6512870788574219,9
VAE+APA-RCA,A4_aggregation_error,medium_real,29,FEAT_SECTOR_B,REPORT_LIMIT,102.0,0,0,0,0.00980392156862745,1.0,1.405954360961914,9
VAE+APA-RCA+GNN,A4_aggregation_error,medium_real,29,FEAT_SECTOR_B,REPORT_LIMIT,3.0,0,1,1,0.3333333333333333,0.8,1.405954360961914,9
APA-RCA-v2+GNN,A5_downstream_masking,medium_real,0,SRC_STOCK_11_PRICE,REPORT_LIMIT,13.0,0,0,0,0.07692307692307693,1.0,3.2999515533447266,9
VAE+APA-RCA,A5_downstream_masking,medium_real,0,SRC_STOCK_11_PRICE,REPORT_LIMIT,15.0,0,0,0,0.06666666666666667,1.0,1.928091049194336,9
VAE+APA-RCA+GNN,A5_downstream_masking,medium_real,0,SRC_STOCK_11_PRICE,REPORT_LIMIT,51.0,0,0,0,0.0196078431372549,1.0,1.928091049194336,9
APA-RCA-v2+GNN,A5_downstream_masking,medium_real,1,SRC_STOCK_6_PRICE,REPORT_LIMIT,7.0,0,0,0,0.14285714285714285,1.0,11.382818222045898,9
VAE+APA-RCA,A5_downstream_masking,medium_real,1,SRC_STOCK_6_PRICE,REPORT_LIMIT,14.0,0,0,0,0.07142857142857142,1.0,1.4820098876953125,9
VAE+APA-RCA+GNN,A5_downstream_masking,medium_real,1,SRC_STOCK_6_PRICE,REPORT_LIMIT,47.0,0,0,0,0.02127659574468085,1.0,1.4820098876953125,9
APA-RCA-v2+GNN,A5_downstream_masking,medium_real,2,SRC_STOCK_11_PRICE,REPORT_LIMIT,8.0,0,0,0,0.125,1.0,2.0749568939208984,9
VAE+APA-RCA,A5_downstream_masking,medium_real,2,SRC_STOCK_11_PRICE,REPORT_LIMIT,15.0,0,0,0,0.06666666666666667,1.0,1.3670921325683594,9
VAE+APA-RCA+GNN,A5_downstream_masking,medium_real,2,SRC_STOCK_11_PRICE,REPORT_LIMIT,51.0,0,0,0,0.0196078431372549,1.0,1.3670921325683594,9
APA-RCA-v2+GNN,A5_downstream_masking,medium_real,3,SRC_STOCK_10_PRICE,REPORT_LIMIT,5.0,0,0,1,0.2,0.8,1.4319419860839844,9
VAE+APA-RCA,A5_downstream_masking,medium_real,3,SRC_STOCK_10_PRICE,REPORT_LIMIT,13.0,0,0,0,0.07692307692307693,1.0,1.3699531555175781,9
VAE+APA-RCA+GNN,A5_downstream_masking,medium_real,3,SRC_STOCK_10_PRICE,REPORT_LIMIT,49.0,0,0,0,0.02040816326530612,1.0,1.3699531555175781,9
APA-RCA-v2+GNN,A5_downstream_masking,medium_real,4,SRC_STOCK_9_PRICE,REPORT_LIMIT,1.0,1,1,1,1.0,0.8,1.7697811126708984,9
VAE+APA-RCA,A5_downstream_masking,medium_real,4,SRC_STOCK_9_PRICE,REPORT_LIMIT,13.0,0,0,0,0.07692307692307693,1.0,1.4150142669677734,9
VAE+APA-RCA+GNN,A5_downstream_masking,medium_real,4,SRC_STOCK_9_PRICE,REPORT_LIMIT,49.0,0,0,0,0.02040816326530612,1.0,1.4150142669677734,9
APA-RCA-v2+GNN,A5_downstream_masking,medium_real,5,SRC_STOCK_9_PRICE,REPORT_LIMIT,1.0,1,1,1,1.0,0.8,1.4901161193847656,9
VAE+APA-RCA,A5_downstream_masking,medium_real,5,SRC_STOCK_9_PRICE,REPORT_LIMIT,13.0,0,0,0,0.07692307692307693,1.0,1.374959945678711,9
VAE+APA-RCA+GNN,A5_downstream_masking,medium_real,5,SRC_STOCK_9_PRICE,REPORT_LIMIT,49.0,0,0,0,0.02040816326530612,1.0,1.374959945678711,9
APA-RCA-v2+GNN,A5_downstream_masking,medium_real,6,SRC_STOCK_6_PRICE,REPORT_LIMIT,7.0,0,0,0,0.14285714285714285,1.0,1.3959407806396484,9
VAE+APA-RCA,A5_downstream_masking,medium_real,6,SRC_STOCK_6_PRICE,REPORT_LIMIT,14.0,0,0,0,0.07142857142857142,1.0,1.3933181762695312,9
VAE+APA-RCA+GNN,A5_downstream_masking,medium_real,6,SRC_STOCK_6_PRICE,REPORT_LIMIT,47.0,0,0,0,0.02127659574468085,1.0,1.3933181762695312,9
APA-RCA-v2+GNN,A5_downstream_masking,medium_real,7,SRC_STOCK_12_PRICE,REPORT_LIMIT,3.0,0,1,1,0.3333333333333333,0.8,2.5892257690429688,9
VAE+APA-RCA,A5_downstream_masking,medium_real,7,SRC_STOCK_12_PRICE,REPORT_LIMIT,15.0,0,0,0,0.06666666666666667,1.0,1.6760826110839844,9
VAE+APA-RCA+GNN,A5_downstream_masking,medium_real,7,SRC_STOCK_12_PRICE,REPORT_LIMIT,51.0,0,0,0,0.0196078431372549,1.0,1.6760826110839844,9
APA-RCA-v2+GNN,A5_downstream_masking,medium_real,8,SRC_STOCK_9_PRICE,REPORT_LIMIT,1.0,1,1,1,1.0,0.8,1.5599727630615234,9
VAE+APA-RCA,A5_downstream_masking,medium_real,8,SRC_STOCK_9_PRICE,REPORT_LIMIT,13.0,0,0,0,0.07692307692307693,1.0,6.440877914428711,9
VAE+APA-RCA+GNN,A5_downstream_masking,medium_real,8,SRC_STOCK_9_PRICE,REPORT_LIMIT,49.0,0,0,0,0.02040816326530612,1.0,6.440877914428711,9
APA-RCA-v2+GNN,A5_downstream_masking,medium_real,9,SRC_STOCK_6_PRICE,REPORT_LIMIT,7.0,0,0,0,0.14285714285714285,1.0,1.45721435546875,9
VAE+APA-RCA,A5_downstream_masking,medium_real,9,SRC_STOCK_6_PRICE,REPORT_LIMIT,14.0,0,0,0,0.07142857142857142,1.0,1.7998218536376953,9
VAE+APA-RCA+GNN,A5_downstream_masking,medium_real,9,SRC_STOCK_6_PRICE,REPORT_LIMIT,47.0,0,0,0,0.02127659574468085,1.0,1.7998218536376953,9
APA-RCA-v2+GNN,A5_downstream_masking,medium_real,10,SRC_STOCK_10_PRICE,REPORT_LIMIT,5.0,0,0,1,0.2,0.8,8.016109466552734,9
VAE+APA-RCA,A5_downstream_masking,medium_real,10,SRC_STOCK_10_PRICE,REPORT_LIMIT,13.0,0,0,0,0.07692307692307693,1.0,4.549980163574219,9
VAE+APA-RCA+GNN,A5_downstream_masking,medium_real,10,SRC_STOCK_10_PRICE,REPORT_LIMIT,49.0,0,0,0,0.02040816326530612,1.0,4.549980163574219,9
APA-RCA-v2+GNN,A5_downstream_masking,medium_real,11,SRC_STOCK_2_PRICE,REPORT_LIMIT,7.0,0,0,0,0.14285714285714285,1.0,3.1249523162841797,9
VAE+APA-RCA,A5_downstream_masking,medium_real,11,SRC_STOCK_2_PRICE,REPORT_LIMIT,1.0,1,1,1,1.0,0.8,1.371145248413086,9
VAE+APA-RCA+GNN,A5_downstream_masking,medium_real,11,SRC_STOCK_2_PRICE,REPORT_LIMIT,1.0,1,1,1,1.0,0.8,1.371145248413086,9
APA-RCA-v2+GNN,A5_downstream_masking,medium_real,12,SRC_STOCK_8_PRICE,REPORT_LIMIT,5.0,0,0,1,0.2,0.8,7.692813873291016,9
VAE+APA-RCA,A5_downstream_masking,medium_real,12,SRC_STOCK_8_PRICE,REPORT_LIMIT,1.0,1,1,1,1.0,0.8,5.585908889770508,9
VAE+APA-RCA+GNN,A5_downstream_masking,medium_real,12,SRC_STOCK_8_PRICE,REPORT_LIMIT,2.0,0,1,1,0.5,0.8,5.585908889770508,9
APA-RCA-v2+GNN,A5_downstream_masking,medium_real,13,SRC_STOCK_11_PRICE,REPORT_LIMIT,25.0,0,0,0,0.04,1.0,1.4278888702392578,9
VAE+APA-RCA,A5_downstream_masking,medium_real,13,SRC_STOCK_11_PRICE,REPORT_LIMIT,13.0,0,0,0,0.07692307692307693,1.0,1.3980865478515625,9
VAE+APA-RCA+GNN,A5_downstream_masking,medium_real,13,SRC_STOCK_11_PRICE,REPORT_LIMIT,49.0,0,0,0,0.02040816326530612,1.0,1.3980865478515625,9
APA-RCA-v2+GNN,A5_downstream_masking,medium_real,14,SRC_STOCK_2_PRICE,REPORT_LIMIT,7.0,0,0,0,0.14285714285714285,1.0,22.964000701904297,9
VAE+APA-RCA,A5_downstream_masking,medium_real,14,SRC_STOCK_2_PRICE,REPORT_LIMIT,1.0,1,1,1,1.0,0.8,25.185108184814453,9
VAE+APA-RCA+GNN,A5_downstream_masking,medium_real,14,SRC_STOCK_2_PRICE,REPORT_LIMIT,1.0,1,1,1,1.0,0.8,25.185108184814453,9
APA-RCA-v2+GNN,A5_downstream_masking,medium_real,15,SRC_STOCK_12_PRICE,REPORT_LIMIT,3.0,0,1,1,0.3333333333333333,0.8,23.02265167236328,9
VAE+APA-RCA,A5_downstream_masking,medium_real,15,SRC_STOCK_12_PRICE,REPORT_LIMIT,15.0,0,0,0,0.06666666666666667,1.0,19.273996353149414,9
VAE+APA-RCA+GNN,A5_downstream_masking,medium_real,15,SRC_STOCK_12_PRICE,REPORT_LIMIT,51.0,0,0,0,0.0196078431372549,1.0,19.273996353149414,9
APA-RCA-v2+GNN,A5_downstream_masking,medium_real,16,SRC_STOCK_7_PRICE,REPORT_LIMIT,8.0,0,0,0,0.125,1.0,2.644062042236328,9
VAE+APA-RCA,A5_downstream_masking,medium_real,16,SRC_STOCK_7_PRICE,REPORT_LIMIT,1.0,1,1,1,1.0,0.8,1.3568401336669922,9
VAE+APA-RCA+GNN,A5_downstream_masking,medium_real,16,SRC_STOCK_7_PRICE,REPORT_LIMIT,2.0,0,1,1,0.5,0.8,1.3568401336669922,9
APA-RCA-v2+GNN,A5_downstream_masking,medium_real,17,SRC_STOCK_9_PRICE,REPORT_LIMIT,1.0,1,1,1,1.0,0.8,16.4639949798584,9
VAE+APA-RCA,A5_downstream_masking,medium_real,17,SRC_STOCK_9_PRICE,REPORT_LIMIT,13.0,0,0,0,0.07692307692307693,1.0,25.690078735351562,9
VAE+APA-RCA+GNN,A5_downstream_masking,medium_real,17,SRC_STOCK_9_PRICE,REPORT_LIMIT,49.0,0,0,0,0.02040816326530612,1.0,25.690078735351562,9
APA-RCA-v2+GNN,A5_downstream_masking,medium_real,18,SRC_STOCK_11_PRICE,REPORT_LIMIT,25.0,0,0,0,0.04,1.0,18.40686798095703,9
VAE+APA-RCA,A5_downstream_masking,medium_real,18,SRC_STOCK_11_PRICE,REPORT_LIMIT,14.0,0,0,0,0.07142857142857142,1.0,13.787984848022461,9
VAE+APA-RCA+GNN,A5_downstream_masking,medium_real,18,SRC_STOCK_11_PRICE,REPORT_LIMIT,50.0,0,0,0,0.02,1.0,13.787984848022461,9
APA-RCA-v2+GNN,A5_downstream_masking,medium_real,19,SRC_STOCK_8_PRICE,REPORT_LIMIT,5.0,0,0,1,0.2,0.8,28.099775314331055,9
VAE+APA-RCA,A5_downstream_masking,medium_real,19,SRC_STOCK_8_PRICE,REPORT_LIMIT,1.0,1,1,1,1.0,0.8,51.52082443237305,9
VAE+APA-RCA+GNN,A5_downstream_masking,medium_real,19,SRC_STOCK_8_PRICE,REPORT_LIMIT,2.0,0,1,1,0.5,0.8,51.52082443237305,9
APA-RCA-v2+GNN,A5_downstream_masking,medium_real,20,SRC_STOCK_11_PRICE,REPORT_LIMIT,25.0,0,0,0,0.04,1.0,34.0120792388916,9
VAE+APA-RCA,A5_downstream_masking,medium_real,20,SRC_STOCK_11_PRICE,REPORT_LIMIT,14.0,0,0,0,0.07142857142857142,1.0,21.806716918945312,9
VAE+APA-RCA+GNN,A5_downstream_masking,medium_real,20,SRC_STOCK_11_PRICE,REPORT_LIMIT,50.0,0,0,0,0.02,1.0,21.806716918945312,9
APA-RCA-v2+GNN,A5_downstream_masking,medium_real,21,SRC_STOCK_4_PRICE,REPORT_LIMIT,5.0,0,0,1,0.2,0.8,27.605056762695312,9
VAE+APA-RCA,A5_downstream_masking,medium_real,21,SRC_STOCK_4_PRICE,REPORT_LIMIT,13.0,0,0,0,0.07692307692307693,1.0,25.09903907775879,9
VAE+APA-RCA+GNN,A5_downstream_masking,medium_real,21,SRC_STOCK_4_PRICE,REPORT_LIMIT,49.0,0,0,0,0.02040816326530612,1.0,25.09903907775879,9
APA-RCA-v2+GNN,A5_downstream_masking,medium_real,22,SRC_STOCK_10_PRICE,REPORT_LIMIT,5.0,0,0,1,0.2,0.8,38.847923278808594,9
VAE+APA-RCA,A5_downstream_masking,medium_real,22,SRC_STOCK_10_PRICE,REPORT_LIMIT,13.0,0,0,0,0.07692307692307693,1.0,46.45895957946777,9
VAE+APA-RCA+GNN,A5_downstream_masking,medium_real,22,SRC_STOCK_10_PRICE,REPORT_LIMIT,49.0,0,0,0,0.02040816326530612,1.0,46.45895957946777,9
APA-RCA-v2+GNN,A5_downstream_masking,medium_real,23,SRC_STOCK_1_PRICE,REPORT_LIMIT,13.0,0,0,0,0.07692307692307693,1.0,40.898799896240234,9
VAE+APA-RCA,A5_downstream_masking,medium_real,23,SRC_STOCK_1_PRICE,REPORT_LIMIT,1.0,1,1,1,1.0,0.8,39.71695899963379,9
VAE+APA-RCA+GNN,A5_downstream_masking,medium_real,23,SRC_STOCK_1_PRICE,REPORT_LIMIT,1.0,1,1,1,1.0,0.8,39.71695899963379,9
APA-RCA-v2+GNN,A5_downstream_masking,medium_real,24,SRC_STOCK_5_PRICE,REPORT_LIMIT,10.0,0,0,0,0.1,1.0,12.121200561523438,9
VAE+APA-RCA,A5_downstream_masking,medium_real,24,SRC_STOCK_5_PRICE,REPORT_LIMIT,1.0,1,1,1,1.0,0.8,26.35025978088379,9
VAE+APA-RCA+GNN,A5_downstream_masking,medium_real,24,SRC_STOCK_5_PRICE,REPORT_LIMIT,2.0,0,1,1,0.5,0.8,26.35025978088379,9
APA-RCA-v2+GNN,A5_downstream_masking,medium_real,25,SRC_STOCK_7_PRICE,REPORT_LIMIT,7.0,0,0,0,0.14285714285714285,1.0,23.144960403442383,9
VAE+APA-RCA,A5_downstream_masking,medium_real,25,SRC_STOCK_7_PRICE,REPORT_LIMIT,11.0,0,0,0,0.09090909090909091,1.0,1.8079280853271484,9
VAE+APA-RCA+GNN,A5_downstream_masking,medium_real,25,SRC_STOCK_7_PRICE,REPORT_LIMIT,44.0,0,0,0,0.022727272727272728,1.0,1.8079280853271484,9
APA-RCA-v2+GNN,A5_downstream_masking,medium_real,26,SRC_STOCK_11_PRICE,REPORT_LIMIT,25.0,0,0,0,0.04,1.0,44.48413848876953,9
VAE+APA-RCA,A5_downstream_masking,medium_real,26,SRC_STOCK_11_PRICE,REPORT_LIMIT,15.0,0,0,0,0.06666666666666667,1.0,8.345842361450195,9
VAE+APA-RCA+GNN,A5_downstream_masking,medium_real,26,SRC_STOCK_11_PRICE,REPORT_LIMIT,51.0,0,0,0,0.0196078431372549,1.0,8.345842361450195,9
APA-RCA-v2+GNN,A5_downstream_masking,medium_real,27,SRC_STOCK_1_PRICE,REPORT_LIMIT,35.0,0,0,0,0.02857142857142857,1.0,7.595062255859375,9
VAE+APA-RCA,A5_downstream_masking,medium_real,27,SRC_STOCK_1_PRICE,REPORT_LIMIT,1.0,1,1,1,1.0,0.8,1.3990402221679688,9
VAE+APA-RCA+GNN,A5_downstream_masking,medium_real,27,SRC_STOCK_1_PRICE,REPORT_LIMIT,1.0,1,1,1,1.0,0.8,1.3990402221679688,9
APA-RCA-v2+GNN,A5_downstream_masking,medium_real,28,SRC_STOCK_8_PRICE,REPORT_LIMIT,8.0,0,0,0,0.125,1.0,5.282163619995117,9
VAE+APA-RCA,A5_downstream_masking,medium_real,28,SRC_STOCK_8_PRICE,REPORT_LIMIT,13.0,0,0,0,0.07692307692307693,1.0,24.31797981262207,9
VAE+APA-RCA+GNN,A5_downstream_masking,medium_real,28,SRC_STOCK_8_PRICE,REPORT_LIMIT,49.0,0,0,0,0.02040816326530612,1.0,24.31797981262207,9
APA-RCA-v2+GNN,A5_downstream_masking,medium_real,29,SRC_STOCK_12_PRICE,REPORT_LIMIT,3.0,0,1,1,0.3333333333333333,0.8,2.5682449340820312,9
VAE+APA-RCA,A5_downstream_masking,medium_real,29,SRC_STOCK_12_PRICE,REPORT_LIMIT,15.0,0,0,0,0.06666666666666667,1.0,1.4758110046386719,9
VAE+APA-RCA+GNN,A5_downstream_masking,medium_real,29,SRC_STOCK_12_PRICE,REPORT_LIMIT,51.0,0,0,0,0.0196078431372549,1.0,1.4758110046386719,9
APA-RCA-v2+GNN,A6_multi_source,medium_real,0,SRC_STOCK_8_PRICE,REPORT_LIMIT,6.0,0,0,0,0.16666666666666666,1.0,2.811908721923828,9
VAE+APA-RCA,A6_multi_source,medium_real,0,SRC_STOCK_8_PRICE,REPORT_LIMIT,1.0,1,1,1,1.0,0.8,1.4200210571289062,9
VAE+APA-RCA+GNN,A6_multi_source,medium_real,0,SRC_STOCK_8_PRICE,REPORT_LIMIT,1.0,1,1,1,1.0,0.8,1.4200210571289062,9
APA-RCA-v2+GNN,A6_multi_source,medium_real,1,SRC_STOCK_6_PRICE,REPORT_LIMIT,2.0,0,1,1,0.5,0.8,6.410121917724609,9
VAE+APA-RCA,A6_multi_source,medium_real,1,SRC_STOCK_6_PRICE,REPORT_LIMIT,1.0,1,1,1,1.0,0.8,4.386186599731445,9
VAE+APA-RCA+GNN,A6_multi_source,medium_real,1,SRC_STOCK_6_PRICE,REPORT_LIMIT,3.0,0,1,1,0.3333333333333333,0.8,4.386186599731445,9
APA-RCA-v2+GNN,A6_multi_source,medium_real,2,SRC_STOCK_3_PRICE,REPORT_LIMIT,1.0,1,1,1,1.0,0.8,27.772903442382812,9
VAE+APA-RCA,A6_multi_source,medium_real,2,SRC_STOCK_3_PRICE,REPORT_LIMIT,1.0,1,1,1,1.0,0.8,16.160964965820312,9
VAE+APA-RCA+GNN,A6_multi_source,medium_real,2,SRC_STOCK_3_PRICE,REPORT_LIMIT,1.0,1,1,1,1.0,0.8,16.160964965820312,9
APA-RCA-v2+GNN,A6_multi_source,medium_real,3,SRC_STOCK_1_PRICE,REPORT_LIMIT,1.0,1,1,1,1.0,0.8,26.215791702270508,9
VAE+APA-RCA,A6_multi_source,medium_real,3,SRC_STOCK_1_PRICE,REPORT_LIMIT,1.0,1,1,1,1.0,0.8,2.0580291748046875,9
VAE+APA-RCA+GNN,A6_multi_source,medium_real,3,SRC_STOCK_1_PRICE,REPORT_LIMIT,1.0,1,1,1,1.0,0.8,2.0580291748046875,9
APA-RCA-v2+GNN,A6_multi_source,medium_real,4,SRC_STOCK_8_PRICE,REPORT_LIMIT,1.0,1,1,1,1.0,0.8,1.5611648559570312,9
VAE+APA-RCA,A6_multi_source,medium_real,4,SRC_STOCK_8_PRICE,REPORT_LIMIT,1.0,1,1,1,1.0,0.8,3.5829544067382812,9
VAE+APA-RCA+GNN,A6_multi_source,medium_real,4,SRC_STOCK_8_PRICE,REPORT_LIMIT,1.0,1,1,1,1.0,0.8,3.5829544067382812,9
APA-RCA-v2+GNN,A6_multi_source,medium_real,5,SRC_STOCK_9_PRICE,REPORT_LIMIT,1.0,1,1,1,1.0,0.8,4.106998443603516,9
VAE+APA-RCA,A6_multi_source,medium_real,5,SRC_STOCK_9_PRICE,REPORT_LIMIT,1.0,1,1,1,1.0,0.8,1.5511512756347656,9
VAE+APA-RCA+GNN,A6_multi_source,medium_real,5,SRC_STOCK_9_PRICE,REPORT_LIMIT,1.0,1,1,1,1.0,0.8,1.5511512756347656,9
APA-RCA-v2+GNN,A6_multi_source,medium_real,6,SRC_STOCK_5_PRICE,REPORT_LIMIT,7.0,0,0,0,0.14285714285714285,1.0,1.5380382537841797,9
VAE+APA-RCA,A6_multi_source,medium_real,6,SRC_STOCK_5_PRICE,REPORT_LIMIT,1.0,1,1,1,1.0,0.8,3.607034683227539,9
VAE+APA-RCA+GNN,A6_multi_source,medium_real,6,SRC_STOCK_5_PRICE,REPORT_LIMIT,1.0,1,1,1,1.0,0.8,3.607034683227539,9
APA-RCA-v2+GNN,A6_multi_source,medium_real,7,SRC_STOCK_10_PRICE,REPORT_LIMIT,4.0,0,0,1,0.25,0.8,6.489992141723633,9
VAE+APA-RCA,A6_multi_source,medium_real,7,SRC_STOCK_10_PRICE,REPORT_LIMIT,1.0,1,1,1,1.0,0.8,1.8088817596435547,9
VAE+APA-RCA+GNN,A6_multi_source,medium_real,7,SRC_STOCK_10_PRICE,REPORT_LIMIT,1.0,1,1,1,1.0,0.8,1.8088817596435547,9
APA-RCA-v2+GNN,A6_multi_source,medium_real,8,SRC_STOCK_4_PRICE,REPORT_LIMIT,6.0,0,0,0,0.16666666666666666,1.0,2.432107925415039,9
VAE+APA-RCA,A6_multi_source,medium_real,8,SRC_STOCK_4_PRICE,REPORT_LIMIT,1.0,1,1,1,1.0,0.8,1.3909339904785156,9
VAE+APA-RCA+GNN,A6_multi_source,medium_real,8,SRC_STOCK_4_PRICE,REPORT_LIMIT,1.0,1,1,1,1.0,0.8,1.3909339904785156,9
APA-RCA-v2+GNN,A6_multi_source,medium_real,9,SRC_STOCK_10_PRICE,REPORT_LIMIT,7.0,0,0,0,0.14285714285714285,1.0,144.34099197387695,9
VAE+APA-RCA,A6_multi_source,medium_real,9,SRC_STOCK_10_PRICE,REPORT_LIMIT,1.0,1,1,1,1.0,0.8,4.59599494934082,9
VAE+APA-RCA+GNN,A6_multi_source,medium_real,9,SRC_STOCK_10_PRICE,REPORT_LIMIT,1.0,1,1,1,1.0,0.8,4.59599494934082,9
APA-RCA-v2+GNN,A6_multi_source,medium_real,10,SRC_STOCK_4_PRICE,REPORT_LIMIT,1.0,1,1,1,1.0,0.8,2.8769969940185547,9
VAE+APA-RCA,A6_multi_source,medium_real,10,SRC_STOCK_4_PRICE,REPORT_LIMIT,2.0,0,1,1,0.5,0.8,1.3921260833740234,9
VAE+APA-RCA+GNN,A6_multi_source,medium_real,10,SRC_STOCK_4_PRICE,REPORT_LIMIT,2.0,0,1,1,0.5,0.8,1.3921260833740234,9
APA-RCA-v2+GNN,A6_multi_source,medium_real,11,SRC_STOCK_2_PRICE,REPORT_LIMIT,1.0,1,1,1,1.0,0.8,22.697925567626953,9
VAE+APA-RCA,A6_multi_source,medium_real,11,SRC_STOCK_2_PRICE,REPORT_LIMIT,2.0,0,1,1,0.5,0.8,9.779930114746094,9
VAE+APA-RCA+GNN,A6_multi_source,medium_real,11,SRC_STOCK_2_PRICE,REPORT_LIMIT,1.0,1,1,1,1.0,0.8,9.779930114746094,9
APA-RCA-v2+GNN,A6_multi_source,medium_real,12,SRC_STOCK_3_PRICE,REPORT_LIMIT,4.0,0,0,1,0.25,0.8,36.79704666137695,9
VAE+APA-RCA,A6_multi_source,medium_real,12,SRC_STOCK_3_PRICE,REPORT_LIMIT,1.0,1,1,1,1.0,0.8,9.437084197998047,9
VAE+APA-RCA+GNN,A6_multi_source,medium_real,12,SRC_STOCK_3_PRICE,REPORT_LIMIT,1.0,1,1,1,1.0,0.8,9.437084197998047,9
APA-RCA-v2+GNN,A6_multi_source,medium_real,13,SRC_STOCK_10_PRICE,REPORT_LIMIT,4.0,0,0,1,0.25,0.8,2.1119117736816406,9
VAE+APA-RCA,A6_multi_source,medium_real,13,SRC_STOCK_10_PRICE,REPORT_LIMIT,1.0,1,1,1,1.0,0.8,2.2749900817871094,9
VAE+APA-RCA+GNN,A6_multi_source,medium_real,13,SRC_STOCK_10_PRICE,REPORT_LIMIT,1.0,1,1,1,1.0,0.8,2.2749900817871094,9
APA-RCA-v2+GNN,A6_multi_source,medium_real,14,SRC_STOCK_8_PRICE,REPORT_LIMIT,3.0,0,1,1,0.3333333333333333,0.8,7.519960403442383,9
VAE+APA-RCA,A6_multi_source,medium_real,14,SRC_STOCK_8_PRICE,REPORT_LIMIT,1.0,1,1,1,1.0,0.8,2.522706985473633,9
VAE+APA-RCA+GNN,A6_multi_source,medium_real,14,SRC_STOCK_8_PRICE,REPORT_LIMIT,1.0,1,1,1,1.0,0.8,2.522706985473633,9
APA-RCA-v2+GNN,A6_multi_source,medium_real,15,SRC_STOCK_8_PRICE,REPORT_LIMIT,5.0,0,0,1,0.2,0.8,9.917020797729492,9
VAE+APA-RCA,A6_multi_source,medium_real,15,SRC_STOCK_8_PRICE,REPORT_LIMIT,2.0,0,1,1,0.5,0.8,34.86895561218262,9
VAE+APA-RCA+GNN,A6_multi_source,medium_real,15,SRC_STOCK_8_PRICE,REPORT_LIMIT,2.0,0,1,1,0.5,0.8,34.86895561218262,9
APA-RCA-v2+GNN,A6_multi_source,medium_real,16,SRC_STOCK_6_PRICE,REPORT_LIMIT,1.0,1,1,1,1.0,0.8,16.305923461914062,9
VAE+APA-RCA,A6_multi_source,medium_real,16,SRC_STOCK_6_PRICE,REPORT_LIMIT,1.0,1,1,1,1.0,0.8,38.050174713134766,9
VAE+APA-RCA+GNN,A6_multi_source,medium_real,16,SRC_STOCK_6_PRICE,REPORT_LIMIT,1.0,1,1,1,1.0,0.8,38.050174713134766,9
APA-RCA-v2+GNN,A6_multi_source,medium_real,17,SRC_STOCK_10_PRICE,REPORT_LIMIT,7.0,0,0,0,0.14285714285714285,1.0,21.92091941833496,9
VAE+APA-RCA,A6_multi_source,medium_real,17,SRC_STOCK_10_PRICE,REPORT_LIMIT,1.0,1,1,1,1.0,0.8,14.84227180480957,9
VAE+APA-RCA+GNN,A6_multi_source,medium_real,17,SRC_STOCK_10_PRICE,REPORT_LIMIT,1.0,1,1,1,1.0,0.8,14.84227180480957,9
APA-RCA-v2+GNN,A6_multi_source,medium_real,18,SRC_STOCK_9_PRICE,REPORT_LIMIT,2.0,0,1,1,0.5,0.8,93.64700317382812,9
VAE+APA-RCA,A6_multi_source,medium_real,18,SRC_STOCK_9_PRICE,REPORT_LIMIT,1.0,1,1,1,1.0,0.8,105.14998435974121,9
VAE+APA-RCA+GNN,A6_multi_source,medium_real,18,SRC_STOCK_9_PRICE,REPORT_LIMIT,1.0,1,1,1,1.0,0.8,105.14998435974121,9
APA-RCA-v2+GNN,A6_multi_source,medium_real,19,SRC_STOCK_5_PRICE,REPORT_LIMIT,6.0,0,0,0,0.16666666666666666,1.0,1.544952392578125,9
VAE+APA-RCA,A6_multi_source,medium_real,19,SRC_STOCK_5_PRICE,REPORT_LIMIT,1.0,1,1,1,1.0,0.8,1.402139663696289,9
VAE+APA-RCA+GNN,A6_multi_source,medium_real,19,SRC_STOCK_5_PRICE,REPORT_LIMIT,1.0,1,1,1,1.0,0.8,1.402139663696289,9
APA-RCA-v2+GNN,A6_multi_source,medium_real,20,SRC_STOCK_9_PRICE,REPORT_LIMIT,2.0,0,1,1,0.5,0.8,6.750822067260742,9
VAE+APA-RCA,A6_multi_source,medium_real,20,SRC_STOCK_9_PRICE,REPORT_LIMIT,1.0,1,1,1,1.0,0.8,1.3659000396728516,9
VAE+APA-RCA+GNN,A6_multi_source,medium_real,20,SRC_STOCK_9_PRICE,REPORT_LIMIT,1.0,1,1,1,1.0,0.8,1.3659000396728516,9
APA-RCA-v2+GNN,A6_multi_source,medium_real,21,SRC_STOCK_5_PRICE,REPORT_LIMIT,2.0,0,1,1,0.5,0.8,8.77690315246582,9
VAE+APA-RCA,A6_multi_source,medium_real,21,SRC_STOCK_5_PRICE,REPORT_LIMIT,1.0,1,1,1,1.0,0.8,5.211114883422852,9
VAE+APA-RCA+GNN,A6_multi_source,medium_real,21,SRC_STOCK_5_PRICE,REPORT_LIMIT,1.0,1,1,1,1.0,0.8,5.211114883422852,9
APA-RCA-v2+GNN,A6_multi_source,medium_real,22,SRC_STOCK_12_PRICE,REPORT_LIMIT,2.0,0,1,1,0.5,0.8,6.110191345214844,9
VAE+APA-RCA,A6_multi_source,medium_real,22,SRC_STOCK_12_PRICE,REPORT_LIMIT,1.0,1,1,1,1.0,0.8,3.993988037109375,9
VAE+APA-RCA+GNN,A6_multi_source,medium_real,22,SRC_STOCK_12_PRICE,REPORT_LIMIT,2.0,0,1,1,0.5,0.8,3.993988037109375,9
APA-RCA-v2+GNN,A6_multi_source,medium_real,23,SRC_STOCK_6_PRICE,REPORT_LIMIT,2.0,0,1,1,0.5,0.8,1.9469261169433594,9
VAE+APA-RCA,A6_multi_source,medium_real,23,SRC_STOCK_6_PRICE,REPORT_LIMIT,1.0,1,1,1,1.0,0.8,1.4140605926513672,9
VAE+APA-RCA+GNN,A6_multi_source,medium_real,23,SRC_STOCK_6_PRICE,REPORT_LIMIT,2.0,0,1,1,0.5,0.8,1.4140605926513672,9
APA-RCA-v2+GNN,A6_multi_source,medium_real,24,SRC_STOCK_4_PRICE,REPORT_LIMIT,6.0,0,0,0,0.16666666666666666,1.0,3.932952880859375,9
VAE+APA-RCA,A6_multi_source,medium_real,24,SRC_STOCK_4_PRICE,REPORT_LIMIT,2.0,0,1,1,0.5,0.8,4.586935043334961,9
VAE+APA-RCA+GNN,A6_multi_source,medium_real,24,SRC_STOCK_4_PRICE,REPORT_LIMIT,2.0,0,1,1,0.5,0.8,4.586935043334961,9
APA-RCA-v2+GNN,A6_multi_source,medium_real,25,SRC_STOCK_2_PRICE,REPORT_LIMIT,6.0,0,0,0,0.16666666666666666,1.0,6.026029586791992,9
VAE+APA-RCA,A6_multi_source,medium_real,25,SRC_STOCK_2_PRICE,REPORT_LIMIT,1.0,1,1,1,1.0,0.8,2.0599365234375,9
VAE+APA-RCA+GNN,A6_multi_source,medium_real,25,SRC_STOCK_2_PRICE,REPORT_LIMIT,1.0,1,1,1,1.0,0.8,2.0599365234375,9
APA-RCA-v2+GNN,A6_multi_source,medium_real,26,SRC_STOCK_6_PRICE,REPORT_LIMIT,4.0,0,0,1,0.25,0.8,1.5871524810791016,9
VAE+APA-RCA,A6_multi_source,medium_real,26,SRC_STOCK_6_PRICE,REPORT_LIMIT,1.0,1,1,1,1.0,0.8,5.798101425170898,9
VAE+APA-RCA+GNN,A6_multi_source,medium_real,26,SRC_STOCK_6_PRICE,REPORT_LIMIT,3.0,0,1,1,0.3333333333333333,0.8,5.798101425170898,9
APA-RCA-v2+GNN,A6_multi_source,medium_real,27,SRC_STOCK_3_PRICE,REPORT_LIMIT,8.0,0,0,0,0.125,1.0,18.836021423339844,9
VAE+APA-RCA,A6_multi_source,medium_real,27,SRC_STOCK_3_PRICE,REPORT_LIMIT,1.0,1,1,1,1.0,0.8,15.769243240356445,9
VAE+APA-RCA+GNN,A6_multi_source,medium_real,27,SRC_STOCK_3_PRICE,REPORT_LIMIT,1.0,1,1,1,1.0,0.8,15.769243240356445,9
APA-RCA-v2+GNN,A6_multi_source,medium_real,28,SRC_STOCK_7_PRICE,REPORT_LIMIT,1.0,1,1,1,1.0,0.8,6.114721298217773,9
VAE+APA-RCA,A6_multi_source,medium_real,28,SRC_STOCK_7_PRICE,REPORT_LIMIT,1.0,1,1,1,1.0,0.8,1.4090538024902344,9
VAE+APA-RCA+GNN,A6_multi_source,medium_real,28,SRC_STOCK_7_PRICE,REPORT_LIMIT,1.0,1,1,1,1.0,0.8,1.4090538024902344,9
APA-RCA-v2+GNN,A6_multi_source,medium_real,29,SRC_STOCK_8_PRICE,REPORT_LIMIT,6.0,0,0,0,0.16666666666666666,1.0,5.697965621948242,9
VAE+APA-RCA,A6_multi_source,medium_real,29,SRC_STOCK_8_PRICE,REPORT_LIMIT,2.0,0,1,1,0.5,0.8,3.673076629638672,9
VAE+APA-RCA+GNN,A6_multi_source,medium_real,29,SRC_STOCK_8_PRICE,REPORT_LIMIT,2.0,0,1,1,0.5,0.8,3.673076629638672,9
APA-RCA-v2+GNN,A7_coincidental,medium_real,0,SRC_STOCK_11_PRICE,REPORT_REG_VAR,1.0,1,1,1,1.0,0.8,20.47896385192871,9
VAE+APA-RCA,A7_coincidental,medium_real,0,SRC_STOCK_11_PRICE,REPORT_STRESS,2.0,0,1,1,0.5,0.8,1.8558502197265625,9
VAE+APA-RCA+GNN,A7_coincidental,medium_real,0,SRC_STOCK_11_PRICE,REPORT_STRESS,1.0,1,1,1,1.0,0.8,1.8558502197265625,9
APA-RCA-v2+GNN,A7_coincidental,medium_real,1,SRC_STOCK_6_PRICE,REPORT_REG_VAR,1.0,1,1,1,1.0,0.8,21.857023239135742,9
VAE+APA-RCA,A7_coincidental,medium_real,1,SRC_STOCK_6_PRICE,REPORT_STRESS,2.0,0,1,1,0.5,0.8,19.255876541137695,9
VAE+APA-RCA+GNN,A7_coincidental,medium_real,1,SRC_STOCK_6_PRICE,REPORT_STRESS,2.0,0,1,1,0.5,0.8,19.255876541137695,9
APA-RCA-v2+GNN,A7_coincidental,medium_real,2,SRC_STOCK_11_PRICE,REPORT_REG_VAR,1.0,1,1,1,1.0,0.8,1.489877700805664,9
VAE+APA-RCA,A7_coincidental,medium_real,2,SRC_STOCK_11_PRICE,REPORT_STRESS,2.0,0,1,1,0.5,0.8,1.4040470123291016,9
VAE+APA-RCA+GNN,A7_coincidental,medium_real,2,SRC_STOCK_11_PRICE,REPORT_STRESS,1.0,1,1,1,1.0,0.8,1.4040470123291016,9
APA-RCA-v2+GNN,A7_coincidental,medium_real,3,SRC_STOCK_10_PRICE,REPORT_LIMIT,5.0,0,0,1,0.2,0.8,4.997014999389648,9
VAE+APA-RCA,A7_coincidental,medium_real,3,SRC_STOCK_10_PRICE,REPORT_STRESS,2.0,0,1,1,0.5,0.8,6.392955780029297,9
VAE+APA-RCA+GNN,A7_coincidental,medium_real,3,SRC_STOCK_10_PRICE,REPORT_STRESS,1.0,1,1,1,1.0,0.8,6.392955780029297,9
APA-RCA-v2+GNN,A7_coincidental,medium_real,4,SRC_STOCK_9_PRICE,REPORT_LIMIT,1.0,1,1,1,1.0,0.8,4.47535514831543,9
VAE+APA-RCA,A7_coincidental,medium_real,4,SRC_STOCK_9_PRICE,REPORT_STRESS,2.0,0,1,1,0.5,0.8,2.0360946655273438,9
VAE+APA-RCA+GNN,A7_coincidental,medium_real,4,SRC_STOCK_9_PRICE,REPORT_STRESS,1.0,1,1,1,1.0,0.8,2.0360946655273438,9
APA-RCA-v2+GNN,A7_coincidental,medium_real,5,SRC_STOCK_9_PRICE,REPORT_REG_VAR,1.0,1,1,1,1.0,0.8,16.087055206298828,9
VAE+APA-RCA,A7_coincidental,medium_real,5,SRC_STOCK_9_PRICE,REPORT_STRESS,2.0,0,1,1,0.5,0.8,13.723134994506836,9
VAE+APA-RCA+GNN,A7_coincidental,medium_real,5,SRC_STOCK_9_PRICE,REPORT_STRESS,1.0,1,1,1,1.0,0.8,13.723134994506836,9
APA-RCA-v2+GNN,A7_coincidental,medium_real,6,SRC_STOCK_6_PRICE,REPORT_REG_VAR,1.0,1,1,1,1.0,0.8,2.084970474243164,9
VAE+APA-RCA,A7_coincidental,medium_real,6,SRC_STOCK_6_PRICE,REPORT_STRESS,2.0,0,1,1,0.5,0.8,4.236936569213867,9
VAE+APA-RCA+GNN,A7_coincidental,medium_real,6,SRC_STOCK_6_PRICE,REPORT_STRESS,2.0,0,1,1,0.5,0.8,4.236936569213867,9
APA-RCA-v2+GNN,A7_coincidental,medium_real,7,SRC_STOCK_12_PRICE,REPORT_REG_VAR,1.0,1,1,1,1.0,0.8,2.0720958709716797,9
VAE+APA-RCA,A7_coincidental,medium_real,7,SRC_STOCK_12_PRICE,REPORT_STRESS,2.0,0,1,1,0.5,0.8,124.66311454772949,9
VAE+APA-RCA+GNN,A7_coincidental,medium_real,7,SRC_STOCK_12_PRICE,REPORT_STRESS,1.0,1,1,1,1.0,0.8,124.66311454772949,9
APA-RCA-v2+GNN,A7_coincidental,medium_real,8,SRC_STOCK_9_PRICE,REPORT_LIMIT,1.0,1,1,1,1.0,0.8,2.5861263275146484,9
VAE+APA-RCA,A7_coincidental,medium_real,8,SRC_STOCK_9_PRICE,REPORT_STRESS,2.0,0,1,1,0.5,0.8,4.390954971313477,9
VAE+APA-RCA+GNN,A7_coincidental,medium_real,8,SRC_STOCK_9_PRICE,REPORT_STRESS,1.0,1,1,1,1.0,0.8,4.390954971313477,9
APA-RCA-v2+GNN,A7_coincidental,medium_real,9,SRC_STOCK_6_PRICE,REPORT_REG_VAR,1.0,1,1,1,1.0,0.8,1.5621185302734375,9
VAE+APA-RCA,A7_coincidental,medium_real,9,SRC_STOCK_6_PRICE,REPORT_STRESS,2.0,0,1,1,0.5,0.8,3.8602352142333984,9
VAE+APA-RCA+GNN,A7_coincidental,medium_real,9,SRC_STOCK_6_PRICE,REPORT_STRESS,2.0,0,1,1,0.5,0.8,3.8602352142333984,9
APA-RCA-v2+GNN,A7_coincidental,medium_real,10,SRC_STOCK_10_PRICE,REPORT_REG_VAR,1.0,1,1,1,1.0,0.8,17.570018768310547,9
VAE+APA-RCA,A7_coincidental,medium_real,10,SRC_STOCK_10_PRICE,REPORT_STRESS,2.0,0,1,1,0.5,0.8,3.3740997314453125,9
VAE+APA-RCA+GNN,A7_coincidental,medium_real,10,SRC_STOCK_10_PRICE,REPORT_STRESS,1.0,1,1,1,1.0,0.8,3.3740997314453125,9
APA-RCA-v2+GNN,A7_coincidental,medium_real,11,SRC_STOCK_2_PRICE,REPORT_REG_VAR,1.0,1,1,1,1.0,0.8,11.25192642211914,9
VAE+APA-RCA,A7_coincidental,medium_real,11,SRC_STOCK_2_PRICE,REPORT_STRESS,2.0,0,1,1,0.5,0.8,6.438970565795898,9
VAE+APA-RCA+GNN,A7_coincidental,medium_real,11,SRC_STOCK_2_PRICE,REPORT_STRESS,1.0,1,1,1,1.0,0.8,6.438970565795898,9
APA-RCA-v2+GNN,A7_coincidental,medium_real,12,SRC_STOCK_8_PRICE,REPORT_REG_VAR,1.0,1,1,1,1.0,0.8,2.547025680541992,9
VAE+APA-RCA,A7_coincidental,medium_real,12,SRC_STOCK_8_PRICE,REPORT_STRESS,2.0,0,1,1,0.5,0.8,2.975940704345703,9
VAE+APA-RCA+GNN,A7_coincidental,medium_real,12,SRC_STOCK_8_PRICE,REPORT_STRESS,1.0,1,1,1,1.0,0.8,2.975940704345703,9
APA-RCA-v2+GNN,A7_coincidental,medium_real,13,SRC_STOCK_11_PRICE,REPORT_REG_VAR,1.0,1,1,1,1.0,0.8,1.486063003540039,9
VAE+APA-RCA,A7_coincidental,medium_real,13,SRC_STOCK_11_PRICE,REPORT_STRESS,2.0,0,1,1,0.5,0.8,5.110025405883789,9
VAE+APA-RCA+GNN,A7_coincidental,medium_real,13,SRC_STOCK_11_PRICE,REPORT_STRESS,1.0,1,1,1,1.0,0.8,5.110025405883789,9
APA-RCA-v2+GNN,A7_coincidental,medium_real,14,SRC_STOCK_2_PRICE,REPORT_LIMIT,1.0,1,1,1,1.0,0.8,2.5861263275146484,9
VAE+APA-RCA,A7_coincidental,medium_real,14,SRC_STOCK_2_PRICE,REPORT_STRESS,2.0,0,1,1,0.5,0.8,5.74803352355957,9
VAE+APA-RCA+GNN,A7_coincidental,medium_real,14,SRC_STOCK_2_PRICE,REPORT_STRESS,2.0,0,1,1,0.5,0.8,5.74803352355957,9
APA-RCA-v2+GNN,A7_coincidental,medium_real,15,SRC_STOCK_12_PRICE,REPORT_REG_VAR,1.0,1,1,1,1.0,0.8,10.058164596557617,9
VAE+APA-RCA,A7_coincidental,medium_real,15,SRC_STOCK_12_PRICE,REPORT_STRESS,2.0,0,1,1,0.5,0.8,4.356861114501953,9
VAE+APA-RCA+GNN,A7_coincidental,medium_real,15,SRC_STOCK_12_PRICE,REPORT_STRESS,1.0,1,1,1,1.0,0.8,4.356861114501953,9
APA-RCA-v2+GNN,A7_coincidental,medium_real,16,SRC_STOCK_7_PRICE,REPORT_REG_VAR,1.0,1,1,1,1.0,0.8,1.4767646789550781,9
VAE+APA-RCA,A7_coincidental,medium_real,16,SRC_STOCK_7_PRICE,REPORT_STRESS,2.0,0,1,1,0.5,0.8,2.004861831665039,9
VAE+APA-RCA+GNN,A7_coincidental,medium_real,16,SRC_STOCK_7_PRICE,REPORT_STRESS,2.0,0,1,1,0.5,0.8,2.004861831665039,9
APA-RCA-v2+GNN,A7_coincidental,medium_real,17,SRC_STOCK_9_PRICE,REPORT_REG_VAR,1.0,1,1,1,1.0,0.8,4.957914352416992,9
VAE+APA-RCA,A7_coincidental,medium_real,17,SRC_STOCK_9_PRICE,REPORT_STRESS,2.0,0,1,1,0.5,0.8,1.8498897552490234,9
VAE+APA-RCA+GNN,A7_coincidental,medium_real,17,SRC_STOCK_9_PRICE,REPORT_STRESS,1.0,1,1,1,1.0,0.8,1.8498897552490234,9
APA-RCA-v2+GNN,A7_coincidental,medium_real,18,SRC_STOCK_11_PRICE,REPORT_REG_VAR,1.0,1,1,1,1.0,0.8,4.359006881713867,9
VAE+APA-RCA,A7_coincidental,medium_real,18,SRC_STOCK_11_PRICE,REPORT_STRESS,2.0,0,1,1,0.5,0.8,6.149053573608398,9
VAE+APA-RCA+GNN,A7_coincidental,medium_real,18,SRC_STOCK_11_PRICE,REPORT_STRESS,1.0,1,1,1,1.0,0.8,6.149053573608398,9
APA-RCA-v2+GNN,A7_coincidental,medium_real,19,SRC_STOCK_8_PRICE,REPORT_REG_VAR,1.0,1,1,1,1.0,0.8,1.5230178833007812,9
VAE+APA-RCA,A7_coincidental,medium_real,19,SRC_STOCK_8_PRICE,REPORT_STRESS,2.0,0,1,1,0.5,0.8,1.6829967498779297,9
VAE+APA-RCA+GNN,A7_coincidental,medium_real,19,SRC_STOCK_8_PRICE,REPORT_STRESS,1.0,1,1,1,1.0,0.8,1.6829967498779297,9
APA-RCA-v2+GNN,A7_coincidental,medium_real,20,SRC_STOCK_11_PRICE,REPORT_REG_VAR,1.0,1,1,1,1.0,0.8,8.817911148071289,9
VAE+APA-RCA,A7_coincidental,medium_real,20,SRC_STOCK_11_PRICE,REPORT_STRESS,2.0,0,1,1,0.5,0.8,1.9388198852539062,9
VAE+APA-RCA+GNN,A7_coincidental,medium_real,20,SRC_STOCK_11_PRICE,REPORT_STRESS,1.0,1,1,1,1.0,0.8,1.9388198852539062,9
APA-RCA-v2+GNN,A7_coincidental,medium_real,21,SRC_STOCK_4_PRICE,REPORT_REG_VAR,1.0,1,1,1,1.0,0.8,39.182186126708984,9
VAE+APA-RCA,A7_coincidental,medium_real,21,SRC_STOCK_4_PRICE,REPORT_STRESS,2.0,0,1,1,0.5,0.8,19.535064697265625,9
VAE+APA-RCA+GNN,A7_coincidental,medium_real,21,SRC_STOCK_4_PRICE,REPORT_STRESS,2.0,0,1,1,0.5,0.8,19.535064697265625,9
APA-RCA-v2+GNN,A7_coincidental,medium_real,22,SRC_STOCK_10_PRICE,REPORT_REG_VAR,1.0,1,1,1,1.0,0.8,2.151012420654297,9
VAE+APA-RCA,A7_coincidental,medium_real,22,SRC_STOCK_10_PRICE,REPORT_STRESS,2.0,0,1,1,0.5,0.8,8.050918579101562,9
VAE+APA-RCA+GNN,A7_coincidental,medium_real,22,SRC_STOCK_10_PRICE,REPORT_STRESS,1.0,1,1,1,1.0,0.8,8.050918579101562,9
APA-RCA-v2+GNN,A7_coincidental,medium_real,23,SRC_STOCK_1_PRICE,REPORT_REG_VAR,1.0,1,1,1,1.0,0.8,3.5932064056396484,9
VAE+APA-RCA,A7_coincidental,medium_real,23,SRC_STOCK_1_PRICE,REPORT_STRESS,2.0,0,1,1,0.5,0.8,6.0272216796875,9
VAE+APA-RCA+GNN,A7_coincidental,medium_real,23,SRC_STOCK_1_PRICE,REPORT_STRESS,2.0,0,1,1,0.5,0.8,6.0272216796875,9
APA-RCA-v2+GNN,A7_coincidental,medium_real,24,SRC_STOCK_5_PRICE,REPORT_REG_VAR,1.0,1,1,1,1.0,0.8,2.5489330291748047,9
VAE+APA-RCA,A7_coincidental,medium_real,24,SRC_STOCK_5_PRICE,REPORT_STRESS,2.0,0,1,1,0.5,0.8,8.944034576416016,9
VAE+APA-RCA+GNN,A7_coincidental,medium_real,24,SRC_STOCK_5_PRICE,REPORT_STRESS,1.0,1,1,1,1.0,0.8,8.944034576416016,9
APA-RCA-v2+GNN,A7_coincidental,medium_real,25,SRC_STOCK_7_PRICE,REPORT_REG_VAR,1.0,1,1,1,1.0,0.8,1.554250717163086,9
VAE+APA-RCA,A7_coincidental,medium_real,25,SRC_STOCK_7_PRICE,REPORT_STRESS,2.0,0,1,1,0.5,0.8,4.15802001953125,9
VAE+APA-RCA+GNN,A7_coincidental,medium_real,25,SRC_STOCK_7_PRICE,REPORT_STRESS,1.0,1,1,1,1.0,0.8,4.15802001953125,9
APA-RCA-v2+GNN,A7_coincidental,medium_real,26,SRC_STOCK_11_PRICE,REPORT_REG_VAR,1.0,1,1,1,1.0,0.8,1.8630027770996094,9
VAE+APA-RCA,A7_coincidental,medium_real,26,SRC_STOCK_11_PRICE,REPORT_STRESS,2.0,0,1,1,0.5,0.8,4.234075546264648,9
VAE+APA-RCA+GNN,A7_coincidental,medium_real,26,SRC_STOCK_11_PRICE,REPORT_STRESS,1.0,1,1,1,1.0,0.8,4.234075546264648,9
APA-RCA-v2+GNN,A7_coincidental,medium_real,27,SRC_STOCK_1_PRICE,REPORT_REG_VAR,1.0,1,1,1,1.0,0.8,2.151012420654297,9
VAE+APA-RCA,A7_coincidental,medium_real,27,SRC_STOCK_1_PRICE,REPORT_STRESS,2.0,0,1,1,0.5,0.8,4.381895065307617,9
VAE+APA-RCA+GNN,A7_coincidental,medium_real,27,SRC_STOCK_1_PRICE,REPORT_STRESS,1.0,1,1,1,1.0,0.8,4.381895065307617,9
APA-RCA-v2+GNN,A7_coincidental,medium_real,28,SRC_STOCK_8_PRICE,REPORT_DASHBOARD,1.0,1,1,1,1.0,0.8,4.3048858642578125,9
VAE+APA-RCA,A7_coincidental,medium_real,28,SRC_STOCK_8_PRICE,REPORT_STRESS,2.0,0,1,1,0.5,0.8,3.332853317260742,9
VAE+APA-RCA+GNN,A7_coincidental,medium_real,28,SRC_STOCK_8_PRICE,REPORT_STRESS,1.0,1,1,1,1.0,0.8,3.332853317260742,9
APA-RCA-v2+GNN,A7_coincidental,medium_real,29,SRC_STOCK_12_PRICE,REPORT_REG_VAR,1.0,1,1,1,1.0,0.8,3.986835479736328,9
VAE+APA-RCA,A7_coincidental,medium_real,29,SRC_STOCK_12_PRICE,REPORT_STRESS,2.0,0,1,1,0.5,0.8,1.5637874603271484,9
VAE+APA-RCA+GNN,A7_coincidental,medium_real,29,SRC_STOCK_12_PRICE,REPORT_STRESS,1.0,1,1,1,1.0,0.8,1.5637874603271484,9
