method,anomaly_type,pipeline_size,trial,true_root_cause,target_node,rank,top1,top3,top5,reciprocal_rank,false_rc_rate_k5,elapsed_ms,convergence_iters
APA-RCA-v2,A1_source_corruption,medium_real,0,SRC_STOCK_11_PRICE,REPORT_LIMIT,1,1,1,1,1.0,0.8,2.2819042205810547,9
APA-RCA-v3,A1_source_corruption,medium_real,0,SRC_STOCK_11_PRICE,REPORT_LIMIT,1,1,1,1,1.0,0.8,1.5060901641845703,9
AnomalyOnly,A1_source_corruption,medium_real,0,SRC_STOCK_11_PRICE,REPORT_LIMIT,1,1,1,1,1.0,0.8,0.017881393432617188,1
Schema-Constraint,A1_source_corruption,medium_real,0,SRC_STOCK_11_PRICE,REPORT_LIMIT,11,0,0,0,0.09090909090909091,1.0,0.0,0
APA-RCA-v2,A1_source_corruption,medium_real,1,SRC_STOCK_6_PRICE,REPORT_LIMIT,1,1,1,1,1.0,0.8,1.5680789947509766,9
APA-RCA-v3,A1_source_corruption,medium_real,1,SRC_STOCK_6_PRICE,REPORT_LIMIT,1,1,1,1,1.0,0.8,1.3720989227294922,9
AnomalyOnly,A1_source_corruption,medium_real,1,SRC_STOCK_6_PRICE,REPORT_LIMIT,1,1,1,1,1.0,0.8,0.015735626220703125,1
Schema-Constraint,A1_source_corruption,medium_real,1,SRC_STOCK_6_PRICE,REPORT_LIMIT,6,0,0,0,0.16666666666666666,1.0,0.0,0
APA-RCA-v2,A1_source_corruption,medium_real,2,SRC_STOCK_11_PRICE,REPORT_LIMIT,1,1,1,1,1.0,0.8,1.4300346374511719,9
APA-RCA-v3,A1_source_corruption,medium_real,2,SRC_STOCK_11_PRICE,REPORT_LIMIT,1,1,1,1,1.0,0.8,1.352071762084961,9
AnomalyOnly,A1_source_corruption,medium_real,2,SRC_STOCK_11_PRICE,REPORT_LIMIT,1,1,1,1,1.0,0.8,0.01621246337890625,1
Schema-Constraint,A1_source_corruption,medium_real,2,SRC_STOCK_11_PRICE,REPORT_LIMIT,11,0,0,0,0.09090909090909091,1.0,0.0,0
APA-RCA-v2,A1_source_corruption,medium_real,3,SRC_STOCK_10_PRICE,REPORT_LIMIT,2,0,1,1,0.5,0.8,2.0737648010253906,9
APA-RCA-v3,A1_source_corruption,medium_real,3,SRC_STOCK_10_PRICE,REPORT_LIMIT,2,0,1,1,0.5,0.8,1.4269351959228516,9
AnomalyOnly,A1_source_corruption,medium_real,3,SRC_STOCK_10_PRICE,REPORT_LIMIT,14,0,0,0,0.07142857142857142,1.0,0.01621246337890625,1
Schema-Constraint,A1_source_corruption,medium_real,3,SRC_STOCK_10_PRICE,REPORT_LIMIT,10,0,0,0,0.1,1.0,0.0,0
APA-RCA-v2,A1_source_corruption,medium_real,4,SRC_STOCK_9_PRICE,REPORT_LIMIT,1,1,1,1,1.0,0.8,4.868984222412109,9
APA-RCA-v3,A1_source_corruption,medium_real,4,SRC_STOCK_9_PRICE,REPORT_LIMIT,1,1,1,1,1.0,0.8,1.377105712890625,9
AnomalyOnly,A1_source_corruption,medium_real,4,SRC_STOCK_9_PRICE,REPORT_LIMIT,1,1,1,1,1.0,0.8,0.015974044799804688,1
Schema-Constraint,A1_source_corruption,medium_real,4,SRC_STOCK_9_PRICE,REPORT_LIMIT,9,0,0,0,0.1111111111111111,1.0,0.0,0
APA-RCA-v2,A1_source_corruption,medium_real,5,SRC_STOCK_9_PRICE,REPORT_LIMIT,1,1,1,1,1.0,0.8,2.145051956176758,9
APA-RCA-v3,A1_source_corruption,medium_real,5,SRC_STOCK_9_PRICE,REPORT_LIMIT,1,1,1,1,1.0,0.8,1.397848129272461,9
AnomalyOnly,A1_source_corruption,medium_real,5,SRC_STOCK_9_PRICE,REPORT_LIMIT,1,1,1,1,1.0,0.8,0.015020370483398438,1
Schema-Constraint,A1_source_corruption,medium_real,5,SRC_STOCK_9_PRICE,REPORT_LIMIT,9,0,0,0,0.1111111111111111,1.0,0.0,0
APA-RCA-v2,A1_source_corruption,medium_real,6,SRC_STOCK_6_PRICE,REPORT_LIMIT,1,1,1,1,1.0,0.8,1.4901161193847656,9
APA-RCA-v3,A1_source_corruption,medium_real,6,SRC_STOCK_6_PRICE,REPORT_LIMIT,1,1,1,1,1.0,0.8,1.847982406616211,9
AnomalyOnly,A1_source_corruption,medium_real,6,SRC_STOCK_6_PRICE,REPORT_LIMIT,1,1,1,1,1.0,0.8,0.015974044799804688,1
Schema-Constraint,A1_source_corruption,medium_real,6,SRC_STOCK_6_PRICE,REPORT_LIMIT,6,0,0,0,0.16666666666666666,1.0,0.0,0
APA-RCA-v2,A1_source_corruption,medium_real,7,SRC_STOCK_12_PRICE,REPORT_LIMIT,1,1,1,1,1.0,0.8,30.436992645263672,9
APA-RCA-v3,A1_source_corruption,medium_real,7,SRC_STOCK_12_PRICE,REPORT_LIMIT,1,1,1,1,1.0,0.8,19.37699317932129,9
AnomalyOnly,A1_source_corruption,medium_real,7,SRC_STOCK_12_PRICE,REPORT_LIMIT,1,1,1,1,1.0,0.8,0.02193450927734375,1
Schema-Constraint,A1_source_corruption,medium_real,7,SRC_STOCK_12_PRICE,REPORT_LIMIT,12,0,0,0,0.08333333333333333,1.0,0.0,0
APA-RCA-v2,A1_source_corruption,medium_real,8,SRC_STOCK_9_PRICE,REPORT_LIMIT,1,1,1,1,1.0,0.8,1.4312267303466797,9
APA-RCA-v3,A1_source_corruption,medium_real,8,SRC_STOCK_9_PRICE,REPORT_LIMIT,1,1,1,1,1.0,0.8,1.3670921325683594,9
AnomalyOnly,A1_source_corruption,medium_real,8,SRC_STOCK_9_PRICE,REPORT_LIMIT,1,1,1,1,1.0,0.8,0.01621246337890625,1
Schema-Constraint,A1_source_corruption,medium_real,8,SRC_STOCK_9_PRICE,REPORT_LIMIT,9,0,0,0,0.1111111111111111,1.0,0.0,0
APA-RCA-v2,A1_source_corruption,medium_real,9,SRC_STOCK_6_PRICE,REPORT_LIMIT,1,1,1,1,1.0,0.8,2.4220943450927734,9
APA-RCA-v3,A1_source_corruption,medium_real,9,SRC_STOCK_6_PRICE,REPORT_LIMIT,1,1,1,1,1.0,0.8,1.558065414428711,9
AnomalyOnly,A1_source_corruption,medium_real,9,SRC_STOCK_6_PRICE,REPORT_LIMIT,1,1,1,1,1.0,0.8,0.015020370483398438,1
Schema-Constraint,A1_source_corruption,medium_real,9,SRC_STOCK_6_PRICE,REPORT_LIMIT,6,0,0,0,0.16666666666666666,1.0,0.0,0
APA-RCA-v2,A1_source_corruption,medium_real,10,SRC_STOCK_10_PRICE,REPORT_LIMIT,1,1,1,1,1.0,0.8,2.7189254760742188,9
APA-RCA-v3,A1_source_corruption,medium_real,10,SRC_STOCK_10_PRICE,REPORT_LIMIT,1,1,1,1,1.0,0.8,1.367807388305664,9
AnomalyOnly,A1_source_corruption,medium_real,10,SRC_STOCK_10_PRICE,REPORT_LIMIT,1,1,1,1,1.0,0.8,0.015020370483398438,1
Schema-Constraint,A1_source_corruption,medium_real,10,SRC_STOCK_10_PRICE,REPORT_LIMIT,10,0,0,0,0.1,1.0,0.0,0
APA-RCA-v2,A1_source_corruption,medium_real,11,SRC_STOCK_2_PRICE,REPORT_LIMIT,2,0,1,1,0.5,0.8,3.1118392944335938,9
APA-RCA-v3,A1_source_corruption,medium_real,11,SRC_STOCK_2_PRICE,REPORT_LIMIT,2,0,1,1,0.5,0.8,1.4071464538574219,9
AnomalyOnly,A1_source_corruption,medium_real,11,SRC_STOCK_2_PRICE,REPORT_LIMIT,9,0,0,0,0.1111111111111111,1.0,0.015974044799804688,1
Schema-Constraint,A1_source_corruption,medium_real,11,SRC_STOCK_2_PRICE,REPORT_LIMIT,2,0,1,1,0.5,0.8,0.0,0
APA-RCA-v2,A1_source_corruption,medium_real,12,SRC_STOCK_8_PRICE,REPORT_LIMIT,1,1,1,1,1.0,0.8,7.179975509643555,9
APA-RCA-v3,A1_source_corruption,medium_real,12,SRC_STOCK_8_PRICE,REPORT_LIMIT,1,1,1,1,1.0,0.8,2.1202564239501953,9
AnomalyOnly,A1_source_corruption,medium_real,12,SRC_STOCK_8_PRICE,REPORT_LIMIT,1,1,1,1,1.0,0.8,0.014781951904296875,1
Schema-Constraint,A1_source_corruption,medium_real,12,SRC_STOCK_8_PRICE,REPORT_LIMIT,8,0,0,0,0.125,1.0,0.0,0
APA-RCA-v2,A1_source_corruption,medium_real,13,SRC_STOCK_11_PRICE,REPORT_LIMIT,1,1,1,1,1.0,0.8,2.755880355834961,9
APA-RCA-v3,A1_source_corruption,medium_real,13,SRC_STOCK_11_PRICE,REPORT_LIMIT,1,1,1,1,1.0,0.8,1.3370513916015625,9
AnomalyOnly,A1_source_corruption,medium_real,13,SRC_STOCK_11_PRICE,REPORT_LIMIT,1,1,1,1,1.0,0.8,0.015020370483398438,1
Schema-Constraint,A1_source_corruption,medium_real,13,SRC_STOCK_11_PRICE,REPORT_LIMIT,11,0,0,0,0.09090909090909091,1.0,0.0,0
APA-RCA-v2,A1_source_corruption,medium_real,14,SRC_STOCK_2_PRICE,REPORT_LIMIT,1,1,1,1,1.0,0.8,1.4278888702392578,9
APA-RCA-v3,A1_source_corruption,medium_real,14,SRC_STOCK_2_PRICE,REPORT_LIMIT,1,1,1,1,1.0,0.8,8.198976516723633,9
AnomalyOnly,A1_source_corruption,medium_real,14,SRC_STOCK_2_PRICE,REPORT_LIMIT,1,1,1,1,1.0,0.8,0.015974044799804688,1
Schema-Constraint,A1_source_corruption,medium_real,14,SRC_STOCK_2_PRICE,REPORT_LIMIT,2,0,1,1,0.5,0.8,0.0,0
APA-RCA-v2,A1_source_corruption,medium_real,15,SRC_STOCK_12_PRICE,REPORT_LIMIT,1,1,1,1,1.0,0.8,1.4388561248779297,9
APA-RCA-v3,A1_source_corruption,medium_real,15,SRC_STOCK_12_PRICE,REPORT_LIMIT,1,1,1,1,1.0,0.8,1.619100570678711,9
AnomalyOnly,A1_source_corruption,medium_real,15,SRC_STOCK_12_PRICE,REPORT_LIMIT,1,1,1,1,1.0,0.8,0.014781951904296875,1
Schema-Constraint,A1_source_corruption,medium_real,15,SRC_STOCK_12_PRICE,REPORT_LIMIT,12,0,0,0,0.08333333333333333,1.0,0.0,0
APA-RCA-v2,A1_source_corruption,medium_real,16,SRC_STOCK_7_PRICE,REPORT_LIMIT,1,1,1,1,1.0,0.8,1.4500617980957031,9
APA-RCA-v3,A1_source_corruption,medium_real,16,SRC_STOCK_7_PRICE,REPORT_LIMIT,1,1,1,1,1.0,0.8,1.3637542724609375,9
AnomalyOnly,A1_source_corruption,medium_real,16,SRC_STOCK_7_PRICE,REPORT_LIMIT,1,1,1,1,1.0,0.8,0.015974044799804688,1
Schema-Constraint,A1_source_corruption,medium_real,16,SRC_STOCK_7_PRICE,REPORT_LIMIT,7,0,0,0,0.14285714285714285,1.0,0.0,0
APA-RCA-v2,A1_source_corruption,medium_real,17,SRC_STOCK_9_PRICE,REPORT_LIMIT,1,1,1,1,1.0,0.8,3.4699440002441406,9
APA-RCA-v3,A1_source_corruption,medium_real,17,SRC_STOCK_9_PRICE,REPORT_LIMIT,1,1,1,1,1.0,0.8,3.4019947052001953,9
AnomalyOnly,A1_source_corruption,medium_real,17,SRC_STOCK_9_PRICE,REPORT_LIMIT,1,1,1,1,1.0,0.8,0.014781951904296875,1
Schema-Constraint,A1_source_corruption,medium_real,17,SRC_STOCK_9_PRICE,REPORT_LIMIT,9,0,0,0,0.1111111111111111,1.0,0.0,0
APA-RCA-v2,A1_source_corruption,medium_real,18,SRC_STOCK_11_PRICE,REPORT_LIMIT,1,1,1,1,1.0,0.8,1.5301704406738281,9
APA-RCA-v3,A1_source_corruption,medium_real,18,SRC_STOCK_11_PRICE,REPORT_LIMIT,1,1,1,1,1.0,0.8,1.3649463653564453,9
AnomalyOnly,A1_source_corruption,medium_real,18,SRC_STOCK_11_PRICE,REPORT_LIMIT,1,1,1,1,1.0,0.8,0.015020370483398438,1
Schema-Constraint,A1_source_corruption,medium_real,18,SRC_STOCK_11_PRICE,REPORT_LIMIT,11,0,0,0,0.09090909090909091,1.0,0.0,0
APA-RCA-v2,A1_source_corruption,medium_real,19,SRC_STOCK_8_PRICE,REPORT_LIMIT,1,1,1,1,1.0,0.8,1.8839836120605469,9
APA-RCA-v3,A1_source_corruption,medium_real,19,SRC_STOCK_8_PRICE,REPORT_LIMIT,1,1,1,1,1.0,0.8,1.3370513916015625,9
AnomalyOnly,A1_source_corruption,medium_real,19,SRC_STOCK_8_PRICE,REPORT_LIMIT,1,1,1,1,1.0,0.8,0.015974044799804688,1
Schema-Constraint,A1_source_corruption,medium_real,19,SRC_STOCK_8_PRICE,REPORT_LIMIT,8,0,0,0,0.125,1.0,0.0,0
APA-RCA-v2,A1_source_corruption,medium_real,20,SRC_STOCK_11_PRICE,REPORT_LIMIT,1,1,1,1,1.0,0.8,3.5889148712158203,9
APA-RCA-v3,A1_source_corruption,medium_real,20,SRC_STOCK_11_PRICE,REPORT_LIMIT,1,1,1,1,1.0,0.8,2.3522377014160156,9
AnomalyOnly,A1_source_corruption,medium_real,20,SRC_STOCK_11_PRICE,REPORT_LIMIT,1,1,1,1,1.0,0.8,0.01621246337890625,1
Schema-Constraint,A1_source_corruption,medium_real,20,SRC_STOCK_11_PRICE,REPORT_LIMIT,11,0,0,0,0.09090909090909091,1.0,0.0,0
APA-RCA-v2,A1_source_corruption,medium_real,21,SRC_STOCK_4_PRICE,REPORT_LIMIT,1,1,1,1,1.0,0.8,1.4972686767578125,9
APA-RCA-v3,A1_source_corruption,medium_real,21,SRC_STOCK_4_PRICE,REPORT_LIMIT,1,1,1,1,1.0,0.8,1.3759136199951172,9
AnomalyOnly,A1_source_corruption,medium_real,21,SRC_STOCK_4_PRICE,REPORT_LIMIT,1,1,1,1,1.0,0.8,0.014781951904296875,1
Schema-Constraint,A1_source_corruption,medium_real,21,SRC_STOCK_4_PRICE,REPORT_LIMIT,4,0,0,1,0.25,0.8,0.0,0
APA-RCA-v2,A1_source_corruption,medium_real,22,SRC_STOCK_10_PRICE,REPORT_LIMIT,2,0,1,1,0.5,0.8,2.184152603149414,9
APA-RCA-v3,A1_source_corruption,medium_real,22,SRC_STOCK_10_PRICE,REPORT_LIMIT,2,0,1,1,0.5,0.8,1.3480186462402344,9
AnomalyOnly,A1_source_corruption,medium_real,22,SRC_STOCK_10_PRICE,REPORT_LIMIT,8,0,0,0,0.125,1.0,0.016689300537109375,1
Schema-Constraint,A1_source_corruption,medium_real,22,SRC_STOCK_10_PRICE,REPORT_LIMIT,10,0,0,0,0.1,1.0,0.0,0
APA-RCA-v2,A1_source_corruption,medium_real,23,SRC_STOCK_1_PRICE,REPORT_LIMIT,1,1,1,1,1.0,0.8,1.589059829711914,9
APA-RCA-v3,A1_source_corruption,medium_real,23,SRC_STOCK_1_PRICE,REPORT_LIMIT,1,1,1,1,1.0,0.8,1.4030933380126953,9
AnomalyOnly,A1_source_corruption,medium_real,23,SRC_STOCK_1_PRICE,REPORT_LIMIT,1,1,1,1,1.0,0.8,0.015735626220703125,1
Schema-Constraint,A1_source_corruption,medium_real,23,SRC_STOCK_1_PRICE,REPORT_LIMIT,1,1,1,1,1.0,0.8,0.0,0
APA-RCA-v2,A1_source_corruption,medium_real,24,SRC_STOCK_5_PRICE,REPORT_LIMIT,1,1,1,1,1.0,0.8,1.4491081237792969,9
APA-RCA-v3,A1_source_corruption,medium_real,24,SRC_STOCK_5_PRICE,REPORT_LIMIT,1,1,1,1,1.0,0.8,2.213001251220703,9
AnomalyOnly,A1_source_corruption,medium_real,24,SRC_STOCK_5_PRICE,REPORT_LIMIT,8,0,0,0,0.125,1.0,0.041961669921875,1
Schema-Constraint,A1_source_corruption,medium_real,24,SRC_STOCK_5_PRICE,REPORT_LIMIT,5,0,0,1,0.2,0.8,0.0,0
APA-RCA-v2,A1_source_corruption,medium_real,25,SRC_STOCK_7_PRICE,REPORT_LIMIT,2,0,1,1,0.5,0.8,11.377096176147461,9
APA-RCA-v3,A1_source_corruption,medium_real,25,SRC_STOCK_7_PRICE,REPORT_LIMIT,2,0,1,1,0.5,0.8,6.259918212890625,9
AnomalyOnly,A1_source_corruption,medium_real,25,SRC_STOCK_7_PRICE,REPORT_LIMIT,9,0,0,0,0.1111111111111111,1.0,0.0171661376953125,1
Schema-Constraint,A1_source_corruption,medium_real,25,SRC_STOCK_7_PRICE,REPORT_LIMIT,7,0,0,0,0.14285714285714285,1.0,0.0,0
APA-RCA-v2,A1_source_corruption,medium_real,26,SRC_STOCK_11_PRICE,REPORT_LIMIT,1,1,1,1,1.0,0.8,1.672983169555664,9
APA-RCA-v3,A1_source_corruption,medium_real,26,SRC_STOCK_11_PRICE,REPORT_LIMIT,1,1,1,1,1.0,0.8,1.3668537139892578,9
AnomalyOnly,A1_source_corruption,medium_real,26,SRC_STOCK_11_PRICE,REPORT_LIMIT,1,1,1,1,1.0,0.8,0.015020370483398438,1
Schema-Constraint,A1_source_corruption,medium_real,26,SRC_STOCK_11_PRICE,REPORT_LIMIT,11,0,0,0,0.09090909090909091,1.0,0.0,0
APA-RCA-v2,A1_source_corruption,medium_real,27,SRC_STOCK_1_PRICE,REPORT_LIMIT,1,1,1,1,1.0,0.8,28.667211532592773,9
APA-RCA-v3,A1_source_corruption,medium_real,27,SRC_STOCK_1_PRICE,REPORT_LIMIT,1,1,1,1,1.0,0.8,53.711891174316406,9
AnomalyOnly,A1_source_corruption,medium_real,27,SRC_STOCK_1_PRICE,REPORT_LIMIT,1,1,1,1,1.0,0.8,0.03409385681152344,1
Schema-Constraint,A1_source_corruption,medium_real,27,SRC_STOCK_1_PRICE,REPORT_LIMIT,1,1,1,1,1.0,0.8,0.0,0
APA-RCA-v2,A1_source_corruption,medium_real,28,SRC_STOCK_8_PRICE,REPORT_LIMIT,1,1,1,1,1.0,0.8,24.37305450439453,9
APA-RCA-v3,A1_source_corruption,medium_real,28,SRC_STOCK_8_PRICE,REPORT_LIMIT,1,1,1,1,1.0,0.8,1.4081001281738281,9
AnomalyOnly,A1_source_corruption,medium_real,28,SRC_STOCK_8_PRICE,REPORT_LIMIT,1,1,1,1,1.0,0.8,0.015974044799804688,1
Schema-Constraint,A1_source_corruption,medium_real,28,SRC_STOCK_8_PRICE,REPORT_LIMIT,8,0,0,0,0.125,1.0,0.0,0
APA-RCA-v2,A1_source_corruption,medium_real,29,SRC_STOCK_12_PRICE,REPORT_LIMIT,1,1,1,1,1.0,0.8,1.466989517211914,9
APA-RCA-v3,A1_source_corruption,medium_real,29,SRC_STOCK_12_PRICE,REPORT_LIMIT,1,1,1,1,1.0,0.8,1.3720989227294922,9
AnomalyOnly,A1_source_corruption,medium_real,29,SRC_STOCK_12_PRICE,REPORT_LIMIT,1,1,1,1,1.0,0.8,0.015974044799804688,1
Schema-Constraint,A1_source_corruption,medium_real,29,SRC_STOCK_12_PRICE,REPORT_LIMIT,12,0,0,0,0.08333333333333333,1.0,0.0,0
APA-RCA-v2,A2_etl_logic_error,medium_real,0,ETL_FX_STOCK_11_PRICE,REPORT_LIMIT,4,0,0,1,0.25,0.8,9.228229522705078,9
APA-RCA-v3,A2_etl_logic_error,medium_real,0,ETL_FX_STOCK_11_PRICE,REPORT_LIMIT,4,0,0,1,0.25,0.8,4.915952682495117,9
AnomalyOnly,A2_etl_logic_error,medium_real,0,ETL_FX_STOCK_11_PRICE,REPORT_LIMIT,6,0,0,0,0.16666666666666666,1.0,0.03504753112792969,1
Schema-Constraint,A2_etl_logic_error,medium_real,0,ETL_FX_STOCK_11_PRICE,REPORT_LIMIT,65,0,0,0,0.015384615384615385,1.0,0.0,0
APA-RCA-v2,A2_etl_logic_error,medium_real,1,ETL_FX_STOCK_6_PRICE,REPORT_LIMIT,3,0,1,1,0.3333333333333333,0.8,3.6742687225341797,9
APA-RCA-v3,A2_etl_logic_error,medium_real,1,ETL_FX_STOCK_6_PRICE,REPORT_LIMIT,3,0,1,1,0.3333333333333333,0.8,1.363992691040039,9
AnomalyOnly,A2_etl_logic_error,medium_real,1,ETL_FX_STOCK_6_PRICE,REPORT_LIMIT,6,0,0,0,0.16666666666666666,1.0,0.015974044799804688,1
Schema-Constraint,A2_etl_logic_error,medium_real,1,ETL_FX_STOCK_6_PRICE,REPORT_LIMIT,60,0,0,0,0.016666666666666666,1.0,0.0,0
APA-RCA-v2,A2_etl_logic_error,medium_real,2,ETL_FX_STOCK_11_PRICE,REPORT_LIMIT,4,0,0,1,0.25,0.8,1.4107227325439453,9
APA-RCA-v3,A2_etl_logic_error,medium_real,2,ETL_FX_STOCK_11_PRICE,REPORT_LIMIT,4,0,0,1,0.25,0.8,2.5908946990966797,9
AnomalyOnly,A2_etl_logic_error,medium_real,2,ETL_FX_STOCK_11_PRICE,REPORT_LIMIT,6,0,0,0,0.16666666666666666,1.0,0.015974044799804688,1
Schema-Constraint,A2_etl_logic_error,medium_real,2,ETL_FX_STOCK_11_PRICE,REPORT_LIMIT,65,0,0,0,0.015384615384615385,1.0,0.0,0
APA-RCA-v2,A2_etl_logic_error,medium_real,3,ETL_FX_STOCK_10_PRICE,REPORT_LIMIT,3,0,1,1,0.3333333333333333,0.8,2.727031707763672,9
APA-RCA-v3,A2_etl_logic_error,medium_real,3,ETL_FX_STOCK_10_PRICE,REPORT_LIMIT,3,0,1,1,0.3333333333333333,0.8,5.960226058959961,9
AnomalyOnly,A2_etl_logic_error,medium_real,3,ETL_FX_STOCK_10_PRICE,REPORT_LIMIT,6,0,0,0,0.16666666666666666,1.0,0.03314018249511719,1
Schema-Constraint,A2_etl_logic_error,medium_real,3,ETL_FX_STOCK_10_PRICE,REPORT_LIMIT,64,0,0,0,0.015625,1.0,0.0,0
APA-RCA-v2,A2_etl_logic_error,medium_real,4,ETL_FX_STOCK_9_PRICE,REPORT_LIMIT,3,0,1,1,0.3333333333333333,0.8,1.4100074768066406,9
APA-RCA-v3,A2_etl_logic_error,medium_real,4,ETL_FX_STOCK_9_PRICE,REPORT_LIMIT,3,0,1,1,0.3333333333333333,0.8,1.361846923828125,9
AnomalyOnly,A2_etl_logic_error,medium_real,4,ETL_FX_STOCK_9_PRICE,REPORT_LIMIT,6,0,0,0,0.16666666666666666,1.0,0.015020370483398438,1
Schema-Constraint,A2_etl_logic_error,medium_real,4,ETL_FX_STOCK_9_PRICE,REPORT_LIMIT,63,0,0,0,0.015873015873015872,1.0,0.0,0
APA-RCA-v2,A2_etl_logic_error,medium_real,5,ETL_FX_STOCK_9_PRICE,REPORT_LIMIT,3,0,1,1,0.3333333333333333,0.8,3.8976669311523438,9
APA-RCA-v3,A2_etl_logic_error,medium_real,5,ETL_FX_STOCK_9_PRICE,REPORT_LIMIT,3,0,1,1,0.3333333333333333,0.8,1.3561248779296875,9
AnomalyOnly,A2_etl_logic_error,medium_real,5,ETL_FX_STOCK_9_PRICE,REPORT_LIMIT,6,0,0,0,0.16666666666666666,1.0,0.015974044799804688,1
Schema-Constraint,A2_etl_logic_error,medium_real,5,ETL_FX_STOCK_9_PRICE,REPORT_LIMIT,63,0,0,0,0.015873015873015872,1.0,0.0,0
APA-RCA-v2,A2_etl_logic_error,medium_real,6,ETL_FX_STOCK_6_PRICE,REPORT_LIMIT,3,0,1,1,0.3333333333333333,0.8,1.8579959869384766,9
APA-RCA-v3,A2_etl_logic_error,medium_real,6,ETL_FX_STOCK_6_PRICE,REPORT_LIMIT,3,0,1,1,0.3333333333333333,0.8,2.888917922973633,9
AnomalyOnly,A2_etl_logic_error,medium_real,6,ETL_FX_STOCK_6_PRICE,REPORT_LIMIT,6,0,0,0,0.16666666666666666,1.0,0.015735626220703125,1
Schema-Constraint,A2_etl_logic_error,medium_real,6,ETL_FX_STOCK_6_PRICE,REPORT_LIMIT,60,0,0,0,0.016666666666666666,1.0,0.0,0
APA-RCA-v2,A2_etl_logic_error,medium_real,7,ETL_FX_STOCK_12_PRICE,REPORT_LIMIT,3,0,1,1,0.3333333333333333,0.8,4.069089889526367,9
APA-RCA-v3,A2_etl_logic_error,medium_real,7,ETL_FX_STOCK_12_PRICE,REPORT_LIMIT,3,0,1,1,0.3333333333333333,0.8,5.460262298583984,9
AnomalyOnly,A2_etl_logic_error,medium_real,7,ETL_FX_STOCK_12_PRICE,REPORT_LIMIT,2,0,1,1,0.5,0.8,0.03695487976074219,1
Schema-Constraint,A2_etl_logic_error,medium_real,7,ETL_FX_STOCK_12_PRICE,REPORT_LIMIT,66,0,0,0,0.015151515151515152,1.0,0.0,0
APA-RCA-v2,A2_etl_logic_error,medium_real,8,ETL_FX_STOCK_9_PRICE,REPORT_LIMIT,3,0,1,1,0.3333333333333333,0.8,4.158973693847656,9
APA-RCA-v3,A2_etl_logic_error,medium_real,8,ETL_FX_STOCK_9_PRICE,REPORT_LIMIT,3,0,1,1,0.3333333333333333,0.8,1.3511180877685547,9
AnomalyOnly,A2_etl_logic_error,medium_real,8,ETL_FX_STOCK_9_PRICE,REPORT_LIMIT,6,0,0,0,0.16666666666666666,1.0,0.015020370483398438,1
Schema-Constraint,A2_etl_logic_error,medium_real,8,ETL_FX_STOCK_9_PRICE,REPORT_LIMIT,63,0,0,0,0.015873015873015872,1.0,0.0,0
APA-RCA-v2,A2_etl_logic_error,medium_real,9,ETL_FX_STOCK_6_PRICE,REPORT_LIMIT,3,0,1,1,0.3333333333333333,0.8,2.637147903442383,9
APA-RCA-v3,A2_etl_logic_error,medium_real,9,ETL_FX_STOCK_6_PRICE,REPORT_LIMIT,3,0,1,1,0.3333333333333333,0.8,1.363992691040039,9
AnomalyOnly,A2_etl_logic_error,medium_real,9,ETL_FX_STOCK_6_PRICE,REPORT_LIMIT,6,0,0,0,0.16666666666666666,1.0,0.016927719116210938,1
Schema-Constraint,A2_etl_logic_error,medium_real,9,ETL_FX_STOCK_6_PRICE,REPORT_LIMIT,60,0,0,0,0.016666666666666666,1.0,0.0,0
APA-RCA-v2,A2_etl_logic_error,medium_real,10,ETL_FX_STOCK_10_PRICE,REPORT_LIMIT,3,0,1,1,0.3333333333333333,0.8,9.847879409790039,9
APA-RCA-v3,A2_etl_logic_error,medium_real,10,ETL_FX_STOCK_10_PRICE,REPORT_LIMIT,3,0,1,1,0.3333333333333333,0.8,1.458883285522461,9
AnomalyOnly,A2_etl_logic_error,medium_real,10,ETL_FX_STOCK_10_PRICE,REPORT_LIMIT,6,0,0,0,0.16666666666666666,1.0,0.015974044799804688,1
Schema-Constraint,A2_etl_logic_error,medium_real,10,ETL_FX_STOCK_10_PRICE,REPORT_LIMIT,64,0,0,0,0.015625,1.0,0.0,0
APA-RCA-v2,A2_etl_logic_error,medium_real,11,ETL_FX_STOCK_2_PRICE,REPORT_LIMIT,3,0,1,1,0.3333333333333333,0.8,54.39305305480957,9
APA-RCA-v3,A2_etl_logic_error,medium_real,11,ETL_FX_STOCK_2_PRICE,REPORT_LIMIT,3,0,1,1,0.3333333333333333,0.8,70.37591934204102,9
AnomalyOnly,A2_etl_logic_error,medium_real,11,ETL_FX_STOCK_2_PRICE,REPORT_LIMIT,2,0,1,1,0.5,0.8,0.02002716064453125,1
Schema-Constraint,A2_etl_logic_error,medium_real,11,ETL_FX_STOCK_2_PRICE,REPORT_LIMIT,56,0,0,0,0.017857142857142856,1.0,0.0,0
APA-RCA-v2,A2_etl_logic_error,medium_real,12,ETL_FX_STOCK_8_PRICE,REPORT_LIMIT,4,0,0,1,0.25,0.8,101.05204582214355,9
APA-RCA-v3,A2_etl_logic_error,medium_real,12,ETL_FX_STOCK_8_PRICE,REPORT_LIMIT,4,0,0,1,0.25,0.8,49.286842346191406,9
AnomalyOnly,A2_etl_logic_error,medium_real,12,ETL_FX_STOCK_8_PRICE,REPORT_LIMIT,7,0,0,0,0.14285714285714285,1.0,0.019311904907226562,1
Schema-Constraint,A2_etl_logic_error,medium_real,12,ETL_FX_STOCK_8_PRICE,REPORT_LIMIT,62,0,0,0,0.016129032258064516,1.0,0.0,0
APA-RCA-v2,A2_etl_logic_error,medium_real,13,ETL_FX_STOCK_11_PRICE,REPORT_LIMIT,4,0,0,1,0.25,0.8,7.622957229614258,9
APA-RCA-v3,A2_etl_logic_error,medium_real,13,ETL_FX_STOCK_11_PRICE,REPORT_LIMIT,4,0,0,1,0.25,0.8,29.794931411743164,9
AnomalyOnly,A2_etl_logic_error,medium_real,13,ETL_FX_STOCK_11_PRICE,REPORT_LIMIT,6,0,0,0,0.16666666666666666,1.0,0.017881393432617188,1
Schema-Constraint,A2_etl_logic_error,medium_real,13,ETL_FX_STOCK_11_PRICE,REPORT_LIMIT,65,0,0,0,0.015384615384615385,1.0,0.0,0
APA-RCA-v2,A2_etl_logic_error,medium_real,14,ETL_FX_STOCK_2_PRICE,REPORT_LIMIT,3,0,1,1,0.3333333333333333,0.8,195.7108974456787,9
APA-RCA-v3,A2_etl_logic_error,medium_real,14,ETL_FX_STOCK_2_PRICE,REPORT_LIMIT,3,0,1,1,0.3333333333333333,0.8,60.280799865722656,9
AnomalyOnly,A2_etl_logic_error,medium_real,14,ETL_FX_STOCK_2_PRICE,REPORT_LIMIT,2,0,1,1,0.5,0.8,0.03409385681152344,1
Schema-Constraint,A2_etl_logic_error,medium_real,14,ETL_FX_STOCK_2_PRICE,REPORT_LIMIT,56,0,0,0,0.017857142857142856,1.0,0.0,0
APA-RCA-v2,A2_etl_logic_error,medium_real,15,ETL_FX_STOCK_12_PRICE,REPORT_LIMIT,3,0,1,1,0.3333333333333333,0.8,48.07615280151367,9
APA-RCA-v3,A2_etl_logic_error,medium_real,15,ETL_FX_STOCK_12_PRICE,REPORT_LIMIT,3,0,1,1,0.3333333333333333,0.8,30.891895294189453,9
AnomalyOnly,A2_etl_logic_error,medium_real,15,ETL_FX_STOCK_12_PRICE,REPORT_LIMIT,2,0,1,1,0.5,0.8,0.019073486328125,1
Schema-Constraint,A2_etl_logic_error,medium_real,15,ETL_FX_STOCK_12_PRICE,REPORT_LIMIT,66,0,0,0,0.015151515151515152,1.0,0.0,0
APA-RCA-v2,A2_etl_logic_error,medium_real,16,ETL_FX_STOCK_7_PRICE,REPORT_LIMIT,4,0,0,1,0.25,0.8,2.039670944213867,9
APA-RCA-v3,A2_etl_logic_error,medium_real,16,ETL_FX_STOCK_7_PRICE,REPORT_LIMIT,4,0,0,1,0.25,0.8,3.283977508544922,9
AnomalyOnly,A2_etl_logic_error,medium_real,16,ETL_FX_STOCK_7_PRICE,REPORT_LIMIT,7,0,0,0,0.14285714285714285,1.0,0.016689300537109375,1
Schema-Constraint,A2_etl_logic_error,medium_real,16,ETL_FX_STOCK_7_PRICE,REPORT_LIMIT,61,0,0,0,0.01639344262295082,1.0,0.0,0
APA-RCA-v2,A2_etl_logic_error,medium_real,17,ETL_FX_STOCK_9_PRICE,REPORT_LIMIT,3,0,1,1,0.3333333333333333,0.8,1.9142627716064453,9
APA-RCA-v3,A2_etl_logic_error,medium_real,17,ETL_FX_STOCK_9_PRICE,REPORT_LIMIT,3,0,1,1,0.3333333333333333,0.8,1.3518333435058594,9
AnomalyOnly,A2_etl_logic_error,medium_real,17,ETL_FX_STOCK_9_PRICE,REPORT_LIMIT,6,0,0,0,0.16666666666666666,1.0,0.015974044799804688,1
Schema-Constraint,A2_etl_logic_error,medium_real,17,ETL_FX_STOCK_9_PRICE,REPORT_LIMIT,63,0,0,0,0.015873015873015872,1.0,0.0,0
APA-RCA-v2,A2_etl_logic_error,medium_real,18,ETL_FX_STOCK_11_PRICE,REPORT_LIMIT,4,0,0,1,0.25,0.8,1.4729499816894531,9
APA-RCA-v3,A2_etl_logic_error,medium_real,18,ETL_FX_STOCK_11_PRICE,REPORT_LIMIT,4,0,0,1,0.25,0.8,1.4090538024902344,9
AnomalyOnly,A2_etl_logic_error,medium_real,18,ETL_FX_STOCK_11_PRICE,REPORT_LIMIT,6,0,0,0,0.16666666666666666,1.0,0.01621246337890625,1
Schema-Constraint,A2_etl_logic_error,medium_real,18,ETL_FX_STOCK_11_PRICE,REPORT_LIMIT,65,0,0,0,0.015384615384615385,1.0,0.0,0
APA-RCA-v2,A2_etl_logic_error,medium_real,19,ETL_FX_STOCK_8_PRICE,REPORT_LIMIT,4,0,0,1,0.25,0.8,4.487752914428711,9
APA-RCA-v3,A2_etl_logic_error,medium_real,19,ETL_FX_STOCK_8_PRICE,REPORT_LIMIT,4,0,0,1,0.25,0.8,1.3909339904785156,9
AnomalyOnly,A2_etl_logic_error,medium_real,19,ETL_FX_STOCK_8_PRICE,REPORT_LIMIT,7,0,0,0,0.14285714285714285,1.0,0.015974044799804688,1
Schema-Constraint,A2_etl_logic_error,medium_real,19,ETL_FX_STOCK_8_PRICE,REPORT_LIMIT,62,0,0,0,0.016129032258064516,1.0,0.0,0
APA-RCA-v2,A2_etl_logic_error,medium_real,20,ETL_FX_STOCK_11_PRICE,REPORT_LIMIT,4,0,0,1,0.25,0.8,27.412891387939453,9
APA-RCA-v3,A2_etl_logic_error,medium_real,20,ETL_FX_STOCK_11_PRICE,REPORT_LIMIT,4,0,0,1,0.25,0.8,4.909992218017578,9
AnomalyOnly,A2_etl_logic_error,medium_real,20,ETL_FX_STOCK_11_PRICE,REPORT_LIMIT,6,0,0,0,0.16666666666666666,1.0,0.02384185791015625,1
Schema-Constraint,A2_etl_logic_error,medium_real,20,ETL_FX_STOCK_11_PRICE,REPORT_LIMIT,65,0,0,0,0.015384615384615385,1.0,0.0,0
APA-RCA-v2,A2_etl_logic_error,medium_real,21,ETL_FX_STOCK_4_PRICE,REPORT_LIMIT,3,0,1,1,0.3333333333333333,0.8,1.4522075653076172,9
APA-RCA-v3,A2_etl_logic_error,medium_real,21,ETL_FX_STOCK_4_PRICE,REPORT_LIMIT,3,0,1,1,0.3333333333333333,0.8,1.361846923828125,9
AnomalyOnly,A2_etl_logic_error,medium_real,21,ETL_FX_STOCK_4_PRICE,REPORT_LIMIT,2,0,1,1,0.5,0.8,0.01621246337890625,1
Schema-Constraint,A2_etl_logic_error,medium_real,21,ETL_FX_STOCK_4_PRICE,REPORT_LIMIT,58,0,0,0,0.017241379310344827,1.0,0.0,0
APA-RCA-v2,A2_etl_logic_error,medium_real,22,ETL_FX_STOCK_10_PRICE,REPORT_LIMIT,3,0,1,1,0.3333333333333333,0.8,2.807140350341797,9
APA-RCA-v3,A2_etl_logic_error,medium_real,22,ETL_FX_STOCK_10_PRICE,REPORT_LIMIT,3,0,1,1,0.3333333333333333,0.8,1.363992691040039,9
AnomalyOnly,A2_etl_logic_error,medium_real,22,ETL_FX_STOCK_10_PRICE,REPORT_LIMIT,6,0,0,0,0.16666666666666666,1.0,0.015974044799804688,1
Schema-Constraint,A2_etl_logic_error,medium_real,22,ETL_FX_STOCK_10_PRICE,REPORT_LIMIT,64,0,0,0,0.015625,1.0,0.0,0
APA-RCA-v2,A2_etl_logic_error,medium_real,23,ETL_FX_STOCK_1_PRICE,REPORT_LIMIT,3,0,1,1,0.3333333333333333,0.8,1.4510154724121094,9
APA-RCA-v3,A2_etl_logic_error,medium_real,23,ETL_FX_STOCK_1_PRICE,REPORT_LIMIT,3,0,1,1,0.3333333333333333,0.8,1.3759136199951172,9
AnomalyOnly,A2_etl_logic_error,medium_real,23,ETL_FX_STOCK_1_PRICE,REPORT_LIMIT,2,0,1,1,0.5,0.8,0.015020370483398438,1
Schema-Constraint,A2_etl_logic_error,medium_real,23,ETL_FX_STOCK_1_PRICE,REPORT_LIMIT,55,0,0,0,0.01818181818181818,1.0,0.0,0
APA-RCA-v2,A2_etl_logic_error,medium_real,24,ETL_FX_STOCK_5_PRICE,REPORT_LIMIT,5,0,0,1,0.2,0.8,1.8889904022216797,9
APA-RCA-v3,A2_etl_logic_error,medium_real,24,ETL_FX_STOCK_5_PRICE,REPORT_LIMIT,5,0,0,1,0.2,0.8,1.3217926025390625,9
AnomalyOnly,A2_etl_logic_error,medium_real,24,ETL_FX_STOCK_5_PRICE,REPORT_LIMIT,8,0,0,0,0.125,1.0,0.0171661376953125,1
Schema-Constraint,A2_etl_logic_error,medium_real,24,ETL_FX_STOCK_5_PRICE,REPORT_LIMIT,59,0,0,0,0.01694915254237288,1.0,0.0,0
APA-RCA-v2,A2_etl_logic_error,medium_real,25,ETL_FX_STOCK_7_PRICE,REPORT_LIMIT,4,0,0,1,0.25,0.8,1.4290809631347656,9
APA-RCA-v3,A2_etl_logic_error,medium_real,25,ETL_FX_STOCK_7_PRICE,REPORT_LIMIT,4,0,0,1,0.25,0.8,1.8451213836669922,9
AnomalyOnly,A2_etl_logic_error,medium_real,25,ETL_FX_STOCK_7_PRICE,REPORT_LIMIT,7,0,0,0,0.14285714285714285,1.0,0.015974044799804688,1
Schema-Constraint,A2_etl_logic_error,medium_real,25,ETL_FX_STOCK_7_PRICE,REPORT_LIMIT,61,0,0,0,0.01639344262295082,1.0,0.0,0
APA-RCA-v2,A2_etl_logic_error,medium_real,26,ETL_FX_STOCK_11_PRICE,REPORT_LIMIT,4,0,0,1,0.25,0.8,10.293960571289062,9
APA-RCA-v3,A2_etl_logic_error,medium_real,26,ETL_FX_STOCK_11_PRICE,REPORT_LIMIT,4,0,0,1,0.25,0.8,1.3799667358398438,9
AnomalyOnly,A2_etl_logic_error,medium_real,26,ETL_FX_STOCK_11_PRICE,REPORT_LIMIT,6,0,0,0,0.16666666666666666,1.0,0.015974044799804688,1
Schema-Constraint,A2_etl_logic_error,medium_real,26,ETL_FX_STOCK_11_PRICE,REPORT_LIMIT,65,0,0,0,0.015384615384615385,1.0,0.0,0
APA-RCA-v2,A2_etl_logic_error,medium_real,27,ETL_FX_STOCK_1_PRICE,REPORT_LIMIT,3,0,1,1,0.3333333333333333,0.8,1.6300678253173828,9
APA-RCA-v3,A2_etl_logic_error,medium_real,27,ETL_FX_STOCK_1_PRICE,REPORT_LIMIT,3,0,1,1,0.3333333333333333,0.8,1.3298988342285156,9
AnomalyOnly,A2_etl_logic_error,medium_real,27,ETL_FX_STOCK_1_PRICE,REPORT_LIMIT,2,0,1,1,0.5,0.8,0.015974044799804688,1
Schema-Constraint,A2_etl_logic_error,medium_real,27,ETL_FX_STOCK_1_PRICE,REPORT_LIMIT,55,0,0,0,0.01818181818181818,1.0,0.0,0
APA-RCA-v2,A2_etl_logic_error,medium_real,28,ETL_FX_STOCK_8_PRICE,REPORT_LIMIT,4,0,0,1,0.25,0.8,1.416921615600586,9
APA-RCA-v3,A2_etl_logic_error,medium_real,28,ETL_FX_STOCK_8_PRICE,REPORT_LIMIT,4,0,0,1,0.25,0.8,1.3811588287353516,9
AnomalyOnly,A2_etl_logic_error,medium_real,28,ETL_FX_STOCK_8_PRICE,REPORT_LIMIT,7,0,0,0,0.14285714285714285,1.0,0.015974044799804688,1
Schema-Constraint,A2_etl_logic_error,medium_real,28,ETL_FX_STOCK_8_PRICE,REPORT_LIMIT,62,0,0,0,0.016129032258064516,1.0,0.0,0
APA-RCA-v2,A2_etl_logic_error,medium_real,29,ETL_FX_STOCK_12_PRICE,REPORT_LIMIT,3,0,1,1,0.3333333333333333,0.8,2.5098323822021484,9
APA-RCA-v3,A2_etl_logic_error,medium_real,29,ETL_FX_STOCK_12_PRICE,REPORT_LIMIT,3,0,1,1,0.3333333333333333,0.8,1.3649463653564453,9
AnomalyOnly,A2_etl_logic_error,medium_real,29,ETL_FX_STOCK_12_PRICE,REPORT_LIMIT,2,0,1,1,0.5,0.8,0.01621246337890625,1
Schema-Constraint,A2_etl_logic_error,medium_real,29,ETL_FX_STOCK_12_PRICE,REPORT_LIMIT,66,0,0,0,0.015151515151515152,1.0,0.0,0
APA-RCA-v2,A3_feature_calc_error,medium_real,0,FEAT_VOL20_STOCK_11_PRICE,REPORT_LIMIT,4,0,0,1,0.25,0.8,1.8849372863769531,9
APA-RCA-v3,A3_feature_calc_error,medium_real,0,FEAT_VOL20_STOCK_11_PRICE,REPORT_LIMIT,4,0,0,1,0.25,0.8,3.015279769897461,9
AnomalyOnly,A3_feature_calc_error,medium_real,0,FEAT_VOL20_STOCK_11_PRICE,REPORT_LIMIT,8,0,0,0,0.125,1.0,0.015735626220703125,1
Schema-Constraint,A3_feature_calc_error,medium_real,0,FEAT_VOL20_STOCK_11_PRICE,REPORT_LIMIT,101,0,0,0,0.009900990099009901,1.0,0.0,0
APA-RCA-v2,A3_feature_calc_error,medium_real,1,FEAT_VOL20_STOCK_6_PRICE,REPORT_LIMIT,3,0,1,1,0.3333333333333333,0.8,1.3930797576904297,9
APA-RCA-v3,A3_feature_calc_error,medium_real,1,FEAT_VOL20_STOCK_6_PRICE,REPORT_LIMIT,3,0,1,1,0.3333333333333333,0.8,1.5439987182617188,9
AnomalyOnly,A3_feature_calc_error,medium_real,1,FEAT_VOL20_STOCK_6_PRICE,REPORT_LIMIT,1,1,1,1,1.0,0.8,0.014781951904296875,1
Schema-Constraint,A3_feature_calc_error,medium_real,1,FEAT_VOL20_STOCK_6_PRICE,REPORT_LIMIT,96,0,0,0,0.010416666666666666,1.0,0.0,0
APA-RCA-v2,A3_feature_calc_error,medium_real,2,FEAT_VOL20_STOCK_11_PRICE,REPORT_LIMIT,4,0,0,1,0.25,0.8,8.16488265991211,9
APA-RCA-v3,A3_feature_calc_error,medium_real,2,FEAT_VOL20_STOCK_11_PRICE,REPORT_LIMIT,4,0,0,1,0.25,0.8,1.3499259948730469,9
AnomalyOnly,A3_feature_calc_error,medium_real,2,FEAT_VOL20_STOCK_11_PRICE,REPORT_LIMIT,8,0,0,0,0.125,1.0,0.015020370483398438,1
Schema-Constraint,A3_feature_calc_error,medium_real,2,FEAT_VOL20_STOCK_11_PRICE,REPORT_LIMIT,101,0,0,0,0.009900990099009901,1.0,0.0,0
APA-RCA-v2,A3_feature_calc_error,medium_real,3,FEAT_VOL20_STOCK_10_PRICE,REPORT_LIMIT,4,0,0,1,0.25,0.8,1.4061927795410156,9
APA-RCA-v3,A3_feature_calc_error,medium_real,3,FEAT_VOL20_STOCK_10_PRICE,REPORT_LIMIT,4,0,0,1,0.25,0.8,1.3282299041748047,9
AnomalyOnly,A3_feature_calc_error,medium_real,3,FEAT_VOL20_STOCK_10_PRICE,REPORT_LIMIT,8,0,0,0,0.125,1.0,0.015020370483398438,1
Schema-Constraint,A3_feature_calc_error,medium_real,3,FEAT_VOL20_STOCK_10_PRICE,REPORT_LIMIT,100,0,0,0,0.01,1.0,0.0,0
APA-RCA-v2,A3_feature_calc_error,medium_real,4,FEAT_VOL20_STOCK_9_PRICE,REPORT_LIMIT,3,0,1,1,0.3333333333333333,0.8,39.08205032348633,9
APA-RCA-v3,A3_feature_calc_error,medium_real,4,FEAT_VOL20_STOCK_9_PRICE,REPORT_LIMIT,3,0,1,1,0.3333333333333333,0.8,2.209901809692383,9
AnomalyOnly,A3_feature_calc_error,medium_real,4,FEAT_VOL20_STOCK_9_PRICE,REPORT_LIMIT,1,1,1,1,1.0,0.8,0.016927719116210938,1
Schema-Constraint,A3_feature_calc_error,medium_real,4,FEAT_VOL20_STOCK_9_PRICE,REPORT_LIMIT,99,0,0,0,0.010101010101010102,1.0,0.0,0
APA-RCA-v2,A3_feature_calc_error,medium_real,5,FEAT_VOL20_STOCK_9_PRICE,REPORT_LIMIT,3,0,1,1,0.3333333333333333,0.8,1.7979145050048828,9
APA-RCA-v3,A3_feature_calc_error,medium_real,5,FEAT_VOL20_STOCK_9_PRICE,REPORT_LIMIT,3,0,1,1,0.3333333333333333,0.8,1.3239383697509766,9
AnomalyOnly,A3_feature_calc_error,medium_real,5,FEAT_VOL20_STOCK_9_PRICE,REPORT_LIMIT,1,1,1,1,1.0,0.8,0.015974044799804688,1
Schema-Constraint,A3_feature_calc_error,medium_real,5,FEAT_VOL20_STOCK_9_PRICE,REPORT_LIMIT,99,0,0,0,0.010101010101010102,1.0,0.0,0
APA-RCA-v2,A3_feature_calc_error,medium_real,6,FEAT_VOL20_STOCK_6_PRICE,REPORT_LIMIT,3,0,1,1,0.3333333333333333,0.8,1.7290115356445312,9
APA-RCA-v3,A3_feature_calc_error,medium_real,6,FEAT_VOL20_STOCK_6_PRICE,REPORT_LIMIT,3,0,1,1,0.3333333333333333,0.8,1.3608932495117188,9
AnomalyOnly,A3_feature_calc_error,medium_real,6,FEAT_VOL20_STOCK_6_PRICE,REPORT_LIMIT,1,1,1,1,1.0,0.8,0.015974044799804688,1
Schema-Constraint,A3_feature_calc_error,medium_real,6,FEAT_VOL20_STOCK_6_PRICE,REPORT_LIMIT,96,0,0,0,0.010416666666666666,1.0,0.0,0
APA-RCA-v2,A3_feature_calc_error,medium_real,7,FEAT_VOL20_STOCK_12_PRICE,REPORT_LIMIT,3,0,1,1,0.3333333333333333,0.8,37.16611862182617,9
APA-RCA-v3,A3_feature_calc_error,medium_real,7,FEAT_VOL20_STOCK_12_PRICE,REPORT_LIMIT,3,0,1,1,0.3333333333333333,0.8,22.26734161376953,9
AnomalyOnly,A3_feature_calc_error,medium_real,7,FEAT_VOL20_STOCK_12_PRICE,REPORT_LIMIT,1,1,1,1,1.0,0.8,0.0171661376953125,1
Schema-Constraint,A3_feature_calc_error,medium_real,7,FEAT_VOL20_STOCK_12_PRICE,REPORT_LIMIT,102,0,0,0,0.00980392156862745,1.0,0.0,0
APA-RCA-v2,A3_feature_calc_error,medium_real,8,FEAT_VOL20_STOCK_9_PRICE,REPORT_LIMIT,3,0,1,1,0.3333333333333333,0.8,3.1180381774902344,9
APA-RCA-v3,A3_feature_calc_error,medium_real,8,FEAT_VOL20_STOCK_9_PRICE,REPORT_LIMIT,3,0,1,1,0.3333333333333333,0.8,1.8448829650878906,9
AnomalyOnly,A3_feature_calc_error,medium_real,8,FEAT_VOL20_STOCK_9_PRICE,REPORT_LIMIT,1,1,1,1,1.0,0.8,0.015735626220703125,1
Schema-Constraint,A3_feature_calc_error,medium_real,8,FEAT_VOL20_STOCK_9_PRICE,REPORT_LIMIT,99,0,0,0,0.010101010101010102,1.0,0.0,0
APA-RCA-v2,A3_feature_calc_error,medium_real,9,FEAT_VOL20_STOCK_6_PRICE,REPORT_LIMIT,3,0,1,1,0.3333333333333333,0.8,1.405954360961914,9
APA-RCA-v3,A3_feature_calc_error,medium_real,9,FEAT_VOL20_STOCK_6_PRICE,REPORT_LIMIT,3,0,1,1,0.3333333333333333,0.8,1.352071762084961,9
AnomalyOnly,A3_feature_calc_error,medium_real,9,FEAT_VOL20_STOCK_6_PRICE,REPORT_LIMIT,1,1,1,1,1.0,0.8,0.0152587890625,1
Schema-Constraint,A3_feature_calc_error,medium_real,9,FEAT_VOL20_STOCK_6_PRICE,REPORT_LIMIT,96,0,0,0,0.010416666666666666,1.0,0.0,0
APA-RCA-v2,A3_feature_calc_error,medium_real,10,FEAT_VOL20_STOCK_10_PRICE,REPORT_LIMIT,4,0,0,1,0.25,0.8,1.5261173248291016,9
APA-RCA-v3,A3_feature_calc_error,medium_real,10,FEAT_VOL20_STOCK_10_PRICE,REPORT_LIMIT,4,0,0,1,0.25,0.8,1.3718605041503906,9
AnomalyOnly,A3_feature_calc_error,medium_real,10,FEAT_VOL20_STOCK_10_PRICE,REPORT_LIMIT,8,0,0,0,0.125,1.0,0.015974044799804688,1
Schema-Constraint,A3_feature_calc_error,medium_real,10,FEAT_VOL20_STOCK_10_PRICE,REPORT_LIMIT,100,0,0,0,0.01,1.0,0.0,0
APA-RCA-v2,A3_feature_calc_error,medium_real,11,FEAT_VOL20_STOCK_2_PRICE,REPORT_LIMIT,3,0,1,1,0.3333333333333333,0.8,1.415252685546875,9
APA-RCA-v3,A3_feature_calc_error,medium_real,11,FEAT_VOL20_STOCK_2_PRICE,REPORT_LIMIT,3,0,1,1,0.3333333333333333,0.8,2.276897430419922,9
AnomalyOnly,A3_feature_calc_error,medium_real,11,FEAT_VOL20_STOCK_2_PRICE,REPORT_LIMIT,1,1,1,1,1.0,0.8,0.015974044799804688,1
Schema-Constraint,A3_feature_calc_error,medium_real,11,FEAT_VOL20_STOCK_2_PRICE,REPORT_LIMIT,92,0,0,0,0.010869565217391304,1.0,0.0,0
APA-RCA-v2,A3_feature_calc_error,medium_real,12,FEAT_VOL20_STOCK_8_PRICE,REPORT_LIMIT,3,0,1,1,0.3333333333333333,0.8,1.3802051544189453,9
APA-RCA-v3,A3_feature_calc_error,medium_real,12,FEAT_VOL20_STOCK_8_PRICE,REPORT_LIMIT,3,0,1,1,0.3333333333333333,0.8,2.3648738861083984,9
AnomalyOnly,A3_feature_calc_error,medium_real,12,FEAT_VOL20_STOCK_8_PRICE,REPORT_LIMIT,1,1,1,1,1.0,0.8,0.01621246337890625,1
Schema-Constraint,A3_feature_calc_error,medium_real,12,FEAT_VOL20_STOCK_8_PRICE,REPORT_LIMIT,98,0,0,0,0.01020408163265306,1.0,0.0,0
APA-RCA-v2,A3_feature_calc_error,medium_real,13,FEAT_VOL20_STOCK_11_PRICE,REPORT_LIMIT,4,0,0,1,0.25,0.8,1.8589496612548828,9
APA-RCA-v3,A3_feature_calc_error,medium_real,13,FEAT_VOL20_STOCK_11_PRICE,REPORT_LIMIT,4,0,0,1,0.25,0.8,1.3408660888671875,9
AnomalyOnly,A3_feature_calc_error,medium_real,13,FEAT_VOL20_STOCK_11_PRICE,REPORT_LIMIT,8,0,0,0,0.125,1.0,0.015020370483398438,1
Schema-Constraint,A3_feature_calc_error,medium_real,13,FEAT_VOL20_STOCK_11_PRICE,REPORT_LIMIT,101,0,0,0,0.009900990099009901,1.0,0.0,0
APA-RCA-v2,A3_feature_calc_error,medium_real,14,FEAT_VOL20_STOCK_2_PRICE,REPORT_LIMIT,3,0,1,1,0.3333333333333333,0.8,2.6030540466308594,9
APA-RCA-v3,A3_feature_calc_error,medium_real,14,FEAT_VOL20_STOCK_2_PRICE,REPORT_LIMIT,3,0,1,1,0.3333333333333333,0.8,1.3298988342285156,9
AnomalyOnly,A3_feature_calc_error,medium_real,14,FEAT_VOL20_STOCK_2_PRICE,REPORT_LIMIT,1,1,1,1,1.0,0.8,0.01621246337890625,1
Schema-Constraint,A3_feature_calc_error,medium_real,14,FEAT_VOL20_STOCK_2_PRICE,REPORT_LIMIT,92,0,0,0,0.010869565217391304,1.0,0.0,0
APA-RCA-v2,A3_feature_calc_error,medium_real,15,FEAT_VOL20_STOCK_12_PRICE,REPORT_LIMIT,3,0,1,1,0.3333333333333333,0.8,1.3890266418457031,9
APA-RCA-v3,A3_feature_calc_error,medium_real,15,FEAT_VOL20_STOCK_12_PRICE,REPORT_LIMIT,3,0,1,1,0.3333333333333333,0.8,1.363992691040039,9
AnomalyOnly,A3_feature_calc_error,medium_real,15,FEAT_VOL20_STOCK_12_PRICE,REPORT_LIMIT,1,1,1,1,1.0,0.8,0.015974044799804688,1
Schema-Constraint,A3_feature_calc_error,medium_real,15,FEAT_VOL20_STOCK_12_PRICE,REPORT_LIMIT,102,0,0,0,0.00980392156862745,1.0,0.0,0
APA-RCA-v2,A3_feature_calc_error,medium_real,16,FEAT_VOL20_STOCK_7_PRICE,REPORT_LIMIT,3,0,1,1,0.3333333333333333,0.8,1.4431476593017578,9
APA-RCA-v3,A3_feature_calc_error,medium_real,16,FEAT_VOL20_STOCK_7_PRICE,REPORT_LIMIT,3,0,1,1,0.3333333333333333,0.8,1.33514404296875,9
AnomalyOnly,A3_feature_calc_error,medium_real,16,FEAT_VOL20_STOCK_7_PRICE,REPORT_LIMIT,1,1,1,1,1.0,0.8,0.0152587890625,1
Schema-Constraint,A3_feature_calc_error,medium_real,16,FEAT_VOL20_STOCK_7_PRICE,REPORT_LIMIT,97,0,0,0,0.010309278350515464,1.0,0.0,0
APA-RCA-v2,A3_feature_calc_error,medium_real,17,FEAT_VOL20_STOCK_9_PRICE,REPORT_LIMIT,3,0,1,1,0.3333333333333333,0.8,1.9009113311767578,9
APA-RCA-v3,A3_feature_calc_error,medium_real,17,FEAT_VOL20_STOCK_9_PRICE,REPORT_LIMIT,3,0,1,1,0.3333333333333333,0.8,1.3630390167236328,9
AnomalyOnly,A3_feature_calc_error,medium_real,17,FEAT_VOL20_STOCK_9_PRICE,REPORT_LIMIT,1,1,1,1,1.0,0.8,0.015974044799804688,1
Schema-Constraint,A3_feature_calc_error,medium_real,17,FEAT_VOL20_STOCK_9_PRICE,REPORT_LIMIT,99,0,0,0,0.010101010101010102,1.0,0.0,0
APA-RCA-v2,A3_feature_calc_error,medium_real,18,FEAT_VOL20_STOCK_11_PRICE,REPORT_LIMIT,4,0,0,1,0.25,0.8,1.4281272888183594,9
APA-RCA-v3,A3_feature_calc_error,medium_real,18,FEAT_VOL20_STOCK_11_PRICE,REPORT_LIMIT,4,0,0,1,0.25,0.8,1.3577938079833984,9
AnomalyOnly,A3_feature_calc_error,medium_real,18,FEAT_VOL20_STOCK_11_PRICE,REPORT_LIMIT,8,0,0,0,0.125,1.0,0.01621246337890625,1
Schema-Constraint,A3_feature_calc_error,medium_real,18,FEAT_VOL20_STOCK_11_PRICE,REPORT_LIMIT,101,0,0,0,0.009900990099009901,1.0,0.0,0
APA-RCA-v2,A3_feature_calc_error,medium_real,19,FEAT_VOL20_STOCK_8_PRICE,REPORT_LIMIT,3,0,1,1,0.3333333333333333,0.8,1.67083740234375,9
APA-RCA-v3,A3_feature_calc_error,medium_real,19,FEAT_VOL20_STOCK_8_PRICE,REPORT_LIMIT,3,0,1,1,0.3333333333333333,0.8,1.3458728790283203,9
AnomalyOnly,A3_feature_calc_error,medium_real,19,FEAT_VOL20_STOCK_8_PRICE,REPORT_LIMIT,1,1,1,1,1.0,0.8,0.015735626220703125,1
Schema-Constraint,A3_feature_calc_error,medium_real,19,FEAT_VOL20_STOCK_8_PRICE,REPORT_LIMIT,98,0,0,0,0.01020408163265306,1.0,0.0,0
APA-RCA-v2,A3_feature_calc_error,medium_real,20,FEAT_VOL20_STOCK_11_PRICE,REPORT_LIMIT,4,0,0,1,0.25,0.8,1.4789104461669922,9
APA-RCA-v3,A3_feature_calc_error,medium_real,20,FEAT_VOL20_STOCK_11_PRICE,REPORT_LIMIT,4,0,0,1,0.25,0.8,1.3980865478515625,9
AnomalyOnly,A3_feature_calc_error,medium_real,20,FEAT_VOL20_STOCK_11_PRICE,REPORT_LIMIT,8,0,0,0,0.125,1.0,0.016927719116210938,1
Schema-Constraint,A3_feature_calc_error,medium_real,20,FEAT_VOL20_STOCK_11_PRICE,REPORT_LIMIT,101,0,0,0,0.009900990099009901,1.0,0.0,0
APA-RCA-v2,A3_feature_calc_error,medium_real,21,FEAT_VOL20_STOCK_4_PRICE,REPORT_LIMIT,3,0,1,1,0.3333333333333333,0.8,1.889944076538086,9
APA-RCA-v3,A3_feature_calc_error,medium_real,21,FEAT_VOL20_STOCK_4_PRICE,REPORT_LIMIT,3,0,1,1,0.3333333333333333,0.8,5.585908889770508,9
AnomalyOnly,A3_feature_calc_error,medium_real,21,FEAT_VOL20_STOCK_4_PRICE,REPORT_LIMIT,1,1,1,1,1.0,0.8,0.01621246337890625,1
Schema-Constraint,A3_feature_calc_error,medium_real,21,FEAT_VOL20_STOCK_4_PRICE,REPORT_LIMIT,94,0,0,0,0.010638297872340425,1.0,0.0,0
APA-RCA-v2,A3_feature_calc_error,medium_real,22,FEAT_VOL20_STOCK_10_PRICE,REPORT_LIMIT,4,0,0,1,0.25,0.8,1.4410018920898438,9
APA-RCA-v3,A3_feature_calc_error,medium_real,22,FEAT_VOL20_STOCK_10_PRICE,REPORT_LIMIT,4,0,0,1,0.25,0.8,1.873016357421875,9
AnomalyOnly,A3_feature_calc_error,medium_real,22,FEAT_VOL20_STOCK_10_PRICE,REPORT_LIMIT,8,0,0,0,0.125,1.0,0.015735626220703125,1
Schema-Constraint,A3_feature_calc_error,medium_real,22,FEAT_VOL20_STOCK_10_PRICE,REPORT_LIMIT,100,0,0,0,0.01,1.0,0.0,0
APA-RCA-v2,A3_feature_calc_error,medium_real,23,FEAT_VOL20_STOCK_1_PRICE,REPORT_LIMIT,3,0,1,1,0.3333333333333333,0.8,1.3980865478515625,9
APA-RCA-v3,A3_feature_calc_error,medium_real,23,FEAT_VOL20_STOCK_1_PRICE,REPORT_LIMIT,3,0,1,1,0.3333333333333333,0.8,1.371145248413086,9
AnomalyOnly,A3_feature_calc_error,medium_real,23,FEAT_VOL20_STOCK_1_PRICE,REPORT_LIMIT,1,1,1,1,1.0,0.8,0.01621246337890625,1
Schema-Constraint,A3_feature_calc_error,medium_real,23,FEAT_VOL20_STOCK_1_PRICE,REPORT_LIMIT,91,0,0,0,0.01098901098901099,1.0,0.0,0
APA-RCA-v2,A3_feature_calc_error,medium_real,24,FEAT_VOL20_STOCK_5_PRICE,REPORT_LIMIT,3,0,1,1,0.3333333333333333,0.8,1.6109943389892578,9
APA-RCA-v3,A3_feature_calc_error,medium_real,24,FEAT_VOL20_STOCK_5_PRICE,REPORT_LIMIT,3,0,1,1,0.3333333333333333,0.8,1.3401508331298828,9
AnomalyOnly,A3_feature_calc_error,medium_real,24,FEAT_VOL20_STOCK_5_PRICE,REPORT_LIMIT,1,1,1,1,1.0,0.8,0.015974044799804688,1
Schema-Constraint,A3_feature_calc_error,medium_real,24,FEAT_VOL20_STOCK_5_PRICE,REPORT_LIMIT,95,0,0,0,0.010526315789473684,1.0,0.0,0
APA-RCA-v2,A3_feature_calc_error,medium_real,25,FEAT_VOL20_STOCK_7_PRICE,REPORT_LIMIT,3,0,1,1,0.3333333333333333,0.8,3.2739639282226562,9
APA-RCA-v3,A3_feature_calc_error,medium_real,25,FEAT_VOL20_STOCK_7_PRICE,REPORT_LIMIT,3,0,1,1,0.3333333333333333,0.8,1.5330314636230469,9
AnomalyOnly,A3_feature_calc_error,medium_real,25,FEAT_VOL20_STOCK_7_PRICE,REPORT_LIMIT,1,1,1,1,1.0,0.8,0.016927719116210938,1
Schema-Constraint,A3_feature_calc_error,medium_real,25,FEAT_VOL20_STOCK_7_PRICE,REPORT_LIMIT,97,0,0,0,0.010309278350515464,1.0,0.0,0
APA-RCA-v2,A3_feature_calc_error,medium_real,26,FEAT_VOL20_STOCK_11_PRICE,REPORT_LIMIT,4,0,0,1,0.25,0.8,1.4269351959228516,9
APA-RCA-v3,A3_feature_calc_error,medium_real,26,FEAT_VOL20_STOCK_11_PRICE,REPORT_LIMIT,4,0,0,1,0.25,0.8,1.9261837005615234,9
AnomalyOnly,A3_feature_calc_error,medium_real,26,FEAT_VOL20_STOCK_11_PRICE,REPORT_LIMIT,8,0,0,0,0.125,1.0,0.015974044799804688,1
Schema-Constraint,A3_feature_calc_error,medium_real,26,FEAT_VOL20_STOCK_11_PRICE,REPORT_LIMIT,101,0,0,0,0.009900990099009901,1.0,0.0,0
APA-RCA-v2,A3_feature_calc_error,medium_real,27,FEAT_VOL20_STOCK_1_PRICE,REPORT_LIMIT,3,0,1,1,0.3333333333333333,0.8,2.374887466430664,9
APA-RCA-v3,A3_feature_calc_error,medium_real,27,FEAT_VOL20_STOCK_1_PRICE,REPORT_LIMIT,3,0,1,1,0.3333333333333333,0.8,1.6918182373046875,9
AnomalyOnly,A3_feature_calc_error,medium_real,27,FEAT_VOL20_STOCK_1_PRICE,REPORT_LIMIT,1,1,1,1,1.0,0.8,0.015974044799804688,1
Schema-Constraint,A3_feature_calc_error,medium_real,27,FEAT_VOL20_STOCK_1_PRICE,REPORT_LIMIT,91,0,0,0,0.01098901098901099,1.0,0.0,0
APA-RCA-v2,A3_feature_calc_error,medium_real,28,FEAT_VOL20_STOCK_8_PRICE,REPORT_LIMIT,3,0,1,1,0.3333333333333333,0.8,2.6900768280029297,9
APA-RCA-v3,A3_feature_calc_error,medium_real,28,FEAT_VOL20_STOCK_8_PRICE,REPORT_LIMIT,3,0,1,1,0.3333333333333333,0.8,1.355886459350586,9
AnomalyOnly,A3_feature_calc_error,medium_real,28,FEAT_VOL20_STOCK_8_PRICE,REPORT_LIMIT,1,1,1,1,1.0,0.8,0.014781951904296875,1
Schema-Constraint,A3_feature_calc_error,medium_real,28,FEAT_VOL20_STOCK_8_PRICE,REPORT_LIMIT,98,0,0,0,0.01020408163265306,1.0,0.0,0
APA-RCA-v2,A3_feature_calc_error,medium_real,29,FEAT_VOL20_STOCK_12_PRICE,REPORT_LIMIT,3,0,1,1,0.3333333333333333,0.8,1.4317035675048828,9
APA-RCA-v3,A3_feature_calc_error,medium_real,29,FEAT_VOL20_STOCK_12_PRICE,REPORT_LIMIT,3,0,1,1,0.3333333333333333,0.8,1.3649463653564453,9
AnomalyOnly,A3_feature_calc_error,medium_real,29,FEAT_VOL20_STOCK_12_PRICE,REPORT_LIMIT,1,1,1,1,1.0,0.8,0.015020370483398438,1
Schema-Constraint,A3_feature_calc_error,medium_real,29,FEAT_VOL20_STOCK_12_PRICE,REPORT_LIMIT,102,0,0,0,0.00980392156862745,1.0,0.0,0
APA-RCA-v2,A4_aggregation_error,medium_real,0,FEAT_SECTOR_B,REPORT_LIMIT,105,0,0,0,0.009523809523809525,1.0,1.4450550079345703,9
APA-RCA-v3,A4_aggregation_error,medium_real,0,FEAT_SECTOR_B,REPORT_LIMIT,105,0,0,0,0.009523809523809525,1.0,1.374959945678711,9
AnomalyOnly,A4_aggregation_error,medium_real,0,FEAT_SECTOR_B,REPORT_LIMIT,58,0,0,0,0.017241379310344827,1.0,0.015974044799804688,1
Schema-Constraint,A4_aggregation_error,medium_real,0,FEAT_SECTOR_B,REPORT_LIMIT,1,1,1,1,1.0,0.8,0.003814697265625,1
APA-RCA-v2,A4_aggregation_error,medium_real,1,FEAT_SECTOR_A,REPORT_LIMIT,120,0,0,0,0.008333333333333333,1.0,1.3759136199951172,9
APA-RCA-v3,A4_aggregation_error,medium_real,1,FEAT_SECTOR_A,REPORT_LIMIT,120,0,0,0,0.008333333333333333,1.0,1.3539791107177734,9
AnomalyOnly,A4_aggregation_error,medium_real,1,FEAT_SECTOR_A,REPORT_LIMIT,113,0,0,0,0.008849557522123894,1.0,0.015974044799804688,1
Schema-Constraint,A4_aggregation_error,medium_real,1,FEAT_SECTOR_A,REPORT_LIMIT,1,1,1,1,1.0,0.8,0.004291534423828125,1
APA-RCA-v2,A4_aggregation_error,medium_real,2,FEAT_SECTOR_B,REPORT_LIMIT,105,0,0,0,0.009523809523809525,1.0,1.4371871948242188,9
APA-RCA-v3,A4_aggregation_error,medium_real,2,FEAT_SECTOR_B,REPORT_LIMIT,105,0,0,0,0.009523809523809525,1.0,3.239870071411133,9
AnomalyOnly,A4_aggregation_error,medium_real,2,FEAT_SECTOR_B,REPORT_LIMIT,58,0,0,0,0.017241379310344827,1.0,0.015735626220703125,1
Schema-Constraint,A4_aggregation_error,medium_real,2,FEAT_SECTOR_B,REPORT_LIMIT,1,1,1,1,1.0,0.8,0.0040531158447265625,1
APA-RCA-v2,A4_aggregation_error,medium_real,3,FEAT_SECTOR_B,REPORT_LIMIT,117,0,0,0,0.008547008547008548,1.0,1.3842582702636719,9
APA-RCA-v3,A4_aggregation_error,medium_real,3,FEAT_SECTOR_B,REPORT_LIMIT,117,0,0,0,0.008547008547008548,1.0,1.3298988342285156,9
AnomalyOnly,A4_aggregation_error,medium_real,3,FEAT_SECTOR_B,REPORT_LIMIT,104,0,0,0,0.009615384615384616,1.0,0.015020370483398438,1
Schema-Constraint,A4_aggregation_error,medium_real,3,FEAT_SECTOR_B,REPORT_LIMIT,1,1,1,1,1.0,0.8,0.0030994415283203125,1
APA-RCA-v2,A4_aggregation_error,medium_real,4,FEAT_SECTOR_B,REPORT_LIMIT,117,0,0,0,0.008547008547008548,1.0,1.3930797576904297,9
APA-RCA-v3,A4_aggregation_error,medium_real,4,FEAT_SECTOR_B,REPORT_LIMIT,117,0,0,0,0.008547008547008548,1.0,1.3580322265625,9
AnomalyOnly,A4_aggregation_error,medium_real,4,FEAT_SECTOR_B,REPORT_LIMIT,104,0,0,0,0.009615384615384616,1.0,0.015735626220703125,1
Schema-Constraint,A4_aggregation_error,medium_real,4,FEAT_SECTOR_B,REPORT_LIMIT,1,1,1,1,1.0,0.8,0.0030994415283203125,1
APA-RCA-v2,A4_aggregation_error,medium_real,5,FEAT_SECTOR_B,REPORT_LIMIT,117,0,0,0,0.008547008547008548,1.0,2.0639896392822266,9
APA-RCA-v3,A4_aggregation_error,medium_real,5,FEAT_SECTOR_B,REPORT_LIMIT,117,0,0,0,0.008547008547008548,1.0,2.2530555725097656,9
AnomalyOnly,A4_aggregation_error,medium_real,5,FEAT_SECTOR_B,REPORT_LIMIT,104,0,0,0,0.009615384615384616,1.0,0.0152587890625,1
Schema-Constraint,A4_aggregation_error,medium_real,5,FEAT_SECTOR_B,REPORT_LIMIT,1,1,1,1,1.0,0.8,0.0040531158447265625,1
APA-RCA-v2,A4_aggregation_error,medium_real,6,FEAT_SECTOR_A,REPORT_LIMIT,120,0,0,0,0.008333333333333333,1.0,1.439809799194336,9
APA-RCA-v3,A4_aggregation_error,medium_real,6,FEAT_SECTOR_A,REPORT_LIMIT,120,0,0,0,0.008333333333333333,1.0,1.363992691040039,9
AnomalyOnly,A4_aggregation_error,medium_real,6,FEAT_SECTOR_A,REPORT_LIMIT,113,0,0,0,0.008849557522123894,1.0,0.015974044799804688,1
Schema-Constraint,A4_aggregation_error,medium_real,6,FEAT_SECTOR_A,REPORT_LIMIT,1,1,1,1,1.0,0.8,0.004291534423828125,1
APA-RCA-v2,A4_aggregation_error,medium_real,7,FEAT_SECTOR_B,REPORT_LIMIT,105,0,0,0,0.009523809523809525,1.0,1.4638900756835938,9
APA-RCA-v3,A4_aggregation_error,medium_real,7,FEAT_SECTOR_B,REPORT_LIMIT,105,0,0,0,0.009523809523809525,1.0,1.3549327850341797,9
AnomalyOnly,A4_aggregation_error,medium_real,7,FEAT_SECTOR_B,REPORT_LIMIT,58,0,0,0,0.017241379310344827,1.0,0.015735626220703125,1
Schema-Constraint,A4_aggregation_error,medium_real,7,FEAT_SECTOR_B,REPORT_LIMIT,1,1,1,1,1.0,0.8,0.003814697265625,1
APA-RCA-v2,A4_aggregation_error,medium_real,8,FEAT_SECTOR_B,REPORT_LIMIT,117,0,0,0,0.008547008547008548,1.0,1.4498233795166016,9
APA-RCA-v3,A4_aggregation_error,medium_real,8,FEAT_SECTOR_B,REPORT_LIMIT,117,0,0,0,0.008547008547008548,1.0,1.336812973022461,9
AnomalyOnly,A4_aggregation_error,medium_real,8,FEAT_SECTOR_B,REPORT_LIMIT,104,0,0,0,0.009615384615384616,1.0,0.0152587890625,1
Schema-Constraint,A4_aggregation_error,medium_real,8,FEAT_SECTOR_B,REPORT_LIMIT,1,1,1,1,1.0,0.8,0.0040531158447265625,1
APA-RCA-v2,A4_aggregation_error,medium_real,9,FEAT_SECTOR_A,REPORT_LIMIT,120,0,0,0,0.008333333333333333,1.0,5.964994430541992,9
APA-RCA-v3,A4_aggregation_error,medium_real,9,FEAT_SECTOR_A,REPORT_LIMIT,120,0,0,0,0.008333333333333333,1.0,1.3775825500488281,9
AnomalyOnly,A4_aggregation_error,medium_real,9,FEAT_SECTOR_A,REPORT_LIMIT,113,0,0,0,0.008849557522123894,1.0,0.01621246337890625,1
Schema-Constraint,A4_aggregation_error,medium_real,9,FEAT_SECTOR_A,REPORT_LIMIT,1,1,1,1,1.0,0.8,0.0040531158447265625,1
APA-RCA-v2,A4_aggregation_error,medium_real,10,FEAT_SECTOR_B,REPORT_LIMIT,117,0,0,0,0.008547008547008548,1.0,8.55398178100586,9
APA-RCA-v3,A4_aggregation_error,medium_real,10,FEAT_SECTOR_B,REPORT_LIMIT,117,0,0,0,0.008547008547008548,1.0,1.3759136199951172,9
AnomalyOnly,A4_aggregation_error,medium_real,10,FEAT_SECTOR_B,REPORT_LIMIT,104,0,0,0,0.009615384615384616,1.0,0.015020370483398438,1
Schema-Constraint,A4_aggregation_error,medium_real,10,FEAT_SECTOR_B,REPORT_LIMIT,1,1,1,1,1.0,0.8,0.003814697265625,1
APA-RCA-v2,A4_aggregation_error,medium_real,11,FEAT_SECTOR_A,REPORT_LIMIT,114,0,0,0,0.008771929824561403,1.0,2.061128616333008,9
APA-RCA-v3,A4_aggregation_error,medium_real,11,FEAT_SECTOR_A,REPORT_LIMIT,114,0,0,0,0.008771929824561403,1.0,1.3399124145507812,9
AnomalyOnly,A4_aggregation_error,medium_real,11,FEAT_SECTOR_A,REPORT_LIMIT,95,0,0,0,0.010526315789473684,1.0,0.0152587890625,1
Schema-Constraint,A4_aggregation_error,medium_real,11,FEAT_SECTOR_A,REPORT_LIMIT,1,1,1,1,1.0,0.8,0.0040531158447265625,1
APA-RCA-v2,A4_aggregation_error,medium_real,12,FEAT_SECTOR_B,REPORT_LIMIT,124,0,0,0,0.008064516129032258,1.0,1.3821125030517578,9
APA-RCA-v3,A4_aggregation_error,medium_real,12,FEAT_SECTOR_B,REPORT_LIMIT,124,0,0,0,0.008064516129032258,1.0,1.3530254364013672,9
AnomalyOnly,A4_aggregation_error,medium_real,12,FEAT_SECTOR_B,REPORT_LIMIT,123,0,0,0,0.008130081300813009,1.0,0.01621246337890625,1
Schema-Constraint,A4_aggregation_error,medium_real,12,FEAT_SECTOR_B,REPORT_LIMIT,1,1,1,1,1.0,0.8,0.003814697265625,1
APA-RCA-v2,A4_aggregation_error,medium_real,13,FEAT_SECTOR_B,REPORT_LIMIT,105,0,0,0,0.009523809523809525,1.0,1.9087791442871094,9
APA-RCA-v3,A4_aggregation_error,medium_real,13,FEAT_SECTOR_B,REPORT_LIMIT,105,0,0,0,0.009523809523809525,1.0,1.3401508331298828,9
AnomalyOnly,A4_aggregation_error,medium_real,13,FEAT_SECTOR_B,REPORT_LIMIT,58,0,0,0,0.017241379310344827,1.0,0.015974044799804688,1
Schema-Constraint,A4_aggregation_error,medium_real,13,FEAT_SECTOR_B,REPORT_LIMIT,1,1,1,1,1.0,0.8,0.0030994415283203125,1
APA-RCA-v2,A4_aggregation_error,medium_real,14,FEAT_SECTOR_A,REPORT_LIMIT,114,0,0,0,0.008771929824561403,1.0,1.413106918334961,9
APA-RCA-v3,A4_aggregation_error,medium_real,14,FEAT_SECTOR_A,REPORT_LIMIT,114,0,0,0,0.008771929824561403,1.0,1.3492107391357422,9
AnomalyOnly,A4_aggregation_error,medium_real,14,FEAT_SECTOR_A,REPORT_LIMIT,95,0,0,0,0.010526315789473684,1.0,0.015974044799804688,1
Schema-Constraint,A4_aggregation_error,medium_real,14,FEAT_SECTOR_A,REPORT_LIMIT,1,1,1,1,1.0,0.8,0.004291534423828125,1
APA-RCA-v2,A4_aggregation_error,medium_real,15,FEAT_SECTOR_B,REPORT_LIMIT,105,0,0,0,0.009523809523809525,1.0,1.7931461334228516,9
APA-RCA-v3,A4_aggregation_error,medium_real,15,FEAT_SECTOR_B,REPORT_LIMIT,105,0,0,0,0.009523809523809525,1.0,2.093076705932617,9
AnomalyOnly,A4_aggregation_error,medium_real,15,FEAT_SECTOR_B,REPORT_LIMIT,58,0,0,0,0.017241379310344827,1.0,0.015020370483398438,1
Schema-Constraint,A4_aggregation_error,medium_real,15,FEAT_SECTOR_B,REPORT_LIMIT,1,1,1,1,1.0,0.8,0.0040531158447265625,1
APA-RCA-v2,A4_aggregation_error,medium_real,16,FEAT_SECTOR_B,REPORT_LIMIT,124,0,0,0,0.008064516129032258,1.0,23.55813980102539,9
APA-RCA-v3,A4_aggregation_error,medium_real,16,FEAT_SECTOR_B,REPORT_LIMIT,124,0,0,0,0.008064516129032258,1.0,19.393205642700195,9
AnomalyOnly,A4_aggregation_error,medium_real,16,FEAT_SECTOR_B,REPORT_LIMIT,123,0,0,0,0.008130081300813009,1.0,0.03886222839355469,1
Schema-Constraint,A4_aggregation_error,medium_real,16,FEAT_SECTOR_B,REPORT_LIMIT,1,1,1,1,1.0,0.8,0.025033950805664062,1
APA-RCA-v2,A4_aggregation_error,medium_real,17,FEAT_SECTOR_B,REPORT_LIMIT,117,0,0,0,0.008547008547008548,1.0,22.057294845581055,9
APA-RCA-v3,A4_aggregation_error,medium_real,17,FEAT_SECTOR_B,REPORT_LIMIT,117,0,0,0,0.008547008547008548,1.0,24.47986602783203,9
AnomalyOnly,A4_aggregation_error,medium_real,17,FEAT_SECTOR_B,REPORT_LIMIT,104,0,0,0,0.009615384615384616,1.0,0.019073486328125,1
Schema-Constraint,A4_aggregation_error,medium_real,17,FEAT_SECTOR_B,REPORT_LIMIT,1,1,1,1,1.0,0.8,0.010013580322265625,1
APA-RCA-v2,A4_aggregation_error,medium_real,18,FEAT_SECTOR_B,REPORT_LIMIT,105,0,0,0,0.009523809523809525,1.0,5.554914474487305,9
APA-RCA-v3,A4_aggregation_error,medium_real,18,FEAT_SECTOR_B,REPORT_LIMIT,105,0,0,0,0.009523809523809525,1.0,1.4109611511230469,9
AnomalyOnly,A4_aggregation_error,medium_real,18,FEAT_SECTOR_B,REPORT_LIMIT,58,0,0,0,0.017241379310344827,1.0,0.0209808349609375,1
Schema-Constraint,A4_aggregation_error,medium_real,18,FEAT_SECTOR_B,REPORT_LIMIT,1,1,1,1,1.0,0.8,0.003814697265625,1
APA-RCA-v2,A4_aggregation_error,medium_real,19,FEAT_SECTOR_B,REPORT_LIMIT,124,0,0,0,0.008064516129032258,1.0,1.3959407806396484,9
APA-RCA-v3,A4_aggregation_error,medium_real,19,FEAT_SECTOR_B,REPORT_LIMIT,124,0,0,0,0.008064516129032258,1.0,1.3580322265625,9
AnomalyOnly,A4_aggregation_error,medium_real,19,FEAT_SECTOR_B,REPORT_LIMIT,123,0,0,0,0.008130081300813009,1.0,0.01621246337890625,1
Schema-Constraint,A4_aggregation_error,medium_real,19,FEAT_SECTOR_B,REPORT_LIMIT,1,1,1,1,1.0,0.8,0.00286102294921875,1
APA-RCA-v2,A4_aggregation_error,medium_real,20,FEAT_SECTOR_B,REPORT_LIMIT,105,0,0,0,0.009523809523809525,1.0,3.3881664276123047,9
APA-RCA-v3,A4_aggregation_error,medium_real,20,FEAT_SECTOR_B,REPORT_LIMIT,105,0,0,0,0.009523809523809525,1.0,2.0322799682617188,9
AnomalyOnly,A4_aggregation_error,medium_real,20,FEAT_SECTOR_B,REPORT_LIMIT,58,0,0,0,0.017241379310344827,1.0,0.014781951904296875,1
Schema-Constraint,A4_aggregation_error,medium_real,20,FEAT_SECTOR_B,REPORT_LIMIT,1,1,1,1,1.0,0.8,0.0030994415283203125,1
APA-RCA-v2,A4_aggregation_error,medium_real,21,FEAT_SECTOR_A,REPORT_LIMIT,114,0,0,0,0.008771929824561403,1.0,2.958059310913086,9
APA-RCA-v3,A4_aggregation_error,medium_real,21,FEAT_SECTOR_A,REPORT_LIMIT,114,0,0,0,0.008771929824561403,1.0,1.550912857055664,9
AnomalyOnly,A4_aggregation_error,medium_real,21,FEAT_SECTOR_A,REPORT_LIMIT,95,0,0,0,0.010526315789473684,1.0,0.014781951904296875,1
Schema-Constraint,A4_aggregation_error,medium_real,21,FEAT_SECTOR_A,REPORT_LIMIT,1,1,1,1,1.0,0.8,0.00476837158203125,1
APA-RCA-v2,A4_aggregation_error,medium_real,22,FEAT_SECTOR_B,REPORT_LIMIT,117,0,0,0,0.008547008547008548,1.0,1.4028549194335938,9
APA-RCA-v3,A4_aggregation_error,medium_real,22,FEAT_SECTOR_B,REPORT_LIMIT,117,0,0,0,0.008547008547008548,1.0,1.344919204711914,9
AnomalyOnly,A4_aggregation_error,medium_real,22,FEAT_SECTOR_B,REPORT_LIMIT,104,0,0,0,0.009615384615384616,1.0,0.015974044799804688,1
Schema-Constraint,A4_aggregation_error,medium_real,22,FEAT_SECTOR_B,REPORT_LIMIT,1,1,1,1,1.0,0.8,0.0040531158447265625,1
APA-RCA-v2,A4_aggregation_error,medium_real,23,FEAT_SECTOR_A,REPORT_LIMIT,114,0,0,0,0.008771929824561403,1.0,1.7781257629394531,9
APA-RCA-v3,A4_aggregation_error,medium_real,23,FEAT_SECTOR_A,REPORT_LIMIT,114,0,0,0,0.008771929824561403,1.0,1.3670921325683594,9
AnomalyOnly,A4_aggregation_error,medium_real,23,FEAT_SECTOR_A,REPORT_LIMIT,95,0,0,0,0.010526315789473684,1.0,0.0152587890625,1
Schema-Constraint,A4_aggregation_error,medium_real,23,FEAT_SECTOR_A,REPORT_LIMIT,1,1,1,1,1.0,0.8,0.0040531158447265625,1
APA-RCA-v2,A4_aggregation_error,medium_real,24,FEAT_SECTOR_A,REPORT_LIMIT,120,0,0,0,0.008333333333333333,1.0,2.578258514404297,9
APA-RCA-v3,A4_aggregation_error,medium_real,24,FEAT_SECTOR_A,REPORT_LIMIT,120,0,0,0,0.008333333333333333,1.0,1.337289810180664,9
AnomalyOnly,A4_aggregation_error,medium_real,24,FEAT_SECTOR_A,REPORT_LIMIT,113,0,0,0,0.008849557522123894,1.0,0.015974044799804688,1
Schema-Constraint,A4_aggregation_error,medium_real,24,FEAT_SECTOR_A,REPORT_LIMIT,1,1,1,1,1.0,0.8,0.0040531158447265625,1
APA-RCA-v2,A4_aggregation_error,medium_real,25,FEAT_SECTOR_B,REPORT_LIMIT,124,0,0,0,0.008064516129032258,1.0,1.4162063598632812,9
APA-RCA-v3,A4_aggregation_error,medium_real,25,FEAT_SECTOR_B,REPORT_LIMIT,124,0,0,0,0.008064516129032258,1.0,1.374959945678711,9
AnomalyOnly,A4_aggregation_error,medium_real,25,FEAT_SECTOR_B,REPORT_LIMIT,123,0,0,0,0.008130081300813009,1.0,0.015020370483398438,1
Schema-Constraint,A4_aggregation_error,medium_real,25,FEAT_SECTOR_B,REPORT_LIMIT,1,1,1,1,1.0,0.8,0.0040531158447265625,1
APA-RCA-v2,A4_aggregation_error,medium_real,26,FEAT_SECTOR_B,REPORT_LIMIT,105,0,0,0,0.009523809523809525,1.0,1.9311904907226562,9
APA-RCA-v3,A4_aggregation_error,medium_real,26,FEAT_SECTOR_B,REPORT_LIMIT,105,0,0,0,0.009523809523809525,1.0,1.4278888702392578,9
AnomalyOnly,A4_aggregation_error,medium_real,26,FEAT_SECTOR_B,REPORT_LIMIT,58,0,0,0,0.017241379310344827,1.0,0.015974044799804688,1
Schema-Constraint,A4_aggregation_error,medium_real,26,FEAT_SECTOR_B,REPORT_LIMIT,1,1,1,1,1.0,0.8,0.00286102294921875,1
APA-RCA-v2,A4_aggregation_error,medium_real,27,FEAT_SECTOR_A,REPORT_LIMIT,114,0,0,0,0.008771929824561403,1.0,1.438140869140625,9
APA-RCA-v3,A4_aggregation_error,medium_real,27,FEAT_SECTOR_A,REPORT_LIMIT,114,0,0,0,0.008771929824561403,1.0,1.8849372863769531,9
AnomalyOnly,A4_aggregation_error,medium_real,27,FEAT_SECTOR_A,REPORT_LIMIT,95,0,0,0,0.010526315789473684,1.0,0.01621246337890625,1
Schema-Constraint,A4_aggregation_error,medium_real,27,FEAT_SECTOR_A,REPORT_LIMIT,1,1,1,1,1.0,0.8,0.0040531158447265625,1
APA-RCA-v2,A4_aggregation_error,medium_real,28,FEAT_SECTOR_B,REPORT_LIMIT,124,0,0,0,0.008064516129032258,1.0,1.7359256744384766,9
APA-RCA-v3,A4_aggregation_error,medium_real,28,FEAT_SECTOR_B,REPORT_LIMIT,124,0,0,0,0.008064516129032258,1.0,1.402139663696289,9
AnomalyOnly,A4_aggregation_error,medium_real,28,FEAT_SECTOR_B,REPORT_LIMIT,123,0,0,0,0.008130081300813009,1.0,0.015974044799804688,1
Schema-Constraint,A4_aggregation_error,medium_real,28,FEAT_SECTOR_B,REPORT_LIMIT,1,1,1,1,1.0,0.8,0.0040531158447265625,1
APA-RCA-v2,A4_aggregation_error,medium_real,29,FEAT_SECTOR_B,REPORT_LIMIT,105,0,0,0,0.009523809523809525,1.0,1.46484375,9
APA-RCA-v3,A4_aggregation_error,medium_real,29,FEAT_SECTOR_B,REPORT_LIMIT,105,0,0,0,0.009523809523809525,1.0,1.3799667358398438,9
AnomalyOnly,A4_aggregation_error,medium_real,29,FEAT_SECTOR_B,REPORT_LIMIT,58,0,0,0,0.017241379310344827,1.0,0.015735626220703125,1
Schema-Constraint,A4_aggregation_error,medium_real,29,FEAT_SECTOR_B,REPORT_LIMIT,1,1,1,1,1.0,0.8,0.0040531158447265625,1
APA-RCA-v2,A5_downstream_masking,medium_real,0,SRC_STOCK_11_PRICE,REPORT_LIMIT,8,0,0,0,0.125,1.0,1.405954360961914,9
APA-RCA-v3,A5_downstream_masking,medium_real,0,SRC_STOCK_11_PRICE,REPORT_LIMIT,8,0,0,0,0.125,1.0,1.3229846954345703,9
AnomalyOnly,A5_downstream_masking,medium_real,0,SRC_STOCK_11_PRICE,REPORT_LIMIT,27,0,0,0,0.037037037037037035,1.0,0.015974044799804688,1
Schema-Constraint,A5_downstream_masking,medium_real,0,SRC_STOCK_11_PRICE,REPORT_LIMIT,11,0,0,0,0.09090909090909091,1.0,0.0,0
APA-RCA-v2,A5_downstream_masking,medium_real,1,SRC_STOCK_6_PRICE,REPORT_LIMIT,4,0,0,1,0.25,0.8,2.8531551361083984,9
APA-RCA-v3,A5_downstream_masking,medium_real,1,SRC_STOCK_6_PRICE,REPORT_LIMIT,4,0,0,1,0.25,0.8,1.5959739685058594,9
AnomalyOnly,A5_downstream_masking,medium_real,1,SRC_STOCK_6_PRICE,REPORT_LIMIT,18,0,0,0,0.05555555555555555,1.0,0.015020370483398438,1
Schema-Constraint,A5_downstream_masking,medium_real,1,SRC_STOCK_6_PRICE,REPORT_LIMIT,6,0,0,0,0.16666666666666666,1.0,0.0,0
APA-RCA-v2,A5_downstream_masking,medium_real,2,SRC_STOCK_11_PRICE,REPORT_LIMIT,4,0,0,1,0.25,0.8,1.4612674713134766,9
APA-RCA-v3,A5_downstream_masking,medium_real,2,SRC_STOCK_11_PRICE,REPORT_LIMIT,4,0,0,1,0.25,0.8,1.3408660888671875,9
AnomalyOnly,A5_downstream_masking,medium_real,2,SRC_STOCK_11_PRICE,REPORT_LIMIT,17,0,0,0,0.058823529411764705,1.0,0.01621246337890625,1
Schema-Constraint,A5_downstream_masking,medium_real,2,SRC_STOCK_11_PRICE,REPORT_LIMIT,11,0,0,0,0.09090909090909091,1.0,0.0,0
APA-RCA-v2,A5_downstream_masking,medium_real,3,SRC_STOCK_10_PRICE,REPORT_LIMIT,3,0,1,1,0.3333333333333333,0.8,10.472297668457031,9
APA-RCA-v3,A5_downstream_masking,medium_real,3,SRC_STOCK_10_PRICE,REPORT_LIMIT,3,0,1,1,0.3333333333333333,0.8,1.4128684997558594,9
AnomalyOnly,A5_downstream_masking,medium_real,3,SRC_STOCK_10_PRICE,REPORT_LIMIT,16,0,0,0,0.0625,1.0,0.019311904907226562,1
Schema-Constraint,A5_downstream_masking,medium_real,3,SRC_STOCK_10_PRICE,REPORT_LIMIT,10,0,0,0,0.1,1.0,0.0,0
APA-RCA-v2,A5_downstream_masking,medium_real,4,SRC_STOCK_9_PRICE,REPORT_LIMIT,1,1,1,1,1.0,0.8,1.7879009246826172,9
APA-RCA-v3,A5_downstream_masking,medium_real,4,SRC_STOCK_9_PRICE,REPORT_LIMIT,1,1,1,1,1.0,0.8,3.098726272583008,9
AnomalyOnly,A5_downstream_masking,medium_real,4,SRC_STOCK_9_PRICE,REPORT_LIMIT,2,0,1,1,0.5,0.8,0.01621246337890625,1
Schema-Constraint,A5_downstream_masking,medium_real,4,SRC_STOCK_9_PRICE,REPORT_LIMIT,9,0,0,0,0.1111111111111111,1.0,0.0,0
APA-RCA-v2,A5_downstream_masking,medium_real,5,SRC_STOCK_9_PRICE,REPORT_LIMIT,1,1,1,1,1.0,0.8,2.103090286254883,9
APA-RCA-v3,A5_downstream_masking,medium_real,5,SRC_STOCK_9_PRICE,REPORT_LIMIT,1,1,1,1,1.0,0.8,6.567955017089844,9
AnomalyOnly,A5_downstream_masking,medium_real,5,SRC_STOCK_9_PRICE,REPORT_LIMIT,2,0,1,1,0.5,0.8,0.015974044799804688,1
Schema-Constraint,A5_downstream_masking,medium_real,5,SRC_STOCK_9_PRICE,REPORT_LIMIT,9,0,0,0,0.1111111111111111,1.0,0.0,0
APA-RCA-v2,A5_downstream_masking,medium_real,6,SRC_STOCK_6_PRICE,REPORT_LIMIT,4,0,0,1,0.25,0.8,3.596067428588867,9
APA-RCA-v3,A5_downstream_masking,medium_real,6,SRC_STOCK_6_PRICE,REPORT_LIMIT,4,0,0,1,0.25,0.8,2.0301342010498047,9
AnomalyOnly,A5_downstream_masking,medium_real,6,SRC_STOCK_6_PRICE,REPORT_LIMIT,18,0,0,0,0.05555555555555555,1.0,0.015735626220703125,1
Schema-Constraint,A5_downstream_masking,medium_real,6,SRC_STOCK_6_PRICE,REPORT_LIMIT,6,0,0,0,0.16666666666666666,1.0,0.0,0
APA-RCA-v2,A5_downstream_masking,medium_real,7,SRC_STOCK_12_PRICE,REPORT_LIMIT,2,0,1,1,0.5,0.8,1.4731884002685547,9
APA-RCA-v3,A5_downstream_masking,medium_real,7,SRC_STOCK_12_PRICE,REPORT_LIMIT,2,0,1,1,0.5,0.8,1.371145248413086,9
AnomalyOnly,A5_downstream_masking,medium_real,7,SRC_STOCK_12_PRICE,REPORT_LIMIT,8,0,0,0,0.125,1.0,0.015974044799804688,1
Schema-Constraint,A5_downstream_masking,medium_real,7,SRC_STOCK_12_PRICE,REPORT_LIMIT,12,0,0,0,0.08333333333333333,1.0,0.0,0
APA-RCA-v2,A5_downstream_masking,medium_real,8,SRC_STOCK_9_PRICE,REPORT_LIMIT,1,1,1,1,1.0,0.8,2.25830078125,9
APA-RCA-v3,A5_downstream_masking,medium_real,8,SRC_STOCK_9_PRICE,REPORT_LIMIT,1,1,1,1,1.0,0.8,1.3461112976074219,9
AnomalyOnly,A5_downstream_masking,medium_real,8,SRC_STOCK_9_PRICE,REPORT_LIMIT,2,0,1,1,0.5,0.8,0.015974044799804688,1
Schema-Constraint,A5_downstream_masking,medium_real,8,SRC_STOCK_9_PRICE,REPORT_LIMIT,9,0,0,0,0.1111111111111111,1.0,0.0,0
APA-RCA-v2,A5_downstream_masking,medium_real,9,SRC_STOCK_6_PRICE,REPORT_LIMIT,4,0,0,1,0.25,0.8,3.0291080474853516,9
APA-RCA-v3,A5_downstream_masking,medium_real,9,SRC_STOCK_6_PRICE,REPORT_LIMIT,4,0,0,1,0.25,0.8,1.4119148254394531,9
AnomalyOnly,A5_downstream_masking,medium_real,9,SRC_STOCK_6_PRICE,REPORT_LIMIT,18,0,0,0,0.05555555555555555,1.0,0.020265579223632812,1
Schema-Constraint,A5_downstream_masking,medium_real,9,SRC_STOCK_6_PRICE,REPORT_LIMIT,6,0,0,0,0.16666666666666666,1.0,0.0,0
APA-RCA-v2,A5_downstream_masking,medium_real,10,SRC_STOCK_10_PRICE,REPORT_LIMIT,3,0,1,1,0.3333333333333333,0.8,4.270076751708984,9
APA-RCA-v3,A5_downstream_masking,medium_real,10,SRC_STOCK_10_PRICE,REPORT_LIMIT,3,0,1,1,0.3333333333333333,0.8,1.4090538024902344,9
AnomalyOnly,A5_downstream_masking,medium_real,10,SRC_STOCK_10_PRICE,REPORT_LIMIT,16,0,0,0,0.0625,1.0,0.015974044799804688,1
Schema-Constraint,A5_downstream_masking,medium_real,10,SRC_STOCK_10_PRICE,REPORT_LIMIT,10,0,0,0,0.1,1.0,0.0,0
APA-RCA-v2,A5_downstream_masking,medium_real,11,SRC_STOCK_2_PRICE,REPORT_LIMIT,4,0,0,1,0.25,0.8,1.683950424194336,9
APA-RCA-v3,A5_downstream_masking,medium_real,11,SRC_STOCK_2_PRICE,REPORT_LIMIT,4,0,0,1,0.25,0.8,2.7599334716796875,9
AnomalyOnly,A5_downstream_masking,medium_real,11,SRC_STOCK_2_PRICE,REPORT_LIMIT,17,0,0,0,0.058823529411764705,1.0,0.015020370483398438,1
Schema-Constraint,A5_downstream_masking,medium_real,11,SRC_STOCK_2_PRICE,REPORT_LIMIT,2,0,1,1,0.5,0.8,0.0,0
APA-RCA-v2,A5_downstream_masking,medium_real,12,SRC_STOCK_8_PRICE,REPORT_LIMIT,3,0,1,1,0.3333333333333333,0.8,1.4357566833496094,9
APA-RCA-v3,A5_downstream_masking,medium_real,12,SRC_STOCK_8_PRICE,REPORT_LIMIT,3,0,1,1,0.3333333333333333,0.8,1.3699531555175781,9
AnomalyOnly,A5_downstream_masking,medium_real,12,SRC_STOCK_8_PRICE,REPORT_LIMIT,16,0,0,0,0.0625,1.0,0.015020370483398438,1
Schema-Constraint,A5_downstream_masking,medium_real,12,SRC_STOCK_8_PRICE,REPORT_LIMIT,8,0,0,0,0.125,1.0,0.0,0
APA-RCA-v2,A5_downstream_masking,medium_real,13,SRC_STOCK_11_PRICE,REPORT_LIMIT,12,0,0,0,0.08333333333333333,1.0,1.8129348754882812,9
APA-RCA-v3,A5_downstream_masking,medium_real,13,SRC_STOCK_11_PRICE,REPORT_LIMIT,12,0,0,0,0.08333333333333333,1.0,3.426074981689453,9
AnomalyOnly,A5_downstream_masking,medium_real,13,SRC_STOCK_11_PRICE,REPORT_LIMIT,41,0,0,0,0.024390243902439025,1.0,0.01621246337890625,1
Schema-Constraint,A5_downstream_masking,medium_real,13,SRC_STOCK_11_PRICE,REPORT_LIMIT,11,0,0,0,0.09090909090909091,1.0,0.0,0
APA-RCA-v2,A5_downstream_masking,medium_real,14,SRC_STOCK_2_PRICE,REPORT_LIMIT,4,0,0,1,0.25,0.8,6.953954696655273,9
APA-RCA-v3,A5_downstream_masking,medium_real,14,SRC_STOCK_2_PRICE,REPORT_LIMIT,4,0,0,1,0.25,0.8,14.73689079284668,9
AnomalyOnly,A5_downstream_masking,medium_real,14,SRC_STOCK_2_PRICE,REPORT_LIMIT,17,0,0,0,0.058823529411764705,1.0,0.015974044799804688,1
Schema-Constraint,A5_downstream_masking,medium_real,14,SRC_STOCK_2_PRICE,REPORT_LIMIT,2,0,1,1,0.5,0.8,0.0,0
APA-RCA-v2,A5_downstream_masking,medium_real,15,SRC_STOCK_12_PRICE,REPORT_LIMIT,2,0,1,1,0.5,0.8,4.436969757080078,9
APA-RCA-v3,A5_downstream_masking,medium_real,15,SRC_STOCK_12_PRICE,REPORT_LIMIT,2,0,1,1,0.5,0.8,1.3670921325683594,9
AnomalyOnly,A5_downstream_masking,medium_real,15,SRC_STOCK_12_PRICE,REPORT_LIMIT,8,0,0,0,0.125,1.0,0.014781951904296875,1
Schema-Constraint,A5_downstream_masking,medium_real,15,SRC_STOCK_12_PRICE,REPORT_LIMIT,12,0,0,0,0.08333333333333333,1.0,0.0,0
APA-RCA-v2,A5_downstream_masking,medium_real,16,SRC_STOCK_7_PRICE,REPORT_LIMIT,4,0,0,1,0.25,0.8,1.4309883117675781,9
APA-RCA-v3,A5_downstream_masking,medium_real,16,SRC_STOCK_7_PRICE,REPORT_LIMIT,4,0,0,1,0.25,0.8,1.3470649719238281,9
AnomalyOnly,A5_downstream_masking,medium_real,16,SRC_STOCK_7_PRICE,REPORT_LIMIT,19,0,0,0,0.05263157894736842,1.0,0.015735626220703125,1
Schema-Constraint,A5_downstream_masking,medium_real,16,SRC_STOCK_7_PRICE,REPORT_LIMIT,7,0,0,0,0.14285714285714285,1.0,0.0,0
APA-RCA-v2,A5_downstream_masking,medium_real,17,SRC_STOCK_9_PRICE,REPORT_LIMIT,1,1,1,1,1.0,0.8,6.892681121826172,9
APA-RCA-v3,A5_downstream_masking,medium_real,17,SRC_STOCK_9_PRICE,REPORT_LIMIT,1,1,1,1,1.0,0.8,2.006053924560547,9
AnomalyOnly,A5_downstream_masking,medium_real,17,SRC_STOCK_9_PRICE,REPORT_LIMIT,2,0,1,1,0.5,0.8,0.01621246337890625,1
Schema-Constraint,A5_downstream_masking,medium_real,17,SRC_STOCK_9_PRICE,REPORT_LIMIT,9,0,0,0,0.1111111111111111,1.0,0.0,0
APA-RCA-v2,A5_downstream_masking,medium_real,18,SRC_STOCK_11_PRICE,REPORT_LIMIT,12,0,0,0,0.08333333333333333,1.0,1.447916030883789,9
APA-RCA-v3,A5_downstream_masking,medium_real,18,SRC_STOCK_11_PRICE,REPORT_LIMIT,12,0,0,0,0.08333333333333333,1.0,1.7919540405273438,9
AnomalyOnly,A5_downstream_masking,medium_real,18,SRC_STOCK_11_PRICE,REPORT_LIMIT,41,0,0,0,0.024390243902439025,1.0,0.014781951904296875,1
Schema-Constraint,A5_downstream_masking,medium_real,18,SRC_STOCK_11_PRICE,REPORT_LIMIT,11,0,0,0,0.09090909090909091,1.0,0.0,0
APA-RCA-v2,A5_downstream_masking,medium_real,19,SRC_STOCK_8_PRICE,REPORT_LIMIT,3,0,1,1,0.3333333333333333,0.8,1.486063003540039,9
APA-RCA-v3,A5_downstream_masking,medium_real,19,SRC_STOCK_8_PRICE,REPORT_LIMIT,3,0,1,1,0.3333333333333333,0.8,6.741046905517578,9
AnomalyOnly,A5_downstream_masking,medium_real,19,SRC_STOCK_8_PRICE,REPORT_LIMIT,16,0,0,0,0.0625,1.0,0.019073486328125,1
Schema-Constraint,A5_downstream_masking,medium_real,19,SRC_STOCK_8_PRICE,REPORT_LIMIT,8,0,0,0,0.125,1.0,0.0,0
APA-RCA-v2,A5_downstream_masking,medium_real,20,SRC_STOCK_11_PRICE,REPORT_LIMIT,12,0,0,0,0.08333333333333333,1.0,1.522064208984375,9
APA-RCA-v3,A5_downstream_masking,medium_real,20,SRC_STOCK_11_PRICE,REPORT_LIMIT,12,0,0,0,0.08333333333333333,1.0,1.3561248779296875,9
AnomalyOnly,A5_downstream_masking,medium_real,20,SRC_STOCK_11_PRICE,REPORT_LIMIT,41,0,0,0,0.024390243902439025,1.0,0.015974044799804688,1
Schema-Constraint,A5_downstream_masking,medium_real,20,SRC_STOCK_11_PRICE,REPORT_LIMIT,11,0,0,0,0.09090909090909091,1.0,0.0,0
APA-RCA-v2,A5_downstream_masking,medium_real,21,SRC_STOCK_4_PRICE,REPORT_LIMIT,3,0,1,1,0.3333333333333333,0.8,1.4629364013671875,9
APA-RCA-v3,A5_downstream_masking,medium_real,21,SRC_STOCK_4_PRICE,REPORT_LIMIT,3,0,1,1,0.3333333333333333,0.8,1.3952255249023438,9
AnomalyOnly,A5_downstream_masking,medium_real,21,SRC_STOCK_4_PRICE,REPORT_LIMIT,15,0,0,0,0.06666666666666667,1.0,0.015974044799804688,1
Schema-Constraint,A5_downstream_masking,medium_real,21,SRC_STOCK_4_PRICE,REPORT_LIMIT,4,0,0,1,0.25,0.8,0.0,0
APA-RCA-v2,A5_downstream_masking,medium_real,22,SRC_STOCK_10_PRICE,REPORT_LIMIT,3,0,1,1,0.3333333333333333,0.8,1.4281272888183594,9
APA-RCA-v3,A5_downstream_masking,medium_real,22,SRC_STOCK_10_PRICE,REPORT_LIMIT,3,0,1,1,0.3333333333333333,0.8,1.428365707397461,9
AnomalyOnly,A5_downstream_masking,medium_real,22,SRC_STOCK_10_PRICE,REPORT_LIMIT,16,0,0,0,0.0625,1.0,0.01621246337890625,1
Schema-Constraint,A5_downstream_masking,medium_real,22,SRC_STOCK_10_PRICE,REPORT_LIMIT,10,0,0,0,0.1,1.0,0.0,0
APA-RCA-v2,A5_downstream_masking,medium_real,23,SRC_STOCK_1_PRICE,REPORT_LIMIT,8,0,0,0,0.125,1.0,1.9457340240478516,9
APA-RCA-v3,A5_downstream_masking,medium_real,23,SRC_STOCK_1_PRICE,REPORT_LIMIT,8,0,0,0,0.125,1.0,2.4378299713134766,9
AnomalyOnly,A5_downstream_masking,medium_real,23,SRC_STOCK_1_PRICE,REPORT_LIMIT,29,0,0,0,0.034482758620689655,1.0,0.015974044799804688,1
Schema-Constraint,A5_downstream_masking,medium_real,23,SRC_STOCK_1_PRICE,REPORT_LIMIT,1,1,1,1,1.0,0.8,0.0,0
APA-RCA-v2,A5_downstream_masking,medium_real,24,SRC_STOCK_5_PRICE,REPORT_LIMIT,4,0,0,1,0.25,0.8,1.4488697052001953,9
APA-RCA-v3,A5_downstream_masking,medium_real,24,SRC_STOCK_5_PRICE,REPORT_LIMIT,4,0,0,1,0.25,0.8,1.811981201171875,9
AnomalyOnly,A5_downstream_masking,medium_real,24,SRC_STOCK_5_PRICE,REPORT_LIMIT,22,0,0,0,0.045454545454545456,1.0,0.01621246337890625,1
Schema-Constraint,A5_downstream_masking,medium_real,24,SRC_STOCK_5_PRICE,REPORT_LIMIT,5,0,0,1,0.2,0.8,0.0,0
APA-RCA-v2,A5_downstream_masking,medium_real,25,SRC_STOCK_7_PRICE,REPORT_LIMIT,3,0,1,1,0.3333333333333333,0.8,1.4081001281738281,9
APA-RCA-v3,A5_downstream_masking,medium_real,25,SRC_STOCK_7_PRICE,REPORT_LIMIT,3,0,1,1,0.3333333333333333,0.8,1.4209747314453125,9
AnomalyOnly,A5_downstream_masking,medium_real,25,SRC_STOCK_7_PRICE,REPORT_LIMIT,18,0,0,0,0.05555555555555555,1.0,0.015974044799804688,1
Schema-Constraint,A5_downstream_masking,medium_real,25,SRC_STOCK_7_PRICE,REPORT_LIMIT,7,0,0,0,0.14285714285714285,1.0,0.0,0
APA-RCA-v2,A5_downstream_masking,medium_real,26,SRC_STOCK_11_PRICE,REPORT_LIMIT,11,0,0,0,0.09090909090909091,1.0,1.4519691467285156,9
APA-RCA-v3,A5_downstream_masking,medium_real,26,SRC_STOCK_11_PRICE,REPORT_LIMIT,11,0,0,0,0.09090909090909091,1.0,1.3949871063232422,9
AnomalyOnly,A5_downstream_masking,medium_real,26,SRC_STOCK_11_PRICE,REPORT_LIMIT,40,0,0,0,0.025,1.0,0.015974044799804688,1
Schema-Constraint,A5_downstream_masking,medium_real,26,SRC_STOCK_11_PRICE,REPORT_LIMIT,11,0,0,0,0.09090909090909091,1.0,0.0,0
APA-RCA-v2,A5_downstream_masking,medium_real,27,SRC_STOCK_1_PRICE,REPORT_LIMIT,23,0,0,0,0.043478260869565216,1.0,1.4636516571044922,9
APA-RCA-v3,A5_downstream_masking,medium_real,27,SRC_STOCK_1_PRICE,REPORT_LIMIT,23,0,0,0,0.043478260869565216,1.0,1.3570785522460938,9
AnomalyOnly,A5_downstream_masking,medium_real,27,SRC_STOCK_1_PRICE,REPORT_LIMIT,81,0,0,0,0.012345679012345678,1.0,0.015974044799804688,1
Schema-Constraint,A5_downstream_masking,medium_real,27,SRC_STOCK_1_PRICE,REPORT_LIMIT,1,1,1,1,1.0,0.8,0.0,0
APA-RCA-v2,A5_downstream_masking,medium_real,28,SRC_STOCK_8_PRICE,REPORT_LIMIT,4,0,0,1,0.25,0.8,1.413106918334961,9
APA-RCA-v3,A5_downstream_masking,medium_real,28,SRC_STOCK_8_PRICE,REPORT_LIMIT,4,0,0,1,0.25,0.8,1.3780593872070312,9
AnomalyOnly,A5_downstream_masking,medium_real,28,SRC_STOCK_8_PRICE,REPORT_LIMIT,17,0,0,0,0.058823529411764705,1.0,0.01621246337890625,1
Schema-Constraint,A5_downstream_masking,medium_real,28,SRC_STOCK_8_PRICE,REPORT_LIMIT,8,0,0,0,0.125,1.0,0.0,0
APA-RCA-v2,A5_downstream_masking,medium_real,29,SRC_STOCK_12_PRICE,REPORT_LIMIT,2,0,1,1,0.5,0.8,1.4348030090332031,9
APA-RCA-v3,A5_downstream_masking,medium_real,29,SRC_STOCK_12_PRICE,REPORT_LIMIT,2,0,1,1,0.5,0.8,1.361846923828125,9
AnomalyOnly,A5_downstream_masking,medium_real,29,SRC_STOCK_12_PRICE,REPORT_LIMIT,8,0,0,0,0.125,1.0,0.015974044799804688,1
Schema-Constraint,A5_downstream_masking,medium_real,29,SRC_STOCK_12_PRICE,REPORT_LIMIT,12,0,0,0,0.08333333333333333,1.0,0.0,0
APA-RCA-v2,A6_multi_source,medium_real,0,SRC_STOCK_8_PRICE,REPORT_LIMIT,2,0,1,1,0.5,0.8,1.4269351959228516,9
APA-RCA-v3,A6_multi_source,medium_real,0,SRC_STOCK_8_PRICE,REPORT_LIMIT,2,0,1,1,0.5,0.8,1.3380050659179688,9
AnomalyOnly,A6_multi_source,medium_real,0,SRC_STOCK_8_PRICE,REPORT_LIMIT,8,0,0,0,0.125,1.0,0.0171661376953125,1
Schema-Constraint,A6_multi_source,medium_real,0,SRC_STOCK_8_PRICE,REPORT_LIMIT,8,0,0,0,0.125,1.0,0.0,0
APA-RCA-v2,A6_multi_source,medium_real,1,SRC_STOCK_6_PRICE,REPORT_LIMIT,2,0,1,1,0.5,0.8,1.506805419921875,9
APA-RCA-v3,A6_multi_source,medium_real,1,SRC_STOCK_6_PRICE,REPORT_LIMIT,2,0,1,1,0.5,0.8,1.3699531555175781,9
AnomalyOnly,A6_multi_source,medium_real,1,SRC_STOCK_6_PRICE,REPORT_LIMIT,8,0,0,0,0.125,1.0,0.015974044799804688,1
Schema-Constraint,A6_multi_source,medium_real,1,SRC_STOCK_6_PRICE,REPORT_LIMIT,6,0,0,0,0.16666666666666666,1.0,0.0,0
APA-RCA-v2,A6_multi_source,medium_real,2,SRC_STOCK_3_PRICE,REPORT_LIMIT,1,1,1,1,1.0,0.8,1.4350414276123047,9
APA-RCA-v3,A6_multi_source,medium_real,2,SRC_STOCK_3_PRICE,REPORT_LIMIT,1,1,1,1,1.0,0.8,2.321004867553711,9
AnomalyOnly,A6_multi_source,medium_real,2,SRC_STOCK_3_PRICE,REPORT_LIMIT,1,1,1,1,1.0,0.8,0.015974044799804688,1
Schema-Constraint,A6_multi_source,medium_real,2,SRC_STOCK_3_PRICE,REPORT_LIMIT,3,0,1,1,0.3333333333333333,0.8,0.0,0
APA-RCA-v2,A6_multi_source,medium_real,3,SRC_STOCK_1_PRICE,REPORT_LIMIT,1,1,1,1,1.0,0.8,1.4138221740722656,9
APA-RCA-v3,A6_multi_source,medium_real,3,SRC_STOCK_1_PRICE,REPORT_LIMIT,1,1,1,1,1.0,0.8,1.3489723205566406,9
AnomalyOnly,A6_multi_source,medium_real,3,SRC_STOCK_1_PRICE,REPORT_LIMIT,2,0,1,1,0.5,0.8,0.0152587890625,1
Schema-Constraint,A6_multi_source,medium_real,3,SRC_STOCK_1_PRICE,REPORT_LIMIT,1,1,1,1,1.0,0.8,0.0,0
APA-RCA-v2,A6_multi_source,medium_real,4,SRC_STOCK_8_PRICE,REPORT_LIMIT,1,1,1,1,1.0,0.8,9.721040725708008,9
APA-RCA-v3,A6_multi_source,medium_real,4,SRC_STOCK_8_PRICE,REPORT_LIMIT,1,1,1,1,1.0,0.8,1.363992691040039,9
AnomalyOnly,A6_multi_source,medium_real,4,SRC_STOCK_8_PRICE,REPORT_LIMIT,1,1,1,1,1.0,0.8,0.01621246337890625,1
Schema-Constraint,A6_multi_source,medium_real,4,SRC_STOCK_8_PRICE,REPORT_LIMIT,8,0,0,0,0.125,1.0,0.0,0
APA-RCA-v2,A6_multi_source,medium_real,5,SRC_STOCK_9_PRICE,REPORT_LIMIT,1,1,1,1,1.0,0.8,1.8122196197509766,9
APA-RCA-v3,A6_multi_source,medium_real,5,SRC_STOCK_9_PRICE,REPORT_LIMIT,1,1,1,1,1.0,0.8,1.3439655303955078,9
AnomalyOnly,A6_multi_source,medium_real,5,SRC_STOCK_9_PRICE,REPORT_LIMIT,2,0,1,1,0.5,0.8,0.0152587890625,1
Schema-Constraint,A6_multi_source,medium_real,5,SRC_STOCK_9_PRICE,REPORT_LIMIT,9,0,0,0,0.1111111111111111,1.0,0.0,0
APA-RCA-v2,A6_multi_source,medium_real,6,SRC_STOCK_5_PRICE,REPORT_LIMIT,2,0,1,1,0.5,0.8,2.3279190063476562,9
APA-RCA-v3,A6_multi_source,medium_real,6,SRC_STOCK_5_PRICE,REPORT_LIMIT,2,0,1,1,0.5,0.8,1.3360977172851562,9
AnomalyOnly,A6_multi_source,medium_real,6,SRC_STOCK_5_PRICE,REPORT_LIMIT,20,0,0,0,0.05,1.0,0.015974044799804688,1
Schema-Constraint,A6_multi_source,medium_real,6,SRC_STOCK_5_PRICE,REPORT_LIMIT,5,0,0,1,0.2,0.8,0.0,0
APA-RCA-v2,A6_multi_source,medium_real,7,SRC_STOCK_10_PRICE,REPORT_LIMIT,2,0,1,1,0.5,0.8,3.1838417053222656,9
APA-RCA-v3,A6_multi_source,medium_real,7,SRC_STOCK_10_PRICE,REPORT_LIMIT,2,0,1,1,0.5,0.8,1.3518333435058594,9
AnomalyOnly,A6_multi_source,medium_real,7,SRC_STOCK_10_PRICE,REPORT_LIMIT,13,0,0,0,0.07692307692307693,1.0,0.016927719116210938,1
Schema-Constraint,A6_multi_source,medium_real,7,SRC_STOCK_10_PRICE,REPORT_LIMIT,10,0,0,0,0.1,1.0,0.0,0
APA-RCA-v2,A6_multi_source,medium_real,8,SRC_STOCK_4_PRICE,REPORT_LIMIT,5,0,0,1,0.2,0.8,1.5330314636230469,9
APA-RCA-v3,A6_multi_source,medium_real,8,SRC_STOCK_4_PRICE,REPORT_LIMIT,5,0,0,1,0.2,0.8,1.3399124145507812,9
AnomalyOnly,A6_multi_source,medium_real,8,SRC_STOCK_4_PRICE,REPORT_LIMIT,17,0,0,0,0.058823529411764705,1.0,0.01621246337890625,1
Schema-Constraint,A6_multi_source,medium_real,8,SRC_STOCK_4_PRICE,REPORT_LIMIT,4,0,0,1,0.25,0.8,0.0,0
APA-RCA-v2,A6_multi_source,medium_real,9,SRC_STOCK_10_PRICE,REPORT_LIMIT,3,0,1,1,0.3333333333333333,0.8,1.3780593872070312,9
APA-RCA-v3,A6_multi_source,medium_real,9,SRC_STOCK_10_PRICE,REPORT_LIMIT,3,0,1,1,0.3333333333333333,0.8,1.3391971588134766,9
AnomalyOnly,A6_multi_source,medium_real,9,SRC_STOCK_10_PRICE,REPORT_LIMIT,17,0,0,0,0.058823529411764705,1.0,0.015974044799804688,1
Schema-Constraint,A6_multi_source,medium_real,9,SRC_STOCK_10_PRICE,REPORT_LIMIT,10,0,0,0,0.1,1.0,0.0,0
APA-RCA-v2,A6_multi_source,medium_real,10,SRC_STOCK_4_PRICE,REPORT_LIMIT,1,1,1,1,1.0,0.8,1.3918876647949219,9
APA-RCA-v3,A6_multi_source,medium_real,10,SRC_STOCK_4_PRICE,REPORT_LIMIT,1,1,1,1,1.0,0.8,1.3718605041503906,9
AnomalyOnly,A6_multi_source,medium_real,10,SRC_STOCK_4_PRICE,REPORT_LIMIT,1,1,1,1,1.0,0.8,0.015020370483398438,1
Schema-Constraint,A6_multi_source,medium_real,10,SRC_STOCK_4_PRICE,REPORT_LIMIT,4,0,0,1,0.25,0.8,0.0,0
APA-RCA-v2,A6_multi_source,medium_real,11,SRC_STOCK_2_PRICE,REPORT_LIMIT,1,1,1,1,1.0,0.8,8.87608528137207,9
APA-RCA-v3,A6_multi_source,medium_real,11,SRC_STOCK_2_PRICE,REPORT_LIMIT,1,1,1,1,1.0,0.8,1.3699531555175781,9
AnomalyOnly,A6_multi_source,medium_real,11,SRC_STOCK_2_PRICE,REPORT_LIMIT,1,1,1,1,1.0,0.8,0.014781951904296875,1
Schema-Constraint,A6_multi_source,medium_real,11,SRC_STOCK_2_PRICE,REPORT_LIMIT,2,0,1,1,0.5,0.8,0.0,0
APA-RCA-v2,A6_multi_source,medium_real,12,SRC_STOCK_3_PRICE,REPORT_LIMIT,2,0,1,1,0.5,0.8,1.4400482177734375,9
APA-RCA-v3,A6_multi_source,medium_real,12,SRC_STOCK_3_PRICE,REPORT_LIMIT,2,0,1,1,0.5,0.8,1.3470649719238281,9
AnomalyOnly,A6_multi_source,medium_real,12,SRC_STOCK_3_PRICE,REPORT_LIMIT,11,0,0,0,0.09090909090909091,1.0,0.01621246337890625,1
Schema-Constraint,A6_multi_source,medium_real,12,SRC_STOCK_3_PRICE,REPORT_LIMIT,3,0,1,1,0.3333333333333333,0.8,0.0,0
APA-RCA-v2,A6_multi_source,medium_real,13,SRC_STOCK_10_PRICE,REPORT_LIMIT,2,0,1,1,0.5,0.8,2.942323684692383,9
APA-RCA-v3,A6_multi_source,medium_real,13,SRC_STOCK_10_PRICE,REPORT_LIMIT,2,0,1,1,0.5,0.8,1.3811588287353516,9
AnomalyOnly,A6_multi_source,medium_real,13,SRC_STOCK_10_PRICE,REPORT_LIMIT,14,0,0,0,0.07142857142857142,1.0,0.014781951904296875,1
Schema-Constraint,A6_multi_source,medium_real,13,SRC_STOCK_10_PRICE,REPORT_LIMIT,10,0,0,0,0.1,1.0,0.0,0
APA-RCA-v2,A6_multi_source,medium_real,14,SRC_STOCK_8_PRICE,REPORT_LIMIT,2,0,1,1,0.5,0.8,1.9099712371826172,9
APA-RCA-v3,A6_multi_source,medium_real,14,SRC_STOCK_8_PRICE,REPORT_LIMIT,2,0,1,1,0.5,0.8,1.3377666473388672,9
AnomalyOnly,A6_multi_source,medium_real,14,SRC_STOCK_8_PRICE,REPORT_LIMIT,8,0,0,0,0.125,1.0,0.0152587890625,1
Schema-Constraint,A6_multi_source,medium_real,14,SRC_STOCK_8_PRICE,REPORT_LIMIT,8,0,0,0,0.125,1.0,0.0,0
APA-RCA-v2,A6_multi_source,medium_real,15,SRC_STOCK_8_PRICE,REPORT_LIMIT,2,0,1,1,0.5,0.8,1.4200210571289062,9
APA-RCA-v3,A6_multi_source,medium_real,15,SRC_STOCK_8_PRICE,REPORT_LIMIT,2,0,1,1,0.5,0.8,1.9180774688720703,9
AnomalyOnly,A6_multi_source,medium_real,15,SRC_STOCK_8_PRICE,REPORT_LIMIT,9,0,0,0,0.1111111111111111,1.0,0.01621246337890625,1
Schema-Constraint,A6_multi_source,medium_real,15,SRC_STOCK_8_PRICE,REPORT_LIMIT,8,0,0,0,0.125,1.0,0.0,0
APA-RCA-v2,A6_multi_source,medium_real,16,SRC_STOCK_6_PRICE,REPORT_LIMIT,1,1,1,1,1.0,0.8,1.4498233795166016,9
APA-RCA-v3,A6_multi_source,medium_real,16,SRC_STOCK_6_PRICE,REPORT_LIMIT,1,1,1,1,1.0,0.8,3.693103790283203,9
AnomalyOnly,A6_multi_source,medium_real,16,SRC_STOCK_6_PRICE,REPORT_LIMIT,2,0,1,1,0.5,0.8,0.032901763916015625,1
Schema-Constraint,A6_multi_source,medium_real,16,SRC_STOCK_6_PRICE,REPORT_LIMIT,6,0,0,0,0.16666666666666666,1.0,0.0,0
APA-RCA-v2,A6_multi_source,medium_real,17,SRC_STOCK_10_PRICE,REPORT_LIMIT,3,0,1,1,0.3333333333333333,0.8,2.1932125091552734,9
APA-RCA-v3,A6_multi_source,medium_real,17,SRC_STOCK_10_PRICE,REPORT_LIMIT,3,0,1,1,0.3333333333333333,0.8,1.3527870178222656,9
AnomalyOnly,A6_multi_source,medium_real,17,SRC_STOCK_10_PRICE,REPORT_LIMIT,17,0,0,0,0.058823529411764705,1.0,0.015735626220703125,1
Schema-Constraint,A6_multi_source,medium_real,17,SRC_STOCK_10_PRICE,REPORT_LIMIT,10,0,0,0,0.1,1.0,0.0,0
APA-RCA-v2,A6_multi_source,medium_real,18,SRC_STOCK_9_PRICE,REPORT_LIMIT,1,1,1,1,1.0,0.8,1.4150142669677734,9
APA-RCA-v3,A6_multi_source,medium_real,18,SRC_STOCK_9_PRICE,REPORT_LIMIT,1,1,1,1,1.0,0.8,1.3780593872070312,9
AnomalyOnly,A6_multi_source,medium_real,18,SRC_STOCK_9_PRICE,REPORT_LIMIT,2,0,1,1,0.5,0.8,0.015974044799804688,1
Schema-Constraint,A6_multi_source,medium_real,18,SRC_STOCK_9_PRICE,REPORT_LIMIT,9,0,0,0,0.1111111111111111,1.0,0.0,0
APA-RCA-v2,A6_multi_source,medium_real,19,SRC_STOCK_5_PRICE,REPORT_LIMIT,2,0,1,1,0.5,0.8,1.9490718841552734,9
APA-RCA-v3,A6_multi_source,medium_real,19,SRC_STOCK_5_PRICE,REPORT_LIMIT,2,0,1,1,0.5,0.8,1.3523101806640625,9
AnomalyOnly,A6_multi_source,medium_real,19,SRC_STOCK_5_PRICE,REPORT_LIMIT,8,0,0,0,0.125,1.0,0.015735626220703125,1
Schema-Constraint,A6_multi_source,medium_real,19,SRC_STOCK_5_PRICE,REPORT_LIMIT,5,0,0,1,0.2,0.8,0.0,0
APA-RCA-v2,A6_multi_source,medium_real,20,SRC_STOCK_9_PRICE,REPORT_LIMIT,1,1,1,1,1.0,0.8,2.7861595153808594,9
APA-RCA-v3,A6_multi_source,medium_real,20,SRC_STOCK_9_PRICE,REPORT_LIMIT,1,1,1,1,1.0,0.8,1.3391971588134766,9
AnomalyOnly,A6_multi_source,medium_real,20,SRC_STOCK_9_PRICE,REPORT_LIMIT,3,0,1,1,0.3333333333333333,0.8,0.015974044799804688,1
Schema-Constraint,A6_multi_source,medium_real,20,SRC_STOCK_9_PRICE,REPORT_LIMIT,9,0,0,0,0.1111111111111111,1.0,0.0,0
APA-RCA-v2,A6_multi_source,medium_real,21,SRC_STOCK_5_PRICE,REPORT_LIMIT,2,0,1,1,0.5,0.8,1.7659664154052734,9
APA-RCA-v3,A6_multi_source,medium_real,21,SRC_STOCK_5_PRICE,REPORT_LIMIT,2,0,1,1,0.5,0.8,1.4138221740722656,9
AnomalyOnly,A6_multi_source,medium_real,21,SRC_STOCK_5_PRICE,REPORT_LIMIT,8,0,0,0,0.125,1.0,0.014781951904296875,1
Schema-Constraint,A6_multi_source,medium_real,21,SRC_STOCK_5_PRICE,REPORT_LIMIT,5,0,0,1,0.2,0.8,0.0,0
APA-RCA-v2,A6_multi_source,medium_real,22,SRC_STOCK_12_PRICE,REPORT_LIMIT,2,0,1,1,0.5,0.8,2.0029544830322266,9
APA-RCA-v3,A6_multi_source,medium_real,22,SRC_STOCK_12_PRICE,REPORT_LIMIT,2,0,1,1,0.5,0.8,1.3549327850341797,9
AnomalyOnly,A6_multi_source,medium_real,22,SRC_STOCK_12_PRICE,REPORT_LIMIT,8,0,0,0,0.125,1.0,0.01621246337890625,1
Schema-Constraint,A6_multi_source,medium_real,22,SRC_STOCK_12_PRICE,REPORT_LIMIT,12,0,0,0,0.08333333333333333,1.0,0.0,0
APA-RCA-v2,A6_multi_source,medium_real,23,SRC_STOCK_6_PRICE,REPORT_LIMIT,2,0,1,1,0.5,0.8,1.50299072265625,9
APA-RCA-v3,A6_multi_source,medium_real,23,SRC_STOCK_6_PRICE,REPORT_LIMIT,2,0,1,1,0.5,0.8,5.828142166137695,9
AnomalyOnly,A6_multi_source,medium_real,23,SRC_STOCK_6_PRICE,REPORT_LIMIT,8,0,0,0,0.125,1.0,0.0152587890625,1
Schema-Constraint,A6_multi_source,medium_real,23,SRC_STOCK_6_PRICE,REPORT_LIMIT,6,0,0,0,0.16666666666666666,1.0,0.0,0
APA-RCA-v2,A6_multi_source,medium_real,24,SRC_STOCK_4_PRICE,REPORT_LIMIT,2,0,1,1,0.5,0.8,4.32896614074707,9
APA-RCA-v3,A6_multi_source,medium_real,24,SRC_STOCK_4_PRICE,REPORT_LIMIT,2,0,1,1,0.5,0.8,1.5060901641845703,9
AnomalyOnly,A6_multi_source,medium_real,24,SRC_STOCK_4_PRICE,REPORT_LIMIT,9,0,0,0,0.1111111111111111,1.0,0.0171661376953125,1
Schema-Constraint,A6_multi_source,medium_real,24,SRC_STOCK_4_PRICE,REPORT_LIMIT,4,0,0,1,0.25,0.8,0.0,0
APA-RCA-v2,A6_multi_source,medium_real,25,SRC_STOCK_2_PRICE,REPORT_LIMIT,2,0,1,1,0.5,0.8,1.4660358428955078,9
APA-RCA-v3,A6_multi_source,medium_real,25,SRC_STOCK_2_PRICE,REPORT_LIMIT,2,0,1,1,0.5,0.8,1.3608932495117188,9
AnomalyOnly,A6_multi_source,medium_real,25,SRC_STOCK_2_PRICE,REPORT_LIMIT,13,0,0,0,0.07692307692307693,1.0,0.015974044799804688,1
Schema-Constraint,A6_multi_source,medium_real,25,SRC_STOCK_2_PRICE,REPORT_LIMIT,2,0,1,1,0.5,0.8,0.0,0
APA-RCA-v2,A6_multi_source,medium_real,26,SRC_STOCK_6_PRICE,REPORT_LIMIT,2,0,1,1,0.5,0.8,3.6449432373046875,9
APA-RCA-v3,A6_multi_source,medium_real,26,SRC_STOCK_6_PRICE,REPORT_LIMIT,2,0,1,1,0.5,0.8,1.3470649719238281,9
AnomalyOnly,A6_multi_source,medium_real,26,SRC_STOCK_6_PRICE,REPORT_LIMIT,8,0,0,0,0.125,1.0,0.016927719116210938,1
Schema-Constraint,A6_multi_source,medium_real,26,SRC_STOCK_6_PRICE,REPORT_LIMIT,6,0,0,0,0.16666666666666666,1.0,0.0,0
APA-RCA-v2,A6_multi_source,medium_real,27,SRC_STOCK_3_PRICE,REPORT_LIMIT,3,0,1,1,0.3333333333333333,0.8,1.9130706787109375,9
APA-RCA-v3,A6_multi_source,medium_real,27,SRC_STOCK_3_PRICE,REPORT_LIMIT,3,0,1,1,0.3333333333333333,0.8,1.3530254364013672,9
AnomalyOnly,A6_multi_source,medium_real,27,SRC_STOCK_3_PRICE,REPORT_LIMIT,17,0,0,0,0.058823529411764705,1.0,0.015735626220703125,1
Schema-Constraint,A6_multi_source,medium_real,27,SRC_STOCK_3_PRICE,REPORT_LIMIT,3,0,1,1,0.3333333333333333,0.8,0.0,0
APA-RCA-v2,A6_multi_source,medium_real,28,SRC_STOCK_7_PRICE,REPORT_LIMIT,1,1,1,1,1.0,0.8,1.4400482177734375,9
APA-RCA-v3,A6_multi_source,medium_real,28,SRC_STOCK_7_PRICE,REPORT_LIMIT,1,1,1,1,1.0,0.8,1.8711090087890625,9
AnomalyOnly,A6_multi_source,medium_real,28,SRC_STOCK_7_PRICE,REPORT_LIMIT,1,1,1,1,1.0,0.8,0.015735626220703125,1
Schema-Constraint,A6_multi_source,medium_real,28,SRC_STOCK_7_PRICE,REPORT_LIMIT,7,0,0,0,0.14285714285714285,1.0,0.0,0
APA-RCA-v2,A6_multi_source,medium_real,29,SRC_STOCK_8_PRICE,REPORT_LIMIT,2,0,1,1,0.5,0.8,2.440929412841797,9
APA-RCA-v3,A6_multi_source,medium_real,29,SRC_STOCK_8_PRICE,REPORT_LIMIT,2,0,1,1,0.5,0.8,2.929210662841797,9
AnomalyOnly,A6_multi_source,medium_real,29,SRC_STOCK_8_PRICE,REPORT_LIMIT,9,0,0,0,0.1111111111111111,1.0,0.015020370483398438,1
Schema-Constraint,A6_multi_source,medium_real,29,SRC_STOCK_8_PRICE,REPORT_LIMIT,8,0,0,0,0.125,1.0,0.0,0
APA-RCA-v2,A7_coincidental,medium_real,0,SRC_STOCK_11_PRICE,REPORT_STRESS,1,1,1,1,1.0,0.8,1.4290809631347656,9
APA-RCA-v3,A7_coincidental,medium_real,0,SRC_STOCK_11_PRICE,REPORT_STRESS,1,1,1,1,1.0,0.8,1.3689994812011719,9
AnomalyOnly,A7_coincidental,medium_real,0,SRC_STOCK_11_PRICE,REPORT_STRESS,1,1,1,1,1.0,0.8,0.0171661376953125,1
Schema-Constraint,A7_coincidental,medium_real,0,SRC_STOCK_11_PRICE,REPORT_STRESS,11,0,0,0,0.09090909090909091,1.0,0.0,0
APA-RCA-v2,A7_coincidental,medium_real,1,SRC_STOCK_6_PRICE,REPORT_STRESS,1,1,1,1,1.0,0.8,1.4338493347167969,9
APA-RCA-v3,A7_coincidental,medium_real,1,SRC_STOCK_6_PRICE,REPORT_STRESS,1,1,1,1,1.0,0.8,1.3649463653564453,9
AnomalyOnly,A7_coincidental,medium_real,1,SRC_STOCK_6_PRICE,REPORT_STRESS,1,1,1,1,1.0,0.8,0.015974044799804688,1
Schema-Constraint,A7_coincidental,medium_real,1,SRC_STOCK_6_PRICE,REPORT_STRESS,6,0,0,0,0.16666666666666666,1.0,0.0,0
APA-RCA-v2,A7_coincidental,medium_real,2,SRC_STOCK_11_PRICE,REPORT_STRESS,1,1,1,1,1.0,0.8,1.422882080078125,9
APA-RCA-v3,A7_coincidental,medium_real,2,SRC_STOCK_11_PRICE,REPORT_STRESS,1,1,1,1,1.0,0.8,1.374959945678711,9
AnomalyOnly,A7_coincidental,medium_real,2,SRC_STOCK_11_PRICE,REPORT_STRESS,1,1,1,1,1.0,0.8,0.015974044799804688,1
Schema-Constraint,A7_coincidental,medium_real,2,SRC_STOCK_11_PRICE,REPORT_STRESS,11,0,0,0,0.09090909090909091,1.0,0.0,0
APA-RCA-v2,A7_coincidental,medium_real,3,SRC_STOCK_10_PRICE,REPORT_LIMIT,3,0,1,1,0.3333333333333333,0.8,3.915071487426758,9
APA-RCA-v3,A7_coincidental,medium_real,3,SRC_STOCK_10_PRICE,REPORT_LIMIT,3,0,1,1,0.3333333333333333,0.8,1.7631053924560547,9
AnomalyOnly,A7_coincidental,medium_real,3,SRC_STOCK_10_PRICE,REPORT_LIMIT,15,0,0,0,0.06666666666666667,1.0,0.015974044799804688,1
Schema-Constraint,A7_coincidental,medium_real,3,SRC_STOCK_10_PRICE,REPORT_LIMIT,10,0,0,0,0.1,1.0,0.0,0
APA-RCA-v2,A7_coincidental,medium_real,4,SRC_STOCK_9_PRICE,REPORT_LIMIT,1,1,1,1,1.0,0.8,2.8069019317626953,9
APA-RCA-v3,A7_coincidental,medium_real,4,SRC_STOCK_9_PRICE,REPORT_LIMIT,1,1,1,1,1.0,0.8,1.3422966003417969,9
AnomalyOnly,A7_coincidental,medium_real,4,SRC_STOCK_9_PRICE,REPORT_LIMIT,1,1,1,1,1.0,0.8,0.015974044799804688,1
Schema-Constraint,A7_coincidental,medium_real,4,SRC_STOCK_9_PRICE,REPORT_LIMIT,9,0,0,0,0.1111111111111111,1.0,0.0,0
APA-RCA-v2,A7_coincidental,medium_real,5,SRC_STOCK_9_PRICE,REPORT_STRESS,1,1,1,1,1.0,0.8,2.7251243591308594,9
APA-RCA-v3,A7_coincidental,medium_real,5,SRC_STOCK_9_PRICE,REPORT_STRESS,1,1,1,1,1.0,0.8,1.3456344604492188,9
AnomalyOnly,A7_coincidental,medium_real,5,SRC_STOCK_9_PRICE,REPORT_STRESS,2,0,1,1,0.5,0.8,0.015735626220703125,1
Schema-Constraint,A7_coincidental,medium_real,5,SRC_STOCK_9_PRICE,REPORT_STRESS,9,0,0,0,0.1111111111111111,1.0,0.0,0
APA-RCA-v2,A7_coincidental,medium_real,6,SRC_STOCK_6_PRICE,REPORT_STRESS,1,1,1,1,1.0,0.8,80.48105239868164,9
APA-RCA-v3,A7_coincidental,medium_real,6,SRC_STOCK_6_PRICE,REPORT_STRESS,1,1,1,1,1.0,0.8,26.014089584350586,9
AnomalyOnly,A7_coincidental,medium_real,6,SRC_STOCK_6_PRICE,REPORT_STRESS,1,1,1,1,1.0,0.8,0.035762786865234375,1
Schema-Constraint,A7_coincidental,medium_real,6,SRC_STOCK_6_PRICE,REPORT_STRESS,6,0,0,0,0.16666666666666666,1.0,0.0,0
APA-RCA-v2,A7_coincidental,medium_real,7,SRC_STOCK_12_PRICE,REPORT_STRESS,1,1,1,1,1.0,0.8,21.893978118896484,9
APA-RCA-v3,A7_coincidental,medium_real,7,SRC_STOCK_12_PRICE,REPORT_STRESS,1,1,1,1,1.0,0.8,13.014078140258789,9
AnomalyOnly,A7_coincidental,medium_real,7,SRC_STOCK_12_PRICE,REPORT_STRESS,1,1,1,1,1.0,0.8,0.01811981201171875,1
Schema-Constraint,A7_coincidental,medium_real,7,SRC_STOCK_12_PRICE,REPORT_STRESS,12,0,0,0,0.08333333333333333,1.0,0.0,0
APA-RCA-v2,A7_coincidental,medium_real,8,SRC_STOCK_9_PRICE,REPORT_LIMIT,1,1,1,1,1.0,0.8,1.4297962188720703,9
APA-RCA-v3,A7_coincidental,medium_real,8,SRC_STOCK_9_PRICE,REPORT_LIMIT,1,1,1,1,1.0,0.8,2.5129318237304688,9
AnomalyOnly,A7_coincidental,medium_real,8,SRC_STOCK_9_PRICE,REPORT_LIMIT,1,1,1,1,1.0,0.8,0.015020370483398438,1
Schema-Constraint,A7_coincidental,medium_real,8,SRC_STOCK_9_PRICE,REPORT_LIMIT,9,0,0,0,0.1111111111111111,1.0,0.0,0
APA-RCA-v2,A7_coincidental,medium_real,9,SRC_STOCK_6_PRICE,REPORT_STRESS,1,1,1,1,1.0,0.8,1.796722412109375,9
APA-RCA-v3,A7_coincidental,medium_real,9,SRC_STOCK_6_PRICE,REPORT_STRESS,1,1,1,1,1.0,0.8,4.624128341674805,9
AnomalyOnly,A7_coincidental,medium_real,9,SRC_STOCK_6_PRICE,REPORT_STRESS,2,0,1,1,0.5,0.8,0.035762786865234375,1
Schema-Constraint,A7_coincidental,medium_real,9,SRC_STOCK_6_PRICE,REPORT_STRESS,6,0,0,0,0.16666666666666666,1.0,0.0,0
APA-RCA-v2,A7_coincidental,medium_real,10,SRC_STOCK_10_PRICE,REPORT_STRESS,1,1,1,1,1.0,0.8,1.4500617980957031,9
APA-RCA-v3,A7_coincidental,medium_real,10,SRC_STOCK_10_PRICE,REPORT_STRESS,1,1,1,1,1.0,0.8,2.348184585571289,9
AnomalyOnly,A7_coincidental,medium_real,10,SRC_STOCK_10_PRICE,REPORT_STRESS,1,1,1,1,1.0,0.8,0.015735626220703125,1
Schema-Constraint,A7_coincidental,medium_real,10,SRC_STOCK_10_PRICE,REPORT_STRESS,10,0,0,0,0.1,1.0,0.0,0
APA-RCA-v2,A7_coincidental,medium_real,11,SRC_STOCK_2_PRICE,REPORT_STRESS,1,1,1,1,1.0,0.8,2.477884292602539,9
APA-RCA-v3,A7_coincidental,medium_real,11,SRC_STOCK_2_PRICE,REPORT_STRESS,1,1,1,1,1.0,0.8,1.3649463653564453,9
AnomalyOnly,A7_coincidental,medium_real,11,SRC_STOCK_2_PRICE,REPORT_STRESS,2,0,1,1,0.5,0.8,0.0171661376953125,1
Schema-Constraint,A7_coincidental,medium_real,11,SRC_STOCK_2_PRICE,REPORT_STRESS,2,0,1,1,0.5,0.8,0.0,0
APA-RCA-v2,A7_coincidental,medium_real,12,SRC_STOCK_8_PRICE,REPORT_STRESS,1,1,1,1,1.0,0.8,2.9430389404296875,9
APA-RCA-v3,A7_coincidental,medium_real,12,SRC_STOCK_8_PRICE,REPORT_STRESS,1,1,1,1,1.0,0.8,1.3349056243896484,9
AnomalyOnly,A7_coincidental,medium_real,12,SRC_STOCK_8_PRICE,REPORT_STRESS,2,0,1,1,0.5,0.8,0.016927719116210938,1
Schema-Constraint,A7_coincidental,medium_real,12,SRC_STOCK_8_PRICE,REPORT_STRESS,8,0,0,0,0.125,1.0,0.0,0
APA-RCA-v2,A7_coincidental,medium_real,13,SRC_STOCK_11_PRICE,REPORT_STRESS,1,1,1,1,1.0,0.8,7.046222686767578,9
APA-RCA-v3,A7_coincidental,medium_real,13,SRC_STOCK_11_PRICE,REPORT_STRESS,1,1,1,1,1.0,0.8,2.886056900024414,9
AnomalyOnly,A7_coincidental,medium_real,13,SRC_STOCK_11_PRICE,REPORT_STRESS,2,0,1,1,0.5,0.8,0.017881393432617188,1
Schema-Constraint,A7_coincidental,medium_real,13,SRC_STOCK_11_PRICE,REPORT_STRESS,11,0,0,0,0.09090909090909091,1.0,0.0,0
APA-RCA-v2,A7_coincidental,medium_real,14,SRC_STOCK_2_PRICE,REPORT_LIMIT,1,1,1,1,1.0,0.8,1.474142074584961,9
APA-RCA-v3,A7_coincidental,medium_real,14,SRC_STOCK_2_PRICE,REPORT_LIMIT,1,1,1,1,1.0,0.8,1.3692378997802734,9
AnomalyOnly,A7_coincidental,medium_real,14,SRC_STOCK_2_PRICE,REPORT_LIMIT,2,0,1,1,0.5,0.8,0.0171661376953125,1
Schema-Constraint,A7_coincidental,medium_real,14,SRC_STOCK_2_PRICE,REPORT_LIMIT,2,0,1,1,0.5,0.8,0.0,0
APA-RCA-v2,A7_coincidental,medium_real,15,SRC_STOCK_12_PRICE,REPORT_STRESS,1,1,1,1,1.0,0.8,6.675958633422852,9
APA-RCA-v3,A7_coincidental,medium_real,15,SRC_STOCK_12_PRICE,REPORT_STRESS,1,1,1,1,1.0,0.8,1.3260841369628906,9
AnomalyOnly,A7_coincidental,medium_real,15,SRC_STOCK_12_PRICE,REPORT_STRESS,2,0,1,1,0.5,0.8,0.01621246337890625,1
Schema-Constraint,A7_coincidental,medium_real,15,SRC_STOCK_12_PRICE,REPORT_STRESS,12,0,0,0,0.08333333333333333,1.0,0.0,0
APA-RCA-v2,A7_coincidental,medium_real,16,SRC_STOCK_7_PRICE,REPORT_STRESS,1,1,1,1,1.0,0.8,1.547098159790039,9
APA-RCA-v3,A7_coincidental,medium_real,16,SRC_STOCK_7_PRICE,REPORT_STRESS,1,1,1,1,1.0,0.8,2.9630661010742188,9
AnomalyOnly,A7_coincidental,medium_real,16,SRC_STOCK_7_PRICE,REPORT_STRESS,1,1,1,1,1.0,0.8,0.01621246337890625,1
Schema-Constraint,A7_coincidental,medium_real,16,SRC_STOCK_7_PRICE,REPORT_STRESS,7,0,0,0,0.14285714285714285,1.0,0.0,0
APA-RCA-v2,A7_coincidental,medium_real,17,SRC_STOCK_9_PRICE,REPORT_STRESS,1,1,1,1,1.0,0.8,1.9600391387939453,9
APA-RCA-v3,A7_coincidental,medium_real,17,SRC_STOCK_9_PRICE,REPORT_STRESS,1,1,1,1,1.0,0.8,1.667022705078125,9
AnomalyOnly,A7_coincidental,medium_real,17,SRC_STOCK_9_PRICE,REPORT_STRESS,2,0,1,1,0.5,0.8,0.01621246337890625,1
Schema-Constraint,A7_coincidental,medium_real,17,SRC_STOCK_9_PRICE,REPORT_STRESS,9,0,0,0,0.1111111111111111,1.0,0.0,0
APA-RCA-v2,A7_coincidental,medium_real,18,SRC_STOCK_11_PRICE,REPORT_STRESS,1,1,1,1,1.0,0.8,2.215862274169922,9
APA-RCA-v3,A7_coincidental,medium_real,18,SRC_STOCK_11_PRICE,REPORT_STRESS,1,1,1,1,1.0,0.8,1.3349056243896484,9
AnomalyOnly,A7_coincidental,medium_real,18,SRC_STOCK_11_PRICE,REPORT_STRESS,1,1,1,1,1.0,0.8,0.016927719116210938,1
Schema-Constraint,A7_coincidental,medium_real,18,SRC_STOCK_11_PRICE,REPORT_STRESS,11,0,0,0,0.09090909090909091,1.0,0.0,0
APA-RCA-v2,A7_coincidental,medium_real,19,SRC_STOCK_8_PRICE,REPORT_STRESS,1,1,1,1,1.0,0.8,1.3628005981445312,9
APA-RCA-v3,A7_coincidental,medium_real,19,SRC_STOCK_8_PRICE,REPORT_STRESS,1,1,1,1,1.0,0.8,1.3391971588134766,9
AnomalyOnly,A7_coincidental,medium_real,19,SRC_STOCK_8_PRICE,REPORT_STRESS,2,0,1,1,0.5,0.8,0.015974044799804688,1
Schema-Constraint,A7_coincidental,medium_real,19,SRC_STOCK_8_PRICE,REPORT_STRESS,8,0,0,0,0.125,1.0,0.0,0
APA-RCA-v2,A7_coincidental,medium_real,20,SRC_STOCK_11_PRICE,REPORT_STRESS,1,1,1,1,1.0,0.8,7.817983627319336,9
APA-RCA-v3,A7_coincidental,medium_real,20,SRC_STOCK_11_PRICE,REPORT_STRESS,1,1,1,1,1.0,0.8,1.3532638549804688,9
AnomalyOnly,A7_coincidental,medium_real,20,SRC_STOCK_11_PRICE,REPORT_STRESS,2,0,1,1,0.5,0.8,0.01621246337890625,1
Schema-Constraint,A7_coincidental,medium_real,20,SRC_STOCK_11_PRICE,REPORT_STRESS,11,0,0,0,0.09090909090909091,1.0,0.0,0
APA-RCA-v2,A7_coincidental,medium_real,21,SRC_STOCK_4_PRICE,REPORT_STRESS,1,1,1,1,1.0,0.8,1.4119148254394531,9
APA-RCA-v3,A7_coincidental,medium_real,21,SRC_STOCK_4_PRICE,REPORT_STRESS,1,1,1,1,1.0,0.8,1.3349056243896484,9
AnomalyOnly,A7_coincidental,medium_real,21,SRC_STOCK_4_PRICE,REPORT_STRESS,2,0,1,1,0.5,0.8,0.01621246337890625,1
Schema-Constraint,A7_coincidental,medium_real,21,SRC_STOCK_4_PRICE,REPORT_STRESS,4,0,0,1,0.25,0.8,0.0,0
APA-RCA-v2,A7_coincidental,medium_real,22,SRC_STOCK_10_PRICE,REPORT_STRESS,1,1,1,1,1.0,0.8,3.0698776245117188,9
APA-RCA-v3,A7_coincidental,medium_real,22,SRC_STOCK_10_PRICE,REPORT_STRESS,1,1,1,1,1.0,0.8,1.3508796691894531,9
AnomalyOnly,A7_coincidental,medium_real,22,SRC_STOCK_10_PRICE,REPORT_STRESS,1,1,1,1,1.0,0.8,0.015735626220703125,1
Schema-Constraint,A7_coincidental,medium_real,22,SRC_STOCK_10_PRICE,REPORT_STRESS,10,0,0,0,0.1,1.0,0.0,0
APA-RCA-v2,A7_coincidental,medium_real,23,SRC_STOCK_1_PRICE,REPORT_STRESS,1,1,1,1,1.0,0.8,1.3580322265625,9
APA-RCA-v3,A7_coincidental,medium_real,23,SRC_STOCK_1_PRICE,REPORT_STRESS,1,1,1,1,1.0,0.8,1.3890266418457031,9
AnomalyOnly,A7_coincidental,medium_real,23,SRC_STOCK_1_PRICE,REPORT_STRESS,1,1,1,1,1.0,0.8,0.0171661376953125,1
Schema-Constraint,A7_coincidental,medium_real,23,SRC_STOCK_1_PRICE,REPORT_STRESS,1,1,1,1,1.0,0.8,0.0,0
APA-RCA-v2,A7_coincidental,medium_real,24,SRC_STOCK_5_PRICE,REPORT_STRESS,1,1,1,1,1.0,0.8,1.4090538024902344,9
APA-RCA-v3,A7_coincidental,medium_real,24,SRC_STOCK_5_PRICE,REPORT_STRESS,1,1,1,1,1.0,0.8,4.086971282958984,9
AnomalyOnly,A7_coincidental,medium_real,24,SRC_STOCK_5_PRICE,REPORT_STRESS,1,1,1,1,1.0,0.8,0.0171661376953125,1
Schema-Constraint,A7_coincidental,medium_real,24,SRC_STOCK_5_PRICE,REPORT_STRESS,5,0,0,1,0.2,0.8,0.0,0
APA-RCA-v2,A7_coincidental,medium_real,25,SRC_STOCK_7_PRICE,REPORT_STRESS,1,1,1,1,1.0,0.8,6.273031234741211,9
APA-RCA-v3,A7_coincidental,medium_real,25,SRC_STOCK_7_PRICE,REPORT_STRESS,1,1,1,1,1.0,0.8,1.5621185302734375,9
AnomalyOnly,A7_coincidental,medium_real,25,SRC_STOCK_7_PRICE,REPORT_STRESS,2,0,1,1,0.5,0.8,0.016927719116210938,1
Schema-Constraint,A7_coincidental,medium_real,25,SRC_STOCK_7_PRICE,REPORT_STRESS,7,0,0,0,0.14285714285714285,1.0,0.0,0
APA-RCA-v2,A7_coincidental,medium_real,26,SRC_STOCK_11_PRICE,REPORT_STRESS,1,1,1,1,1.0,0.8,2.1729469299316406,9
APA-RCA-v3,A7_coincidental,medium_real,26,SRC_STOCK_11_PRICE,REPORT_STRESS,1,1,1,1,1.0,0.8,1.3229846954345703,9
AnomalyOnly,A7_coincidental,medium_real,26,SRC_STOCK_11_PRICE,REPORT_STRESS,2,0,1,1,0.5,0.8,0.01621246337890625,1
Schema-Constraint,A7_coincidental,medium_real,26,SRC_STOCK_11_PRICE,REPORT_STRESS,11,0,0,0,0.09090909090909091,1.0,0.0,0
APA-RCA-v2,A7_coincidental,medium_real,27,SRC_STOCK_1_PRICE,REPORT_STRESS,1,1,1,1,1.0,0.8,1.4090538024902344,9
APA-RCA-v3,A7_coincidental,medium_real,27,SRC_STOCK_1_PRICE,REPORT_STRESS,1,1,1,1,1.0,0.8,1.3439655303955078,9
AnomalyOnly,A7_coincidental,medium_real,27,SRC_STOCK_1_PRICE,REPORT_STRESS,2,0,1,1,0.5,0.8,0.015974044799804688,1
Schema-Constraint,A7_coincidental,medium_real,27,SRC_STOCK_1_PRICE,REPORT_STRESS,1,1,1,1,1.0,0.8,0.0,0
APA-RCA-v2,A7_coincidental,medium_real,28,SRC_STOCK_8_PRICE,REPORT_DASHBOARD,1,1,1,1,1.0,0.8,1.4917850494384766,9
APA-RCA-v3,A7_coincidental,medium_real,28,SRC_STOCK_8_PRICE,REPORT_DASHBOARD,1,1,1,1,1.0,0.8,1.3549327850341797,9
AnomalyOnly,A7_coincidental,medium_real,28,SRC_STOCK_8_PRICE,REPORT_DASHBOARD,3,0,1,1,0.3333333333333333,0.8,0.015020370483398438,1
Schema-Constraint,A7_coincidental,medium_real,28,SRC_STOCK_8_PRICE,REPORT_DASHBOARD,8,0,0,0,0.125,1.0,0.0,0
APA-RCA-v2,A7_coincidental,medium_real,29,SRC_STOCK_12_PRICE,REPORT_STRESS,1,1,1,1,1.0,0.8,1.4777183532714844,9
APA-RCA-v3,A7_coincidental,medium_real,29,SRC_STOCK_12_PRICE,REPORT_STRESS,1,1,1,1,1.0,0.8,1.3401508331298828,9
AnomalyOnly,A7_coincidental,medium_real,29,SRC_STOCK_12_PRICE,REPORT_STRESS,2,0,1,1,0.5,0.8,0.015735626220703125,1
Schema-Constraint,A7_coincidental,medium_real,29,SRC_STOCK_12_PRICE,REPORT_STRESS,12,0,0,0,0.08333333333333333,1.0,0.0,0
