method,anomaly_type,pipeline_size,trial,true_root_cause,target_node,rank,top1,top3,top5,reciprocal_rank,false_rc_rate_k5,elapsed_ms,convergence_iters
APA-RCA,A1_source_corruption,small,0,SRC_STOCK_3_PRICE,REPORT_LIMIT,3,0,1,1,0.3333333333333333,0.8,0.4940032958984375,9
Schema-Constraint,A1_source_corruption,small,0,SRC_STOCK_3_PRICE,REPORT_LIMIT,3,0,1,1,0.3333333333333333,0.8,0.0,0
APA-RCA,A1_source_corruption,small,1,SRC_STOCK_2_PRICE,REPORT_STRESS,1,1,1,1,1.0,0.8,0.4839897155761719,9
Schema-Constraint,A1_source_corruption,small,1,SRC_STOCK_2_PRICE,REPORT_STRESS,2,0,1,1,0.5,0.8,0.0,0
APA-RCA,A1_source_corruption,small,2,SRC_STOCK_3_PRICE,REPORT_LIMIT,5,0,0,1,0.2,0.8,0.49424171447753906,9
Schema-Constraint,A1_source_corruption,small,2,SRC_STOCK_3_PRICE,REPORT_LIMIT,3,0,1,1,0.3333333333333333,0.8,0.0,0
APA-RCA,A1_source_corruption,small,3,SRC_STOCK_3_PRICE,REPORT_DASHBOARD,2,0,1,1,0.5,0.8,0.4711151123046875,9
Schema-Constraint,A1_source_corruption,small,3,SRC_STOCK_3_PRICE,REPORT_DASHBOARD,3,0,1,1,0.3333333333333333,0.8,0.0,0
APA-RCA,A1_source_corruption,small,4,SRC_STOCK_3_PRICE,REPORT_STRESS,1,1,1,1,1.0,0.8,0.4909038543701172,9
Schema-Constraint,A1_source_corruption,small,4,SRC_STOCK_3_PRICE,REPORT_STRESS,3,0,1,1,0.3333333333333333,0.8,0.0,0
APA-RCA,A1_source_corruption,small,5,SRC_STOCK_3_PRICE,REPORT_LIMIT,4,0,0,1,0.25,0.8,0.492095947265625,9
Schema-Constraint,A1_source_corruption,small,5,SRC_STOCK_3_PRICE,REPORT_LIMIT,3,0,1,1,0.3333333333333333,0.8,0.0,0
APA-RCA,A1_source_corruption,small,6,SRC_STOCK_2_PRICE,REPORT_LIMIT,6,0,0,0,0.16666666666666666,1.0,0.4730224609375,9
Schema-Constraint,A1_source_corruption,small,6,SRC_STOCK_2_PRICE,REPORT_LIMIT,2,0,1,1,0.5,0.8,0.0,0
APA-RCA,A1_source_corruption,small,7,SRC_STOCK_3_PRICE,REPORT_DASHBOARD,2,0,1,1,0.5,0.8,0.45800209045410156,9
Schema-Constraint,A1_source_corruption,small,7,SRC_STOCK_3_PRICE,REPORT_DASHBOARD,3,0,1,1,0.3333333333333333,0.8,0.0,0
APA-RCA,A1_source_corruption,small,8,SRC_STOCK_3_PRICE,REPORT_DASHBOARD,2,0,1,1,0.5,0.8,0.4673004150390625,9
Schema-Constraint,A1_source_corruption,small,8,SRC_STOCK_3_PRICE,REPORT_DASHBOARD,3,0,1,1,0.3333333333333333,0.8,0.0,0
APA-RCA,A1_source_corruption,small,9,SRC_STOCK_2_PRICE,REPORT_LIMIT,5,0,0,1,0.2,0.8,0.46181678771972656,9
Schema-Constraint,A1_source_corruption,small,9,SRC_STOCK_2_PRICE,REPORT_LIMIT,2,0,1,1,0.5,0.8,0.0,0
APA-RCA,A1_source_corruption,small,10,SRC_STOCK_3_PRICE,REPORT_LIMIT,3,0,1,1,0.3333333333333333,0.8,0.49495697021484375,9
Schema-Constraint,A1_source_corruption,small,10,SRC_STOCK_3_PRICE,REPORT_LIMIT,3,0,1,1,0.3333333333333333,0.8,0.0,0
APA-RCA,A1_source_corruption,small,11,SRC_STOCK_1_PRICE,REPORT_LIMIT,4,0,0,1,0.25,0.8,0.4839897155761719,9
Schema-Constraint,A1_source_corruption,small,11,SRC_STOCK_1_PRICE,REPORT_LIMIT,1,1,1,1,1.0,0.8,0.0,0
APA-RCA,A1_source_corruption,small,12,SRC_STOCK_2_PRICE,REPORT_LIMIT,3,0,1,1,0.3333333333333333,0.8,0.4868507385253906,9
Schema-Constraint,A1_source_corruption,small,12,SRC_STOCK_2_PRICE,REPORT_LIMIT,2,0,1,1,0.5,0.8,0.0,0
APA-RCA,A1_source_corruption,small,13,SRC_STOCK_3_PRICE,REPORT_LIMIT,4,0,0,1,0.25,0.8,0.4608631134033203,9
Schema-Constraint,A1_source_corruption,small,13,SRC_STOCK_3_PRICE,REPORT_LIMIT,3,0,1,1,0.3333333333333333,0.8,0.0,0
APA-RCA,A1_source_corruption,small,14,SRC_STOCK_1_PRICE,REPORT_LIMIT,4,0,0,1,0.25,0.8,0.4680156707763672,9
Schema-Constraint,A1_source_corruption,small,14,SRC_STOCK_1_PRICE,REPORT_LIMIT,1,1,1,1,1.0,0.8,0.0,0
APA-RCA,A1_source_corruption,small,15,SRC_STOCK_3_PRICE,REPORT_LIMIT,5,0,0,1,0.2,0.8,0.47087669372558594,9
Schema-Constraint,A1_source_corruption,small,15,SRC_STOCK_3_PRICE,REPORT_LIMIT,3,0,1,1,0.3333333333333333,0.8,0.0,0
APA-RCA,A1_source_corruption,small,16,SRC_STOCK_2_PRICE,REPORT_LIMIT,5,0,0,1,0.2,0.8,0.4620552062988281,9
Schema-Constraint,A1_source_corruption,small,16,SRC_STOCK_2_PRICE,REPORT_LIMIT,2,0,1,1,0.5,0.8,0.0,0
APA-RCA,A1_source_corruption,small,17,SRC_STOCK_3_PRICE,REPORT_LIMIT,3,0,1,1,0.3333333333333333,0.8,0.4570484161376953,9
Schema-Constraint,A1_source_corruption,small,17,SRC_STOCK_3_PRICE,REPORT_LIMIT,3,0,1,1,0.3333333333333333,0.8,0.0,0
APA-RCA,A1_source_corruption,small,18,SRC_STOCK_3_PRICE,REPORT_LIMIT,5,0,0,1,0.2,0.8,0.47206878662109375,9
Schema-Constraint,A1_source_corruption,small,18,SRC_STOCK_3_PRICE,REPORT_LIMIT,3,0,1,1,0.3333333333333333,0.8,0.0,0
APA-RCA,A1_source_corruption,small,19,SRC_STOCK_2_PRICE,REPORT_DASHBOARD,2,0,1,1,0.5,0.8,0.45800209045410156,9
Schema-Constraint,A1_source_corruption,small,19,SRC_STOCK_2_PRICE,REPORT_DASHBOARD,2,0,1,1,0.5,0.8,0.0,0
APA-RCA,A1_source_corruption,small,20,SRC_STOCK_3_PRICE,REPORT_LIMIT,3,0,1,1,0.3333333333333333,0.8,0.46896934509277344,9
Schema-Constraint,A1_source_corruption,small,20,SRC_STOCK_3_PRICE,REPORT_LIMIT,3,0,1,1,0.3333333333333333,0.8,0.0,0
APA-RCA,A1_source_corruption,small,21,SRC_STOCK_1_PRICE,REPORT_DASHBOARD,2,0,1,1,0.5,0.8,0.4563331604003906,9
Schema-Constraint,A1_source_corruption,small,21,SRC_STOCK_1_PRICE,REPORT_DASHBOARD,1,1,1,1,1.0,0.8,0.0,0
APA-RCA,A1_source_corruption,small,22,SRC_STOCK_3_PRICE,REPORT_LIMIT,4,0,0,1,0.25,0.8,0.4680156707763672,9
Schema-Constraint,A1_source_corruption,small,22,SRC_STOCK_3_PRICE,REPORT_LIMIT,3,0,1,1,0.3333333333333333,0.8,0.0,0
APA-RCA,A1_source_corruption,small,23,SRC_STOCK_1_PRICE,REPORT_LIMIT,2,0,1,1,0.5,0.8,0.4572868347167969,9
Schema-Constraint,A1_source_corruption,small,23,SRC_STOCK_1_PRICE,REPORT_LIMIT,1,1,1,1,1.0,0.8,0.0,0
APA-RCA,A1_source_corruption,small,24,SRC_STOCK_2_PRICE,REPORT_LIMIT,3,0,1,1,0.3333333333333333,0.8,0.4680156707763672,9
Schema-Constraint,A1_source_corruption,small,24,SRC_STOCK_2_PRICE,REPORT_LIMIT,2,0,1,1,0.5,0.8,0.0,0
APA-RCA,A1_source_corruption,small,25,SRC_STOCK_2_PRICE,REPORT_STRESS,1,1,1,1,1.0,0.8,0.4611015319824219,9
Schema-Constraint,A1_source_corruption,small,25,SRC_STOCK_2_PRICE,REPORT_STRESS,2,0,1,1,0.5,0.8,0.0,0
APA-RCA,A1_source_corruption,small,26,SRC_STOCK_3_PRICE,REPORT_DASHBOARD,2,0,1,1,0.5,0.8,0.4830360412597656,9
Schema-Constraint,A1_source_corruption,small,26,SRC_STOCK_3_PRICE,REPORT_DASHBOARD,3,0,1,1,0.3333333333333333,0.8,0.0,0
APA-RCA,A1_source_corruption,small,27,SRC_STOCK_1_PRICE,REPORT_STRESS,1,1,1,1,1.0,0.8,0.4589557647705078,9
Schema-Constraint,A1_source_corruption,small,27,SRC_STOCK_1_PRICE,REPORT_STRESS,1,1,1,1,1.0,0.8,0.0,0
APA-RCA,A1_source_corruption,small,28,SRC_STOCK_2_PRICE,REPORT_LIMIT,5,0,0,1,0.2,0.8,0.46324729919433594,9
Schema-Constraint,A1_source_corruption,small,28,SRC_STOCK_2_PRICE,REPORT_LIMIT,2,0,1,1,0.5,0.8,0.0,0
APA-RCA,A1_source_corruption,small,29,SRC_STOCK_3_PRICE,REPORT_LIMIT,4,0,0,1,0.25,0.8,0.4563331604003906,9
Schema-Constraint,A1_source_corruption,small,29,SRC_STOCK_3_PRICE,REPORT_LIMIT,3,0,1,1,0.3333333333333333,0.8,0.0,0
APA-RCA,A2_etl_logic_error,small,0,ETL_FX_STOCK_3_PRICE,REPORT_LIMIT,2,0,1,1,0.5,0.8,0.4379749298095703,9
Schema-Constraint,A2_etl_logic_error,small,0,ETL_FX_STOCK_3_PRICE,REPORT_LIMIT,18,0,0,0,0.05555555555555555,1.0,0.0,0
APA-RCA,A2_etl_logic_error,small,1,ETL_FX_STOCK_2_PRICE,REPORT_LIMIT,3,0,1,1,0.3333333333333333,0.8,0.4589557647705078,9
Schema-Constraint,A2_etl_logic_error,small,1,ETL_FX_STOCK_2_PRICE,REPORT_LIMIT,17,0,0,0,0.058823529411764705,1.0,0.0,0
APA-RCA,A2_etl_logic_error,small,2,ETL_FX_STOCK_3_PRICE,REPORT_LIMIT,2,0,1,1,0.5,0.8,0.5300045013427734,9
Schema-Constraint,A2_etl_logic_error,small,2,ETL_FX_STOCK_3_PRICE,REPORT_LIMIT,18,0,0,0,0.05555555555555555,1.0,0.0,0
APA-RCA,A2_etl_logic_error,small,3,ETL_FX_STOCK_3_PRICE,REPORT_LIMIT,2,0,1,1,0.5,0.8,0.47278404235839844,9
Schema-Constraint,A2_etl_logic_error,small,3,ETL_FX_STOCK_3_PRICE,REPORT_LIMIT,18,0,0,0,0.05555555555555555,1.0,0.0,0
APA-RCA,A2_etl_logic_error,small,4,ETL_FX_STOCK_3_PRICE,REPORT_LIMIT,3,0,1,1,0.3333333333333333,0.8,0.45013427734375,9
Schema-Constraint,A2_etl_logic_error,small,4,ETL_FX_STOCK_3_PRICE,REPORT_LIMIT,18,0,0,0,0.05555555555555555,1.0,0.0,0
APA-RCA,A2_etl_logic_error,small,5,ETL_FX_STOCK_3_PRICE,REPORT_LIMIT,2,0,1,1,0.5,0.8,0.49304962158203125,9
Schema-Constraint,A2_etl_logic_error,small,5,ETL_FX_STOCK_3_PRICE,REPORT_LIMIT,18,0,0,0,0.05555555555555555,1.0,0.0,0
APA-RCA,A2_etl_logic_error,small,6,ETL_FX_STOCK_2_PRICE,REPORT_LIMIT,3,0,1,1,0.3333333333333333,0.8,0.46515464782714844,9
Schema-Constraint,A2_etl_logic_error,small,6,ETL_FX_STOCK_2_PRICE,REPORT_LIMIT,17,0,0,0,0.058823529411764705,1.0,0.0,0
APA-RCA,A2_etl_logic_error,small,7,ETL_FX_STOCK_3_PRICE,REPORT_LIMIT,3,0,1,1,0.3333333333333333,0.8,0.4558563232421875,9
Schema-Constraint,A2_etl_logic_error,small,7,ETL_FX_STOCK_3_PRICE,REPORT_LIMIT,18,0,0,0,0.05555555555555555,1.0,0.0,0
APA-RCA,A2_etl_logic_error,small,8,ETL_FX_STOCK_3_PRICE,REPORT_LIMIT,3,0,1,1,0.3333333333333333,0.8,0.4839897155761719,9
Schema-Constraint,A2_etl_logic_error,small,8,ETL_FX_STOCK_3_PRICE,REPORT_LIMIT,18,0,0,0,0.05555555555555555,1.0,0.0,0
APA-RCA,A2_etl_logic_error,small,9,ETL_FX_STOCK_2_PRICE,REPORT_LIMIT,2,0,1,1,0.5,0.8,0.4639625549316406,9
Schema-Constraint,A2_etl_logic_error,small,9,ETL_FX_STOCK_2_PRICE,REPORT_LIMIT,17,0,0,0,0.058823529411764705,1.0,0.0,0
APA-RCA,A2_etl_logic_error,small,10,ETL_FX_STOCK_3_PRICE,REPORT_LIMIT,3,0,1,1,0.3333333333333333,0.8,0.46706199645996094,9
Schema-Constraint,A2_etl_logic_error,small,10,ETL_FX_STOCK_3_PRICE,REPORT_LIMIT,18,0,0,0,0.05555555555555555,1.0,0.0,0
APA-RCA,A2_etl_logic_error,small,11,ETL_FX_STOCK_1_PRICE,REPORT_LIMIT,2,0,1,1,0.5,0.8,0.45680999755859375,9
Schema-Constraint,A2_etl_logic_error,small,11,ETL_FX_STOCK_1_PRICE,REPORT_LIMIT,16,0,0,0,0.0625,1.0,0.0,0
APA-RCA,A2_etl_logic_error,small,12,ETL_FX_STOCK_2_PRICE,REPORT_LIMIT,2,0,1,1,0.5,0.8,0.44083595275878906,9
Schema-Constraint,A2_etl_logic_error,small,12,ETL_FX_STOCK_2_PRICE,REPORT_LIMIT,17,0,0,0,0.058823529411764705,1.0,0.0,0
APA-RCA,A2_etl_logic_error,small,13,ETL_FX_STOCK_3_PRICE,REPORT_LIMIT,2,0,1,1,0.5,0.8,0.4520416259765625,9
Schema-Constraint,A2_etl_logic_error,small,13,ETL_FX_STOCK_3_PRICE,REPORT_LIMIT,18,0,0,0,0.05555555555555555,1.0,0.0,0
APA-RCA,A2_etl_logic_error,small,14,ETL_FX_STOCK_1_PRICE,REPORT_LIMIT,2,0,1,1,0.5,0.8,0.45108795166015625,9
Schema-Constraint,A2_etl_logic_error,small,14,ETL_FX_STOCK_1_PRICE,REPORT_LIMIT,16,0,0,0,0.0625,1.0,0.0,0
APA-RCA,A2_etl_logic_error,small,15,ETL_FX_STOCK_3_PRICE,REPORT_LIMIT,3,0,1,1,0.3333333333333333,0.8,0.45108795166015625,9
Schema-Constraint,A2_etl_logic_error,small,15,ETL_FX_STOCK_3_PRICE,REPORT_LIMIT,18,0,0,0,0.05555555555555555,1.0,0.0,0
APA-RCA,A2_etl_logic_error,small,16,ETL_FX_STOCK_2_PRICE,REPORT_LIMIT,2,0,1,1,0.5,0.8,0.4470348358154297,9
Schema-Constraint,A2_etl_logic_error,small,16,ETL_FX_STOCK_2_PRICE,REPORT_LIMIT,17,0,0,0,0.058823529411764705,1.0,0.0,0
APA-RCA,A2_etl_logic_error,small,17,ETL_FX_STOCK_3_PRICE,REPORT_LIMIT,2,0,1,1,0.5,0.8,0.4429817199707031,9
Schema-Constraint,A2_etl_logic_error,small,17,ETL_FX_STOCK_3_PRICE,REPORT_LIMIT,18,0,0,0,0.05555555555555555,1.0,0.0,0
APA-RCA,A2_etl_logic_error,small,18,ETL_FX_STOCK_3_PRICE,REPORT_LIMIT,2,0,1,1,0.5,0.8,0.4467964172363281,9
Schema-Constraint,A2_etl_logic_error,small,18,ETL_FX_STOCK_3_PRICE,REPORT_LIMIT,18,0,0,0,0.05555555555555555,1.0,0.0,0
APA-RCA,A2_etl_logic_error,small,19,ETL_FX_STOCK_2_PRICE,REPORT_LIMIT,2,0,1,1,0.5,0.8,0.4742145538330078,9
Schema-Constraint,A2_etl_logic_error,small,19,ETL_FX_STOCK_2_PRICE,REPORT_LIMIT,17,0,0,0,0.058823529411764705,1.0,0.0,0
APA-RCA,A2_etl_logic_error,small,20,ETL_FX_STOCK_3_PRICE,REPORT_LIMIT,3,0,1,1,0.3333333333333333,0.8,0.4558563232421875,9
Schema-Constraint,A2_etl_logic_error,small,20,ETL_FX_STOCK_3_PRICE,REPORT_LIMIT,18,0,0,0,0.05555555555555555,1.0,0.0,0
APA-RCA,A2_etl_logic_error,small,21,ETL_FX_STOCK_1_PRICE,REPORT_LIMIT,3,0,1,1,0.3333333333333333,0.8,0.4620552062988281,9
Schema-Constraint,A2_etl_logic_error,small,21,ETL_FX_STOCK_1_PRICE,REPORT_LIMIT,16,0,0,0,0.0625,1.0,0.0,0
APA-RCA,A2_etl_logic_error,small,22,ETL_FX_STOCK_3_PRICE,REPORT_LIMIT,2,0,1,1,0.5,0.8,0.43892860412597656,9
Schema-Constraint,A2_etl_logic_error,small,22,ETL_FX_STOCK_3_PRICE,REPORT_LIMIT,18,0,0,0,0.05555555555555555,1.0,0.0,0
APA-RCA,A2_etl_logic_error,small,23,ETL_FX_STOCK_1_PRICE,REPORT_LIMIT,2,0,1,1,0.5,0.8,0.45371055603027344,9
Schema-Constraint,A2_etl_logic_error,small,23,ETL_FX_STOCK_1_PRICE,REPORT_LIMIT,16,0,0,0,0.0625,1.0,0.0,0
APA-RCA,A2_etl_logic_error,small,24,ETL_FX_STOCK_2_PRICE,REPORT_LIMIT,2,0,1,1,0.5,0.8,0.46515464782714844,9
Schema-Constraint,A2_etl_logic_error,small,24,ETL_FX_STOCK_2_PRICE,REPORT_LIMIT,17,0,0,0,0.058823529411764705,1.0,0.0,0
APA-RCA,A2_etl_logic_error,small,25,ETL_FX_STOCK_2_PRICE,REPORT_LIMIT,2,0,1,1,0.5,0.8,0.47397613525390625,9
Schema-Constraint,A2_etl_logic_error,small,25,ETL_FX_STOCK_2_PRICE,REPORT_LIMIT,17,0,0,0,0.058823529411764705,1.0,0.0,0
APA-RCA,A2_etl_logic_error,small,26,ETL_FX_STOCK_3_PRICE,REPORT_LIMIT,3,0,1,1,0.3333333333333333,0.8,0.44608116149902344,9
Schema-Constraint,A2_etl_logic_error,small,26,ETL_FX_STOCK_3_PRICE,REPORT_LIMIT,18,0,0,0,0.05555555555555555,1.0,0.0,0
APA-RCA,A2_etl_logic_error,small,27,ETL_FX_STOCK_1_PRICE,REPORT_LIMIT,2,0,1,1,0.5,0.8,0.47898292541503906,9
Schema-Constraint,A2_etl_logic_error,small,27,ETL_FX_STOCK_1_PRICE,REPORT_LIMIT,16,0,0,0,0.0625,1.0,0.0,0
APA-RCA,A2_etl_logic_error,small,28,ETL_FX_STOCK_2_PRICE,REPORT_LIMIT,3,0,1,1,0.3333333333333333,0.8,0.4818439483642578,9
Schema-Constraint,A2_etl_logic_error,small,28,ETL_FX_STOCK_2_PRICE,REPORT_LIMIT,17,0,0,0,0.058823529411764705,1.0,0.0,0
APA-RCA,A2_etl_logic_error,small,29,ETL_FX_STOCK_3_PRICE,REPORT_LIMIT,2,0,1,1,0.5,0.8,0.4990100860595703,9
Schema-Constraint,A2_etl_logic_error,small,29,ETL_FX_STOCK_3_PRICE,REPORT_LIMIT,18,0,0,0,0.05555555555555555,1.0,0.0,0
APA-RCA,A3_feature_calc_error,small,0,FEAT_VOL20_STOCK_3_PRICE,REPORT_LIMIT,6,0,0,0,0.16666666666666666,1.0,0.45490264892578125,9
Schema-Constraint,A3_feature_calc_error,small,0,FEAT_VOL20_STOCK_3_PRICE,REPORT_LIMIT,27,0,0,0,0.037037037037037035,1.0,0.0,0
APA-RCA,A3_feature_calc_error,small,1,FEAT_VOL20_STOCK_2_PRICE,REPORT_LIMIT,10,0,0,0,0.1,1.0,0.44798851013183594,9
Schema-Constraint,A3_feature_calc_error,small,1,FEAT_VOL20_STOCK_2_PRICE,REPORT_LIMIT,26,0,0,0,0.038461538461538464,1.0,0.0,0
APA-RCA,A3_feature_calc_error,small,2,FEAT_VOL20_STOCK_3_PRICE,REPORT_LIMIT,8,0,0,0,0.125,1.0,0.4458427429199219,9
Schema-Constraint,A3_feature_calc_error,small,2,FEAT_VOL20_STOCK_3_PRICE,REPORT_LIMIT,27,0,0,0,0.037037037037037035,1.0,0.0,0
APA-RCA,A3_feature_calc_error,small,3,FEAT_VOL20_STOCK_3_PRICE,REPORT_LIMIT,14,0,0,0,0.07142857142857142,1.0,0.4410743713378906,9
Schema-Constraint,A3_feature_calc_error,small,3,FEAT_VOL20_STOCK_3_PRICE,REPORT_LIMIT,27,0,0,0,0.037037037037037035,1.0,0.0,0
APA-RCA,A3_feature_calc_error,small,4,FEAT_VOL20_STOCK_3_PRICE,REPORT_LIMIT,7,0,0,0,0.14285714285714285,1.0,0.4429817199707031,9
Schema-Constraint,A3_feature_calc_error,small,4,FEAT_VOL20_STOCK_3_PRICE,REPORT_LIMIT,27,0,0,0,0.037037037037037035,1.0,0.0,0
APA-RCA,A3_feature_calc_error,small,5,FEAT_VOL20_STOCK_3_PRICE,REPORT_LIMIT,7,0,0,0,0.14285714285714285,1.0,0.4367828369140625,9
Schema-Constraint,A3_feature_calc_error,small,5,FEAT_VOL20_STOCK_3_PRICE,REPORT_LIMIT,27,0,0,0,0.037037037037037035,1.0,0.0,0
APA-RCA,A3_feature_calc_error,small,6,FEAT_VOL20_STOCK_2_PRICE,REPORT_LIMIT,1,1,1,1,1.0,0.8,0.48470497131347656,9
Schema-Constraint,A3_feature_calc_error,small,6,FEAT_VOL20_STOCK_2_PRICE,REPORT_LIMIT,26,0,0,0,0.038461538461538464,1.0,0.0,0
APA-RCA,A3_feature_calc_error,small,7,FEAT_VOL20_STOCK_3_PRICE,REPORT_LIMIT,26,0,0,0,0.038461538461538464,1.0,0.4630088806152344,9
Schema-Constraint,A3_feature_calc_error,small,7,FEAT_VOL20_STOCK_3_PRICE,REPORT_LIMIT,27,0,0,0,0.037037037037037035,1.0,0.0,0
APA-RCA,A3_feature_calc_error,small,8,FEAT_VOL20_STOCK_3_PRICE,REPORT_LIMIT,10,0,0,0,0.1,1.0,0.45228004455566406,9
Schema-Constraint,A3_feature_calc_error,small,8,FEAT_VOL20_STOCK_3_PRICE,REPORT_LIMIT,27,0,0,0,0.037037037037037035,1.0,0.0,0
APA-RCA,A3_feature_calc_error,small,9,FEAT_VOL20_STOCK_2_PRICE,REPORT_LIMIT,11,0,0,0,0.09090909090909091,1.0,0.4458427429199219,9
Schema-Constraint,A3_feature_calc_error,small,9,FEAT_VOL20_STOCK_2_PRICE,REPORT_LIMIT,26,0,0,0,0.038461538461538464,1.0,0.0,0
APA-RCA,A3_feature_calc_error,small,10,FEAT_VOL20_STOCK_3_PRICE,REPORT_LIMIT,6,0,0,0,0.16666666666666666,1.0,0.43511390686035156,9
Schema-Constraint,A3_feature_calc_error,small,10,FEAT_VOL20_STOCK_3_PRICE,REPORT_LIMIT,27,0,0,0,0.037037037037037035,1.0,0.0,0
APA-RCA,A3_feature_calc_error,small,11,FEAT_VOL20_STOCK_1_PRICE,REPORT_LIMIT,1,1,1,1,1.0,0.8,0.45371055603027344,9
Schema-Constraint,A3_feature_calc_error,small,11,FEAT_VOL20_STOCK_1_PRICE,REPORT_LIMIT,25,0,0,0,0.04,1.0,0.0,0
APA-RCA,A3_feature_calc_error,small,12,FEAT_VOL20_STOCK_2_PRICE,REPORT_LIMIT,1,1,1,1,1.0,0.8,0.4811286926269531,9
Schema-Constraint,A3_feature_calc_error,small,12,FEAT_VOL20_STOCK_2_PRICE,REPORT_LIMIT,26,0,0,0,0.038461538461538464,1.0,0.0,0
APA-RCA,A3_feature_calc_error,small,13,FEAT_VOL20_STOCK_3_PRICE,REPORT_LIMIT,1,1,1,1,1.0,0.8,0.4470348358154297,9
Schema-Constraint,A3_feature_calc_error,small,13,FEAT_VOL20_STOCK_3_PRICE,REPORT_LIMIT,27,0,0,0,0.037037037037037035,1.0,0.0,0
APA-RCA,A3_feature_calc_error,small,14,FEAT_VOL20_STOCK_1_PRICE,REPORT_LIMIT,1,1,1,1,1.0,0.8,0.45013427734375,9
Schema-Constraint,A3_feature_calc_error,small,14,FEAT_VOL20_STOCK_1_PRICE,REPORT_LIMIT,25,0,0,0,0.04,1.0,0.0,0
APA-RCA,A3_feature_calc_error,small,15,FEAT_VOL20_STOCK_3_PRICE,REPORT_LIMIT,9,0,0,0,0.1111111111111111,1.0,0.45490264892578125,9
Schema-Constraint,A3_feature_calc_error,small,15,FEAT_VOL20_STOCK_3_PRICE,REPORT_LIMIT,27,0,0,0,0.037037037037037035,1.0,0.0,0
APA-RCA,A3_feature_calc_error,small,16,FEAT_VOL20_STOCK_2_PRICE,REPORT_LIMIT,7,0,0,0,0.14285714285714285,1.0,0.4630088806152344,9
Schema-Constraint,A3_feature_calc_error,small,16,FEAT_VOL20_STOCK_2_PRICE,REPORT_LIMIT,26,0,0,0,0.038461538461538464,1.0,0.0,0
APA-RCA,A3_feature_calc_error,small,17,FEAT_VOL20_STOCK_3_PRICE,REPORT_LIMIT,15,0,0,0,0.06666666666666667,1.0,0.44918060302734375,9
Schema-Constraint,A3_feature_calc_error,small,17,FEAT_VOL20_STOCK_3_PRICE,REPORT_LIMIT,27,0,0,0,0.037037037037037035,1.0,0.0,0
APA-RCA,A3_feature_calc_error,small,18,FEAT_VOL20_STOCK_3_PRICE,REPORT_LIMIT,1,1,1,1,1.0,0.8,0.44989585876464844,9
Schema-Constraint,A3_feature_calc_error,small,18,FEAT_VOL20_STOCK_3_PRICE,REPORT_LIMIT,27,0,0,0,0.037037037037037035,1.0,0.0,0
APA-RCA,A3_feature_calc_error,small,19,FEAT_VOL20_STOCK_2_PRICE,REPORT_LIMIT,3,0,1,1,0.3333333333333333,0.8,0.44918060302734375,9
Schema-Constraint,A3_feature_calc_error,small,19,FEAT_VOL20_STOCK_2_PRICE,REPORT_LIMIT,26,0,0,0,0.038461538461538464,1.0,0.0,0
APA-RCA,A3_feature_calc_error,small,20,FEAT_VOL20_STOCK_3_PRICE,REPORT_LIMIT,9,0,0,0,0.1111111111111111,1.0,0.4527568817138672,9
Schema-Constraint,A3_feature_calc_error,small,20,FEAT_VOL20_STOCK_3_PRICE,REPORT_LIMIT,27,0,0,0,0.037037037037037035,1.0,0.0,0
APA-RCA,A3_feature_calc_error,small,21,FEAT_VOL20_STOCK_1_PRICE,REPORT_LIMIT,1,1,1,1,1.0,0.8,0.44798851013183594,9
Schema-Constraint,A3_feature_calc_error,small,21,FEAT_VOL20_STOCK_1_PRICE,REPORT_LIMIT,25,0,0,0,0.04,1.0,0.0,0
APA-RCA,A3_feature_calc_error,small,22,FEAT_VOL20_STOCK_3_PRICE,REPORT_LIMIT,1,1,1,1,1.0,0.8,0.45490264892578125,9
Schema-Constraint,A3_feature_calc_error,small,22,FEAT_VOL20_STOCK_3_PRICE,REPORT_LIMIT,27,0,0,0,0.037037037037037035,1.0,0.0,0
APA-RCA,A3_feature_calc_error,small,23,FEAT_VOL20_STOCK_1_PRICE,REPORT_LIMIT,8,0,0,0,0.125,1.0,0.45013427734375,9
Schema-Constraint,A3_feature_calc_error,small,23,FEAT_VOL20_STOCK_1_PRICE,REPORT_LIMIT,25,0,0,0,0.04,1.0,0.0,0
APA-RCA,A3_feature_calc_error,small,24,FEAT_VOL20_STOCK_2_PRICE,REPORT_LIMIT,11,0,0,0,0.09090909090909091,1.0,0.4620552062988281,9
Schema-Constraint,A3_feature_calc_error,small,24,FEAT_VOL20_STOCK_2_PRICE,REPORT_LIMIT,26,0,0,0,0.038461538461538464,1.0,0.0,0
APA-RCA,A3_feature_calc_error,small,25,FEAT_VOL20_STOCK_2_PRICE,REPORT_DASHBOARD,1,1,1,1,1.0,0.8,0.4401206970214844,9
Schema-Constraint,A3_feature_calc_error,small,25,FEAT_VOL20_STOCK_2_PRICE,REPORT_DASHBOARD,26,0,0,0,0.038461538461538464,1.0,0.0,0
APA-RCA,A3_feature_calc_error,small,26,FEAT_VOL20_STOCK_3_PRICE,REPORT_DASHBOARD,1,1,1,1,1.0,0.8,0.44798851013183594,9
Schema-Constraint,A3_feature_calc_error,small,26,FEAT_VOL20_STOCK_3_PRICE,REPORT_DASHBOARD,27,0,0,0,0.037037037037037035,1.0,0.0,0
APA-RCA,A3_feature_calc_error,small,27,FEAT_VOL20_STOCK_1_PRICE,REPORT_LIMIT,13,0,0,0,0.07692307692307693,1.0,0.44608116149902344,9
Schema-Constraint,A3_feature_calc_error,small,27,FEAT_VOL20_STOCK_1_PRICE,REPORT_LIMIT,25,0,0,0,0.04,1.0,0.0,0
APA-RCA,A3_feature_calc_error,small,28,FEAT_VOL20_STOCK_2_PRICE,REPORT_LIMIT,10,0,0,0,0.1,1.0,0.446319580078125,9
Schema-Constraint,A3_feature_calc_error,small,28,FEAT_VOL20_STOCK_2_PRICE,REPORT_LIMIT,26,0,0,0,0.038461538461538464,1.0,0.0,0
APA-RCA,A3_feature_calc_error,small,29,FEAT_VOL20_STOCK_3_PRICE,REPORT_LIMIT,1,1,1,1,1.0,0.8,0.4458427429199219,9
Schema-Constraint,A3_feature_calc_error,small,29,FEAT_VOL20_STOCK_3_PRICE,REPORT_LIMIT,27,0,0,0,0.037037037037037035,1.0,0.0,0
APA-RCA,A4_aggregation_error,small,0,FEAT_SECTOR_B,REPORT_LIMIT,33,0,0,0,0.030303030303030304,1.0,0.4417896270751953,9
Schema-Constraint,A4_aggregation_error,small,0,FEAT_SECTOR_B,REPORT_LIMIT,1,1,1,1,1.0,0.8,0.0021457672119140625,1
APA-RCA,A4_aggregation_error,small,1,FEAT_SECTOR_A,REPORT_DASHBOARD,26,0,0,0,0.038461538461538464,1.0,0.4470348358154297,9
Schema-Constraint,A4_aggregation_error,small,1,FEAT_SECTOR_A,REPORT_DASHBOARD,32,0,0,0,0.03125,1.0,0.0,0
APA-RCA,A4_aggregation_error,small,2,FEAT_SECTOR_B,REPORT_LIMIT,36,0,0,0,0.027777777777777776,1.0,0.44798851013183594,9
Schema-Constraint,A4_aggregation_error,small,2,FEAT_SECTOR_B,REPORT_LIMIT,1,1,1,1,1.0,0.8,0.00095367431640625,1
APA-RCA,A4_aggregation_error,small,3,FEAT_SECTOR_B,REPORT_STRESS,15,0,0,0,0.06666666666666667,1.0,0.4642009735107422,9
Schema-Constraint,A4_aggregation_error,small,3,FEAT_SECTOR_B,REPORT_STRESS,1,1,1,1,1.0,0.8,0.0019073486328125,1
APA-RCA,A4_aggregation_error,small,4,FEAT_SECTOR_B,REPORT_LIMIT,30,0,0,0,0.03333333333333333,1.0,0.45013427734375,9
Schema-Constraint,A4_aggregation_error,small,4,FEAT_SECTOR_B,REPORT_LIMIT,1,1,1,1,1.0,0.8,0.0021457672119140625,1
APA-RCA,A4_aggregation_error,small,5,FEAT_SECTOR_B,REPORT_LIMIT,34,0,0,0,0.029411764705882353,1.0,0.48422813415527344,9
Schema-Constraint,A4_aggregation_error,small,5,FEAT_SECTOR_B,REPORT_LIMIT,1,1,1,1,1.0,0.8,0.0019073486328125,1
APA-RCA,A4_aggregation_error,small,6,FEAT_SECTOR_A,REPORT_LIMIT,33,0,0,0,0.030303030303030304,1.0,0.4649162292480469,9
Schema-Constraint,A4_aggregation_error,small,6,FEAT_SECTOR_A,REPORT_LIMIT,32,0,0,0,0.03125,1.0,0.0,0
APA-RCA,A4_aggregation_error,small,7,FEAT_SECTOR_B,REPORT_LIMIT,31,0,0,0,0.03225806451612903,1.0,0.44536590576171875,9
Schema-Constraint,A4_aggregation_error,small,7,FEAT_SECTOR_B,REPORT_LIMIT,1,1,1,1,1.0,0.8,0.0019073486328125,1
APA-RCA,A4_aggregation_error,small,8,FEAT_SECTOR_B,REPORT_LIMIT,39,0,0,0,0.02564102564102564,1.0,0.4589557647705078,9
Schema-Constraint,A4_aggregation_error,small,8,FEAT_SECTOR_B,REPORT_LIMIT,1,1,1,1,1.0,0.8,0.0021457672119140625,1
APA-RCA,A4_aggregation_error,small,9,FEAT_SECTOR_A,REPORT_LIMIT,31,0,0,0,0.03225806451612903,1.0,0.48422813415527344,9
Schema-Constraint,A4_aggregation_error,small,9,FEAT_SECTOR_A,REPORT_LIMIT,32,0,0,0,0.03125,1.0,0.0,0
APA-RCA,A4_aggregation_error,small,10,FEAT_SECTOR_B,REPORT_LIMIT,30,0,0,0,0.03333333333333333,1.0,0.5340576171875,9
Schema-Constraint,A4_aggregation_error,small,10,FEAT_SECTOR_B,REPORT_LIMIT,1,1,1,1,1.0,0.8,0.00286102294921875,1
APA-RCA,A4_aggregation_error,small,11,FEAT_SECTOR_A,REPORT_LIMIT,30,0,0,0,0.03333333333333333,1.0,0.4780292510986328,9
Schema-Constraint,A4_aggregation_error,small,11,FEAT_SECTOR_A,REPORT_LIMIT,32,0,0,0,0.03125,1.0,0.0,0
APA-RCA,A4_aggregation_error,small,12,FEAT_SECTOR_B,REPORT_LIMIT,31,0,0,0,0.03225806451612903,1.0,0.4563331604003906,9
Schema-Constraint,A4_aggregation_error,small,12,FEAT_SECTOR_B,REPORT_LIMIT,1,1,1,1,1.0,0.8,0.0019073486328125,1
APA-RCA,A4_aggregation_error,small,13,FEAT_SECTOR_B,REPORT_LIMIT,30,0,0,0,0.03333333333333333,1.0,0.49495697021484375,9
Schema-Constraint,A4_aggregation_error,small,13,FEAT_SECTOR_B,REPORT_LIMIT,1,1,1,1,1.0,0.8,0.0019073486328125,1
APA-RCA,A4_aggregation_error,small,14,FEAT_SECTOR_A,REPORT_LIMIT,31,0,0,0,0.03225806451612903,1.0,0.5090236663818359,9
Schema-Constraint,A4_aggregation_error,small,14,FEAT_SECTOR_A,REPORT_LIMIT,32,0,0,0,0.03125,1.0,0.0,0
APA-RCA,A4_aggregation_error,small,15,FEAT_SECTOR_B,REPORT_LIMIT,34,0,0,0,0.029411764705882353,1.0,0.4889965057373047,9
Schema-Constraint,A4_aggregation_error,small,15,FEAT_SECTOR_B,REPORT_LIMIT,1,1,1,1,1.0,0.8,0.0019073486328125,1
APA-RCA,A4_aggregation_error,small,16,FEAT_SECTOR_B,REPORT_LIMIT,31,0,0,0,0.03225806451612903,1.0,0.45013427734375,9
Schema-Constraint,A4_aggregation_error,small,16,FEAT_SECTOR_B,REPORT_LIMIT,1,1,1,1,1.0,0.8,0.0021457672119140625,1
APA-RCA,A4_aggregation_error,small,17,FEAT_SECTOR_B,REPORT_LIMIT,32,0,0,0,0.03125,1.0,0.4401206970214844,9
Schema-Constraint,A4_aggregation_error,small,17,FEAT_SECTOR_B,REPORT_LIMIT,1,1,1,1,1.0,0.8,0.0021457672119140625,1
APA-RCA,A4_aggregation_error,small,18,FEAT_SECTOR_B,REPORT_LIMIT,33,0,0,0,0.030303030303030304,1.0,0.4410743713378906,9
Schema-Constraint,A4_aggregation_error,small,18,FEAT_SECTOR_B,REPORT_LIMIT,1,1,1,1,1.0,0.8,0.0019073486328125,1
APA-RCA,A4_aggregation_error,small,19,FEAT_SECTOR_B,REPORT_LIMIT,31,0,0,0,0.03225806451612903,1.0,0.4761219024658203,9
Schema-Constraint,A4_aggregation_error,small,19,FEAT_SECTOR_B,REPORT_LIMIT,1,1,1,1,1.0,0.8,0.0021457672119140625,1
APA-RCA,A4_aggregation_error,small,20,FEAT_SECTOR_B,REPORT_LIMIT,32,0,0,0,0.03125,1.0,0.44989585876464844,9
Schema-Constraint,A4_aggregation_error,small,20,FEAT_SECTOR_B,REPORT_LIMIT,1,1,1,1,1.0,0.8,0.0021457672119140625,1
APA-RCA,A4_aggregation_error,small,21,FEAT_SECTOR_A,REPORT_LIMIT,30,0,0,0,0.03333333333333333,1.0,0.4718303680419922,9
Schema-Constraint,A4_aggregation_error,small,21,FEAT_SECTOR_A,REPORT_LIMIT,32,0,0,0,0.03125,1.0,0.0,0
APA-RCA,A4_aggregation_error,small,22,FEAT_SECTOR_B,REPORT_LIMIT,32,0,0,0,0.03125,1.0,0.44274330139160156,9
Schema-Constraint,A4_aggregation_error,small,22,FEAT_SECTOR_B,REPORT_LIMIT,1,1,1,1,1.0,0.8,0.0021457672119140625,1
APA-RCA,A4_aggregation_error,small,23,FEAT_SECTOR_A,REPORT_LIMIT,32,0,0,0,0.03125,1.0,0.46634674072265625,9
Schema-Constraint,A4_aggregation_error,small,23,FEAT_SECTOR_A,REPORT_LIMIT,32,0,0,0,0.03125,1.0,0.0,0
APA-RCA,A4_aggregation_error,small,24,FEAT_SECTOR_A,REPORT_LIMIT,34,0,0,0,0.029411764705882353,1.0,0.4429817199707031,9
Schema-Constraint,A4_aggregation_error,small,24,FEAT_SECTOR_A,REPORT_LIMIT,32,0,0,0,0.03125,1.0,0.0,0
APA-RCA,A4_aggregation_error,small,25,FEAT_SECTOR_B,REPORT_LIMIT,31,0,0,0,0.03225806451612903,1.0,0.4448890686035156,9
Schema-Constraint,A4_aggregation_error,small,25,FEAT_SECTOR_B,REPORT_LIMIT,1,1,1,1,1.0,0.8,0.00095367431640625,1
APA-RCA,A4_aggregation_error,small,26,FEAT_SECTOR_B,REPORT_DASHBOARD,25,0,0,0,0.04,1.0,0.45108795166015625,9
Schema-Constraint,A4_aggregation_error,small,26,FEAT_SECTOR_B,REPORT_DASHBOARD,1,1,1,1,1.0,0.8,0.0021457672119140625,1
APA-RCA,A4_aggregation_error,small,27,FEAT_SECTOR_A,REPORT_LIMIT,31,0,0,0,0.03225806451612903,1.0,0.4551410675048828,9
Schema-Constraint,A4_aggregation_error,small,27,FEAT_SECTOR_A,REPORT_LIMIT,32,0,0,0,0.03125,1.0,0.0,0
APA-RCA,A4_aggregation_error,small,28,FEAT_SECTOR_B,REPORT_LIMIT,31,0,0,0,0.03225806451612903,1.0,0.43892860412597656,9
Schema-Constraint,A4_aggregation_error,small,28,FEAT_SECTOR_B,REPORT_LIMIT,1,1,1,1,1.0,0.8,0.00286102294921875,1
APA-RCA,A4_aggregation_error,small,29,FEAT_SECTOR_B,REPORT_LIMIT,30,0,0,0,0.03333333333333333,1.0,0.44798851013183594,9
Schema-Constraint,A4_aggregation_error,small,29,FEAT_SECTOR_B,REPORT_LIMIT,1,1,1,1,1.0,0.8,0.0011920928955078125,1
APA-RCA,A5_downstream_masking,small,0,SRC_STOCK_3_PRICE,REPORT_LIMIT,4,0,0,1,0.25,0.8,0.4639625549316406,9
Schema-Constraint,A5_downstream_masking,small,0,SRC_STOCK_3_PRICE,REPORT_LIMIT,3,0,1,1,0.3333333333333333,0.8,0.0,0
APA-RCA,A5_downstream_masking,small,1,SRC_STOCK_2_PRICE,REPORT_STRESS,2,0,1,1,0.5,0.8,0.4611015319824219,9
Schema-Constraint,A5_downstream_masking,small,1,SRC_STOCK_2_PRICE,REPORT_STRESS,2,0,1,1,0.5,0.8,0.0,0
APA-RCA,A5_downstream_masking,small,2,SRC_STOCK_3_PRICE,REPORT_LIMIT,14,0,0,0,0.07142857142857142,1.0,0.46896934509277344,9
Schema-Constraint,A5_downstream_masking,small,2,SRC_STOCK_3_PRICE,REPORT_LIMIT,3,0,1,1,0.3333333333333333,0.8,0.0,0
APA-RCA,A5_downstream_masking,small,3,SRC_STOCK_3_PRICE,REPORT_DASHBOARD,2,0,1,1,0.5,0.8,0.45800209045410156,9
Schema-Constraint,A5_downstream_masking,small,3,SRC_STOCK_3_PRICE,REPORT_DASHBOARD,3,0,1,1,0.3333333333333333,0.8,0.0,0
APA-RCA,A5_downstream_masking,small,4,SRC_STOCK_3_PRICE,REPORT_LIMIT,15,0,0,0,0.06666666666666667,1.0,0.45990943908691406,9
Schema-Constraint,A5_downstream_masking,small,4,SRC_STOCK_3_PRICE,REPORT_LIMIT,3,0,1,1,0.3333333333333333,0.8,0.0,0
APA-RCA,A5_downstream_masking,small,5,SRC_STOCK_3_PRICE,REPORT_LIMIT,13,0,0,0,0.07692307692307693,1.0,0.5090236663818359,9
Schema-Constraint,A5_downstream_masking,small,5,SRC_STOCK_3_PRICE,REPORT_LIMIT,3,0,1,1,0.3333333333333333,0.8,0.0,0
APA-RCA,A5_downstream_masking,small,6,SRC_STOCK_2_PRICE,REPORT_LIMIT,16,0,0,0,0.0625,1.0,0.46896934509277344,9
Schema-Constraint,A5_downstream_masking,small,6,SRC_STOCK_2_PRICE,REPORT_LIMIT,2,0,1,1,0.5,0.8,0.0,0
APA-RCA,A5_downstream_masking,small,7,SRC_STOCK_3_PRICE,REPORT_LIMIT,5,0,0,1,0.2,0.8,0.4658699035644531,9
Schema-Constraint,A5_downstream_masking,small,7,SRC_STOCK_3_PRICE,REPORT_LIMIT,3,0,1,1,0.3333333333333333,0.8,0.0,0
APA-RCA,A5_downstream_masking,small,8,SRC_STOCK_3_PRICE,REPORT_DASHBOARD,2,0,1,1,0.5,0.8,0.4601478576660156,9
Schema-Constraint,A5_downstream_masking,small,8,SRC_STOCK_3_PRICE,REPORT_DASHBOARD,3,0,1,1,0.3333333333333333,0.8,0.0,0
APA-RCA,A5_downstream_masking,small,9,SRC_STOCK_2_PRICE,REPORT_LIMIT,8,0,0,0,0.125,1.0,0.4668235778808594,9
Schema-Constraint,A5_downstream_masking,small,9,SRC_STOCK_2_PRICE,REPORT_LIMIT,2,0,1,1,0.5,0.8,0.0,0
APA-RCA,A5_downstream_masking,small,10,SRC_STOCK_3_PRICE,REPORT_LIMIT,4,0,0,1,0.25,0.8,0.4642009735107422,9
Schema-Constraint,A5_downstream_masking,small,10,SRC_STOCK_3_PRICE,REPORT_LIMIT,3,0,1,1,0.3333333333333333,0.8,0.0,0
APA-RCA,A5_downstream_masking,small,11,SRC_STOCK_1_PRICE,REPORT_LIMIT,11,0,0,0,0.09090909090909091,1.0,0.46896934509277344,9
Schema-Constraint,A5_downstream_masking,small,11,SRC_STOCK_1_PRICE,REPORT_LIMIT,1,1,1,1,1.0,0.8,0.0,0
APA-RCA,A5_downstream_masking,small,12,SRC_STOCK_2_PRICE,REPORT_LIMIT,3,0,1,1,0.3333333333333333,0.8,0.4630088806152344,9
Schema-Constraint,A5_downstream_masking,small,12,SRC_STOCK_2_PRICE,REPORT_LIMIT,2,0,1,1,0.5,0.8,0.0,0
APA-RCA,A5_downstream_masking,small,13,SRC_STOCK_3_PRICE,REPORT_LIMIT,13,0,0,0,0.07692307692307693,1.0,0.48279762268066406,9
Schema-Constraint,A5_downstream_masking,small,13,SRC_STOCK_3_PRICE,REPORT_LIMIT,3,0,1,1,0.3333333333333333,0.8,0.0,0
APA-RCA,A5_downstream_masking,small,14,SRC_STOCK_1_PRICE,REPORT_LIMIT,13,0,0,0,0.07692307692307693,1.0,0.4661083221435547,9
Schema-Constraint,A5_downstream_masking,small,14,SRC_STOCK_1_PRICE,REPORT_LIMIT,1,1,1,1,1.0,0.8,0.0,0
APA-RCA,A5_downstream_masking,small,15,SRC_STOCK_3_PRICE,REPORT_LIMIT,15,0,0,0,0.06666666666666667,1.0,0.4622936248779297,9
Schema-Constraint,A5_downstream_masking,small,15,SRC_STOCK_3_PRICE,REPORT_LIMIT,3,0,1,1,0.3333333333333333,0.8,0.0,0
APA-RCA,A5_downstream_masking,small,16,SRC_STOCK_2_PRICE,REPORT_LIMIT,5,0,0,1,0.2,0.8,0.45800209045410156,9
Schema-Constraint,A5_downstream_masking,small,16,SRC_STOCK_2_PRICE,REPORT_LIMIT,2,0,1,1,0.5,0.8,0.0,0
APA-RCA,A5_downstream_masking,small,17,SRC_STOCK_3_PRICE,REPORT_LIMIT,17,0,0,0,0.058823529411764705,1.0,0.47016143798828125,9
Schema-Constraint,A5_downstream_masking,small,17,SRC_STOCK_3_PRICE,REPORT_LIMIT,3,0,1,1,0.3333333333333333,0.8,0.0,0
APA-RCA,A5_downstream_masking,small,18,SRC_STOCK_3_PRICE,REPORT_LIMIT,5,0,0,1,0.2,0.8,0.4868507385253906,9
Schema-Constraint,A5_downstream_masking,small,18,SRC_STOCK_3_PRICE,REPORT_LIMIT,3,0,1,1,0.3333333333333333,0.8,0.0,0
APA-RCA,A5_downstream_masking,small,19,SRC_STOCK_2_PRICE,REPORT_LIMIT,4,0,0,1,0.25,0.8,0.4622936248779297,9
Schema-Constraint,A5_downstream_masking,small,19,SRC_STOCK_2_PRICE,REPORT_LIMIT,2,0,1,1,0.5,0.8,0.0,0
APA-RCA,A5_downstream_masking,small,20,SRC_STOCK_3_PRICE,REPORT_LIMIT,5,0,0,1,0.2,0.8,0.4630088806152344,9
Schema-Constraint,A5_downstream_masking,small,20,SRC_STOCK_3_PRICE,REPORT_LIMIT,3,0,1,1,0.3333333333333333,0.8,0.0,0
APA-RCA,A5_downstream_masking,small,21,SRC_STOCK_1_PRICE,REPORT_LIMIT,5,0,0,1,0.2,0.8,0.4620552062988281,9
Schema-Constraint,A5_downstream_masking,small,21,SRC_STOCK_1_PRICE,REPORT_LIMIT,1,1,1,1,1.0,0.8,0.0,0
APA-RCA,A5_downstream_masking,small,22,SRC_STOCK_3_PRICE,REPORT_LIMIT,4,0,0,1,0.25,0.8,0.47469139099121094,9
Schema-Constraint,A5_downstream_masking,small,22,SRC_STOCK_3_PRICE,REPORT_LIMIT,3,0,1,1,0.3333333333333333,0.8,0.0,0
APA-RCA,A5_downstream_masking,small,23,SRC_STOCK_1_PRICE,REPORT_LIMIT,12,0,0,0,0.08333333333333333,1.0,0.4611015319824219,9
Schema-Constraint,A5_downstream_masking,small,23,SRC_STOCK_1_PRICE,REPORT_LIMIT,1,1,1,1,1.0,0.8,0.0,0
APA-RCA,A5_downstream_masking,small,24,SRC_STOCK_2_PRICE,REPORT_LIMIT,5,0,0,1,0.2,0.8,0.46062469482421875,9
Schema-Constraint,A5_downstream_masking,small,24,SRC_STOCK_2_PRICE,REPORT_LIMIT,2,0,1,1,0.5,0.8,0.0,0
APA-RCA,A5_downstream_masking,small,25,SRC_STOCK_2_PRICE,REPORT_STRESS,5,0,0,1,0.2,0.8,0.4611015319824219,9
Schema-Constraint,A5_downstream_masking,small,25,SRC_STOCK_2_PRICE,REPORT_STRESS,2,0,1,1,0.5,0.8,0.0,0
APA-RCA,A5_downstream_masking,small,26,SRC_STOCK_3_PRICE,REPORT_DASHBOARD,2,0,1,1,0.5,0.8,0.4661083221435547,9
Schema-Constraint,A5_downstream_masking,small,26,SRC_STOCK_3_PRICE,REPORT_DASHBOARD,3,0,1,1,0.3333333333333333,0.8,0.0,0
APA-RCA,A5_downstream_masking,small,27,SRC_STOCK_1_PRICE,REPORT_LIMIT,17,0,0,0,0.058823529411764705,1.0,0.46324729919433594,9
Schema-Constraint,A5_downstream_masking,small,27,SRC_STOCK_1_PRICE,REPORT_LIMIT,1,1,1,1,1.0,0.8,0.0,0
APA-RCA,A5_downstream_masking,small,28,SRC_STOCK_2_PRICE,REPORT_LIMIT,6,0,0,0,0.16666666666666666,1.0,0.4620552062988281,9
Schema-Constraint,A5_downstream_masking,small,28,SRC_STOCK_2_PRICE,REPORT_LIMIT,2,0,1,1,0.5,0.8,0.0,0
APA-RCA,A5_downstream_masking,small,29,SRC_STOCK_3_PRICE,REPORT_LIMIT,4,0,0,1,0.25,0.8,0.46181678771972656,9
Schema-Constraint,A5_downstream_masking,small,29,SRC_STOCK_3_PRICE,REPORT_LIMIT,3,0,1,1,0.3333333333333333,0.8,0.0,0
APA-RCA,A6_multi_source,small,0,SRC_STOCK_3_PRICE,REPORT_DASHBOARD,2,0,1,1,0.5,0.8,0.47278404235839844,9
Schema-Constraint,A6_multi_source,small,0,SRC_STOCK_3_PRICE,REPORT_DASHBOARD,3,0,1,1,0.3333333333333333,0.8,0.0,0
APA-RCA,A6_multi_source,small,1,SRC_STOCK_1_PRICE,REPORT_DASHBOARD,3,0,1,1,0.3333333333333333,0.8,0.4820823669433594,9
Schema-Constraint,A6_multi_source,small,1,SRC_STOCK_1_PRICE,REPORT_DASHBOARD,1,1,1,1,1.0,0.8,0.0,0
APA-RCA,A6_multi_source,small,2,SRC_STOCK_2_PRICE,REPORT_DASHBOARD,3,0,1,1,0.3333333333333333,0.8,0.4591941833496094,9
Schema-Constraint,A6_multi_source,small,2,SRC_STOCK_2_PRICE,REPORT_DASHBOARD,2,0,1,1,0.5,0.8,0.0,0
APA-RCA,A6_multi_source,small,3,SRC_STOCK_2_PRICE,REPORT_LIMIT,5,0,0,1,0.2,0.8,0.4801750183105469,9
Schema-Constraint,A6_multi_source,small,3,SRC_STOCK_2_PRICE,REPORT_LIMIT,2,0,1,1,0.5,0.8,0.0,0
APA-RCA,A6_multi_source,small,4,SRC_STOCK_1_PRICE,REPORT_DASHBOARD,3,0,1,1,0.3333333333333333,0.8,0.46324729919433594,9
Schema-Constraint,A6_multi_source,small,4,SRC_STOCK_1_PRICE,REPORT_DASHBOARD,1,1,1,1,1.0,0.8,0.0,0
APA-RCA,A6_multi_source,small,5,SRC_STOCK_3_PRICE,REPORT_DASHBOARD,3,0,1,1,0.3333333333333333,0.8,0.45228004455566406,9
Schema-Constraint,A6_multi_source,small,5,SRC_STOCK_3_PRICE,REPORT_DASHBOARD,3,0,1,1,0.3333333333333333,0.8,0.0,0
APA-RCA,A6_multi_source,small,6,SRC_STOCK_3_PRICE,REPORT_DASHBOARD,3,0,1,1,0.3333333333333333,0.8,0.45680999755859375,9
Schema-Constraint,A6_multi_source,small,6,SRC_STOCK_3_PRICE,REPORT_DASHBOARD,3,0,1,1,0.3333333333333333,0.8,0.0,0
APA-RCA,A6_multi_source,small,7,SRC_STOCK_1_PRICE,REPORT_DASHBOARD,2,0,1,1,0.5,0.8,0.4611015319824219,9
Schema-Constraint,A6_multi_source,small,7,SRC_STOCK_1_PRICE,REPORT_DASHBOARD,1,1,1,1,1.0,0.8,0.0,0
APA-RCA,A6_multi_source,small,8,SRC_STOCK_3_PRICE,REPORT_STRESS,1,1,1,1,1.0,0.8,0.45180320739746094,9
Schema-Constraint,A6_multi_source,small,8,SRC_STOCK_3_PRICE,REPORT_STRESS,3,0,1,1,0.3333333333333333,0.8,0.0,0
APA-RCA,A6_multi_source,small,9,SRC_STOCK_2_PRICE,REPORT_DASHBOARD,3,0,1,1,0.3333333333333333,0.8,0.4737377166748047,9
Schema-Constraint,A6_multi_source,small,9,SRC_STOCK_2_PRICE,REPORT_DASHBOARD,2,0,1,1,0.5,0.8,0.0,0
APA-RCA,A6_multi_source,small,10,SRC_STOCK_2_PRICE,REPORT_DASHBOARD,4,0,0,1,0.25,0.8,0.46706199645996094,9
Schema-Constraint,A6_multi_source,small,10,SRC_STOCK_2_PRICE,REPORT_DASHBOARD,2,0,1,1,0.5,0.8,0.0,0
APA-RCA,A6_multi_source,small,11,SRC_STOCK_2_PRICE,REPORT_LIMIT,5,0,0,1,0.2,0.8,0.4649162292480469,9
Schema-Constraint,A6_multi_source,small,11,SRC_STOCK_2_PRICE,REPORT_LIMIT,2,0,1,1,0.5,0.8,0.0,0
APA-RCA,A6_multi_source,small,12,SRC_STOCK_1_PRICE,REPORT_DASHBOARD,3,0,1,1,0.3333333333333333,0.8,0.4601478576660156,9
Schema-Constraint,A6_multi_source,small,12,SRC_STOCK_1_PRICE,REPORT_DASHBOARD,1,1,1,1,1.0,0.8,0.0,0
APA-RCA,A6_multi_source,small,13,SRC_STOCK_1_PRICE,REPORT_LIMIT,4,0,0,1,0.25,0.8,0.45371055603027344,9
Schema-Constraint,A6_multi_source,small,13,SRC_STOCK_1_PRICE,REPORT_LIMIT,1,1,1,1,1.0,0.8,0.0,0
APA-RCA,A6_multi_source,small,14,SRC_STOCK_3_PRICE,REPORT_DASHBOARD,2,0,1,1,0.5,0.8,0.45800209045410156,9
Schema-Constraint,A6_multi_source,small,14,SRC_STOCK_3_PRICE,REPORT_DASHBOARD,3,0,1,1,0.3333333333333333,0.8,0.0,0
APA-RCA,A6_multi_source,small,15,SRC_STOCK_1_PRICE,REPORT_STRESS,1,1,1,1,1.0,0.8,0.4749298095703125,9
Schema-Constraint,A6_multi_source,small,15,SRC_STOCK_1_PRICE,REPORT_STRESS,1,1,1,1,1.0,0.8,0.0,0
APA-RCA,A6_multi_source,small,16,SRC_STOCK_2_PRICE,REPORT_DASHBOARD,3,0,1,1,0.3333333333333333,0.8,0.4909038543701172,9
Schema-Constraint,A6_multi_source,small,16,SRC_STOCK_2_PRICE,REPORT_DASHBOARD,2,0,1,1,0.5,0.8,0.0,0
APA-RCA,A6_multi_source,small,17,SRC_STOCK_2_PRICE,REPORT_DASHBOARD,2,0,1,1,0.5,0.8,0.46706199645996094,9
Schema-Constraint,A6_multi_source,small,17,SRC_STOCK_2_PRICE,REPORT_DASHBOARD,2,0,1,1,0.5,0.8,0.0,0
APA-RCA,A6_multi_source,small,18,SRC_STOCK_3_PRICE,REPORT_DASHBOARD,3,0,1,1,0.3333333333333333,0.8,0.4558563232421875,9
Schema-Constraint,A6_multi_source,small,18,SRC_STOCK_3_PRICE,REPORT_DASHBOARD,3,0,1,1,0.3333333333333333,0.8,0.0,0
APA-RCA,A6_multi_source,small,19,SRC_STOCK_1_PRICE,REPORT_DASHBOARD,3,0,1,1,0.3333333333333333,0.8,0.4627704620361328,9
Schema-Constraint,A6_multi_source,small,19,SRC_STOCK_1_PRICE,REPORT_DASHBOARD,1,1,1,1,1.0,0.8,0.0,0
APA-RCA,A6_multi_source,small,20,SRC_STOCK_2_PRICE,REPORT_DASHBOARD,3,0,1,1,0.3333333333333333,0.8,0.4649162292480469,9
Schema-Constraint,A6_multi_source,small,20,SRC_STOCK_2_PRICE,REPORT_DASHBOARD,2,0,1,1,0.5,0.8,0.0,0
APA-RCA,A6_multi_source,small,21,SRC_STOCK_1_PRICE,REPORT_DASHBOARD,3,0,1,1,0.3333333333333333,0.8,0.45680999755859375,9
Schema-Constraint,A6_multi_source,small,21,SRC_STOCK_1_PRICE,REPORT_DASHBOARD,1,1,1,1,1.0,0.8,0.0,0
APA-RCA,A6_multi_source,small,22,SRC_STOCK_3_PRICE,REPORT_DASHBOARD,2,0,1,1,0.5,0.8,0.48279762268066406,9
Schema-Constraint,A6_multi_source,small,22,SRC_STOCK_3_PRICE,REPORT_DASHBOARD,3,0,1,1,0.3333333333333333,0.8,0.0,0
APA-RCA,A6_multi_source,small,23,SRC_STOCK_1_PRICE,REPORT_LIMIT,4,0,0,1,0.25,0.8,0.476837158203125,9
Schema-Constraint,A6_multi_source,small,23,SRC_STOCK_1_PRICE,REPORT_LIMIT,1,1,1,1,1.0,0.8,0.0,0
APA-RCA,A6_multi_source,small,24,SRC_STOCK_2_PRICE,REPORT_DASHBOARD,3,0,1,1,0.3333333333333333,0.8,0.4639625549316406,9
Schema-Constraint,A6_multi_source,small,24,SRC_STOCK_2_PRICE,REPORT_DASHBOARD,2,0,1,1,0.5,0.8,0.0,0
APA-RCA,A6_multi_source,small,25,SRC_STOCK_2_PRICE,REPORT_STRESS,2,0,1,1,0.5,0.8,0.4780292510986328,9
Schema-Constraint,A6_multi_source,small,25,SRC_STOCK_2_PRICE,REPORT_STRESS,2,0,1,1,0.5,0.8,0.0,0
APA-RCA,A6_multi_source,small,26,SRC_STOCK_3_PRICE,REPORT_DASHBOARD,3,0,1,1,0.3333333333333333,0.8,0.4596710205078125,9
Schema-Constraint,A6_multi_source,small,26,SRC_STOCK_3_PRICE,REPORT_DASHBOARD,3,0,1,1,0.3333333333333333,0.8,0.0,0
APA-RCA,A6_multi_source,small,27,SRC_STOCK_2_PRICE,REPORT_STRESS,1,1,1,1,1.0,0.8,0.45800209045410156,9
Schema-Constraint,A6_multi_source,small,27,SRC_STOCK_2_PRICE,REPORT_STRESS,2,0,1,1,0.5,0.8,0.0,0
APA-RCA,A6_multi_source,small,28,SRC_STOCK_3_PRICE,REPORT_DASHBOARD,2,0,1,1,0.5,0.8,0.4947185516357422,9
Schema-Constraint,A6_multi_source,small,28,SRC_STOCK_3_PRICE,REPORT_DASHBOARD,3,0,1,1,0.3333333333333333,0.8,0.0,0
APA-RCA,A6_multi_source,small,29,SRC_STOCK_1_PRICE,REPORT_DASHBOARD,3,0,1,1,0.3333333333333333,0.8,0.4830360412597656,9
Schema-Constraint,A6_multi_source,small,29,SRC_STOCK_1_PRICE,REPORT_DASHBOARD,1,1,1,1,1.0,0.8,0.0,0
APA-RCA,A7_coincidental,small,0,SRC_STOCK_3_PRICE,REPORT_LIMIT,3,0,1,1,0.3333333333333333,0.8,0.4630088806152344,9
Schema-Constraint,A7_coincidental,small,0,SRC_STOCK_3_PRICE,REPORT_LIMIT,3,0,1,1,0.3333333333333333,0.8,0.0,0
APA-RCA,A7_coincidental,small,1,SRC_STOCK_2_PRICE,REPORT_DASHBOARD,3,0,1,1,0.3333333333333333,0.8,0.45490264892578125,9
Schema-Constraint,A7_coincidental,small,1,SRC_STOCK_2_PRICE,REPORT_DASHBOARD,2,0,1,1,0.5,0.8,0.0,0
APA-RCA,A7_coincidental,small,2,SRC_STOCK_3_PRICE,REPORT_LIMIT,6,0,0,0,0.16666666666666666,1.0,0.4668235778808594,9
Schema-Constraint,A7_coincidental,small,2,SRC_STOCK_3_PRICE,REPORT_LIMIT,3,0,1,1,0.3333333333333333,0.8,0.0,0
APA-RCA,A7_coincidental,small,3,SRC_STOCK_3_PRICE,REPORT_LIMIT,5,0,0,1,0.2,0.8,0.4608631134033203,9
Schema-Constraint,A7_coincidental,small,3,SRC_STOCK_3_PRICE,REPORT_LIMIT,3,0,1,1,0.3333333333333333,0.8,0.0,0
APA-RCA,A7_coincidental,small,4,SRC_STOCK_3_PRICE,REPORT_DASHBOARD,3,0,1,1,0.3333333333333333,0.8,0.45800209045410156,9
Schema-Constraint,A7_coincidental,small,4,SRC_STOCK_3_PRICE,REPORT_DASHBOARD,3,0,1,1,0.3333333333333333,0.8,0.0,0
APA-RCA,A7_coincidental,small,5,SRC_STOCK_3_PRICE,REPORT_LIMIT,4,0,0,1,0.25,0.8,0.4551410675048828,9
Schema-Constraint,A7_coincidental,small,5,SRC_STOCK_3_PRICE,REPORT_LIMIT,3,0,1,1,0.3333333333333333,0.8,0.0,0
APA-RCA,A7_coincidental,small,6,SRC_STOCK_2_PRICE,REPORT_LIMIT,6,0,0,0,0.16666666666666666,1.0,0.4639625549316406,9
Schema-Constraint,A7_coincidental,small,6,SRC_STOCK_2_PRICE,REPORT_LIMIT,2,0,1,1,0.5,0.8,0.0,0
APA-RCA,A7_coincidental,small,7,SRC_STOCK_3_PRICE,REPORT_DASHBOARD,2,0,1,1,0.5,0.8,0.46896934509277344,9
Schema-Constraint,A7_coincidental,small,7,SRC_STOCK_3_PRICE,REPORT_DASHBOARD,3,0,1,1,0.3333333333333333,0.8,0.0,0
APA-RCA,A7_coincidental,small,8,SRC_STOCK_3_PRICE,REPORT_LIMIT,5,0,0,1,0.2,0.8,0.4601478576660156,9
Schema-Constraint,A7_coincidental,small,8,SRC_STOCK_3_PRICE,REPORT_LIMIT,3,0,1,1,0.3333333333333333,0.8,0.0,0
APA-RCA,A7_coincidental,small,9,SRC_STOCK_2_PRICE,REPORT_DASHBOARD,3,0,1,1,0.3333333333333333,0.8,0.45990943908691406,9
Schema-Constraint,A7_coincidental,small,9,SRC_STOCK_2_PRICE,REPORT_DASHBOARD,2,0,1,1,0.5,0.8,0.0,0
APA-RCA,A7_coincidental,small,10,SRC_STOCK_3_PRICE,REPORT_LIMIT,5,0,0,1,0.2,0.8,0.46706199645996094,9
Schema-Constraint,A7_coincidental,small,10,SRC_STOCK_3_PRICE,REPORT_LIMIT,3,0,1,1,0.3333333333333333,0.8,0.0,0
APA-RCA,A7_coincidental,small,11,SRC_STOCK_1_PRICE,REPORT_LIMIT,4,0,0,1,0.25,0.8,0.45371055603027344,9
Schema-Constraint,A7_coincidental,small,11,SRC_STOCK_1_PRICE,REPORT_LIMIT,1,1,1,1,1.0,0.8,0.0,0
APA-RCA,A7_coincidental,small,12,SRC_STOCK_2_PRICE,REPORT_LIMIT,5,0,0,1,0.2,0.8,0.4849433898925781,9
Schema-Constraint,A7_coincidental,small,12,SRC_STOCK_2_PRICE,REPORT_LIMIT,2,0,1,1,0.5,0.8,0.0,0
APA-RCA,A7_coincidental,small,13,SRC_STOCK_3_PRICE,REPORT_LIMIT,6,0,0,0,0.16666666666666666,1.0,0.46515464782714844,9
Schema-Constraint,A7_coincidental,small,13,SRC_STOCK_3_PRICE,REPORT_LIMIT,3,0,1,1,0.3333333333333333,0.8,0.0,0
APA-RCA,A7_coincidental,small,14,SRC_STOCK_1_PRICE,REPORT_LIMIT,7,0,0,0,0.14285714285714285,1.0,0.4658699035644531,9
Schema-Constraint,A7_coincidental,small,14,SRC_STOCK_1_PRICE,REPORT_LIMIT,1,1,1,1,1.0,0.8,0.0,0
APA-RCA,A7_coincidental,small,15,SRC_STOCK_3_PRICE,REPORT_DASHBOARD,2,0,1,1,0.5,0.8,0.48804283142089844,9
Schema-Constraint,A7_coincidental,small,15,SRC_STOCK_3_PRICE,REPORT_DASHBOARD,3,0,1,1,0.3333333333333333,0.8,0.0,0
APA-RCA,A7_coincidental,small,16,SRC_STOCK_2_PRICE,REPORT_LIMIT,4,0,0,1,0.25,0.8,0.4642009735107422,9
Schema-Constraint,A7_coincidental,small,16,SRC_STOCK_2_PRICE,REPORT_LIMIT,2,0,1,1,0.5,0.8,0.0,0
APA-RCA,A7_coincidental,small,17,SRC_STOCK_3_PRICE,REPORT_LIMIT,5,0,0,1,0.2,0.8,0.4608631134033203,9
Schema-Constraint,A7_coincidental,small,17,SRC_STOCK_3_PRICE,REPORT_LIMIT,3,0,1,1,0.3333333333333333,0.8,0.0,0
APA-RCA,A7_coincidental,small,18,SRC_STOCK_3_PRICE,REPORT_DASHBOARD,2,0,1,1,0.5,0.8,0.4642009735107422,9
Schema-Constraint,A7_coincidental,small,18,SRC_STOCK_3_PRICE,REPORT_DASHBOARD,3,0,1,1,0.3333333333333333,0.8,0.0,0
APA-RCA,A7_coincidental,small,19,SRC_STOCK_2_PRICE,REPORT_DASHBOARD,2,0,1,1,0.5,0.8,0.48422813415527344,9
Schema-Constraint,A7_coincidental,small,19,SRC_STOCK_2_PRICE,REPORT_DASHBOARD,2,0,1,1,0.5,0.8,0.0,0
APA-RCA,A7_coincidental,small,20,SRC_STOCK_3_PRICE,REPORT_LIMIT,4,0,0,1,0.25,0.8,0.8220672607421875,9
Schema-Constraint,A7_coincidental,small,20,SRC_STOCK_3_PRICE,REPORT_LIMIT,3,0,1,1,0.3333333333333333,0.8,0.0,0
APA-RCA,A7_coincidental,small,21,SRC_STOCK_1_PRICE,REPORT_DASHBOARD,3,0,1,1,0.3333333333333333,0.8,0.453948974609375,9
Schema-Constraint,A7_coincidental,small,21,SRC_STOCK_1_PRICE,REPORT_DASHBOARD,1,1,1,1,1.0,0.8,0.0,0
APA-RCA,A7_coincidental,small,22,SRC_STOCK_3_PRICE,REPORT_LIMIT,6,0,0,0,0.16666666666666666,1.0,0.4589557647705078,9
Schema-Constraint,A7_coincidental,small,22,SRC_STOCK_3_PRICE,REPORT_LIMIT,3,0,1,1,0.3333333333333333,0.8,0.0,0
APA-RCA,A7_coincidental,small,23,SRC_STOCK_1_PRICE,REPORT_DASHBOARD,2,0,1,1,0.5,0.8,0.4601478576660156,9
Schema-Constraint,A7_coincidental,small,23,SRC_STOCK_1_PRICE,REPORT_DASHBOARD,1,1,1,1,1.0,0.8,0.0,0
APA-RCA,A7_coincidental,small,24,SRC_STOCK_2_PRICE,REPORT_DASHBOARD,2,0,1,1,0.5,0.8,0.8149147033691406,9
Schema-Constraint,A7_coincidental,small,24,SRC_STOCK_2_PRICE,REPORT_DASHBOARD,2,0,1,1,0.5,0.8,0.0,0
APA-RCA,A7_coincidental,small,25,SRC_STOCK_2_PRICE,REPORT_STRESS,1,1,1,1,1.0,0.8,0.48279762268066406,9
Schema-Constraint,A7_coincidental,small,25,SRC_STOCK_2_PRICE,REPORT_STRESS,2,0,1,1,0.5,0.8,0.0,0
APA-RCA,A7_coincidental,small,26,SRC_STOCK_3_PRICE,REPORT_LIMIT,3,0,1,1,0.3333333333333333,0.8,0.4611015319824219,9
Schema-Constraint,A7_coincidental,small,26,SRC_STOCK_3_PRICE,REPORT_LIMIT,3,0,1,1,0.3333333333333333,0.8,0.0,0
APA-RCA,A7_coincidental,small,27,SRC_STOCK_1_PRICE,REPORT_LIMIT,3,0,1,1,0.3333333333333333,0.8,0.4620552062988281,9
Schema-Constraint,A7_coincidental,small,27,SRC_STOCK_1_PRICE,REPORT_LIMIT,1,1,1,1,1.0,0.8,0.0,0
APA-RCA,A7_coincidental,small,28,SRC_STOCK_2_PRICE,REPORT_DASHBOARD,2,0,1,1,0.5,0.8,0.8509159088134766,9
Schema-Constraint,A7_coincidental,small,28,SRC_STOCK_2_PRICE,REPORT_DASHBOARD,2,0,1,1,0.5,0.8,0.0,0
APA-RCA,A7_coincidental,small,29,SRC_STOCK_3_PRICE,REPORT_LIMIT,5,0,0,1,0.2,0.8,0.4668235778808594,9
Schema-Constraint,A7_coincidental,small,29,SRC_STOCK_3_PRICE,REPORT_LIMIT,3,0,1,1,0.3333333333333333,0.8,0.0,0
APA-RCA,A1_source_corruption,medium,0,SRC_STOCK_5_PRICE,REPORT_LIMIT,3,0,1,1,0.3333333333333333,0.8,0.6418228149414062,9
Schema-Constraint,A1_source_corruption,medium,0,SRC_STOCK_5_PRICE,REPORT_LIMIT,5,0,0,1,0.2,0.8,0.0,0
APA-RCA,A1_source_corruption,medium,1,SRC_STOCK_3_PRICE,REPORT_DASHBOARD,2,0,1,1,0.5,0.8,0.6339550018310547,9
Schema-Constraint,A1_source_corruption,medium,1,SRC_STOCK_3_PRICE,REPORT_DASHBOARD,3,0,1,1,0.3333333333333333,0.8,0.0,0
APA-RCA,A1_source_corruption,medium,2,SRC_STOCK_5_PRICE,REPORT_LIMIT,3,0,1,1,0.3333333333333333,0.8,0.6458759307861328,9
Schema-Constraint,A1_source_corruption,medium,2,SRC_STOCK_5_PRICE,REPORT_LIMIT,5,0,0,1,0.2,0.8,0.0,0
APA-RCA,A1_source_corruption,medium,3,SRC_STOCK_5_PRICE,REPORT_LIMIT,2,0,1,1,0.5,0.8,0.6489753723144531,9
Schema-Constraint,A1_source_corruption,medium,3,SRC_STOCK_5_PRICE,REPORT_LIMIT,5,0,0,1,0.2,0.8,0.0,0
APA-RCA,A1_source_corruption,medium,4,SRC_STOCK_4_PRICE,REPORT_LIMIT,1,1,1,1,1.0,0.8,0.6420612335205078,9
Schema-Constraint,A1_source_corruption,medium,4,SRC_STOCK_4_PRICE,REPORT_LIMIT,4,0,0,1,0.25,0.8,0.0,0
APA-RCA,A1_source_corruption,medium,5,SRC_STOCK_4_PRICE,REPORT_DASHBOARD,2,0,1,1,0.5,0.8,0.6299018859863281,9
Schema-Constraint,A1_source_corruption,medium,5,SRC_STOCK_4_PRICE,REPORT_DASHBOARD,4,0,0,1,0.25,0.8,0.0,0
APA-RCA,A1_source_corruption,medium,6,SRC_STOCK_3_PRICE,REPORT_LIMIT,2,0,1,1,0.5,0.8,0.6279945373535156,9
Schema-Constraint,A1_source_corruption,medium,6,SRC_STOCK_3_PRICE,REPORT_LIMIT,3,0,1,1,0.3333333333333333,0.8,0.0,0
APA-RCA,A1_source_corruption,medium,7,SRC_STOCK_5_PRICE,REPORT_LIMIT,1,1,1,1,1.0,0.8,0.6327629089355469,9
Schema-Constraint,A1_source_corruption,medium,7,SRC_STOCK_5_PRICE,REPORT_LIMIT,5,0,0,1,0.2,0.8,0.0,0
APA-RCA,A1_source_corruption,medium,8,SRC_STOCK_4_PRICE,REPORT_LIMIT,3,0,1,1,0.3333333333333333,0.8,0.6539821624755859,9
Schema-Constraint,A1_source_corruption,medium,8,SRC_STOCK_4_PRICE,REPORT_LIMIT,4,0,0,1,0.25,0.8,0.0,0
APA-RCA,A1_source_corruption,medium,9,SRC_STOCK_3_PRICE,REPORT_LIMIT,3,0,1,1,0.3333333333333333,0.8,0.7090568542480469,9
Schema-Constraint,A1_source_corruption,medium,9,SRC_STOCK_3_PRICE,REPORT_LIMIT,3,0,1,1,0.3333333333333333,0.8,0.0,0
APA-RCA,A1_source_corruption,medium,10,SRC_STOCK_4_PRICE,REPORT_LIMIT,1,1,1,1,1.0,0.8,0.6461143493652344,9
Schema-Constraint,A1_source_corruption,medium,10,SRC_STOCK_4_PRICE,REPORT_LIMIT,4,0,0,1,0.25,0.8,0.0,0
APA-RCA,A1_source_corruption,medium,11,SRC_STOCK_1_PRICE,REPORT_LIMIT,3,0,1,1,0.3333333333333333,0.8,0.6308555603027344,9
Schema-Constraint,A1_source_corruption,medium,11,SRC_STOCK_1_PRICE,REPORT_LIMIT,1,1,1,1,1.0,0.8,0.0,0
APA-RCA,A1_source_corruption,medium,12,SRC_STOCK_4_PRICE,REPORT_LIMIT,3,0,1,1,0.3333333333333333,0.8,0.6549358367919922,9
Schema-Constraint,A1_source_corruption,medium,12,SRC_STOCK_4_PRICE,REPORT_LIMIT,4,0,0,1,0.25,0.8,0.0,0
APA-RCA,A1_source_corruption,medium,13,SRC_STOCK_5_PRICE,REPORT_LIMIT,2,0,1,1,0.5,0.8,0.6389617919921875,9
Schema-Constraint,A1_source_corruption,medium,13,SRC_STOCK_5_PRICE,REPORT_LIMIT,5,0,0,1,0.2,0.8,0.0,0
APA-RCA,A1_source_corruption,medium,14,SRC_STOCK_1_PRICE,REPORT_LIMIT,3,0,1,1,0.3333333333333333,0.8,0.6399154663085938,9
Schema-Constraint,A1_source_corruption,medium,14,SRC_STOCK_1_PRICE,REPORT_LIMIT,1,1,1,1,1.0,0.8,0.0,0
APA-RCA,A1_source_corruption,medium,15,SRC_STOCK_5_PRICE,REPORT_LIMIT,2,0,1,1,0.5,0.8,0.6527900695800781,9
Schema-Constraint,A1_source_corruption,medium,15,SRC_STOCK_5_PRICE,REPORT_LIMIT,5,0,0,1,0.2,0.8,0.0,0
APA-RCA,A1_source_corruption,medium,16,SRC_STOCK_3_PRICE,REPORT_LIMIT,1,1,1,1,1.0,0.8,0.6399154663085938,9
Schema-Constraint,A1_source_corruption,medium,16,SRC_STOCK_3_PRICE,REPORT_LIMIT,3,0,1,1,0.3333333333333333,0.8,0.0,0
APA-RCA,A1_source_corruption,medium,17,SRC_STOCK_4_PRICE,REPORT_LIMIT,3,0,1,1,0.3333333333333333,0.8,0.6368160247802734,9
Schema-Constraint,A1_source_corruption,medium,17,SRC_STOCK_4_PRICE,REPORT_LIMIT,4,0,0,1,0.25,0.8,0.0,0
APA-RCA,A1_source_corruption,medium,18,SRC_STOCK_5_PRICE,REPORT_LIMIT,1,1,1,1,1.0,0.8,0.659942626953125,9
Schema-Constraint,A1_source_corruption,medium,18,SRC_STOCK_5_PRICE,REPORT_LIMIT,5,0,0,1,0.2,0.8,0.0,0
APA-RCA,A1_source_corruption,medium,19,SRC_STOCK_3_PRICE,REPORT_LIMIT,3,0,1,1,0.3333333333333333,0.8,0.6320476531982422,9
Schema-Constraint,A1_source_corruption,medium,19,SRC_STOCK_3_PRICE,REPORT_LIMIT,3,0,1,1,0.3333333333333333,0.8,0.0,0
APA-RCA,A1_source_corruption,medium,20,SRC_STOCK_5_PRICE,REPORT_LIMIT,1,1,1,1,1.0,0.8,0.6768703460693359,9
Schema-Constraint,A1_source_corruption,medium,20,SRC_STOCK_5_PRICE,REPORT_LIMIT,5,0,0,1,0.2,0.8,0.0,0
APA-RCA,A1_source_corruption,medium,21,SRC_STOCK_2_PRICE,REPORT_LIMIT,2,0,1,1,0.5,0.8,0.6489753723144531,9
Schema-Constraint,A1_source_corruption,medium,21,SRC_STOCK_2_PRICE,REPORT_LIMIT,2,0,1,1,0.5,0.8,0.0,0
APA-RCA,A1_source_corruption,medium,22,SRC_STOCK_4_PRICE,REPORT_DASHBOARD,2,0,1,1,0.5,0.8,0.6270408630371094,9
Schema-Constraint,A1_source_corruption,medium,22,SRC_STOCK_4_PRICE,REPORT_DASHBOARD,4,0,0,1,0.25,0.8,0.0,0
APA-RCA,A1_source_corruption,medium,23,SRC_STOCK_1_PRICE,REPORT_LIMIT,2,0,1,1,0.5,0.8,0.6279945373535156,9
Schema-Constraint,A1_source_corruption,medium,23,SRC_STOCK_1_PRICE,REPORT_LIMIT,1,1,1,1,1.0,0.8,0.0,0
APA-RCA,A1_source_corruption,medium,24,SRC_STOCK_2_PRICE,REPORT_LIMIT,4,0,0,1,0.25,0.8,0.6339550018310547,9
Schema-Constraint,A1_source_corruption,medium,24,SRC_STOCK_2_PRICE,REPORT_LIMIT,2,0,1,1,0.5,0.8,0.0,0
APA-RCA,A1_source_corruption,medium,25,SRC_STOCK_3_PRICE,REPORT_STRESS,1,1,1,1,1.0,0.8,0.6399154663085938,9
Schema-Constraint,A1_source_corruption,medium,25,SRC_STOCK_3_PRICE,REPORT_STRESS,3,0,1,1,0.3333333333333333,0.8,0.0,0
APA-RCA,A1_source_corruption,medium,26,SRC_STOCK_5_PRICE,REPORT_DASHBOARD,2,0,1,1,0.5,0.8,0.63323974609375,9
Schema-Constraint,A1_source_corruption,medium,26,SRC_STOCK_5_PRICE,REPORT_DASHBOARD,5,0,0,1,0.2,0.8,0.0,0
APA-RCA,A1_source_corruption,medium,27,SRC_STOCK_1_PRICE,REPORT_LIMIT,2,0,1,1,0.5,0.8,0.6458759307861328,9
Schema-Constraint,A1_source_corruption,medium,27,SRC_STOCK_1_PRICE,REPORT_LIMIT,1,1,1,1,1.0,0.8,0.0,0
APA-RCA,A1_source_corruption,medium,28,SRC_STOCK_4_PRICE,REPORT_LIMIT,2,0,1,1,0.5,0.8,0.6411075592041016,9
Schema-Constraint,A1_source_corruption,medium,28,SRC_STOCK_4_PRICE,REPORT_LIMIT,4,0,0,1,0.25,0.8,0.0,0
APA-RCA,A1_source_corruption,medium,29,SRC_STOCK_5_PRICE,REPORT_LIMIT,2,0,1,1,0.5,0.8,0.6330013275146484,9
Schema-Constraint,A1_source_corruption,medium,29,SRC_STOCK_5_PRICE,REPORT_LIMIT,5,0,0,1,0.2,0.8,0.0,0
APA-RCA,A2_etl_logic_error,medium,0,ETL_FX_STOCK_5_PRICE,REPORT_LIMIT,2,0,1,1,0.5,0.8,0.6430149078369141,9
Schema-Constraint,A2_etl_logic_error,medium,0,ETL_FX_STOCK_5_PRICE,REPORT_LIMIT,30,0,0,0,0.03333333333333333,1.0,0.0,0
APA-RCA,A2_etl_logic_error,medium,1,ETL_FX_STOCK_3_PRICE,REPORT_LIMIT,3,0,1,1,0.3333333333333333,0.8,0.6580352783203125,9
Schema-Constraint,A2_etl_logic_error,medium,1,ETL_FX_STOCK_3_PRICE,REPORT_LIMIT,28,0,0,0,0.03571428571428571,1.0,0.0,0
APA-RCA,A2_etl_logic_error,medium,2,ETL_FX_STOCK_5_PRICE,REPORT_LIMIT,2,0,1,1,0.5,0.8,0.6451606750488281,9
Schema-Constraint,A2_etl_logic_error,medium,2,ETL_FX_STOCK_5_PRICE,REPORT_LIMIT,30,0,0,0,0.03333333333333333,1.0,0.0,0
APA-RCA,A2_etl_logic_error,medium,3,ETL_FX_STOCK_5_PRICE,REPORT_LIMIT,2,0,1,1,0.5,0.8,0.6539821624755859,9
Schema-Constraint,A2_etl_logic_error,medium,3,ETL_FX_STOCK_5_PRICE,REPORT_LIMIT,30,0,0,0,0.03333333333333333,1.0,0.0,0
APA-RCA,A2_etl_logic_error,medium,4,ETL_FX_STOCK_4_PRICE,REPORT_LIMIT,2,0,1,1,0.5,0.8,0.6628036499023438,9
Schema-Constraint,A2_etl_logic_error,medium,4,ETL_FX_STOCK_4_PRICE,REPORT_LIMIT,29,0,0,0,0.034482758620689655,1.0,0.0,0
APA-RCA,A2_etl_logic_error,medium,5,ETL_FX_STOCK_4_PRICE,REPORT_LIMIT,3,0,1,1,0.3333333333333333,0.8,0.6420612335205078,9
Schema-Constraint,A2_etl_logic_error,medium,5,ETL_FX_STOCK_4_PRICE,REPORT_LIMIT,29,0,0,0,0.034482758620689655,1.0,0.0,0
APA-RCA,A2_etl_logic_error,medium,6,ETL_FX_STOCK_3_PRICE,REPORT_LIMIT,3,0,1,1,0.3333333333333333,0.8,0.6840229034423828,9
Schema-Constraint,A2_etl_logic_error,medium,6,ETL_FX_STOCK_3_PRICE,REPORT_LIMIT,28,0,0,0,0.03571428571428571,1.0,0.0,0
APA-RCA,A2_etl_logic_error,medium,7,ETL_FX_STOCK_5_PRICE,REPORT_LIMIT,2,0,1,1,0.5,0.8,0.6430149078369141,9
Schema-Constraint,A2_etl_logic_error,medium,7,ETL_FX_STOCK_5_PRICE,REPORT_LIMIT,30,0,0,0,0.03333333333333333,1.0,0.0,0
APA-RCA,A2_etl_logic_error,medium,8,ETL_FX_STOCK_4_PRICE,REPORT_LIMIT,3,0,1,1,0.3333333333333333,0.8,0.6489753723144531,9
Schema-Constraint,A2_etl_logic_error,medium,8,ETL_FX_STOCK_4_PRICE,REPORT_LIMIT,29,0,0,0,0.034482758620689655,1.0,0.0,0
APA-RCA,A2_etl_logic_error,medium,9,ETL_FX_STOCK_3_PRICE,REPORT_LIMIT,3,0,1,1,0.3333333333333333,0.8,0.6418228149414062,9
Schema-Constraint,A2_etl_logic_error,medium,9,ETL_FX_STOCK_3_PRICE,REPORT_LIMIT,28,0,0,0,0.03571428571428571,1.0,0.0,0
APA-RCA,A2_etl_logic_error,medium,10,ETL_FX_STOCK_4_PRICE,REPORT_LIMIT,2,0,1,1,0.5,0.8,0.6308555603027344,9
Schema-Constraint,A2_etl_logic_error,medium,10,ETL_FX_STOCK_4_PRICE,REPORT_LIMIT,29,0,0,0,0.034482758620689655,1.0,0.0,0
APA-RCA,A2_etl_logic_error,medium,11,ETL_FX_STOCK_1_PRICE,REPORT_LIMIT,2,0,1,1,0.5,0.8,0.6699562072753906,9
Schema-Constraint,A2_etl_logic_error,medium,11,ETL_FX_STOCK_1_PRICE,REPORT_LIMIT,26,0,0,0,0.038461538461538464,1.0,0.0,0
APA-RCA,A2_etl_logic_error,medium,12,ETL_FX_STOCK_4_PRICE,REPORT_LIMIT,3,0,1,1,0.3333333333333333,0.8,0.6620883941650391,9
Schema-Constraint,A2_etl_logic_error,medium,12,ETL_FX_STOCK_4_PRICE,REPORT_LIMIT,29,0,0,0,0.034482758620689655,1.0,0.0,0
APA-RCA,A2_etl_logic_error,medium,13,ETL_FX_STOCK_5_PRICE,REPORT_LIMIT,3,0,1,1,0.3333333333333333,0.8,0.6430149078369141,9
Schema-Constraint,A2_etl_logic_error,medium,13,ETL_FX_STOCK_5_PRICE,REPORT_LIMIT,30,0,0,0,0.03333333333333333,1.0,0.0,0
APA-RCA,A2_etl_logic_error,medium,14,ETL_FX_STOCK_1_PRICE,REPORT_LIMIT,2,0,1,1,0.5,0.8,0.6439685821533203,9
Schema-Constraint,A2_etl_logic_error,medium,14,ETL_FX_STOCK_1_PRICE,REPORT_LIMIT,26,0,0,0,0.038461538461538464,1.0,0.0,0
APA-RCA,A2_etl_logic_error,medium,15,ETL_FX_STOCK_5_PRICE,REPORT_LIMIT,3,0,1,1,0.3333333333333333,0.8,0.6759166717529297,9
Schema-Constraint,A2_etl_logic_error,medium,15,ETL_FX_STOCK_5_PRICE,REPORT_LIMIT,30,0,0,0,0.03333333333333333,1.0,0.0,0
APA-RCA,A2_etl_logic_error,medium,16,ETL_FX_STOCK_3_PRICE,REPORT_LIMIT,2,0,1,1,0.5,0.8,0.6730556488037109,9
Schema-Constraint,A2_etl_logic_error,medium,16,ETL_FX_STOCK_3_PRICE,REPORT_LIMIT,28,0,0,0,0.03571428571428571,1.0,0.0,0
APA-RCA,A2_etl_logic_error,medium,17,ETL_FX_STOCK_4_PRICE,REPORT_LIMIT,2,0,1,1,0.5,0.8,0.6880760192871094,9
Schema-Constraint,A2_etl_logic_error,medium,17,ETL_FX_STOCK_4_PRICE,REPORT_LIMIT,29,0,0,0,0.034482758620689655,1.0,0.0,0
APA-RCA,A2_etl_logic_error,medium,18,ETL_FX_STOCK_5_PRICE,REPORT_LIMIT,2,0,1,1,0.5,0.8,0.6768703460693359,9
Schema-Constraint,A2_etl_logic_error,medium,18,ETL_FX_STOCK_5_PRICE,REPORT_LIMIT,30,0,0,0,0.03333333333333333,1.0,0.0,0
APA-RCA,A2_etl_logic_error,medium,19,ETL_FX_STOCK_3_PRICE,REPORT_LIMIT,3,0,1,1,0.3333333333333333,0.8,0.6778240203857422,9
Schema-Constraint,A2_etl_logic_error,medium,19,ETL_FX_STOCK_3_PRICE,REPORT_LIMIT,28,0,0,0,0.03571428571428571,1.0,0.0,0
APA-RCA,A2_etl_logic_error,medium,20,ETL_FX_STOCK_5_PRICE,REPORT_LIMIT,2,0,1,1,0.5,0.8,0.6780624389648438,9
Schema-Constraint,A2_etl_logic_error,medium,20,ETL_FX_STOCK_5_PRICE,REPORT_LIMIT,30,0,0,0,0.03333333333333333,1.0,0.0,0
APA-RCA,A2_etl_logic_error,medium,21,ETL_FX_STOCK_2_PRICE,REPORT_LIMIT,2,0,1,1,0.5,0.8,0.6730556488037109,9
Schema-Constraint,A2_etl_logic_error,medium,21,ETL_FX_STOCK_2_PRICE,REPORT_LIMIT,27,0,0,0,0.037037037037037035,1.0,0.0,0
APA-RCA,A2_etl_logic_error,medium,22,ETL_FX_STOCK_4_PRICE,REPORT_LIMIT,2,0,1,1,0.5,0.8,0.6337165832519531,9
Schema-Constraint,A2_etl_logic_error,medium,22,ETL_FX_STOCK_4_PRICE,REPORT_LIMIT,29,0,0,0,0.034482758620689655,1.0,0.0,0
APA-RCA,A2_etl_logic_error,medium,23,ETL_FX_STOCK_1_PRICE,REPORT_LIMIT,3,0,1,1,0.3333333333333333,0.8,0.6499290466308594,9
Schema-Constraint,A2_etl_logic_error,medium,23,ETL_FX_STOCK_1_PRICE,REPORT_LIMIT,26,0,0,0,0.038461538461538464,1.0,0.0,0
APA-RCA,A2_etl_logic_error,medium,24,ETL_FX_STOCK_2_PRICE,REPORT_LIMIT,2,0,1,1,0.5,0.8,0.6470680236816406,9
Schema-Constraint,A2_etl_logic_error,medium,24,ETL_FX_STOCK_2_PRICE,REPORT_LIMIT,27,0,0,0,0.037037037037037035,1.0,0.0,0
APA-RCA,A2_etl_logic_error,medium,25,ETL_FX_STOCK_3_PRICE,REPORT_LIMIT,2,0,1,1,0.5,0.8,0.6430149078369141,9
Schema-Constraint,A2_etl_logic_error,medium,25,ETL_FX_STOCK_3_PRICE,REPORT_LIMIT,28,0,0,0,0.03571428571428571,1.0,0.0,0
APA-RCA,A2_etl_logic_error,medium,26,ETL_FX_STOCK_5_PRICE,REPORT_LIMIT,2,0,1,1,0.5,0.8,0.6239414215087891,9
Schema-Constraint,A2_etl_logic_error,medium,26,ETL_FX_STOCK_5_PRICE,REPORT_LIMIT,30,0,0,0,0.03333333333333333,1.0,0.0,0
APA-RCA,A2_etl_logic_error,medium,27,ETL_FX_STOCK_1_PRICE,REPORT_LIMIT,3,0,1,1,0.3333333333333333,0.8,0.6620883941650391,9
Schema-Constraint,A2_etl_logic_error,medium,27,ETL_FX_STOCK_1_PRICE,REPORT_LIMIT,26,0,0,0,0.038461538461538464,1.0,0.0,0
APA-RCA,A2_etl_logic_error,medium,28,ETL_FX_STOCK_4_PRICE,REPORT_LIMIT,2,0,1,1,0.5,0.8,0.6699562072753906,9
Schema-Constraint,A2_etl_logic_error,medium,28,ETL_FX_STOCK_4_PRICE,REPORT_LIMIT,29,0,0,0,0.034482758620689655,1.0,0.0,0
APA-RCA,A2_etl_logic_error,medium,29,ETL_FX_STOCK_5_PRICE,REPORT_LIMIT,2,0,1,1,0.5,0.8,0.6692409515380859,9
Schema-Constraint,A2_etl_logic_error,medium,29,ETL_FX_STOCK_5_PRICE,REPORT_LIMIT,30,0,0,0,0.03333333333333333,1.0,0.0,0
APA-RCA,A3_feature_calc_error,medium,0,FEAT_VOL20_STOCK_5_PRICE,REPORT_LIMIT,1,1,1,1,1.0,0.8,0.7529258728027344,9
Schema-Constraint,A3_feature_calc_error,medium,0,FEAT_VOL20_STOCK_5_PRICE,REPORT_LIMIT,45,0,0,0,0.022222222222222223,1.0,0.0,0
APA-RCA,A3_feature_calc_error,medium,1,FEAT_VOL20_STOCK_3_PRICE,REPORT_LIMIT,1,1,1,1,1.0,0.8,0.6451606750488281,9
Schema-Constraint,A3_feature_calc_error,medium,1,FEAT_VOL20_STOCK_3_PRICE,REPORT_LIMIT,43,0,0,0,0.023255813953488372,1.0,0.0,0
APA-RCA,A3_feature_calc_error,medium,2,FEAT_VOL20_STOCK_5_PRICE,REPORT_LIMIT,1,1,1,1,1.0,0.8,0.6718635559082031,9
Schema-Constraint,A3_feature_calc_error,medium,2,FEAT_VOL20_STOCK_5_PRICE,REPORT_LIMIT,45,0,0,0,0.022222222222222223,1.0,0.0,0
APA-RCA,A3_feature_calc_error,medium,3,FEAT_VOL20_STOCK_5_PRICE,REPORT_LIMIT,1,1,1,1,1.0,0.8,0.6661415100097656,9
Schema-Constraint,A3_feature_calc_error,medium,3,FEAT_VOL20_STOCK_5_PRICE,REPORT_LIMIT,45,0,0,0,0.022222222222222223,1.0,0.0,0
APA-RCA,A3_feature_calc_error,medium,4,FEAT_VOL20_STOCK_4_PRICE,REPORT_LIMIT,1,1,1,1,1.0,0.8,0.6659030914306641,9
Schema-Constraint,A3_feature_calc_error,medium,4,FEAT_VOL20_STOCK_4_PRICE,REPORT_LIMIT,44,0,0,0,0.022727272727272728,1.0,0.0,0
APA-RCA,A3_feature_calc_error,medium,5,FEAT_VOL20_STOCK_4_PRICE,REPORT_LIMIT,1,1,1,1,1.0,0.8,0.6389617919921875,9
Schema-Constraint,A3_feature_calc_error,medium,5,FEAT_VOL20_STOCK_4_PRICE,REPORT_LIMIT,44,0,0,0,0.022727272727272728,1.0,0.0,0
APA-RCA,A3_feature_calc_error,medium,6,FEAT_VOL20_STOCK_3_PRICE,REPORT_LIMIT,1,1,1,1,1.0,0.8,0.6449222564697266,9
Schema-Constraint,A3_feature_calc_error,medium,6,FEAT_VOL20_STOCK_3_PRICE,REPORT_LIMIT,43,0,0,0,0.023255813953488372,1.0,0.0,0
APA-RCA,A3_feature_calc_error,medium,7,FEAT_VOL20_STOCK_5_PRICE,REPORT_DASHBOARD,1,1,1,1,1.0,0.8,0.6368160247802734,9
Schema-Constraint,A3_feature_calc_error,medium,7,FEAT_VOL20_STOCK_5_PRICE,REPORT_DASHBOARD,45,0,0,0,0.022222222222222223,1.0,0.0,0
APA-RCA,A3_feature_calc_error,medium,8,FEAT_VOL20_STOCK_4_PRICE,REPORT_LIMIT,1,1,1,1,1.0,0.8,0.6780624389648438,9
Schema-Constraint,A3_feature_calc_error,medium,8,FEAT_VOL20_STOCK_4_PRICE,REPORT_LIMIT,44,0,0,0,0.022727272727272728,1.0,0.0,0
APA-RCA,A3_feature_calc_error,medium,9,FEAT_VOL20_STOCK_3_PRICE,REPORT_LIMIT,1,1,1,1,1.0,0.8,0.6520748138427734,9
Schema-Constraint,A3_feature_calc_error,medium,9,FEAT_VOL20_STOCK_3_PRICE,REPORT_LIMIT,43,0,0,0,0.023255813953488372,1.0,0.0,0
APA-RCA,A3_feature_calc_error,medium,10,FEAT_VOL20_STOCK_4_PRICE,REPORT_LIMIT,1,1,1,1,1.0,0.8,0.6558895111083984,9
Schema-Constraint,A3_feature_calc_error,medium,10,FEAT_VOL20_STOCK_4_PRICE,REPORT_LIMIT,44,0,0,0,0.022727272727272728,1.0,0.0,0
APA-RCA,A3_feature_calc_error,medium,11,FEAT_VOL20_STOCK_1_PRICE,REPORT_LIMIT,1,1,1,1,1.0,0.8,0.7102489471435547,9
Schema-Constraint,A3_feature_calc_error,medium,11,FEAT_VOL20_STOCK_1_PRICE,REPORT_LIMIT,41,0,0,0,0.024390243902439025,1.0,0.0,0
APA-RCA,A3_feature_calc_error,medium,12,FEAT_VOL20_STOCK_4_PRICE,REPORT_LIMIT,1,1,1,1,1.0,0.8,0.7238388061523438,9
Schema-Constraint,A3_feature_calc_error,medium,12,FEAT_VOL20_STOCK_4_PRICE,REPORT_LIMIT,44,0,0,0,0.022727272727272728,1.0,0.0,0
APA-RCA,A3_feature_calc_error,medium,13,FEAT_VOL20_STOCK_5_PRICE,REPORT_LIMIT,1,1,1,1,1.0,0.8,0.7638931274414062,9
Schema-Constraint,A3_feature_calc_error,medium,13,FEAT_VOL20_STOCK_5_PRICE,REPORT_LIMIT,45,0,0,0,0.022222222222222223,1.0,0.0,0
APA-RCA,A3_feature_calc_error,medium,14,FEAT_VOL20_STOCK_1_PRICE,REPORT_LIMIT,1,1,1,1,1.0,0.8,0.7040500640869141,9
Schema-Constraint,A3_feature_calc_error,medium,14,FEAT_VOL20_STOCK_1_PRICE,REPORT_LIMIT,41,0,0,0,0.024390243902439025,1.0,0.0,0
APA-RCA,A3_feature_calc_error,medium,15,FEAT_VOL20_STOCK_5_PRICE,REPORT_LIMIT,1,1,1,1,1.0,0.8,0.7150173187255859,9
Schema-Constraint,A3_feature_calc_error,medium,15,FEAT_VOL20_STOCK_5_PRICE,REPORT_LIMIT,45,0,0,0,0.022222222222222223,1.0,0.0,0
APA-RCA,A3_feature_calc_error,medium,16,FEAT_VOL20_STOCK_3_PRICE,REPORT_LIMIT,1,1,1,1,1.0,0.8,0.7297992706298828,9
Schema-Constraint,A3_feature_calc_error,medium,16,FEAT_VOL20_STOCK_3_PRICE,REPORT_LIMIT,43,0,0,0,0.023255813953488372,1.0,0.0,0
APA-RCA,A3_feature_calc_error,medium,17,FEAT_VOL20_STOCK_4_PRICE,REPORT_LIMIT,1,1,1,1,1.0,0.8,0.7569789886474609,9
Schema-Constraint,A3_feature_calc_error,medium,17,FEAT_VOL20_STOCK_4_PRICE,REPORT_LIMIT,44,0,0,0,0.022727272727272728,1.0,0.0,0
APA-RCA,A3_feature_calc_error,medium,18,FEAT_VOL20_STOCK_5_PRICE,REPORT_LIMIT,1,1,1,1,1.0,0.8,0.7288455963134766,9
Schema-Constraint,A3_feature_calc_error,medium,18,FEAT_VOL20_STOCK_5_PRICE,REPORT_LIMIT,45,0,0,0,0.022222222222222223,1.0,0.0,0
APA-RCA,A3_feature_calc_error,medium,19,FEAT_VOL20_STOCK_3_PRICE,REPORT_LIMIT,1,1,1,1,1.0,0.8,0.7412433624267578,9
Schema-Constraint,A3_feature_calc_error,medium,19,FEAT_VOL20_STOCK_3_PRICE,REPORT_LIMIT,43,0,0,0,0.023255813953488372,1.0,0.0,0
APA-RCA,A3_feature_calc_error,medium,20,FEAT_VOL20_STOCK_5_PRICE,REPORT_LIMIT,1,1,1,1,1.0,0.8,0.7078647613525391,9
Schema-Constraint,A3_feature_calc_error,medium,20,FEAT_VOL20_STOCK_5_PRICE,REPORT_LIMIT,45,0,0,0,0.022222222222222223,1.0,0.0,0
APA-RCA,A3_feature_calc_error,medium,21,FEAT_VOL20_STOCK_2_PRICE,REPORT_LIMIT,4,0,0,1,0.25,0.8,0.7259845733642578,9
Schema-Constraint,A3_feature_calc_error,medium,21,FEAT_VOL20_STOCK_2_PRICE,REPORT_LIMIT,42,0,0,0,0.023809523809523808,1.0,0.0,0
APA-RCA,A3_feature_calc_error,medium,22,FEAT_VOL20_STOCK_4_PRICE,REPORT_LIMIT,10,0,0,0,0.1,1.0,0.7779598236083984,9
Schema-Constraint,A3_feature_calc_error,medium,22,FEAT_VOL20_STOCK_4_PRICE,REPORT_LIMIT,44,0,0,0,0.022727272727272728,1.0,0.0,0
APA-RCA,A3_feature_calc_error,medium,23,FEAT_VOL20_STOCK_1_PRICE,REPORT_LIMIT,1,1,1,1,1.0,0.8,0.7479190826416016,9
Schema-Constraint,A3_feature_calc_error,medium,23,FEAT_VOL20_STOCK_1_PRICE,REPORT_LIMIT,41,0,0,0,0.024390243902439025,1.0,0.0,0
APA-RCA,A3_feature_calc_error,medium,24,FEAT_VOL20_STOCK_2_PRICE,REPORT_LIMIT,5,0,0,1,0.2,0.8,0.7612705230712891,9
Schema-Constraint,A3_feature_calc_error,medium,24,FEAT_VOL20_STOCK_2_PRICE,REPORT_LIMIT,42,0,0,0,0.023809523809523808,1.0,0.0,0
APA-RCA,A3_feature_calc_error,medium,25,FEAT_VOL20_STOCK_3_PRICE,REPORT_DASHBOARD,1,1,1,1,1.0,0.8,0.713348388671875,9
Schema-Constraint,A3_feature_calc_error,medium,25,FEAT_VOL20_STOCK_3_PRICE,REPORT_DASHBOARD,43,0,0,0,0.023255813953488372,1.0,0.0,0
APA-RCA,A3_feature_calc_error,medium,26,FEAT_VOL20_STOCK_5_PRICE,REPORT_LIMIT,1,1,1,1,1.0,0.8,0.6940364837646484,9
Schema-Constraint,A3_feature_calc_error,medium,26,FEAT_VOL20_STOCK_5_PRICE,REPORT_LIMIT,45,0,0,0,0.022222222222222223,1.0,0.0,0
APA-RCA,A3_feature_calc_error,medium,27,FEAT_VOL20_STOCK_1_PRICE,REPORT_LIMIT,1,1,1,1,1.0,0.8,0.6568431854248047,9
Schema-Constraint,A3_feature_calc_error,medium,27,FEAT_VOL20_STOCK_1_PRICE,REPORT_LIMIT,41,0,0,0,0.024390243902439025,1.0,0.0,0
APA-RCA,A3_feature_calc_error,medium,28,FEAT_VOL20_STOCK_4_PRICE,REPORT_LIMIT,2,0,1,1,0.5,0.8,0.6659030914306641,9
Schema-Constraint,A3_feature_calc_error,medium,28,FEAT_VOL20_STOCK_4_PRICE,REPORT_LIMIT,44,0,0,0,0.022727272727272728,1.0,0.0,0
APA-RCA,A3_feature_calc_error,medium,29,FEAT_VOL20_STOCK_5_PRICE,REPORT_LIMIT,38,0,0,0,0.02631578947368421,1.0,0.6399154663085938,9
Schema-Constraint,A3_feature_calc_error,medium,29,FEAT_VOL20_STOCK_5_PRICE,REPORT_LIMIT,45,0,0,0,0.022222222222222223,1.0,0.0,0
APA-RCA,A4_aggregation_error,medium,0,FEAT_SECTOR_B,REPORT_LIMIT,45,0,0,0,0.022222222222222223,1.0,0.6380081176757812,9
Schema-Constraint,A4_aggregation_error,medium,0,FEAT_SECTOR_B,REPORT_LIMIT,1,1,1,1,1.0,0.8,0.0019073486328125,1
APA-RCA,A4_aggregation_error,medium,1,FEAT_SECTOR_A,REPORT_LIMIT,59,0,0,0,0.01694915254237288,1.0,0.6477832794189453,9
Schema-Constraint,A4_aggregation_error,medium,1,FEAT_SECTOR_A,REPORT_LIMIT,1,1,1,1,1.0,0.8,0.0016689300537109375,1
APA-RCA,A4_aggregation_error,medium,2,FEAT_SECTOR_B,REPORT_LIMIT,46,0,0,0,0.021739130434782608,1.0,0.6389617919921875,9
Schema-Constraint,A4_aggregation_error,medium,2,FEAT_SECTOR_B,REPORT_LIMIT,1,1,1,1,1.0,0.8,0.0019073486328125,1
APA-RCA,A4_aggregation_error,medium,3,FEAT_SECTOR_B,REPORT_LIMIT,51,0,0,0,0.0196078431372549,1.0,0.6401538848876953,9
Schema-Constraint,A4_aggregation_error,medium,3,FEAT_SECTOR_B,REPORT_LIMIT,1,1,1,1,1.0,0.8,0.0019073486328125,1
APA-RCA,A4_aggregation_error,medium,4,FEAT_SECTOR_B,REPORT_LIMIT,60,0,0,0,0.016666666666666666,1.0,0.6668567657470703,9
Schema-Constraint,A4_aggregation_error,medium,4,FEAT_SECTOR_B,REPORT_LIMIT,1,1,1,1,1.0,0.8,0.0021457672119140625,1
APA-RCA,A4_aggregation_error,medium,5,FEAT_SECTOR_B,REPORT_LIMIT,60,0,0,0,0.016666666666666666,1.0,0.6449222564697266,9
Schema-Constraint,A4_aggregation_error,medium,5,FEAT_SECTOR_B,REPORT_LIMIT,1,1,1,1,1.0,0.8,0.00095367431640625,1
APA-RCA,A4_aggregation_error,medium,6,FEAT_SECTOR_A,REPORT_LIMIT,50,0,0,0,0.02,1.0,0.6835460662841797,9
Schema-Constraint,A4_aggregation_error,medium,6,FEAT_SECTOR_A,REPORT_LIMIT,1,1,1,1,1.0,0.8,0.0016689300537109375,1
APA-RCA,A4_aggregation_error,medium,7,FEAT_SECTOR_B,REPORT_LIMIT,59,0,0,0,0.01694915254237288,1.0,0.6861686706542969,9
Schema-Constraint,A4_aggregation_error,medium,7,FEAT_SECTOR_B,REPORT_LIMIT,1,1,1,1,1.0,0.8,0.0021457672119140625,1
APA-RCA,A4_aggregation_error,medium,8,FEAT_SECTOR_B,REPORT_LIMIT,55,0,0,0,0.01818181818181818,1.0,0.6692409515380859,9
Schema-Constraint,A4_aggregation_error,medium,8,FEAT_SECTOR_B,REPORT_LIMIT,1,1,1,1,1.0,0.8,0.0019073486328125,1
APA-RCA,A4_aggregation_error,medium,9,FEAT_SECTOR_A,REPORT_LIMIT,49,0,0,0,0.02040816326530612,1.0,0.7159709930419922,9
Schema-Constraint,A4_aggregation_error,medium,9,FEAT_SECTOR_A,REPORT_LIMIT,1,1,1,1,1.0,0.8,0.003814697265625,1
APA-RCA,A4_aggregation_error,medium,10,FEAT_SECTOR_B,REPORT_LIMIT,45,0,0,0,0.022222222222222223,1.0,0.6639957427978516,9
Schema-Constraint,A4_aggregation_error,medium,10,FEAT_SECTOR_B,REPORT_LIMIT,1,1,1,1,1.0,0.8,0.0019073486328125,1
APA-RCA,A4_aggregation_error,medium,11,FEAT_SECTOR_A,REPORT_LIMIT,47,0,0,0,0.02127659574468085,1.0,0.6420612335205078,9
Schema-Constraint,A4_aggregation_error,medium,11,FEAT_SECTOR_A,REPORT_LIMIT,1,1,1,1,1.0,0.8,0.0019073486328125,1
APA-RCA,A4_aggregation_error,medium,12,FEAT_SECTOR_B,REPORT_LIMIT,47,0,0,0,0.02127659574468085,1.0,0.6482601165771484,9
Schema-Constraint,A4_aggregation_error,medium,12,FEAT_SECTOR_B,REPORT_LIMIT,1,1,1,1,1.0,0.8,0.0019073486328125,1
APA-RCA,A4_aggregation_error,medium,13,FEAT_SECTOR_B,REPORT_LIMIT,47,0,0,0,0.02127659574468085,1.0,0.6620883941650391,9
Schema-Constraint,A4_aggregation_error,medium,13,FEAT_SECTOR_B,REPORT_LIMIT,1,1,1,1,1.0,0.8,0.0021457672119140625,1
APA-RCA,A4_aggregation_error,medium,14,FEAT_SECTOR_A,REPORT_LIMIT,47,0,0,0,0.02127659574468085,1.0,0.659942626953125,9
Schema-Constraint,A4_aggregation_error,medium,14,FEAT_SECTOR_A,REPORT_LIMIT,1,1,1,1,1.0,0.8,0.0030994415283203125,1
APA-RCA,A4_aggregation_error,medium,15,FEAT_SECTOR_B,REPORT_LIMIT,48,0,0,0,0.020833333333333332,1.0,0.6539821624755859,9
Schema-Constraint,A4_aggregation_error,medium,15,FEAT_SECTOR_B,REPORT_LIMIT,1,1,1,1,1.0,0.8,0.0030994415283203125,1
APA-RCA,A4_aggregation_error,medium,16,FEAT_SECTOR_B,REPORT_LIMIT,57,0,0,0,0.017543859649122806,1.0,0.6499290466308594,9
Schema-Constraint,A4_aggregation_error,medium,16,FEAT_SECTOR_B,REPORT_LIMIT,1,1,1,1,1.0,0.8,0.0021457672119140625,1
APA-RCA,A4_aggregation_error,medium,17,FEAT_SECTOR_B,REPORT_LIMIT,48,0,0,0,0.020833333333333332,1.0,0.7200241088867188,9
Schema-Constraint,A4_aggregation_error,medium,17,FEAT_SECTOR_B,REPORT_LIMIT,1,1,1,1,1.0,0.8,0.0030994415283203125,1
APA-RCA,A4_aggregation_error,medium,18,FEAT_SECTOR_B,REPORT_LIMIT,59,0,0,0,0.01694915254237288,1.0,0.6852149963378906,9
Schema-Constraint,A4_aggregation_error,medium,18,FEAT_SECTOR_B,REPORT_LIMIT,1,1,1,1,1.0,0.8,0.0019073486328125,1
APA-RCA,A4_aggregation_error,medium,19,FEAT_SECTOR_B,REPORT_LIMIT,59,0,0,0,0.01694915254237288,1.0,0.6539821624755859,9
Schema-Constraint,A4_aggregation_error,medium,19,FEAT_SECTOR_B,REPORT_LIMIT,1,1,1,1,1.0,0.8,0.0019073486328125,1
APA-RCA,A4_aggregation_error,medium,20,FEAT_SECTOR_B,REPORT_LIMIT,58,0,0,0,0.017241379310344827,1.0,0.659942626953125,9
Schema-Constraint,A4_aggregation_error,medium,20,FEAT_SECTOR_B,REPORT_LIMIT,1,1,1,1,1.0,0.8,0.0019073486328125,1
APA-RCA,A4_aggregation_error,medium,21,FEAT_SECTOR_A,REPORT_LIMIT,48,0,0,0,0.020833333333333332,1.0,0.6427764892578125,9
Schema-Constraint,A4_aggregation_error,medium,21,FEAT_SECTOR_A,REPORT_LIMIT,1,1,1,1,1.0,0.8,0.0021457672119140625,1
APA-RCA,A4_aggregation_error,medium,22,FEAT_SECTOR_B,REPORT_LIMIT,54,0,0,0,0.018518518518518517,1.0,0.6418228149414062,9
Schema-Constraint,A4_aggregation_error,medium,22,FEAT_SECTOR_B,REPORT_LIMIT,1,1,1,1,1.0,0.8,0.0016689300537109375,1
APA-RCA,A4_aggregation_error,medium,23,FEAT_SECTOR_A,REPORT_LIMIT,61,0,0,0,0.01639344262295082,1.0,0.6320476531982422,9
Schema-Constraint,A4_aggregation_error,medium,23,FEAT_SECTOR_A,REPORT_LIMIT,1,1,1,1,1.0,0.8,0.0019073486328125,1
APA-RCA,A4_aggregation_error,medium,24,FEAT_SECTOR_A,REPORT_LIMIT,45,0,0,0,0.022222222222222223,1.0,0.6432533264160156,9
Schema-Constraint,A4_aggregation_error,medium,24,FEAT_SECTOR_A,REPORT_LIMIT,1,1,1,1,1.0,0.8,0.0030994415283203125,1
APA-RCA,A4_aggregation_error,medium,25,FEAT_SECTOR_B,REPORT_LIMIT,57,0,0,0,0.017543859649122806,1.0,0.6730556488037109,9
Schema-Constraint,A4_aggregation_error,medium,25,FEAT_SECTOR_B,REPORT_LIMIT,1,1,1,1,1.0,0.8,0.0030994415283203125,1
APA-RCA,A4_aggregation_error,medium,26,FEAT_SECTOR_B,REPORT_LIMIT,44,0,0,0,0.022727272727272728,1.0,0.66375732421875,9
Schema-Constraint,A4_aggregation_error,medium,26,FEAT_SECTOR_B,REPORT_LIMIT,1,1,1,1,1.0,0.8,0.0019073486328125,1
APA-RCA,A4_aggregation_error,medium,27,FEAT_SECTOR_A,REPORT_LIMIT,48,0,0,0,0.020833333333333332,1.0,0.6458759307861328,9
Schema-Constraint,A4_aggregation_error,medium,27,FEAT_SECTOR_A,REPORT_LIMIT,1,1,1,1,1.0,0.8,0.0021457672119140625,1
APA-RCA,A4_aggregation_error,medium,28,FEAT_SECTOR_B,REPORT_LIMIT,49,0,0,0,0.02040816326530612,1.0,0.6411075592041016,9
Schema-Constraint,A4_aggregation_error,medium,28,FEAT_SECTOR_B,REPORT_LIMIT,1,1,1,1,1.0,0.8,0.0021457672119140625,1
APA-RCA,A4_aggregation_error,medium,29,FEAT_SECTOR_B,REPORT_LIMIT,45,0,0,0,0.022222222222222223,1.0,0.6420612335205078,9
Schema-Constraint,A4_aggregation_error,medium,29,FEAT_SECTOR_B,REPORT_LIMIT,1,1,1,1,1.0,0.8,0.0021457672119140625,1
APA-RCA,A5_downstream_masking,medium,0,SRC_STOCK_5_PRICE,REPORT_LIMIT,4,0,0,1,0.25,0.8,0.6461143493652344,9
Schema-Constraint,A5_downstream_masking,medium,0,SRC_STOCK_5_PRICE,REPORT_LIMIT,5,0,0,1,0.2,0.8,0.0,0
APA-RCA,A5_downstream_masking,medium,1,SRC_STOCK_3_PRICE,REPORT_LIMIT,11,0,0,0,0.09090909090909091,1.0,0.6730556488037109,9
Schema-Constraint,A5_downstream_masking,medium,1,SRC_STOCK_3_PRICE,REPORT_LIMIT,3,0,1,1,0.3333333333333333,0.8,0.0,0
APA-RCA,A5_downstream_masking,medium,2,SRC_STOCK_5_PRICE,REPORT_LIMIT,9,0,0,0,0.1111111111111111,1.0,0.6420612335205078,9
Schema-Constraint,A5_downstream_masking,medium,2,SRC_STOCK_5_PRICE,REPORT_LIMIT,5,0,0,1,0.2,0.8,0.0,0
APA-RCA,A5_downstream_masking,medium,3,SRC_STOCK_5_PRICE,REPORT_LIMIT,7,0,0,0,0.14285714285714285,1.0,0.640869140625,9
Schema-Constraint,A5_downstream_masking,medium,3,SRC_STOCK_5_PRICE,REPORT_LIMIT,5,0,0,1,0.2,0.8,0.0,0
APA-RCA,A5_downstream_masking,medium,4,SRC_STOCK_4_PRICE,REPORT_LIMIT,10,0,0,0,0.1,1.0,0.6339550018310547,9
Schema-Constraint,A5_downstream_masking,medium,4,SRC_STOCK_4_PRICE,REPORT_LIMIT,4,0,0,1,0.25,0.8,0.0,0
APA-RCA,A5_downstream_masking,medium,5,SRC_STOCK_4_PRICE,REPORT_LIMIT,6,0,0,0,0.16666666666666666,1.0,0.6718635559082031,9
Schema-Constraint,A5_downstream_masking,medium,5,SRC_STOCK_4_PRICE,REPORT_LIMIT,4,0,0,1,0.25,0.8,0.0,0
APA-RCA,A5_downstream_masking,medium,6,SRC_STOCK_3_PRICE,REPORT_LIMIT,5,0,0,1,0.2,0.8,0.6489753723144531,9
Schema-Constraint,A5_downstream_masking,medium,6,SRC_STOCK_3_PRICE,REPORT_LIMIT,3,0,1,1,0.3333333333333333,0.8,0.0,0
APA-RCA,A5_downstream_masking,medium,7,SRC_STOCK_5_PRICE,REPORT_LIMIT,4,0,0,1,0.25,0.8,0.6561279296875,9
Schema-Constraint,A5_downstream_masking,medium,7,SRC_STOCK_5_PRICE,REPORT_LIMIT,5,0,0,1,0.2,0.8,0.0,0
APA-RCA,A5_downstream_masking,medium,8,SRC_STOCK_4_PRICE,REPORT_LIMIT,5,0,0,1,0.2,0.8,0.6380081176757812,9
Schema-Constraint,A5_downstream_masking,medium,8,SRC_STOCK_4_PRICE,REPORT_LIMIT,4,0,0,1,0.25,0.8,0.0,0
APA-RCA,A5_downstream_masking,medium,9,SRC_STOCK_3_PRICE,REPORT_LIMIT,9,0,0,0,0.1111111111111111,1.0,0.6399154663085938,9
Schema-Constraint,A5_downstream_masking,medium,9,SRC_STOCK_3_PRICE,REPORT_LIMIT,3,0,1,1,0.3333333333333333,0.8,0.0,0
APA-RCA,A5_downstream_masking,medium,10,SRC_STOCK_4_PRICE,REPORT_LIMIT,6,0,0,0,0.16666666666666666,1.0,0.6310939788818359,9
Schema-Constraint,A5_downstream_masking,medium,10,SRC_STOCK_4_PRICE,REPORT_LIMIT,4,0,0,1,0.25,0.8,0.0,0
APA-RCA,A5_downstream_masking,medium,11,SRC_STOCK_1_PRICE,REPORT_LIMIT,8,0,0,0,0.125,1.0,0.6558895111083984,9
Schema-Constraint,A5_downstream_masking,medium,11,SRC_STOCK_1_PRICE,REPORT_LIMIT,1,1,1,1,1.0,0.8,0.0,0
APA-RCA,A5_downstream_masking,medium,12,SRC_STOCK_4_PRICE,REPORT_LIMIT,7,0,0,0,0.14285714285714285,1.0,0.6918907165527344,9
Schema-Constraint,A5_downstream_masking,medium,12,SRC_STOCK_4_PRICE,REPORT_LIMIT,4,0,0,1,0.25,0.8,0.0,0
APA-RCA,A5_downstream_masking,medium,13,SRC_STOCK_5_PRICE,REPORT_LIMIT,7,0,0,0,0.14285714285714285,1.0,0.6699562072753906,9
Schema-Constraint,A5_downstream_masking,medium,13,SRC_STOCK_5_PRICE,REPORT_LIMIT,5,0,0,1,0.2,0.8,0.0,0
APA-RCA,A5_downstream_masking,medium,14,SRC_STOCK_1_PRICE,REPORT_LIMIT,22,0,0,0,0.045454545454545456,1.0,0.6458759307861328,9
Schema-Constraint,A5_downstream_masking,medium,14,SRC_STOCK_1_PRICE,REPORT_LIMIT,1,1,1,1,1.0,0.8,0.0,0
APA-RCA,A5_downstream_masking,medium,15,SRC_STOCK_5_PRICE,REPORT_LIMIT,2,0,1,1,0.5,0.8,0.6380081176757812,9
Schema-Constraint,A5_downstream_masking,medium,15,SRC_STOCK_5_PRICE,REPORT_LIMIT,5,0,0,1,0.2,0.8,0.0,0
APA-RCA,A5_downstream_masking,medium,16,SRC_STOCK_3_PRICE,REPORT_LIMIT,5,0,0,1,0.2,0.8,0.6339550018310547,9
Schema-Constraint,A5_downstream_masking,medium,16,SRC_STOCK_3_PRICE,REPORT_LIMIT,3,0,1,1,0.3333333333333333,0.8,0.0,0
APA-RCA,A5_downstream_masking,medium,17,SRC_STOCK_4_PRICE,REPORT_LIMIT,11,0,0,0,0.09090909090909091,1.0,0.6699562072753906,9
Schema-Constraint,A5_downstream_masking,medium,17,SRC_STOCK_4_PRICE,REPORT_LIMIT,4,0,0,1,0.25,0.8,0.0,0
APA-RCA,A5_downstream_masking,medium,18,SRC_STOCK_5_PRICE,REPORT_LIMIT,5,0,0,1,0.2,0.8,0.6508827209472656,9
Schema-Constraint,A5_downstream_masking,medium,18,SRC_STOCK_5_PRICE,REPORT_LIMIT,5,0,0,1,0.2,0.8,0.0,0
APA-RCA,A5_downstream_masking,medium,19,SRC_STOCK_3_PRICE,REPORT_LIMIT,13,0,0,0,0.07692307692307693,1.0,0.6351470947265625,9
Schema-Constraint,A5_downstream_masking,medium,19,SRC_STOCK_3_PRICE,REPORT_LIMIT,3,0,1,1,0.3333333333333333,0.8,0.0,0
APA-RCA,A5_downstream_masking,medium,20,SRC_STOCK_5_PRICE,REPORT_LIMIT,7,0,0,0,0.14285714285714285,1.0,0.659942626953125,9
Schema-Constraint,A5_downstream_masking,medium,20,SRC_STOCK_5_PRICE,REPORT_LIMIT,5,0,0,1,0.2,0.8,0.0,0
APA-RCA,A5_downstream_masking,medium,21,SRC_STOCK_2_PRICE,REPORT_LIMIT,10,0,0,0,0.1,1.0,0.6690025329589844,9
Schema-Constraint,A5_downstream_masking,medium,21,SRC_STOCK_2_PRICE,REPORT_LIMIT,2,0,1,1,0.5,0.8,0.0,0
APA-RCA,A5_downstream_masking,medium,22,SRC_STOCK_4_PRICE,REPORT_LIMIT,12,0,0,0,0.08333333333333333,1.0,0.6449222564697266,9
Schema-Constraint,A5_downstream_masking,medium,22,SRC_STOCK_4_PRICE,REPORT_LIMIT,4,0,0,1,0.25,0.8,0.0,0
APA-RCA,A5_downstream_masking,medium,23,SRC_STOCK_1_PRICE,REPORT_LIMIT,9,0,0,0,0.1111111111111111,1.0,0.6761550903320312,9
Schema-Constraint,A5_downstream_masking,medium,23,SRC_STOCK_1_PRICE,REPORT_LIMIT,1,1,1,1,1.0,0.8,0.0,0
APA-RCA,A5_downstream_masking,medium,24,SRC_STOCK_2_PRICE,REPORT_LIMIT,17,0,0,0,0.058823529411764705,1.0,0.6361007690429688,9
Schema-Constraint,A5_downstream_masking,medium,24,SRC_STOCK_2_PRICE,REPORT_LIMIT,2,0,1,1,0.5,0.8,0.0,0
APA-RCA,A5_downstream_masking,medium,25,SRC_STOCK_3_PRICE,REPORT_LIMIT,13,0,0,0,0.07692307692307693,1.0,0.6520748138427734,9
Schema-Constraint,A5_downstream_masking,medium,25,SRC_STOCK_3_PRICE,REPORT_LIMIT,3,0,1,1,0.3333333333333333,0.8,0.0,0
APA-RCA,A5_downstream_masking,medium,26,SRC_STOCK_5_PRICE,REPORT_DASHBOARD,9,0,0,0,0.1111111111111111,1.0,0.6611347198486328,9
Schema-Constraint,A5_downstream_masking,medium,26,SRC_STOCK_5_PRICE,REPORT_DASHBOARD,5,0,0,1,0.2,0.8,0.0,0
APA-RCA,A5_downstream_masking,medium,27,SRC_STOCK_1_PRICE,REPORT_LIMIT,17,0,0,0,0.058823529411764705,1.0,0.6966590881347656,9
Schema-Constraint,A5_downstream_masking,medium,27,SRC_STOCK_1_PRICE,REPORT_LIMIT,1,1,1,1,1.0,0.8,0.0,0
APA-RCA,A5_downstream_masking,medium,28,SRC_STOCK_4_PRICE,REPORT_LIMIT,11,0,0,0,0.09090909090909091,1.0,0.6742477416992188,9
Schema-Constraint,A5_downstream_masking,medium,28,SRC_STOCK_4_PRICE,REPORT_LIMIT,4,0,0,1,0.25,0.8,0.0,0
APA-RCA,A5_downstream_masking,medium,29,SRC_STOCK_5_PRICE,REPORT_LIMIT,4,0,0,1,0.25,0.8,0.6730556488037109,9
Schema-Constraint,A5_downstream_masking,medium,29,SRC_STOCK_5_PRICE,REPORT_LIMIT,5,0,0,1,0.2,0.8,0.0,0
APA-RCA,A6_multi_source,medium,0,SRC_STOCK_4_PRICE,REPORT_LIMIT,2,0,1,1,0.5,0.8,0.6639957427978516,9
Schema-Constraint,A6_multi_source,medium,0,SRC_STOCK_4_PRICE,REPORT_LIMIT,4,0,0,1,0.25,0.8,0.0,0
APA-RCA,A6_multi_source,medium,1,SRC_STOCK_3_PRICE,REPORT_STRESS,1,1,1,1,1.0,0.8,0.6411075592041016,9
Schema-Constraint,A6_multi_source,medium,1,SRC_STOCK_3_PRICE,REPORT_STRESS,3,0,1,1,0.3333333333333333,0.8,0.0,0
APA-RCA,A6_multi_source,medium,2,SRC_STOCK_2_PRICE,REPORT_LIMIT,4,0,0,1,0.25,0.8,0.6661415100097656,9
Schema-Constraint,A6_multi_source,medium,2,SRC_STOCK_2_PRICE,REPORT_LIMIT,2,0,1,1,0.5,0.8,0.0,0
APA-RCA,A6_multi_source,medium,3,SRC_STOCK_1_PRICE,REPORT_LIMIT,1,1,1,1,1.0,0.8,0.6625652313232422,9
Schema-Constraint,A6_multi_source,medium,3,SRC_STOCK_1_PRICE,REPORT_LIMIT,1,1,1,1,1.0,0.8,0.0,0
APA-RCA,A6_multi_source,medium,4,SRC_STOCK_3_PRICE,REPORT_DASHBOARD,3,0,1,1,0.3333333333333333,0.8,0.6418228149414062,9
Schema-Constraint,A6_multi_source,medium,4,SRC_STOCK_3_PRICE,REPORT_DASHBOARD,3,0,1,1,0.3333333333333333,0.8,0.0,0
APA-RCA,A6_multi_source,medium,5,SRC_STOCK_4_PRICE,REPORT_LIMIT,2,0,1,1,0.5,0.8,0.6389617919921875,9
Schema-Constraint,A6_multi_source,medium,5,SRC_STOCK_4_PRICE,REPORT_LIMIT,4,0,0,1,0.25,0.8,0.0,0
APA-RCA,A6_multi_source,medium,6,SRC_STOCK_2_PRICE,REPORT_LIMIT,1,1,1,1,1.0,0.8,0.6327629089355469,9
Schema-Constraint,A6_multi_source,medium,6,SRC_STOCK_2_PRICE,REPORT_LIMIT,2,0,1,1,0.5,0.8,0.0,0
APA-RCA,A6_multi_source,medium,7,SRC_STOCK_3_PRICE,REPORT_STRESS,2,0,1,1,0.5,0.8,0.6358623504638672,9
Schema-Constraint,A6_multi_source,medium,7,SRC_STOCK_3_PRICE,REPORT_STRESS,3,0,1,1,0.3333333333333333,0.8,0.0,0
APA-RCA,A6_multi_source,medium,8,SRC_STOCK_2_PRICE,REPORT_LIMIT,4,0,0,1,0.25,0.8,0.6611347198486328,9
Schema-Constraint,A6_multi_source,medium,8,SRC_STOCK_2_PRICE,REPORT_LIMIT,2,0,1,1,0.5,0.8,0.0,0
APA-RCA,A6_multi_source,medium,9,SRC_STOCK_4_PRICE,REPORT_LIMIT,3,0,1,1,0.3333333333333333,0.8,0.6432533264160156,9
Schema-Constraint,A6_multi_source,medium,9,SRC_STOCK_4_PRICE,REPORT_LIMIT,4,0,0,1,0.25,0.8,0.0,0
APA-RCA,A6_multi_source,medium,10,SRC_STOCK_2_PRICE,REPORT_LIMIT,2,0,1,1,0.5,0.8,0.6372928619384766,9
Schema-Constraint,A6_multi_source,medium,10,SRC_STOCK_2_PRICE,REPORT_LIMIT,2,0,1,1,0.5,0.8,0.0,0
APA-RCA,A6_multi_source,medium,11,SRC_STOCK_1_PRICE,REPORT_LIMIT,2,0,1,1,0.5,0.8,0.6339550018310547,9
Schema-Constraint,A6_multi_source,medium,11,SRC_STOCK_1_PRICE,REPORT_LIMIT,1,1,1,1,1.0,0.8,0.0,0
APA-RCA,A6_multi_source,medium,12,SRC_STOCK_4_PRICE,REPORT_LIMIT,3,0,1,1,0.3333333333333333,0.8,0.6539821624755859,9
Schema-Constraint,A6_multi_source,medium,12,SRC_STOCK_4_PRICE,REPORT_LIMIT,4,0,0,1,0.25,0.8,0.0,0
APA-RCA,A6_multi_source,medium,13,SRC_STOCK_4_PRICE,REPORT_STRESS,1,1,1,1,1.0,0.8,0.6499290466308594,9
Schema-Constraint,A6_multi_source,medium,13,SRC_STOCK_4_PRICE,REPORT_STRESS,4,0,0,1,0.25,0.8,0.0,0
APA-RCA,A6_multi_source,medium,14,SRC_STOCK_5_PRICE,REPORT_STRESS,2,0,1,1,0.5,0.8,0.6511211395263672,9
Schema-Constraint,A6_multi_source,medium,14,SRC_STOCK_5_PRICE,REPORT_STRESS,5,0,0,1,0.2,0.8,0.0,0
APA-RCA,A6_multi_source,medium,15,SRC_STOCK_4_PRICE,REPORT_LIMIT,1,1,1,1,1.0,0.8,0.6539821624755859,9
Schema-Constraint,A6_multi_source,medium,15,SRC_STOCK_4_PRICE,REPORT_LIMIT,4,0,0,1,0.25,0.8,0.0,0
APA-RCA,A6_multi_source,medium,16,SRC_STOCK_2_PRICE,REPORT_DASHBOARD,3,0,1,1,0.3333333333333333,0.8,0.6442070007324219,9
Schema-Constraint,A6_multi_source,medium,16,SRC_STOCK_2_PRICE,REPORT_DASHBOARD,2,0,1,1,0.5,0.8,0.0,0
APA-RCA,A6_multi_source,medium,17,SRC_STOCK_4_PRICE,REPORT_LIMIT,3,0,1,1,0.3333333333333333,0.8,0.6480216979980469,9
Schema-Constraint,A6_multi_source,medium,17,SRC_STOCK_4_PRICE,REPORT_LIMIT,4,0,0,1,0.25,0.8,0.0,0
APA-RCA,A6_multi_source,medium,18,SRC_STOCK_3_PRICE,REPORT_LIMIT,2,0,1,1,0.5,0.8,0.6618499755859375,9
Schema-Constraint,A6_multi_source,medium,18,SRC_STOCK_3_PRICE,REPORT_LIMIT,3,0,1,1,0.3333333333333333,0.8,0.0,0
APA-RCA,A6_multi_source,medium,19,SRC_STOCK_4_PRICE,REPORT_DASHBOARD,3,0,1,1,0.3333333333333333,0.8,0.67901611328125,9
Schema-Constraint,A6_multi_source,medium,19,SRC_STOCK_4_PRICE,REPORT_DASHBOARD,4,0,0,1,0.25,0.8,0.0,0
APA-RCA,A6_multi_source,medium,20,SRC_STOCK_3_PRICE,REPORT_LIMIT,3,0,1,1,0.3333333333333333,0.8,0.6430149078369141,9
Schema-Constraint,A6_multi_source,medium,20,SRC_STOCK_3_PRICE,REPORT_LIMIT,3,0,1,1,0.3333333333333333,0.8,0.0,0
APA-RCA,A6_multi_source,medium,21,SRC_STOCK_2_PRICE,REPORT_LIMIT,5,0,0,1,0.2,0.8,0.6499290466308594,9
Schema-Constraint,A6_multi_source,medium,21,SRC_STOCK_2_PRICE,REPORT_LIMIT,2,0,1,1,0.5,0.8,0.0,0
APA-RCA,A6_multi_source,medium,22,SRC_STOCK_4_PRICE,REPORT_LIMIT,3,0,1,1,0.3333333333333333,0.8,0.6389617919921875,9
Schema-Constraint,A6_multi_source,medium,22,SRC_STOCK_4_PRICE,REPORT_LIMIT,4,0,0,1,0.25,0.8,0.0,0
APA-RCA,A6_multi_source,medium,23,SRC_STOCK_5_PRICE,REPORT_DASHBOARD,3,0,1,1,0.3333333333333333,0.8,0.6499290466308594,9
Schema-Constraint,A6_multi_source,medium,23,SRC_STOCK_5_PRICE,REPORT_DASHBOARD,5,0,0,1,0.2,0.8,0.0,0
APA-RCA,A6_multi_source,medium,24,SRC_STOCK_2_PRICE,REPORT_STRESS,1,1,1,1,1.0,0.8,0.6427764892578125,9
Schema-Constraint,A6_multi_source,medium,24,SRC_STOCK_2_PRICE,REPORT_STRESS,2,0,1,1,0.5,0.8,0.0,0
APA-RCA,A6_multi_source,medium,25,SRC_STOCK_1_PRICE,REPORT_STRESS,2,0,1,1,0.5,0.8,0.6320476531982422,9
Schema-Constraint,A6_multi_source,medium,25,SRC_STOCK_1_PRICE,REPORT_STRESS,1,1,1,1,1.0,0.8,0.0,0
APA-RCA,A6_multi_source,medium,26,SRC_STOCK_2_PRICE,REPORT_DASHBOARD,3,0,1,1,0.3333333333333333,0.8,0.6341934204101562,9
Schema-Constraint,A6_multi_source,medium,26,SRC_STOCK_2_PRICE,REPORT_DASHBOARD,2,0,1,1,0.5,0.8,0.0,0
APA-RCA,A6_multi_source,medium,27,SRC_STOCK_2_PRICE,REPORT_LIMIT,4,0,0,1,0.25,0.8,0.6470680236816406,9
Schema-Constraint,A6_multi_source,medium,27,SRC_STOCK_2_PRICE,REPORT_LIMIT,2,0,1,1,0.5,0.8,0.0,0
APA-RCA,A6_multi_source,medium,28,SRC_STOCK_2_PRICE,REPORT_DASHBOARD,3,0,1,1,0.3333333333333333,0.8,0.6301403045654297,9
Schema-Constraint,A6_multi_source,medium,28,SRC_STOCK_2_PRICE,REPORT_DASHBOARD,2,0,1,1,0.5,0.8,0.0,0
APA-RCA,A6_multi_source,medium,29,SRC_STOCK_5_PRICE,REPORT_LIMIT,2,0,1,1,0.5,0.8,0.6468296051025391,9
Schema-Constraint,A6_multi_source,medium,29,SRC_STOCK_5_PRICE,REPORT_LIMIT,5,0,0,1,0.2,0.8,0.0,0
APA-RCA,A7_coincidental,medium,0,SRC_STOCK_5_PRICE,REPORT_LIMIT,3,0,1,1,0.3333333333333333,0.8,0.6549358367919922,9
Schema-Constraint,A7_coincidental,medium,0,SRC_STOCK_5_PRICE,REPORT_LIMIT,5,0,0,1,0.2,0.8,0.0,0
APA-RCA,A7_coincidental,medium,1,SRC_STOCK_3_PRICE,REPORT_STRESS,1,1,1,1,1.0,0.8,0.637054443359375,9
Schema-Constraint,A7_coincidental,medium,1,SRC_STOCK_3_PRICE,REPORT_STRESS,3,0,1,1,0.3333333333333333,0.8,0.0,0
APA-RCA,A7_coincidental,medium,2,SRC_STOCK_5_PRICE,REPORT_LIMIT,4,0,0,1,0.25,0.8,0.6420612335205078,9
Schema-Constraint,A7_coincidental,medium,2,SRC_STOCK_5_PRICE,REPORT_LIMIT,5,0,0,1,0.2,0.8,0.0,0
APA-RCA,A7_coincidental,medium,3,SRC_STOCK_5_PRICE,REPORT_LIMIT,4,0,0,1,0.25,0.8,0.6380081176757812,9
Schema-Constraint,A7_coincidental,medium,3,SRC_STOCK_5_PRICE,REPORT_LIMIT,5,0,0,1,0.2,0.8,0.0,0
APA-RCA,A7_coincidental,medium,4,SRC_STOCK_4_PRICE,REPORT_LIMIT,4,0,0,1,0.25,0.8,0.6489753723144531,9
Schema-Constraint,A7_coincidental,medium,4,SRC_STOCK_4_PRICE,REPORT_LIMIT,4,0,0,1,0.25,0.8,0.0,0
APA-RCA,A7_coincidental,medium,5,SRC_STOCK_4_PRICE,REPORT_LIMIT,5,0,0,1,0.2,0.8,0.6659030914306641,9
Schema-Constraint,A7_coincidental,medium,5,SRC_STOCK_4_PRICE,REPORT_LIMIT,4,0,0,1,0.25,0.8,0.0,0
APA-RCA,A7_coincidental,medium,6,SRC_STOCK_3_PRICE,REPORT_LIMIT,4,0,0,1,0.25,0.8,0.6709098815917969,9
Schema-Constraint,A7_coincidental,medium,6,SRC_STOCK_3_PRICE,REPORT_LIMIT,3,0,1,1,0.3333333333333333,0.8,0.0,0
APA-RCA,A7_coincidental,medium,7,SRC_STOCK_5_PRICE,REPORT_STRESS,1,1,1,1,1.0,0.8,0.6442070007324219,9
Schema-Constraint,A7_coincidental,medium,7,SRC_STOCK_5_PRICE,REPORT_STRESS,5,0,0,1,0.2,0.8,0.0,0
APA-RCA,A7_coincidental,medium,8,SRC_STOCK_4_PRICE,REPORT_LIMIT,3,0,1,1,0.3333333333333333,0.8,0.6270408630371094,9
Schema-Constraint,A7_coincidental,medium,8,SRC_STOCK_4_PRICE,REPORT_LIMIT,4,0,0,1,0.25,0.8,0.0,0
APA-RCA,A7_coincidental,medium,9,SRC_STOCK_3_PRICE,REPORT_LIMIT,5,0,0,1,0.2,0.8,0.6411075592041016,9
Schema-Constraint,A7_coincidental,medium,9,SRC_STOCK_3_PRICE,REPORT_LIMIT,3,0,1,1,0.3333333333333333,0.8,0.0,0
APA-RCA,A7_coincidental,medium,10,SRC_STOCK_4_PRICE,REPORT_LIMIT,3,0,1,1,0.3333333333333333,0.8,0.6539821624755859,9
Schema-Constraint,A7_coincidental,medium,10,SRC_STOCK_4_PRICE,REPORT_LIMIT,4,0,0,1,0.25,0.8,0.0,0
APA-RCA,A7_coincidental,medium,11,SRC_STOCK_1_PRICE,REPORT_LIMIT,5,0,0,1,0.2,0.8,0.6577968597412109,9
Schema-Constraint,A7_coincidental,medium,11,SRC_STOCK_1_PRICE,REPORT_LIMIT,1,1,1,1,1.0,0.8,0.0,0
APA-RCA,A7_coincidental,medium,12,SRC_STOCK_4_PRICE,REPORT_DASHBOARD,3,0,1,1,0.3333333333333333,0.8,0.6339550018310547,9
Schema-Constraint,A7_coincidental,medium,12,SRC_STOCK_4_PRICE,REPORT_DASHBOARD,4,0,0,1,0.25,0.8,0.0,0
APA-RCA,A7_coincidental,medium,13,SRC_STOCK_5_PRICE,REPORT_DASHBOARD,2,0,1,1,0.5,0.8,0.6330013275146484,9
Schema-Constraint,A7_coincidental,medium,13,SRC_STOCK_5_PRICE,REPORT_DASHBOARD,5,0,0,1,0.2,0.8,0.0,0
APA-RCA,A7_coincidental,medium,14,SRC_STOCK_1_PRICE,REPORT_LIMIT,3,0,1,1,0.3333333333333333,0.8,0.6761550903320312,9
Schema-Constraint,A7_coincidental,medium,14,SRC_STOCK_1_PRICE,REPORT_LIMIT,1,1,1,1,1.0,0.8,0.0,0
APA-RCA,A7_coincidental,medium,15,SRC_STOCK_5_PRICE,REPORT_LIMIT,4,0,0,1,0.25,0.8,0.6778240203857422,9
Schema-Constraint,A7_coincidental,medium,15,SRC_STOCK_5_PRICE,REPORT_LIMIT,5,0,0,1,0.2,0.8,0.0,0
APA-RCA,A7_coincidental,medium,16,SRC_STOCK_3_PRICE,REPORT_LIMIT,4,0,0,1,0.25,0.8,0.6530284881591797,9
Schema-Constraint,A7_coincidental,medium,16,SRC_STOCK_3_PRICE,REPORT_LIMIT,3,0,1,1,0.3333333333333333,0.8,0.0,0
APA-RCA,A7_coincidental,medium,17,SRC_STOCK_4_PRICE,REPORT_LIMIT,3,0,1,1,0.3333333333333333,0.8,0.6399154663085938,9
Schema-Constraint,A7_coincidental,medium,17,SRC_STOCK_4_PRICE,REPORT_LIMIT,4,0,0,1,0.25,0.8,0.0,0
APA-RCA,A7_coincidental,medium,18,SRC_STOCK_5_PRICE,REPORT_LIMIT,4,0,0,1,0.25,0.8,0.637054443359375,9
Schema-Constraint,A7_coincidental,medium,18,SRC_STOCK_5_PRICE,REPORT_LIMIT,5,0,0,1,0.2,0.8,0.0,0
APA-RCA,A7_coincidental,medium,19,SRC_STOCK_3_PRICE,REPORT_LIMIT,4,0,0,1,0.25,0.8,0.63323974609375,9
Schema-Constraint,A7_coincidental,medium,19,SRC_STOCK_3_PRICE,REPORT_LIMIT,3,0,1,1,0.3333333333333333,0.8,0.0,0
APA-RCA,A7_coincidental,medium,20,SRC_STOCK_5_PRICE,REPORT_LIMIT,3,0,1,1,0.3333333333333333,0.8,0.6449222564697266,9
Schema-Constraint,A7_coincidental,medium,20,SRC_STOCK_5_PRICE,REPORT_LIMIT,5,0,0,1,0.2,0.8,0.0,0
APA-RCA,A7_coincidental,medium,21,SRC_STOCK_2_PRICE,REPORT_LIMIT,4,0,0,1,0.25,0.8,0.6561279296875,9
Schema-Constraint,A7_coincidental,medium,21,SRC_STOCK_2_PRICE,REPORT_LIMIT,2,0,1,1,0.5,0.8,0.0,0
APA-RCA,A7_coincidental,medium,22,SRC_STOCK_4_PRICE,REPORT_LIMIT,3,0,1,1,0.3333333333333333,0.8,0.6589889526367188,9
Schema-Constraint,A7_coincidental,medium,22,SRC_STOCK_4_PRICE,REPORT_LIMIT,4,0,0,1,0.25,0.8,0.0,0
APA-RCA,A7_coincidental,medium,23,SRC_STOCK_1_PRICE,REPORT_LIMIT,3,0,1,1,0.3333333333333333,0.8,0.6549358367919922,9
Schema-Constraint,A7_coincidental,medium,23,SRC_STOCK_1_PRICE,REPORT_LIMIT,1,1,1,1,1.0,0.8,0.0,0
APA-RCA,A7_coincidental,medium,24,SRC_STOCK_2_PRICE,REPORT_LIMIT,4,0,0,1,0.25,0.8,0.6358623504638672,9
Schema-Constraint,A7_coincidental,medium,24,SRC_STOCK_2_PRICE,REPORT_LIMIT,2,0,1,1,0.5,0.8,0.0,0
APA-RCA,A7_coincidental,medium,25,SRC_STOCK_3_PRICE,REPORT_STRESS,1,1,1,1,1.0,0.8,0.6420612335205078,9
Schema-Constraint,A7_coincidental,medium,25,SRC_STOCK_3_PRICE,REPORT_STRESS,3,0,1,1,0.3333333333333333,0.8,0.0,0
APA-RCA,A7_coincidental,medium,26,SRC_STOCK_5_PRICE,REPORT_STRESS,1,1,1,1,1.0,0.8,0.6229877471923828,9
Schema-Constraint,A7_coincidental,medium,26,SRC_STOCK_5_PRICE,REPORT_STRESS,5,0,0,1,0.2,0.8,0.0,0
APA-RCA,A7_coincidental,medium,27,SRC_STOCK_1_PRICE,REPORT_LIMIT,4,0,0,1,0.25,0.8,0.6432533264160156,9
Schema-Constraint,A7_coincidental,medium,27,SRC_STOCK_1_PRICE,REPORT_LIMIT,1,1,1,1,1.0,0.8,0.0,0
APA-RCA,A7_coincidental,medium,28,SRC_STOCK_4_PRICE,REPORT_LIMIT,4,0,0,1,0.25,0.8,0.6668567657470703,9
Schema-Constraint,A7_coincidental,medium,28,SRC_STOCK_4_PRICE,REPORT_LIMIT,4,0,0,1,0.25,0.8,0.0,0
APA-RCA,A7_coincidental,medium,29,SRC_STOCK_5_PRICE,REPORT_LIMIT,3,0,1,1,0.3333333333333333,0.8,0.6668567657470703,9
Schema-Constraint,A7_coincidental,medium,29,SRC_STOCK_5_PRICE,REPORT_LIMIT,5,0,0,1,0.2,0.8,0.0,0
APA-RCA,A1_source_corruption,large,0,SRC_STOCK_7_PRICE,REPORT_LIMIT,2,0,1,1,0.5,0.8,0.9908676147460938,9
Schema-Constraint,A1_source_corruption,large,0,SRC_STOCK_7_PRICE,REPORT_LIMIT,7,0,0,0,0.14285714285714285,1.0,0.0,0
APA-RCA,A1_source_corruption,large,1,SRC_STOCK_4_PRICE,REPORT_LIMIT,1,1,1,1,1.0,0.8,0.9899139404296875,9
Schema-Constraint,A1_source_corruption,large,1,SRC_STOCK_4_PRICE,REPORT_LIMIT,4,0,0,1,0.25,0.8,0.0,0
APA-RCA,A1_source_corruption,large,2,SRC_STOCK_7_PRICE,REPORT_STRESS,1,1,1,1,1.0,0.8,0.9789466857910156,9
Schema-Constraint,A1_source_corruption,large,2,SRC_STOCK_7_PRICE,REPORT_STRESS,7,0,0,0,0.14285714285714285,1.0,0.0,0
APA-RCA,A1_source_corruption,large,3,SRC_STOCK_7_PRICE,REPORT_LIMIT,1,1,1,1,1.0,0.8,0.9672641754150391,9
Schema-Constraint,A1_source_corruption,large,3,SRC_STOCK_7_PRICE,REPORT_LIMIT,7,0,0,0,0.14285714285714285,1.0,0.0,0
APA-RCA,A1_source_corruption,large,4,SRC_STOCK_6_PRICE,REPORT_LIMIT,1,1,1,1,1.0,0.8,0.9729862213134766,9
Schema-Constraint,A1_source_corruption,large,4,SRC_STOCK_6_PRICE,REPORT_LIMIT,6,0,0,0,0.16666666666666666,1.0,0.0,0
APA-RCA,A1_source_corruption,large,5,SRC_STOCK_6_PRICE,REPORT_LIMIT,3,0,1,1,0.3333333333333333,0.8,0.9319782257080078,9
Schema-Constraint,A1_source_corruption,large,5,SRC_STOCK_6_PRICE,REPORT_LIMIT,6,0,0,0,0.16666666666666666,1.0,0.0,0
APA-RCA,A1_source_corruption,large,6,SRC_STOCK_4_PRICE,REPORT_LIMIT,1,1,1,1,1.0,0.8,0.9570121765136719,9
Schema-Constraint,A1_source_corruption,large,6,SRC_STOCK_4_PRICE,REPORT_LIMIT,4,0,0,1,0.25,0.8,0.0,0
APA-RCA,A1_source_corruption,large,7,SRC_STOCK_8_PRICE,REPORT_LIMIT,2,0,1,1,0.5,0.8,1.0001659393310547,9
Schema-Constraint,A1_source_corruption,large,7,SRC_STOCK_8_PRICE,REPORT_LIMIT,8,0,0,0,0.125,1.0,0.0,0
APA-RCA,A1_source_corruption,large,8,SRC_STOCK_6_PRICE,REPORT_STRESS,1,1,1,1,1.0,0.8,0.9799003601074219,9
Schema-Constraint,A1_source_corruption,large,8,SRC_STOCK_6_PRICE,REPORT_STRESS,6,0,0,0,0.16666666666666666,1.0,0.0,0
APA-RCA,A1_source_corruption,large,9,SRC_STOCK_4_PRICE,REPORT_LIMIT,3,0,1,1,0.3333333333333333,0.8,0.9799003601074219,9
Schema-Constraint,A1_source_corruption,large,9,SRC_STOCK_4_PRICE,REPORT_LIMIT,4,0,0,1,0.25,0.8,0.0,0
APA-RCA,A1_source_corruption,large,10,SRC_STOCK_7_PRICE,REPORT_LIMIT,1,1,1,1,1.0,0.8,1.2919902801513672,9
Schema-Constraint,A1_source_corruption,large,10,SRC_STOCK_7_PRICE,REPORT_LIMIT,7,0,0,0,0.14285714285714285,1.0,0.0,0
APA-RCA,A1_source_corruption,large,11,SRC_STOCK_2_PRICE,REPORT_LIMIT,2,0,1,1,0.5,0.8,0.9989738464355469,9
Schema-Constraint,A1_source_corruption,large,11,SRC_STOCK_2_PRICE,REPORT_LIMIT,2,0,1,1,0.5,0.8,0.0,0
APA-RCA,A1_source_corruption,large,12,SRC_STOCK_5_PRICE,REPORT_LIMIT,2,0,1,1,0.5,0.8,0.9758472442626953,9
Schema-Constraint,A1_source_corruption,large,12,SRC_STOCK_5_PRICE,REPORT_LIMIT,5,0,0,1,0.2,0.8,0.0,0
APA-RCA,A1_source_corruption,large,13,SRC_STOCK_8_PRICE,REPORT_LIMIT,1,1,1,1,1.0,0.8,0.9737014770507812,9
Schema-Constraint,A1_source_corruption,large,13,SRC_STOCK_8_PRICE,REPORT_LIMIT,8,0,0,0,0.125,1.0,0.0,0
APA-RCA,A1_source_corruption,large,14,SRC_STOCK_2_PRICE,REPORT_DASHBOARD,2,0,1,1,0.5,0.8,0.9908676147460938,9
Schema-Constraint,A1_source_corruption,large,14,SRC_STOCK_2_PRICE,REPORT_DASHBOARD,2,0,1,1,0.5,0.8,0.0,0
APA-RCA,A1_source_corruption,large,15,SRC_STOCK_8_PRICE,REPORT_LIMIT,3,0,1,1,0.3333333333333333,0.8,0.96893310546875,9
Schema-Constraint,A1_source_corruption,large,15,SRC_STOCK_8_PRICE,REPORT_LIMIT,8,0,0,0,0.125,1.0,0.0,0
APA-RCA,A1_source_corruption,large,16,SRC_STOCK_5_PRICE,REPORT_LIMIT,2,0,1,1,0.5,0.8,0.9829998016357422,9
Schema-Constraint,A1_source_corruption,large,16,SRC_STOCK_5_PRICE,REPORT_LIMIT,5,0,0,1,0.2,0.8,0.0,0
APA-RCA,A1_source_corruption,large,17,SRC_STOCK_6_PRICE,REPORT_DASHBOARD,2,0,1,1,0.5,0.8,0.9570121765136719,9
Schema-Constraint,A1_source_corruption,large,17,SRC_STOCK_6_PRICE,REPORT_DASHBOARD,6,0,0,0,0.16666666666666666,1.0,0.0,0
APA-RCA,A1_source_corruption,large,18,SRC_STOCK_8_PRICE,REPORT_LIMIT,2,0,1,1,0.5,0.8,0.965118408203125,9
Schema-Constraint,A1_source_corruption,large,18,SRC_STOCK_8_PRICE,REPORT_LIMIT,8,0,0,0,0.125,1.0,0.0,0
APA-RCA,A1_source_corruption,large,19,SRC_STOCK_5_PRICE,REPORT_DASHBOARD,2,0,1,1,0.5,0.8,0.9729862213134766,9
Schema-Constraint,A1_source_corruption,large,19,SRC_STOCK_5_PRICE,REPORT_DASHBOARD,5,0,0,1,0.2,0.8,0.0,0
APA-RCA,A1_source_corruption,large,20,SRC_STOCK_8_PRICE,REPORT_LIMIT,1,1,1,1,1.0,0.8,0.9579658508300781,9
Schema-Constraint,A1_source_corruption,large,20,SRC_STOCK_8_PRICE,REPORT_LIMIT,8,0,0,0,0.125,1.0,0.0,0
APA-RCA,A1_source_corruption,large,21,SRC_STOCK_3_PRICE,REPORT_STRESS,1,1,1,1,1.0,0.8,0.9741783142089844,9
Schema-Constraint,A1_source_corruption,large,21,SRC_STOCK_3_PRICE,REPORT_STRESS,3,0,1,1,0.3333333333333333,0.8,0.0,0
APA-RCA,A1_source_corruption,large,22,SRC_STOCK_7_PRICE,REPORT_LIMIT,1,1,1,1,1.0,0.8,0.9438991546630859,9
Schema-Constraint,A1_source_corruption,large,22,SRC_STOCK_7_PRICE,REPORT_LIMIT,7,0,0,0,0.14285714285714285,1.0,0.0,0
APA-RCA,A1_source_corruption,large,23,SRC_STOCK_1_PRICE,REPORT_LIMIT,1,1,1,1,1.0,0.8,0.96893310546875,9
Schema-Constraint,A1_source_corruption,large,23,SRC_STOCK_1_PRICE,REPORT_LIMIT,1,1,1,1,1.0,0.8,0.0,0
APA-RCA,A1_source_corruption,large,24,SRC_STOCK_4_PRICE,REPORT_LIMIT,2,0,1,1,0.5,0.8,1.0051727294921875,9
Schema-Constraint,A1_source_corruption,large,24,SRC_STOCK_4_PRICE,REPORT_LIMIT,4,0,0,1,0.25,0.8,0.0,0
APA-RCA,A1_source_corruption,large,25,SRC_STOCK_5_PRICE,REPORT_LIMIT,3,0,1,1,0.3333333333333333,0.8,0.9629726409912109,9
Schema-Constraint,A1_source_corruption,large,25,SRC_STOCK_5_PRICE,REPORT_LIMIT,5,0,0,1,0.2,0.8,0.0,0
APA-RCA,A1_source_corruption,large,26,SRC_STOCK_7_PRICE,REPORT_LIMIT,2,0,1,1,0.5,0.8,0.9748935699462891,9
Schema-Constraint,A1_source_corruption,large,26,SRC_STOCK_7_PRICE,REPORT_LIMIT,7,0,0,0,0.14285714285714285,1.0,0.0,0
APA-RCA,A1_source_corruption,large,27,SRC_STOCK_1_PRICE,REPORT_LIMIT,2,0,1,1,0.5,0.8,0.9632110595703125,9
Schema-Constraint,A1_source_corruption,large,27,SRC_STOCK_1_PRICE,REPORT_LIMIT,1,1,1,1,1.0,0.8,0.0,0
APA-RCA,A1_source_corruption,large,28,SRC_STOCK_6_PRICE,REPORT_LIMIT,3,0,1,1,0.3333333333333333,0.8,0.9810924530029297,9
Schema-Constraint,A1_source_corruption,large,28,SRC_STOCK_6_PRICE,REPORT_LIMIT,6,0,0,0,0.16666666666666666,1.0,0.0,0
APA-RCA,A1_source_corruption,large,29,SRC_STOCK_8_PRICE,REPORT_LIMIT,2,0,1,1,0.5,0.8,1.2788772583007812,9
Schema-Constraint,A1_source_corruption,large,29,SRC_STOCK_8_PRICE,REPORT_LIMIT,8,0,0,0,0.125,1.0,0.0,0
APA-RCA,A2_etl_logic_error,large,0,ETL_FX_STOCK_7_PRICE,REPORT_LIMIT,2,0,1,1,0.5,0.8,0.9751319885253906,9
Schema-Constraint,A2_etl_logic_error,large,0,ETL_FX_STOCK_7_PRICE,REPORT_LIMIT,45,0,0,0,0.022222222222222223,1.0,0.0,0
APA-RCA,A2_etl_logic_error,large,1,ETL_FX_STOCK_4_PRICE,REPORT_LIMIT,2,0,1,1,0.5,0.8,0.9670257568359375,9
Schema-Constraint,A2_etl_logic_error,large,1,ETL_FX_STOCK_4_PRICE,REPORT_LIMIT,42,0,0,0,0.023809523809523808,1.0,0.0,0
APA-RCA,A2_etl_logic_error,large,2,ETL_FX_STOCK_7_PRICE,REPORT_LIMIT,2,0,1,1,0.5,0.8,0.9529590606689453,9
Schema-Constraint,A2_etl_logic_error,large,2,ETL_FX_STOCK_7_PRICE,REPORT_LIMIT,45,0,0,0,0.022222222222222223,1.0,0.0,0
APA-RCA,A2_etl_logic_error,large,3,ETL_FX_STOCK_7_PRICE,REPORT_LIMIT,2,0,1,1,0.5,0.8,0.9579658508300781,9
Schema-Constraint,A2_etl_logic_error,large,3,ETL_FX_STOCK_7_PRICE,REPORT_LIMIT,45,0,0,0,0.022222222222222223,1.0,0.0,0
APA-RCA,A2_etl_logic_error,large,4,ETL_FX_STOCK_6_PRICE,REPORT_LIMIT,2,0,1,1,0.5,0.8,0.9577274322509766,9
Schema-Constraint,A2_etl_logic_error,large,4,ETL_FX_STOCK_6_PRICE,REPORT_LIMIT,44,0,0,0,0.022727272727272728,1.0,0.0,0
APA-RCA,A2_etl_logic_error,large,5,ETL_FX_STOCK_6_PRICE,REPORT_LIMIT,2,0,1,1,0.5,0.8,0.9582042694091797,9
Schema-Constraint,A2_etl_logic_error,large,5,ETL_FX_STOCK_6_PRICE,REPORT_LIMIT,44,0,0,0,0.022727272727272728,1.0,0.0,0
APA-RCA,A2_etl_logic_error,large,6,ETL_FX_STOCK_4_PRICE,REPORT_LIMIT,2,0,1,1,0.5,0.8,1.2717247009277344,9
Schema-Constraint,A2_etl_logic_error,large,6,ETL_FX_STOCK_4_PRICE,REPORT_LIMIT,42,0,0,0,0.023809523809523808,1.0,0.0,0
APA-RCA,A2_etl_logic_error,large,7,ETL_FX_STOCK_8_PRICE,REPORT_LIMIT,3,0,1,1,0.3333333333333333,0.8,0.9658336639404297,9
Schema-Constraint,A2_etl_logic_error,large,7,ETL_FX_STOCK_8_PRICE,REPORT_LIMIT,46,0,0,0,0.021739130434782608,1.0,0.0,0
APA-RCA,A2_etl_logic_error,large,8,ETL_FX_STOCK_6_PRICE,REPORT_LIMIT,2,0,1,1,0.5,0.8,0.92315673828125,9
Schema-Constraint,A2_etl_logic_error,large,8,ETL_FX_STOCK_6_PRICE,REPORT_LIMIT,44,0,0,0,0.022727272727272728,1.0,0.0,0
APA-RCA,A2_etl_logic_error,large,9,ETL_FX_STOCK_4_PRICE,REPORT_LIMIT,2,0,1,1,0.5,0.8,1.0111331939697266,9
Schema-Constraint,A2_etl_logic_error,large,9,ETL_FX_STOCK_4_PRICE,REPORT_LIMIT,42,0,0,0,0.023809523809523808,1.0,0.0,0
APA-RCA,A2_etl_logic_error,large,10,ETL_FX_STOCK_7_PRICE,REPORT_LIMIT,2,0,1,1,0.5,0.8,0.9641647338867188,9
Schema-Constraint,A2_etl_logic_error,large,10,ETL_FX_STOCK_7_PRICE,REPORT_LIMIT,45,0,0,0,0.022222222222222223,1.0,0.0,0
APA-RCA,A2_etl_logic_error,large,11,ETL_FX_STOCK_2_PRICE,REPORT_LIMIT,2,0,1,1,0.5,0.8,1.0221004486083984,9
Schema-Constraint,A2_etl_logic_error,large,11,ETL_FX_STOCK_2_PRICE,REPORT_LIMIT,40,0,0,0,0.025,1.0,0.0,0
APA-RCA,A2_etl_logic_error,large,12,ETL_FX_STOCK_5_PRICE,REPORT_LIMIT,2,0,1,1,0.5,0.8,0.972747802734375,9
Schema-Constraint,A2_etl_logic_error,large,12,ETL_FX_STOCK_5_PRICE,REPORT_LIMIT,43,0,0,0,0.023255813953488372,1.0,0.0,0
APA-RCA,A2_etl_logic_error,large,13,ETL_FX_STOCK_8_PRICE,REPORT_LIMIT,2,0,1,1,0.5,0.8,1.2900829315185547,9
Schema-Constraint,A2_etl_logic_error,large,13,ETL_FX_STOCK_8_PRICE,REPORT_LIMIT,46,0,0,0,0.021739130434782608,1.0,0.0,0
APA-RCA,A2_etl_logic_error,large,14,ETL_FX_STOCK_2_PRICE,REPORT_LIMIT,3,0,1,1,0.3333333333333333,0.8,0.9770393371582031,9
Schema-Constraint,A2_etl_logic_error,large,14,ETL_FX_STOCK_2_PRICE,REPORT_LIMIT,40,0,0,0,0.025,1.0,0.0,0
APA-RCA,A2_etl_logic_error,large,15,ETL_FX_STOCK_8_PRICE,REPORT_LIMIT,2,0,1,1,0.5,0.8,0.9658336639404297,9
Schema-Constraint,A2_etl_logic_error,large,15,ETL_FX_STOCK_8_PRICE,REPORT_LIMIT,46,0,0,0,0.021739130434782608,1.0,0.0,0
APA-RCA,A2_etl_logic_error,large,16,ETL_FX_STOCK_5_PRICE,REPORT_LIMIT,2,0,1,1,0.5,0.8,0.9679794311523438,9
Schema-Constraint,A2_etl_logic_error,large,16,ETL_FX_STOCK_5_PRICE,REPORT_LIMIT,43,0,0,0,0.023255813953488372,1.0,0.0,0
APA-RCA,A2_etl_logic_error,large,17,ETL_FX_STOCK_6_PRICE,REPORT_LIMIT,3,0,1,1,0.3333333333333333,0.8,0.9608268737792969,9
Schema-Constraint,A2_etl_logic_error,large,17,ETL_FX_STOCK_6_PRICE,REPORT_LIMIT,44,0,0,0,0.022727272727272728,1.0,0.0,0
APA-RCA,A2_etl_logic_error,large,18,ETL_FX_STOCK_8_PRICE,REPORT_LIMIT,2,0,1,1,0.5,0.8,0.9491443634033203,9
Schema-Constraint,A2_etl_logic_error,large,18,ETL_FX_STOCK_8_PRICE,REPORT_LIMIT,46,0,0,0,0.021739130434782608,1.0,0.0,0
APA-RCA,A2_etl_logic_error,large,19,ETL_FX_STOCK_5_PRICE,REPORT_LIMIT,2,0,1,1,0.5,0.8,0.9968280792236328,9
Schema-Constraint,A2_etl_logic_error,large,19,ETL_FX_STOCK_5_PRICE,REPORT_LIMIT,43,0,0,0,0.023255813953488372,1.0,0.0,0
APA-RCA,A2_etl_logic_error,large,20,ETL_FX_STOCK_8_PRICE,REPORT_LIMIT,2,0,1,1,0.5,0.8,1.2819766998291016,9
Schema-Constraint,A2_etl_logic_error,large,20,ETL_FX_STOCK_8_PRICE,REPORT_LIMIT,46,0,0,0,0.021739130434782608,1.0,0.0,0
APA-RCA,A2_etl_logic_error,large,21,ETL_FX_STOCK_3_PRICE,REPORT_LIMIT,2,0,1,1,0.5,0.8,0.9622573852539062,9
Schema-Constraint,A2_etl_logic_error,large,21,ETL_FX_STOCK_3_PRICE,REPORT_LIMIT,41,0,0,0,0.024390243902439025,1.0,0.0,0
APA-RCA,A2_etl_logic_error,large,22,ETL_FX_STOCK_7_PRICE,REPORT_LIMIT,2,0,1,1,0.5,0.8,0.9598731994628906,9
Schema-Constraint,A2_etl_logic_error,large,22,ETL_FX_STOCK_7_PRICE,REPORT_LIMIT,45,0,0,0,0.022222222222222223,1.0,0.0,0
APA-RCA,A2_etl_logic_error,large,23,ETL_FX_STOCK_1_PRICE,REPORT_LIMIT,2,0,1,1,0.5,0.8,0.9691715240478516,9
Schema-Constraint,A2_etl_logic_error,large,23,ETL_FX_STOCK_1_PRICE,REPORT_LIMIT,39,0,0,0,0.02564102564102564,1.0,0.0,0
APA-RCA,A2_etl_logic_error,large,24,ETL_FX_STOCK_4_PRICE,REPORT_LIMIT,2,0,1,1,0.5,0.8,0.98419189453125,9
Schema-Constraint,A2_etl_logic_error,large,24,ETL_FX_STOCK_4_PRICE,REPORT_LIMIT,42,0,0,0,0.023809523809523808,1.0,0.0,0
APA-RCA,A2_etl_logic_error,large,25,ETL_FX_STOCK_5_PRICE,REPORT_LIMIT,3,0,1,1,0.3333333333333333,0.8,0.9758472442626953,9
Schema-Constraint,A2_etl_logic_error,large,25,ETL_FX_STOCK_5_PRICE,REPORT_LIMIT,43,0,0,0,0.023255813953488372,1.0,0.0,0
APA-RCA,A2_etl_logic_error,large,26,ETL_FX_STOCK_7_PRICE,REPORT_LIMIT,3,0,1,1,0.3333333333333333,0.8,0.9500980377197266,9
Schema-Constraint,A2_etl_logic_error,large,26,ETL_FX_STOCK_7_PRICE,REPORT_LIMIT,45,0,0,0,0.022222222222222223,1.0,0.0,0
APA-RCA,A2_etl_logic_error,large,27,ETL_FX_STOCK_1_PRICE,REPORT_LIMIT,2,0,1,1,0.5,0.8,1.2700557708740234,9
Schema-Constraint,A2_etl_logic_error,large,27,ETL_FX_STOCK_1_PRICE,REPORT_LIMIT,39,0,0,0,0.02564102564102564,1.0,0.0,0
APA-RCA,A2_etl_logic_error,large,28,ETL_FX_STOCK_6_PRICE,REPORT_LIMIT,2,0,1,1,0.5,0.8,0.9970664978027344,9
Schema-Constraint,A2_etl_logic_error,large,28,ETL_FX_STOCK_6_PRICE,REPORT_LIMIT,44,0,0,0,0.022727272727272728,1.0,0.0,0
APA-RCA,A2_etl_logic_error,large,29,ETL_FX_STOCK_8_PRICE,REPORT_LIMIT,2,0,1,1,0.5,0.8,0.965118408203125,9
Schema-Constraint,A2_etl_logic_error,large,29,ETL_FX_STOCK_8_PRICE,REPORT_LIMIT,46,0,0,0,0.021739130434782608,1.0,0.0,0
APA-RCA,A3_feature_calc_error,large,0,FEAT_VOL20_STOCK_7_PRICE,REPORT_LIMIT,2,0,1,1,0.5,0.8,0.9589195251464844,9
Schema-Constraint,A3_feature_calc_error,large,0,FEAT_VOL20_STOCK_7_PRICE,REPORT_LIMIT,69,0,0,0,0.014492753623188406,1.0,0.0,0
APA-RCA,A3_feature_calc_error,large,1,FEAT_VOL20_STOCK_4_PRICE,REPORT_LIMIT,1,1,1,1,1.0,0.8,0.9541511535644531,9
Schema-Constraint,A3_feature_calc_error,large,1,FEAT_VOL20_STOCK_4_PRICE,REPORT_LIMIT,66,0,0,0,0.015151515151515152,1.0,0.0,0
APA-RCA,A3_feature_calc_error,large,2,FEAT_VOL20_STOCK_7_PRICE,REPORT_DASHBOARD,1,1,1,1,1.0,0.8,0.9779930114746094,9
Schema-Constraint,A3_feature_calc_error,large,2,FEAT_VOL20_STOCK_7_PRICE,REPORT_DASHBOARD,69,0,0,0,0.014492753623188406,1.0,0.0,0
APA-RCA,A3_feature_calc_error,large,3,FEAT_VOL20_STOCK_7_PRICE,REPORT_LIMIT,21,0,0,0,0.047619047619047616,1.0,0.9527206420898438,9
Schema-Constraint,A3_feature_calc_error,large,3,FEAT_VOL20_STOCK_7_PRICE,REPORT_LIMIT,69,0,0,0,0.014492753623188406,1.0,0.0,0
APA-RCA,A3_feature_calc_error,large,4,FEAT_VOL20_STOCK_6_PRICE,REPORT_LIMIT,1,1,1,1,1.0,0.8,1.2772083282470703,9
Schema-Constraint,A3_feature_calc_error,large,4,FEAT_VOL20_STOCK_6_PRICE,REPORT_LIMIT,68,0,0,0,0.014705882352941176,1.0,0.0,0
APA-RCA,A3_feature_calc_error,large,5,FEAT_VOL20_STOCK_6_PRICE,REPORT_LIMIT,1,1,1,1,1.0,0.8,0.9570121765136719,9
Schema-Constraint,A3_feature_calc_error,large,5,FEAT_VOL20_STOCK_6_PRICE,REPORT_LIMIT,68,0,0,0,0.014705882352941176,1.0,0.0,0
APA-RCA,A3_feature_calc_error,large,6,FEAT_VOL20_STOCK_4_PRICE,REPORT_LIMIT,1,1,1,1,1.0,0.8,0.9579658508300781,9
Schema-Constraint,A3_feature_calc_error,large,6,FEAT_VOL20_STOCK_4_PRICE,REPORT_LIMIT,66,0,0,0,0.015151515151515152,1.0,0.0,0
APA-RCA,A3_feature_calc_error,large,7,FEAT_VOL20_STOCK_8_PRICE,REPORT_LIMIT,1,1,1,1,1.0,0.8,0.9758472442626953,9
Schema-Constraint,A3_feature_calc_error,large,7,FEAT_VOL20_STOCK_8_PRICE,REPORT_LIMIT,70,0,0,0,0.014285714285714285,1.0,0.0,0
APA-RCA,A3_feature_calc_error,large,8,FEAT_VOL20_STOCK_6_PRICE,REPORT_LIMIT,1,1,1,1,1.0,0.8,0.9520053863525391,9
Schema-Constraint,A3_feature_calc_error,large,8,FEAT_VOL20_STOCK_6_PRICE,REPORT_LIMIT,68,0,0,0,0.014705882352941176,1.0,0.0,0
APA-RCA,A3_feature_calc_error,large,9,FEAT_VOL20_STOCK_4_PRICE,REPORT_LIMIT,1,1,1,1,1.0,0.8,0.9751319885253906,9
Schema-Constraint,A3_feature_calc_error,large,9,FEAT_VOL20_STOCK_4_PRICE,REPORT_LIMIT,66,0,0,0,0.015151515151515152,1.0,0.0,0
APA-RCA,A3_feature_calc_error,large,10,FEAT_VOL20_STOCK_7_PRICE,REPORT_DASHBOARD,1,1,1,1,1.0,0.8,0.9369850158691406,9
Schema-Constraint,A3_feature_calc_error,large,10,FEAT_VOL20_STOCK_7_PRICE,REPORT_DASHBOARD,69,0,0,0,0.014492753623188406,1.0,0.0,0
APA-RCA,A3_feature_calc_error,large,11,FEAT_VOL20_STOCK_2_PRICE,REPORT_LIMIT,8,0,0,0,0.125,1.0,1.2879371643066406,9
Schema-Constraint,A3_feature_calc_error,large,11,FEAT_VOL20_STOCK_2_PRICE,REPORT_LIMIT,64,0,0,0,0.015625,1.0,0.0,0
APA-RCA,A3_feature_calc_error,large,12,FEAT_VOL20_STOCK_5_PRICE,REPORT_LIMIT,1,1,1,1,1.0,0.8,0.9660720825195312,9
Schema-Constraint,A3_feature_calc_error,large,12,FEAT_VOL20_STOCK_5_PRICE,REPORT_LIMIT,67,0,0,0,0.014925373134328358,1.0,0.0,0
APA-RCA,A3_feature_calc_error,large,13,FEAT_VOL20_STOCK_8_PRICE,REPORT_LIMIT,1,1,1,1,1.0,0.8,0.9579658508300781,9
Schema-Constraint,A3_feature_calc_error,large,13,FEAT_VOL20_STOCK_8_PRICE,REPORT_LIMIT,70,0,0,0,0.014285714285714285,1.0,0.0,0
APA-RCA,A3_feature_calc_error,large,14,FEAT_VOL20_STOCK_2_PRICE,REPORT_DASHBOARD,2,0,1,1,0.5,0.8,0.9462833404541016,9
Schema-Constraint,A3_feature_calc_error,large,14,FEAT_VOL20_STOCK_2_PRICE,REPORT_DASHBOARD,64,0,0,0,0.015625,1.0,0.0,0
APA-RCA,A3_feature_calc_error,large,15,FEAT_VOL20_STOCK_8_PRICE,REPORT_LIMIT,1,1,1,1,1.0,0.8,1.0077953338623047,9
Schema-Constraint,A3_feature_calc_error,large,15,FEAT_VOL20_STOCK_8_PRICE,REPORT_LIMIT,70,0,0,0,0.014285714285714285,1.0,0.0,0
APA-RCA,A3_feature_calc_error,large,16,FEAT_VOL20_STOCK_5_PRICE,REPORT_LIMIT,8,0,0,0,0.125,1.0,0.9729862213134766,9
Schema-Constraint,A3_feature_calc_error,large,16,FEAT_VOL20_STOCK_5_PRICE,REPORT_LIMIT,67,0,0,0,0.014925373134328358,1.0,0.0,0
APA-RCA,A3_feature_calc_error,large,17,FEAT_VOL20_STOCK_6_PRICE,REPORT_LIMIT,8,0,0,0,0.125,1.0,0.9739398956298828,9
Schema-Constraint,A3_feature_calc_error,large,17,FEAT_VOL20_STOCK_6_PRICE,REPORT_LIMIT,68,0,0,0,0.014705882352941176,1.0,0.0,0
APA-RCA,A3_feature_calc_error,large,18,FEAT_VOL20_STOCK_8_PRICE,REPORT_LIMIT,5,0,0,1,0.2,0.8,1.2981891632080078,9
Schema-Constraint,A3_feature_calc_error,large,18,FEAT_VOL20_STOCK_8_PRICE,REPORT_LIMIT,70,0,0,0,0.014285714285714285,1.0,0.0,0
APA-RCA,A3_feature_calc_error,large,19,FEAT_VOL20_STOCK_5_PRICE,REPORT_LIMIT,1,1,1,1,1.0,0.8,0.9839534759521484,9
Schema-Constraint,A3_feature_calc_error,large,19,FEAT_VOL20_STOCK_5_PRICE,REPORT_LIMIT,67,0,0,0,0.014925373134328358,1.0,0.0,0
APA-RCA,A3_feature_calc_error,large,20,FEAT_VOL20_STOCK_8_PRICE,REPORT_LIMIT,6,0,0,0,0.16666666666666666,1.0,0.9779930114746094,9
Schema-Constraint,A3_feature_calc_error,large,20,FEAT_VOL20_STOCK_8_PRICE,REPORT_LIMIT,70,0,0,0,0.014285714285714285,1.0,0.0,0
APA-RCA,A3_feature_calc_error,large,21,FEAT_VOL20_STOCK_3_PRICE,REPORT_DASHBOARD,1,1,1,1,1.0,0.8,0.9448528289794922,9
Schema-Constraint,A3_feature_calc_error,large,21,FEAT_VOL20_STOCK_3_PRICE,REPORT_DASHBOARD,65,0,0,0,0.015384615384615385,1.0,0.0,0
APA-RCA,A3_feature_calc_error,large,22,FEAT_VOL20_STOCK_7_PRICE,REPORT_LIMIT,1,1,1,1,1.0,0.8,0.9608268737792969,9
Schema-Constraint,A3_feature_calc_error,large,22,FEAT_VOL20_STOCK_7_PRICE,REPORT_LIMIT,69,0,0,0,0.014492753623188406,1.0,0.0,0
APA-RCA,A3_feature_calc_error,large,23,FEAT_VOL20_STOCK_1_PRICE,REPORT_LIMIT,1,1,1,1,1.0,0.8,0.9448528289794922,9
Schema-Constraint,A3_feature_calc_error,large,23,FEAT_VOL20_STOCK_1_PRICE,REPORT_LIMIT,63,0,0,0,0.015873015873015872,1.0,0.0,0
APA-RCA,A3_feature_calc_error,large,24,FEAT_VOL20_STOCK_4_PRICE,REPORT_LIMIT,1,1,1,1,1.0,0.8,0.9639263153076172,9
Schema-Constraint,A3_feature_calc_error,large,24,FEAT_VOL20_STOCK_4_PRICE,REPORT_LIMIT,66,0,0,0,0.015151515151515152,1.0,0.0,0
APA-RCA,A3_feature_calc_error,large,25,FEAT_VOL20_STOCK_5_PRICE,REPORT_LIMIT,1,1,1,1,1.0,0.8,1.2960433959960938,9
Schema-Constraint,A3_feature_calc_error,large,25,FEAT_VOL20_STOCK_5_PRICE,REPORT_LIMIT,67,0,0,0,0.014925373134328358,1.0,0.0,0
APA-RCA,A3_feature_calc_error,large,26,FEAT_VOL20_STOCK_7_PRICE,REPORT_LIMIT,1,1,1,1,1.0,0.8,0.9520053863525391,9
Schema-Constraint,A3_feature_calc_error,large,26,FEAT_VOL20_STOCK_7_PRICE,REPORT_LIMIT,69,0,0,0,0.014492753623188406,1.0,0.0,0
APA-RCA,A3_feature_calc_error,large,27,FEAT_VOL20_STOCK_1_PRICE,REPORT_LIMIT,1,1,1,1,1.0,0.8,0.9410381317138672,9
Schema-Constraint,A3_feature_calc_error,large,27,FEAT_VOL20_STOCK_1_PRICE,REPORT_LIMIT,63,0,0,0,0.015873015873015872,1.0,0.0,0
APA-RCA,A3_feature_calc_error,large,28,FEAT_VOL20_STOCK_6_PRICE,REPORT_LIMIT,1,1,1,1,1.0,0.8,0.965118408203125,9
Schema-Constraint,A3_feature_calc_error,large,28,FEAT_VOL20_STOCK_6_PRICE,REPORT_LIMIT,68,0,0,0,0.014705882352941176,1.0,0.0,0
APA-RCA,A3_feature_calc_error,large,29,FEAT_VOL20_STOCK_8_PRICE,REPORT_LIMIT,2,0,1,1,0.5,0.8,0.9741783142089844,9
Schema-Constraint,A3_feature_calc_error,large,29,FEAT_VOL20_STOCK_8_PRICE,REPORT_LIMIT,70,0,0,0,0.014285714285714285,1.0,0.0,0
APA-RCA,A4_aggregation_error,large,0,FEAT_SECTOR_B,REPORT_LIMIT,88,0,0,0,0.011363636363636364,1.0,0.9632110595703125,9
Schema-Constraint,A4_aggregation_error,large,0,FEAT_SECTOR_B,REPORT_LIMIT,1,1,1,1,1.0,0.8,0.0026226043701171875,1
APA-RCA,A4_aggregation_error,large,1,FEAT_SECTOR_A,REPORT_LIMIT,82,0,0,0,0.012195121951219513,1.0,0.9531974792480469,9
Schema-Constraint,A4_aggregation_error,large,1,FEAT_SECTOR_A,REPORT_LIMIT,1,1,1,1,1.0,0.8,0.0030994415283203125,1
APA-RCA,A4_aggregation_error,large,2,FEAT_SECTOR_B,REPORT_LIMIT,71,0,0,0,0.014084507042253521,1.0,1.2612342834472656,9
Schema-Constraint,A4_aggregation_error,large,2,FEAT_SECTOR_B,REPORT_LIMIT,1,1,1,1,1.0,0.8,0.00286102294921875,1
APA-RCA,A4_aggregation_error,large,3,FEAT_SECTOR_B,REPORT_LIMIT,87,0,0,0,0.011494252873563218,1.0,0.9930133819580078,9
Schema-Constraint,A4_aggregation_error,large,3,FEAT_SECTOR_B,REPORT_LIMIT,1,1,1,1,1.0,0.8,0.0030994415283203125,1
APA-RCA,A4_aggregation_error,large,4,FEAT_SECTOR_B,REPORT_LIMIT,86,0,0,0,0.011627906976744186,1.0,0.9710788726806641,9
Schema-Constraint,A4_aggregation_error,large,4,FEAT_SECTOR_B,REPORT_LIMIT,1,1,1,1,1.0,0.8,0.0030994415283203125,1
APA-RCA,A4_aggregation_error,large,5,FEAT_SECTOR_B,REPORT_LIMIT,75,0,0,0,0.013333333333333334,1.0,0.9472370147705078,9
Schema-Constraint,A4_aggregation_error,large,5,FEAT_SECTOR_B,REPORT_LIMIT,1,1,1,1,1.0,0.8,0.0030994415283203125,1
APA-RCA,A4_aggregation_error,large,6,FEAT_SECTOR_A,REPORT_LIMIT,87,0,0,0,0.011494252873563218,1.0,0.9891986846923828,9
Schema-Constraint,A4_aggregation_error,large,6,FEAT_SECTOR_A,REPORT_LIMIT,1,1,1,1,1.0,0.8,0.0026226043701171875,1
APA-RCA,A4_aggregation_error,large,7,FEAT_SECTOR_B,REPORT_LIMIT,72,0,0,0,0.013888888888888888,1.0,0.9989738464355469,9
Schema-Constraint,A4_aggregation_error,large,7,FEAT_SECTOR_B,REPORT_LIMIT,1,1,1,1,1.0,0.8,0.0030994415283203125,1
APA-RCA,A4_aggregation_error,large,8,FEAT_SECTOR_B,REPORT_LIMIT,69,0,0,0,0.014492753623188406,1.0,1.0082721710205078,9
Schema-Constraint,A4_aggregation_error,large,8,FEAT_SECTOR_B,REPORT_LIMIT,1,1,1,1,1.0,0.8,0.0030994415283203125,1
APA-RCA,A4_aggregation_error,large,9,FEAT_SECTOR_A,REPORT_LIMIT,83,0,0,0,0.012048192771084338,1.0,1.3842582702636719,9
Schema-Constraint,A4_aggregation_error,large,9,FEAT_SECTOR_A,REPORT_LIMIT,1,1,1,1,1.0,0.8,0.00286102294921875,1
APA-RCA,A4_aggregation_error,large,10,FEAT_SECTOR_B,REPORT_LIMIT,86,0,0,0,0.011627906976744186,1.0,0.9961128234863281,9
Schema-Constraint,A4_aggregation_error,large,10,FEAT_SECTOR_B,REPORT_LIMIT,1,1,1,1,1.0,0.8,0.0030994415283203125,1
APA-RCA,A4_aggregation_error,large,11,FEAT_SECTOR_A,REPORT_LIMIT,74,0,0,0,0.013513513513513514,1.0,1.004934310913086,9
Schema-Constraint,A4_aggregation_error,large,11,FEAT_SECTOR_A,REPORT_LIMIT,1,1,1,1,1.0,0.8,0.00286102294921875,1
APA-RCA,A4_aggregation_error,large,12,FEAT_SECTOR_B,REPORT_LIMIT,71,0,0,0,0.014084507042253521,1.0,1.0001659393310547,9
Schema-Constraint,A4_aggregation_error,large,12,FEAT_SECTOR_B,REPORT_LIMIT,1,1,1,1,1.0,0.8,0.0030994415283203125,1
APA-RCA,A4_aggregation_error,large,13,FEAT_SECTOR_B,REPORT_LIMIT,71,0,0,0,0.014084507042253521,1.0,0.9920597076416016,9
Schema-Constraint,A4_aggregation_error,large,13,FEAT_SECTOR_B,REPORT_LIMIT,1,1,1,1,1.0,0.8,0.00286102294921875,1
APA-RCA,A4_aggregation_error,large,14,FEAT_SECTOR_A,REPORT_LIMIT,71,0,0,0,0.014084507042253521,1.0,0.9489059448242188,9
Schema-Constraint,A4_aggregation_error,large,14,FEAT_SECTOR_A,REPORT_LIMIT,1,1,1,1,1.0,0.8,0.0030994415283203125,1
APA-RCA,A4_aggregation_error,large,15,FEAT_SECTOR_B,REPORT_LIMIT,71,0,0,0,0.014084507042253521,1.0,0.9582042694091797,9
Schema-Constraint,A4_aggregation_error,large,15,FEAT_SECTOR_B,REPORT_LIMIT,1,1,1,1,1.0,0.8,0.00286102294921875,1
APA-RCA,A4_aggregation_error,large,16,FEAT_SECTOR_B,REPORT_LIMIT,81,0,0,0,0.012345679012345678,1.0,1.291036605834961,9
Schema-Constraint,A4_aggregation_error,large,16,FEAT_SECTOR_B,REPORT_LIMIT,1,1,1,1,1.0,0.8,0.0030994415283203125,1
APA-RCA,A4_aggregation_error,large,17,FEAT_SECTOR_B,REPORT_LIMIT,71,0,0,0,0.014084507042253521,1.0,0.9610652923583984,9
Schema-Constraint,A4_aggregation_error,large,17,FEAT_SECTOR_B,REPORT_LIMIT,1,1,1,1,1.0,0.8,0.0030994415283203125,1
APA-RCA,A4_aggregation_error,large,18,FEAT_SECTOR_B,REPORT_LIMIT,70,0,0,0,0.014285714285714285,1.0,1.2559890747070312,9
Schema-Constraint,A4_aggregation_error,large,18,FEAT_SECTOR_B,REPORT_LIMIT,1,1,1,1,1.0,0.8,0.00286102294921875,1
APA-RCA,A4_aggregation_error,large,19,FEAT_SECTOR_B,REPORT_LIMIT,81,0,0,0,0.012345679012345678,1.0,0.9300708770751953,9
Schema-Constraint,A4_aggregation_error,large,19,FEAT_SECTOR_B,REPORT_LIMIT,1,1,1,1,1.0,0.8,0.0030994415283203125,1
APA-RCA,A4_aggregation_error,large,20,FEAT_SECTOR_B,REPORT_LIMIT,71,0,0,0,0.014084507042253521,1.0,0.9942054748535156,9
Schema-Constraint,A4_aggregation_error,large,20,FEAT_SECTOR_B,REPORT_LIMIT,1,1,1,1,1.0,0.8,0.0030994415283203125,1
APA-RCA,A4_aggregation_error,large,21,FEAT_SECTOR_A,REPORT_DASHBOARD,59,0,0,0,0.01694915254237288,1.0,0.9248256683349609,9
Schema-Constraint,A4_aggregation_error,large,21,FEAT_SECTOR_A,REPORT_DASHBOARD,1,1,1,1,1.0,0.8,0.0030994415283203125,1
APA-RCA,A4_aggregation_error,large,22,FEAT_SECTOR_B,REPORT_LIMIT,80,0,0,0,0.0125,1.0,0.9732246398925781,9
Schema-Constraint,A4_aggregation_error,large,22,FEAT_SECTOR_B,REPORT_LIMIT,1,1,1,1,1.0,0.8,0.0026226043701171875,1
APA-RCA,A4_aggregation_error,large,23,FEAT_SECTOR_A,REPORT_LIMIT,78,0,0,0,0.01282051282051282,1.0,1.3041496276855469,9
Schema-Constraint,A4_aggregation_error,large,23,FEAT_SECTOR_A,REPORT_LIMIT,1,1,1,1,1.0,0.8,0.0030994415283203125,1
APA-RCA,A4_aggregation_error,large,24,FEAT_SECTOR_A,REPORT_LIMIT,87,0,0,0,0.011494252873563218,1.0,0.9770393371582031,9
Schema-Constraint,A4_aggregation_error,large,24,FEAT_SECTOR_A,REPORT_LIMIT,1,1,1,1,1.0,0.8,0.0019073486328125,1
APA-RCA,A4_aggregation_error,large,25,FEAT_SECTOR_B,REPORT_LIMIT,71,0,0,0,0.014084507042253521,1.0,0.9539127349853516,9
Schema-Constraint,A4_aggregation_error,large,25,FEAT_SECTOR_B,REPORT_LIMIT,1,1,1,1,1.0,0.8,0.0030994415283203125,1
APA-RCA,A4_aggregation_error,large,26,FEAT_SECTOR_B,REPORT_LIMIT,77,0,0,0,0.012987012987012988,1.0,0.9729862213134766,9
Schema-Constraint,A4_aggregation_error,large,26,FEAT_SECTOR_B,REPORT_LIMIT,1,1,1,1,1.0,0.8,0.0030994415283203125,1
APA-RCA,A4_aggregation_error,large,27,FEAT_SECTOR_A,REPORT_LIMIT,71,0,0,0,0.014084507042253521,1.0,0.9949207305908203,9
Schema-Constraint,A4_aggregation_error,large,27,FEAT_SECTOR_A,REPORT_LIMIT,1,1,1,1,1.0,0.8,0.0026226043701171875,1
APA-RCA,A4_aggregation_error,large,28,FEAT_SECTOR_B,REPORT_LIMIT,83,0,0,0,0.012048192771084338,1.0,0.9539127349853516,9
Schema-Constraint,A4_aggregation_error,large,28,FEAT_SECTOR_B,REPORT_LIMIT,1,1,1,1,1.0,0.8,0.0030994415283203125,1
APA-RCA,A4_aggregation_error,large,29,FEAT_SECTOR_B,REPORT_LIMIT,85,0,0,0,0.011764705882352941,1.0,0.9558200836181641,9
Schema-Constraint,A4_aggregation_error,large,29,FEAT_SECTOR_B,REPORT_LIMIT,1,1,1,1,1.0,0.8,0.0030994415283203125,1
APA-RCA,A5_downstream_masking,large,0,SRC_STOCK_7_PRICE,REPORT_LIMIT,13,0,0,0,0.07692307692307693,1.0,1.2359619140625,9
Schema-Constraint,A5_downstream_masking,large,0,SRC_STOCK_7_PRICE,REPORT_LIMIT,7,0,0,0,0.14285714285714285,1.0,0.0,0
APA-RCA,A5_downstream_masking,large,1,SRC_STOCK_4_PRICE,REPORT_LIMIT,3,0,1,1,0.3333333333333333,0.8,0.9829998016357422,9
Schema-Constraint,A5_downstream_masking,large,1,SRC_STOCK_4_PRICE,REPORT_LIMIT,4,0,0,1,0.25,0.8,0.0,0
APA-RCA,A5_downstream_masking,large,2,SRC_STOCK_7_PRICE,REPORT_LIMIT,13,0,0,0,0.07692307692307693,1.0,0.9479522705078125,9
Schema-Constraint,A5_downstream_masking,large,2,SRC_STOCK_7_PRICE,REPORT_LIMIT,7,0,0,0,0.14285714285714285,1.0,0.0,0
APA-RCA,A5_downstream_masking,large,3,SRC_STOCK_7_PRICE,REPORT_LIMIT,8,0,0,0,0.125,1.0,0.9658336639404297,9
Schema-Constraint,A5_downstream_masking,large,3,SRC_STOCK_7_PRICE,REPORT_LIMIT,7,0,0,0,0.14285714285714285,1.0,0.0,0
APA-RCA,A5_downstream_masking,large,4,SRC_STOCK_6_PRICE,REPORT_LIMIT,9,0,0,0,0.1111111111111111,1.0,0.9660720825195312,9
Schema-Constraint,A5_downstream_masking,large,4,SRC_STOCK_6_PRICE,REPORT_LIMIT,6,0,0,0,0.16666666666666666,1.0,0.0,0
APA-RCA,A5_downstream_masking,large,5,SRC_STOCK_6_PRICE,REPORT_LIMIT,4,0,0,1,0.25,0.8,0.9558200836181641,9
Schema-Constraint,A5_downstream_masking,large,5,SRC_STOCK_6_PRICE,REPORT_LIMIT,6,0,0,0,0.16666666666666666,1.0,0.0,0
APA-RCA,A5_downstream_masking,large,6,SRC_STOCK_4_PRICE,REPORT_LIMIT,16,0,0,0,0.0625,1.0,0.9467601776123047,9
Schema-Constraint,A5_downstream_masking,large,6,SRC_STOCK_4_PRICE,REPORT_LIMIT,4,0,0,1,0.25,0.8,0.0,0
APA-RCA,A5_downstream_masking,large,7,SRC_STOCK_8_PRICE,REPORT_LIMIT,16,0,0,0,0.0625,1.0,0.9899139404296875,9
Schema-Constraint,A5_downstream_masking,large,7,SRC_STOCK_8_PRICE,REPORT_LIMIT,8,0,0,0,0.125,1.0,0.0,0
APA-RCA,A5_downstream_masking,large,8,SRC_STOCK_6_PRICE,REPORT_LIMIT,5,0,0,1,0.2,0.8,1.0399818420410156,9
Schema-Constraint,A5_downstream_masking,large,8,SRC_STOCK_6_PRICE,REPORT_LIMIT,6,0,0,0,0.16666666666666666,1.0,0.0,0
APA-RCA,A5_downstream_masking,large,9,SRC_STOCK_4_PRICE,REPORT_LIMIT,6,0,0,0,0.16666666666666666,1.0,0.9868144989013672,9
Schema-Constraint,A5_downstream_masking,large,9,SRC_STOCK_4_PRICE,REPORT_LIMIT,4,0,0,1,0.25,0.8,0.0,0
APA-RCA,A5_downstream_masking,large,10,SRC_STOCK_7_PRICE,REPORT_LIMIT,14,0,0,0,0.07142857142857142,1.0,0.9741783142089844,9
Schema-Constraint,A5_downstream_masking,large,10,SRC_STOCK_7_PRICE,REPORT_LIMIT,7,0,0,0,0.14285714285714285,1.0,0.0,0
APA-RCA,A5_downstream_masking,large,11,SRC_STOCK_2_PRICE,REPORT_LIMIT,13,0,0,0,0.07692307692307693,1.0,0.9829998016357422,9
Schema-Constraint,A5_downstream_masking,large,11,SRC_STOCK_2_PRICE,REPORT_LIMIT,2,0,1,1,0.5,0.8,0.0,0
APA-RCA,A5_downstream_masking,large,12,SRC_STOCK_5_PRICE,REPORT_LIMIT,8,0,0,0,0.125,1.0,1.294851303100586,9
Schema-Constraint,A5_downstream_masking,large,12,SRC_STOCK_5_PRICE,REPORT_LIMIT,5,0,0,1,0.2,0.8,0.0,0
APA-RCA,A5_downstream_masking,large,13,SRC_STOCK_8_PRICE,REPORT_LIMIT,7,0,0,0,0.14285714285714285,1.0,0.9589195251464844,9
Schema-Constraint,A5_downstream_masking,large,13,SRC_STOCK_8_PRICE,REPORT_LIMIT,8,0,0,0,0.125,1.0,0.0,0
APA-RCA,A5_downstream_masking,large,14,SRC_STOCK_2_PRICE,REPORT_LIMIT,24,0,0,0,0.041666666666666664,1.0,0.9570121765136719,9
Schema-Constraint,A5_downstream_masking,large,14,SRC_STOCK_2_PRICE,REPORT_LIMIT,2,0,1,1,0.5,0.8,0.0,0
APA-RCA,A5_downstream_masking,large,15,SRC_STOCK_8_PRICE,REPORT_LIMIT,7,0,0,0,0.14285714285714285,1.0,0.9920597076416016,9
Schema-Constraint,A5_downstream_masking,large,15,SRC_STOCK_8_PRICE,REPORT_LIMIT,8,0,0,0,0.125,1.0,0.0,0
APA-RCA,A5_downstream_masking,large,16,SRC_STOCK_5_PRICE,REPORT_LIMIT,7,0,0,0,0.14285714285714285,1.0,0.9539127349853516,9
Schema-Constraint,A5_downstream_masking,large,16,SRC_STOCK_5_PRICE,REPORT_LIMIT,5,0,0,1,0.2,0.8,0.0,0
APA-RCA,A5_downstream_masking,large,17,SRC_STOCK_6_PRICE,REPORT_LIMIT,10,0,0,0,0.1,1.0,0.9939670562744141,9
Schema-Constraint,A5_downstream_masking,large,17,SRC_STOCK_6_PRICE,REPORT_LIMIT,6,0,0,0,0.16666666666666666,1.0,0.0,0
APA-RCA,A5_downstream_masking,large,18,SRC_STOCK_8_PRICE,REPORT_LIMIT,8,0,0,0,0.125,1.0,1.0073184967041016,9
Schema-Constraint,A5_downstream_masking,large,18,SRC_STOCK_8_PRICE,REPORT_LIMIT,8,0,0,0,0.125,1.0,0.0,0
APA-RCA,A5_downstream_masking,large,19,SRC_STOCK_5_PRICE,REPORT_LIMIT,5,0,0,1,0.2,0.8,0.9968280792236328,9
Schema-Constraint,A5_downstream_masking,large,19,SRC_STOCK_5_PRICE,REPORT_LIMIT,5,0,0,1,0.2,0.8,0.0,0
APA-RCA,A5_downstream_masking,large,20,SRC_STOCK_8_PRICE,REPORT_LIMIT,15,0,0,0,0.06666666666666667,1.0,0.965118408203125,9
Schema-Constraint,A5_downstream_masking,large,20,SRC_STOCK_8_PRICE,REPORT_LIMIT,8,0,0,0,0.125,1.0,0.0,0
APA-RCA,A5_downstream_masking,large,21,SRC_STOCK_3_PRICE,REPORT_DASHBOARD,7,0,0,0,0.14285714285714285,1.0,0.9548664093017578,9
Schema-Constraint,A5_downstream_masking,large,21,SRC_STOCK_3_PRICE,REPORT_DASHBOARD,3,0,1,1,0.3333333333333333,0.8,0.0,0
APA-RCA,A5_downstream_masking,large,22,SRC_STOCK_7_PRICE,REPORT_LIMIT,13,0,0,0,0.07692307692307693,1.0,0.9672641754150391,9
Schema-Constraint,A5_downstream_masking,large,22,SRC_STOCK_7_PRICE,REPORT_LIMIT,7,0,0,0,0.14285714285714285,1.0,0.0,0
APA-RCA,A5_downstream_masking,large,23,SRC_STOCK_1_PRICE,REPORT_LIMIT,41,0,0,0,0.024390243902439025,1.0,0.9939670562744141,9
Schema-Constraint,A5_downstream_masking,large,23,SRC_STOCK_1_PRICE,REPORT_LIMIT,1,1,1,1,1.0,0.8,0.0,0
APA-RCA,A5_downstream_masking,large,24,SRC_STOCK_4_PRICE,REPORT_LIMIT,5,0,0,1,0.2,0.8,1.299142837524414,9
Schema-Constraint,A5_downstream_masking,large,24,SRC_STOCK_4_PRICE,REPORT_LIMIT,4,0,0,1,0.25,0.8,0.0,0
APA-RCA,A5_downstream_masking,large,25,SRC_STOCK_5_PRICE,REPORT_LIMIT,12,0,0,0,0.08333333333333333,1.0,0.9860992431640625,9
Schema-Constraint,A5_downstream_masking,large,25,SRC_STOCK_5_PRICE,REPORT_LIMIT,5,0,0,1,0.2,0.8,0.0,0
APA-RCA,A5_downstream_masking,large,26,SRC_STOCK_7_PRICE,REPORT_LIMIT,2,0,1,1,0.5,0.8,0.9758472442626953,9
Schema-Constraint,A5_downstream_masking,large,26,SRC_STOCK_7_PRICE,REPORT_LIMIT,7,0,0,0,0.14285714285714285,1.0,0.0,0
APA-RCA,A5_downstream_masking,large,27,SRC_STOCK_1_PRICE,REPORT_LIMIT,20,0,0,0,0.05,1.0,0.9768009185791016,9
Schema-Constraint,A5_downstream_masking,large,27,SRC_STOCK_1_PRICE,REPORT_LIMIT,1,1,1,1,1.0,0.8,0.0,0
APA-RCA,A5_downstream_masking,large,28,SRC_STOCK_6_PRICE,REPORT_LIMIT,27,0,0,0,0.037037037037037035,1.0,0.9617805480957031,9
Schema-Constraint,A5_downstream_masking,large,28,SRC_STOCK_6_PRICE,REPORT_LIMIT,6,0,0,0,0.16666666666666666,1.0,0.0,0
APA-RCA,A5_downstream_masking,large,29,SRC_STOCK_8_PRICE,REPORT_LIMIT,9,0,0,0,0.1111111111111111,1.0,0.9679794311523438,9
Schema-Constraint,A5_downstream_masking,large,29,SRC_STOCK_8_PRICE,REPORT_LIMIT,8,0,0,0,0.125,1.0,0.0,0
APA-RCA,A6_multi_source,large,0,SRC_STOCK_5_PRICE,REPORT_LIMIT,3,0,1,1,0.3333333333333333,0.8,0.9829998016357422,9
Schema-Constraint,A6_multi_source,large,0,SRC_STOCK_5_PRICE,REPORT_LIMIT,5,0,0,1,0.2,0.8,0.0,0
APA-RCA,A6_multi_source,large,1,SRC_STOCK_4_PRICE,REPORT_LIMIT,2,0,1,1,0.5,0.8,1.3089179992675781,9
Schema-Constraint,A6_multi_source,large,1,SRC_STOCK_4_PRICE,REPORT_LIMIT,4,0,0,1,0.25,0.8,0.0,0
APA-RCA,A6_multi_source,large,2,SRC_STOCK_2_PRICE,REPORT_STRESS,1,1,1,1,1.0,0.8,0.9458065032958984,9
Schema-Constraint,A6_multi_source,large,2,SRC_STOCK_2_PRICE,REPORT_STRESS,2,0,1,1,0.5,0.8,0.0,0
APA-RCA,A6_multi_source,large,3,SRC_STOCK_1_PRICE,REPORT_STRESS,2,0,1,1,0.5,0.8,0.9508132934570312,9
Schema-Constraint,A6_multi_source,large,3,SRC_STOCK_1_PRICE,REPORT_STRESS,1,1,1,1,1.0,0.8,0.0,0
APA-RCA,A6_multi_source,large,4,SRC_STOCK_5_PRICE,REPORT_LIMIT,1,1,1,1,1.0,0.8,0.9710788726806641,9
Schema-Constraint,A6_multi_source,large,4,SRC_STOCK_5_PRICE,REPORT_LIMIT,5,0,0,1,0.2,0.8,0.0,0
APA-RCA,A6_multi_source,large,5,SRC_STOCK_6_PRICE,REPORT_LIMIT,3,0,1,1,0.3333333333333333,0.8,0.9558200836181641,9
Schema-Constraint,A6_multi_source,large,5,SRC_STOCK_6_PRICE,REPORT_LIMIT,6,0,0,0,0.16666666666666666,1.0,0.0,0
APA-RCA,A6_multi_source,large,6,SRC_STOCK_3_PRICE,REPORT_STRESS,2,0,1,1,0.5,0.8,0.9620189666748047,9
Schema-Constraint,A6_multi_source,large,6,SRC_STOCK_3_PRICE,REPORT_STRESS,3,0,1,1,0.3333333333333333,0.8,0.0,0
APA-RCA,A6_multi_source,large,7,SRC_STOCK_6_PRICE,REPORT_DASHBOARD,2,0,1,1,0.5,0.8,0.9667873382568359,9
Schema-Constraint,A6_multi_source,large,7,SRC_STOCK_6_PRICE,REPORT_DASHBOARD,6,0,0,0,0.16666666666666666,1.0,0.0,0
APA-RCA,A6_multi_source,large,8,SRC_STOCK_3_PRICE,REPORT_STRESS,2,0,1,1,0.5,0.8,0.9529590606689453,9
Schema-Constraint,A6_multi_source,large,8,SRC_STOCK_3_PRICE,REPORT_STRESS,3,0,1,1,0.3333333333333333,0.8,0.0,0
APA-RCA,A6_multi_source,large,9,SRC_STOCK_7_PRICE,REPORT_LIMIT,3,0,1,1,0.3333333333333333,0.8,0.9570121765136719,9
Schema-Constraint,A6_multi_source,large,9,SRC_STOCK_7_PRICE,REPORT_LIMIT,7,0,0,0,0.14285714285714285,1.0,0.0,0
APA-RCA,A6_multi_source,large,10,SRC_STOCK_3_PRICE,REPORT_STRESS,1,1,1,1,1.0,0.8,0.946044921875,9
Schema-Constraint,A6_multi_source,large,10,SRC_STOCK_3_PRICE,REPORT_STRESS,3,0,1,1,0.3333333333333333,0.8,0.0,0
APA-RCA,A6_multi_source,large,11,SRC_STOCK_1_PRICE,REPORT_LIMIT,2,0,1,1,0.5,0.8,1.0008811950683594,9
Schema-Constraint,A6_multi_source,large,11,SRC_STOCK_1_PRICE,REPORT_LIMIT,1,1,1,1,1.0,0.8,0.0,0
APA-RCA,A6_multi_source,large,12,SRC_STOCK_2_PRICE,REPORT_LIMIT,1,1,1,1,1.0,0.8,0.9810924530029297,9
Schema-Constraint,A6_multi_source,large,12,SRC_STOCK_2_PRICE,REPORT_LIMIT,2,0,1,1,0.5,0.8,0.0,0
APA-RCA,A6_multi_source,large,13,SRC_STOCK_7_PRICE,REPORT_LIMIT,1,1,1,1,1.0,0.8,1.36566162109375,9
Schema-Constraint,A6_multi_source,large,13,SRC_STOCK_7_PRICE,REPORT_LIMIT,7,0,0,0,0.14285714285714285,1.0,0.0,0
APA-RCA,A6_multi_source,large,14,SRC_STOCK_8_PRICE,REPORT_DASHBOARD,2,0,1,1,0.5,0.8,0.9639263153076172,9
Schema-Constraint,A6_multi_source,large,14,SRC_STOCK_8_PRICE,REPORT_DASHBOARD,8,0,0,0,0.125,1.0,0.0,0
APA-RCA,A6_multi_source,large,15,SRC_STOCK_5_PRICE,REPORT_LIMIT,3,0,1,1,0.3333333333333333,0.8,0.9732246398925781,9
Schema-Constraint,A6_multi_source,large,15,SRC_STOCK_5_PRICE,REPORT_LIMIT,5,0,0,1,0.2,0.8,0.0,0
APA-RCA,A6_multi_source,large,16,SRC_STOCK_4_PRICE,REPORT_LIMIT,2,0,1,1,0.5,0.8,0.9379386901855469,9
Schema-Constraint,A6_multi_source,large,16,SRC_STOCK_4_PRICE,REPORT_LIMIT,4,0,0,1,0.25,0.8,0.0,0
APA-RCA,A6_multi_source,large,17,SRC_STOCK_6_PRICE,REPORT_STRESS,1,1,1,1,1.0,0.8,0.9632110595703125,9
Schema-Constraint,A6_multi_source,large,17,SRC_STOCK_6_PRICE,REPORT_STRESS,6,0,0,0,0.16666666666666666,1.0,0.0,0
APA-RCA,A6_multi_source,large,18,SRC_STOCK_6_PRICE,REPORT_LIMIT,1,1,1,1,1.0,0.8,0.9520053863525391,9
Schema-Constraint,A6_multi_source,large,18,SRC_STOCK_6_PRICE,REPORT_LIMIT,6,0,0,0,0.16666666666666666,1.0,0.0,0
APA-RCA,A6_multi_source,large,19,SRC_STOCK_3_PRICE,REPORT_DASHBOARD,3,0,1,1,0.3333333333333333,0.8,0.9510517120361328,9
Schema-Constraint,A6_multi_source,large,19,SRC_STOCK_3_PRICE,REPORT_DASHBOARD,3,0,1,1,0.3333333333333333,0.8,0.0,0
APA-RCA,A6_multi_source,large,20,SRC_STOCK_6_PRICE,REPORT_STRESS,2,0,1,1,0.5,0.8,0.9737014770507812,9
Schema-Constraint,A6_multi_source,large,20,SRC_STOCK_6_PRICE,REPORT_STRESS,6,0,0,0,0.16666666666666666,1.0,0.0,0
APA-RCA,A6_multi_source,large,21,SRC_STOCK_4_PRICE,REPORT_DASHBOARD,2,0,1,1,0.5,0.8,0.9479522705078125,9
Schema-Constraint,A6_multi_source,large,21,SRC_STOCK_4_PRICE,REPORT_DASHBOARD,4,0,0,1,0.25,0.8,0.0,0
APA-RCA,A6_multi_source,large,22,SRC_STOCK_6_PRICE,REPORT_STRESS,2,0,1,1,0.5,0.8,0.9551048278808594,9
Schema-Constraint,A6_multi_source,large,22,SRC_STOCK_6_PRICE,REPORT_STRESS,6,0,0,0,0.16666666666666666,1.0,0.0,0
APA-RCA,A6_multi_source,large,23,SRC_STOCK_4_PRICE,REPORT_STRESS,2,0,1,1,0.5,0.8,0.9558200836181641,9
Schema-Constraint,A6_multi_source,large,23,SRC_STOCK_4_PRICE,REPORT_STRESS,4,0,0,1,0.25,0.8,0.0,0
APA-RCA,A6_multi_source,large,24,SRC_STOCK_3_PRICE,REPORT_STRESS,1,1,1,1,1.0,0.8,0.9739398956298828,9
Schema-Constraint,A6_multi_source,large,24,SRC_STOCK_3_PRICE,REPORT_STRESS,3,0,1,1,0.3333333333333333,0.8,0.0,0
APA-RCA,A6_multi_source,large,25,SRC_STOCK_2_PRICE,REPORT_LIMIT,4,0,0,1,0.25,0.8,1.291036605834961,9
Schema-Constraint,A6_multi_source,large,25,SRC_STOCK_2_PRICE,REPORT_LIMIT,2,0,1,1,0.5,0.8,0.0,0
APA-RCA,A6_multi_source,large,26,SRC_STOCK_4_PRICE,REPORT_DASHBOARD,1,1,1,1,1.0,0.8,0.9908676147460938,9
Schema-Constraint,A6_multi_source,large,26,SRC_STOCK_4_PRICE,REPORT_DASHBOARD,4,0,0,1,0.25,0.8,0.0,0
APA-RCA,A6_multi_source,large,27,SRC_STOCK_2_PRICE,REPORT_LIMIT,4,0,0,1,0.25,0.8,0.9789466857910156,9
Schema-Constraint,A6_multi_source,large,27,SRC_STOCK_2_PRICE,REPORT_LIMIT,2,0,1,1,0.5,0.8,0.0,0
APA-RCA,A6_multi_source,large,28,SRC_STOCK_4_PRICE,REPORT_LIMIT,3,0,1,1,0.3333333333333333,0.8,0.9829998016357422,9
Schema-Constraint,A6_multi_source,large,28,SRC_STOCK_4_PRICE,REPORT_LIMIT,4,0,0,1,0.25,0.8,0.0,0
APA-RCA,A6_multi_source,large,29,SRC_STOCK_5_PRICE,REPORT_STRESS,2,0,1,1,0.5,0.8,0.9560585021972656,9
Schema-Constraint,A6_multi_source,large,29,SRC_STOCK_5_PRICE,REPORT_STRESS,5,0,0,1,0.2,0.8,0.0,0
APA-RCA,A7_coincidental,large,0,SRC_STOCK_7_PRICE,REPORT_LIMIT,3,0,1,1,0.3333333333333333,0.8,0.9510517120361328,9
Schema-Constraint,A7_coincidental,large,0,SRC_STOCK_7_PRICE,REPORT_LIMIT,7,0,0,0,0.14285714285714285,1.0,0.0,0
APA-RCA,A7_coincidental,large,1,SRC_STOCK_4_PRICE,REPORT_LIMIT,4,0,0,1,0.25,0.8,0.949859619140625,9
Schema-Constraint,A7_coincidental,large,1,SRC_STOCK_4_PRICE,REPORT_LIMIT,4,0,0,1,0.25,0.8,0.0,0
APA-RCA,A7_coincidental,large,2,SRC_STOCK_7_PRICE,REPORT_STRESS,1,1,1,1,1.0,0.8,22.172927856445312,9
Schema-Constraint,A7_coincidental,large,2,SRC_STOCK_7_PRICE,REPORT_STRESS,7,0,0,0,0.14285714285714285,1.0,0.0,0
APA-RCA,A7_coincidental,large,3,SRC_STOCK_7_PRICE,REPORT_LIMIT,3,0,1,1,0.3333333333333333,0.8,0.9138584136962891,9
Schema-Constraint,A7_coincidental,large,3,SRC_STOCK_7_PRICE,REPORT_LIMIT,7,0,0,0,0.14285714285714285,1.0,0.0,0
APA-RCA,A7_coincidental,large,4,SRC_STOCK_6_PRICE,REPORT_LIMIT,3,0,1,1,0.3333333333333333,0.8,0.9770393371582031,9
Schema-Constraint,A7_coincidental,large,4,SRC_STOCK_6_PRICE,REPORT_LIMIT,6,0,0,0,0.16666666666666666,1.0,0.0,0
APA-RCA,A7_coincidental,large,5,SRC_STOCK_6_PRICE,REPORT_LIMIT,5,0,0,1,0.2,0.8,0.9348392486572266,9
Schema-Constraint,A7_coincidental,large,5,SRC_STOCK_6_PRICE,REPORT_LIMIT,6,0,0,0,0.16666666666666666,1.0,0.0,0
APA-RCA,A7_coincidental,large,6,SRC_STOCK_4_PRICE,REPORT_LIMIT,4,0,0,1,0.25,0.8,0.9467601776123047,9
Schema-Constraint,A7_coincidental,large,6,SRC_STOCK_4_PRICE,REPORT_LIMIT,4,0,0,1,0.25,0.8,0.0,0
APA-RCA,A7_coincidental,large,7,SRC_STOCK_8_PRICE,REPORT_STRESS,1,1,1,1,1.0,0.8,0.9629726409912109,9
Schema-Constraint,A7_coincidental,large,7,SRC_STOCK_8_PRICE,REPORT_STRESS,8,0,0,0,0.125,1.0,0.0,0
APA-RCA,A7_coincidental,large,8,SRC_STOCK_6_PRICE,REPORT_LIMIT,3,0,1,1,0.3333333333333333,0.8,0.9698867797851562,9
Schema-Constraint,A7_coincidental,large,8,SRC_STOCK_6_PRICE,REPORT_LIMIT,6,0,0,0,0.16666666666666666,1.0,0.0,0
APA-RCA,A7_coincidental,large,9,SRC_STOCK_4_PRICE,REPORT_LIMIT,5,0,0,1,0.2,0.8,0.9591579437255859,9
Schema-Constraint,A7_coincidental,large,9,SRC_STOCK_4_PRICE,REPORT_LIMIT,4,0,0,1,0.25,0.8,0.0,0
APA-RCA,A7_coincidental,large,10,SRC_STOCK_7_PRICE,REPORT_DASHBOARD,2,0,1,1,0.5,0.8,0.9670257568359375,9
Schema-Constraint,A7_coincidental,large,10,SRC_STOCK_7_PRICE,REPORT_DASHBOARD,7,0,0,0,0.14285714285714285,1.0,0.0,0
APA-RCA,A7_coincidental,large,11,SRC_STOCK_2_PRICE,REPORT_LIMIT,4,0,0,1,0.25,0.8,0.96893310546875,9
Schema-Constraint,A7_coincidental,large,11,SRC_STOCK_2_PRICE,REPORT_LIMIT,2,0,1,1,0.5,0.8,0.0,0
APA-RCA,A7_coincidental,large,12,SRC_STOCK_5_PRICE,REPORT_LIMIT,5,0,0,1,0.2,0.8,0.9818077087402344,9
Schema-Constraint,A7_coincidental,large,12,SRC_STOCK_5_PRICE,REPORT_LIMIT,5,0,0,1,0.2,0.8,0.0,0
APA-RCA,A7_coincidental,large,13,SRC_STOCK_8_PRICE,REPORT_LIMIT,3,0,1,1,0.3333333333333333,0.8,0.9679794311523438,9
Schema-Constraint,A7_coincidental,large,13,SRC_STOCK_8_PRICE,REPORT_LIMIT,8,0,0,0,0.125,1.0,0.0,0
APA-RCA,A7_coincidental,large,14,SRC_STOCK_2_PRICE,REPORT_DASHBOARD,2,0,1,1,0.5,0.8,1.2860298156738281,9
Schema-Constraint,A7_coincidental,large,14,SRC_STOCK_2_PRICE,REPORT_DASHBOARD,2,0,1,1,0.5,0.8,0.0,0
APA-RCA,A7_coincidental,large,15,SRC_STOCK_8_PRICE,REPORT_LIMIT,5,0,0,1,0.2,0.8,0.9379386901855469,9
Schema-Constraint,A7_coincidental,large,15,SRC_STOCK_8_PRICE,REPORT_LIMIT,8,0,0,0,0.125,1.0,0.0,0
APA-RCA,A7_coincidental,large,16,SRC_STOCK_5_PRICE,REPORT_LIMIT,4,0,0,1,0.25,0.8,0.9648799896240234,9
Schema-Constraint,A7_coincidental,large,16,SRC_STOCK_5_PRICE,REPORT_LIMIT,5,0,0,1,0.2,0.8,0.0,0
APA-RCA,A7_coincidental,large,17,SRC_STOCK_6_PRICE,REPORT_DASHBOARD,2,0,1,1,0.5,0.8,0.9572505950927734,9
Schema-Constraint,A7_coincidental,large,17,SRC_STOCK_6_PRICE,REPORT_DASHBOARD,6,0,0,0,0.16666666666666666,1.0,0.0,0
APA-RCA,A7_coincidental,large,18,SRC_STOCK_8_PRICE,REPORT_LIMIT,3,0,1,1,0.3333333333333333,0.8,0.96893310546875,9
Schema-Constraint,A7_coincidental,large,18,SRC_STOCK_8_PRICE,REPORT_LIMIT,8,0,0,0,0.125,1.0,0.0,0
APA-RCA,A7_coincidental,large,19,SRC_STOCK_5_PRICE,REPORT_DASHBOARD,2,0,1,1,0.5,0.8,0.965118408203125,9
Schema-Constraint,A7_coincidental,large,19,SRC_STOCK_5_PRICE,REPORT_DASHBOARD,5,0,0,1,0.2,0.8,0.0,0
APA-RCA,A7_coincidental,large,20,SRC_STOCK_8_PRICE,REPORT_LIMIT,3,0,1,1,0.3333333333333333,0.8,0.9641647338867188,9
Schema-Constraint,A7_coincidental,large,20,SRC_STOCK_8_PRICE,REPORT_LIMIT,8,0,0,0,0.125,1.0,0.0,0
APA-RCA,A7_coincidental,large,21,SRC_STOCK_3_PRICE,REPORT_STRESS,1,1,1,1,1.0,0.8,0.9558200836181641,9
Schema-Constraint,A7_coincidental,large,21,SRC_STOCK_3_PRICE,REPORT_STRESS,3,0,1,1,0.3333333333333333,0.8,0.0,0
APA-RCA,A7_coincidental,large,22,SRC_STOCK_7_PRICE,REPORT_LIMIT,4,0,0,1,0.25,0.8,0.9751319885253906,9
Schema-Constraint,A7_coincidental,large,22,SRC_STOCK_7_PRICE,REPORT_LIMIT,7,0,0,0,0.14285714285714285,1.0,0.0,0
APA-RCA,A7_coincidental,large,23,SRC_STOCK_1_PRICE,REPORT_LIMIT,3,0,1,1,0.3333333333333333,0.8,1.0209083557128906,9
Schema-Constraint,A7_coincidental,large,23,SRC_STOCK_1_PRICE,REPORT_LIMIT,1,1,1,1,1.0,0.8,0.0,0
APA-RCA,A7_coincidental,large,24,SRC_STOCK_4_PRICE,REPORT_LIMIT,3,0,1,1,0.3333333333333333,0.8,1.0082721710205078,9
Schema-Constraint,A7_coincidental,large,24,SRC_STOCK_4_PRICE,REPORT_LIMIT,4,0,0,1,0.25,0.8,0.0,0
APA-RCA,A7_coincidental,large,25,SRC_STOCK_5_PRICE,REPORT_LIMIT,3,0,1,1,0.3333333333333333,0.8,0.9548664093017578,9
Schema-Constraint,A7_coincidental,large,25,SRC_STOCK_5_PRICE,REPORT_LIMIT,5,0,0,1,0.2,0.8,0.0,0
APA-RCA,A7_coincidental,large,26,SRC_STOCK_7_PRICE,REPORT_LIMIT,1,1,1,1,1.0,0.8,1.3079643249511719,9
Schema-Constraint,A7_coincidental,large,26,SRC_STOCK_7_PRICE,REPORT_LIMIT,7,0,0,0,0.14285714285714285,1.0,0.0,0
APA-RCA,A7_coincidental,large,27,SRC_STOCK_1_PRICE,REPORT_LIMIT,3,0,1,1,0.3333333333333333,0.8,0.9529590606689453,9
Schema-Constraint,A7_coincidental,large,27,SRC_STOCK_1_PRICE,REPORT_LIMIT,1,1,1,1,1.0,0.8,0.0,0
APA-RCA,A7_coincidental,large,28,SRC_STOCK_6_PRICE,REPORT_LIMIT,6,0,0,0,0.16666666666666666,1.0,0.9491443634033203,9
Schema-Constraint,A7_coincidental,large,28,SRC_STOCK_6_PRICE,REPORT_LIMIT,6,0,0,0,0.16666666666666666,1.0,0.0,0
APA-RCA,A7_coincidental,large,29,SRC_STOCK_8_PRICE,REPORT_STRESS,1,1,1,1,1.0,0.8,0.9679794311523438,9
Schema-Constraint,A7_coincidental,large,29,SRC_STOCK_8_PRICE,REPORT_STRESS,8,0,0,0,0.125,1.0,0.0,0
